PatientDurableKey,DiagnosisCode,Vocabulary,DiagnosisDate,DaysFromIndex
10000001,F41.9,ICD-10-CM,2025-11-26,15
10000001,F41.9,ICD-10-CM,2026-03-14,123
10000001,M79.7,ICD-10-CM,2026-02-03,84
10000002,I10,ICD-10-CM,2022-08-06,27
10000002,R53.83,ICD-10-CM,2022-07-24,14
10000003,K21.9,ICD-10-CM,2024-03-02,162
10000005,R10.9,ICD-10-CM,2023-02-22,72
10000005,L50.9,ICD-10-CM,2024-04-11,486
10000005,J45.909,ICD-10-CM,2023-06-23,193
10000005,K21.9,ICD-10-CM,2024-01-22,406
10000005,F41.9,ICD-10-CM,2023-05-16,155
10000005,L50.9,ICD-10-CM,2023-01-29,48
10000005,K21.9,ICD-10-CM,2023-05-26,165
10000006,E78.5,ICD-10-CM,2026-03-23,106
10000007,F41.9,ICD-10-CM,2025-02-06,284
10000007,I10,ICD-10-CM,2025-03-16,322
10000007,J45.909,ICD-10-CM,2024-07-01,64
10000007,L50.9,ICD-10-CM,2025-05-16,383
10000007,F41.9,ICD-10-CM,2025-02-04,282
10000007,K21.9,ICD-10-CM,2024-05-04,6
10000008,F41.9,ICD-10-CM,2024-09-30,829
10000008,R53.83,ICD-10-CM,2024-09-02,801
10000008,L50.9,ICD-10-CM,2022-12-15,174
10000008,R53.83,ICD-10-CM,2024-06-13,720
10000008,F41.9,ICD-10-CM,2025-09-04,1168
10000008,K21.9,ICD-10-CM,2023-03-30,279
10000008,F41.9,ICD-10-CM,2023-02-23,244
10000008,L50.9,ICD-10-CM,2025-04-28,1039
10000008,R53.83,ICD-10-CM,2025-10-08,1202
10000008,I10,ICD-10-CM,2022-09-03,71
10000009,K21.9,ICD-10-CM,2025-10-26,134
10000009,R53.83,ICD-10-CM,2025-10-30,138
10000009,L50.9,ICD-10-CM,2025-10-10,118
10000009,K21.9,ICD-10-CM,2025-07-09,25
10000009,R53.83,ICD-10-CM,2025-10-16,124
10000009,I10,ICD-10-CM,2025-12-14,183
10000010,M79.7,ICD-10-CM,2023-05-18,37
10000010,R10.9,ICD-10-CM,2023-09-07,149
10000010,R53.83,ICD-10-CM,2023-11-19,222
10000010,K21.9,ICD-10-CM,2023-07-10,90
10000010,R53.83,ICD-10-CM,2023-10-21,193
10000010,R53.83,ICD-10-CM,2024-06-04,420
10000010,G43.909,ICD-10-CM,2023-12-07,240
10000011,M79.7,ICD-10-CM,2026-05-16,5
10000011,E78.5,ICD-10-CM,2026-05-18,7
10000011,K21.9,ICD-10-CM,2026-05-15,4
10000011,I10,ICD-10-CM,2026-05-30,19
10000012,I10,ICD-10-CM,2026-03-21,101
10000012,E78.5,ICD-10-CM,2026-01-25,46
10000013,R10.9,ICD-10-CM,2024-01-12,597
10000013,R53.83,ICD-10-CM,2023-02-22,273
10000013,R53.83,ICD-10-CM,2023-10-13,506
10000013,L50.9,ICD-10-CM,2023-02-16,267
10000013,L50.9,ICD-10-CM,2022-12-06,195
10000015,L50.9,ICD-10-CM,2024-10-01,316
10000015,K21.9,ICD-10-CM,2024-05-31,193
10000015,L50.9,ICD-10-CM,2026-05-20,912
10000015,R53.83,ICD-10-CM,2023-12-07,17
10000015,R10.9,ICD-10-CM,2024-10-21,336
10000015,F41.9,ICD-10-CM,2024-06-28,221
10000015,F41.9,ICD-10-CM,2025-04-15,512
10000015,L50.9,ICD-10-CM,2025-11-06,717
10000015,L50.9,ICD-10-CM,2024-06-15,208
10000015,R10.9,ICD-10-CM,2026-01-03,775
10000015,L50.9,ICD-10-CM,2024-06-09,202
10000015,L50.9,ICD-10-CM,2024-10-14,329
10000015,L50.9,ICD-10-CM,2024-02-29,101
10000015,R53.83,ICD-10-CM,2024-10-14,329
10000015,E78.5,ICD-10-CM,2024-08-01,255
10000015,R53.83,ICD-10-CM,2024-04-19,151
10000016,R53.83,ICD-10-CM,2024-05-13,804
10000016,R10.9,ICD-10-CM,2022-09-18,201
10000016,R10.9,ICD-10-CM,2022-09-25,208
10000016,M79.7,ICD-10-CM,2024-08-20,903
10000016,R10.9,ICD-10-CM,2024-08-12,895
10000016,R53.83,ICD-10-CM,2024-09-23,937
10000017,R53.83,ICD-10-CM,2024-10-31,720
10000017,R53.83,ICD-10-CM,2024-04-19,525
10000017,E78.5,ICD-10-CM,2023-12-09,393
10000017,E78.5,ICD-10-CM,2023-09-12,305
10000017,I10,ICD-10-CM,2024-12-09,759
10000017,R10.9,ICD-10-CM,2023-04-02,142
10000017,L50.9,ICD-10-CM,2023-10-16,339
10000017,R10.9,ICD-10-CM,2023-04-26,166
10000017,I10,ICD-10-CM,2024-06-28,595
10000017,R10.9,ICD-10-CM,2023-09-13,306
10000017,F41.9,ICD-10-CM,2024-04-03,509
10000017,L50.9,ICD-10-CM,2023-07-04,235
10000018,L50.9,ICD-10-CM,2024-04-21,42
10000018,I10,ICD-10-CM,2024-08-22,165
10000019,R10.9,ICD-10-CM,2023-08-15,432
10000019,R53.83,ICD-10-CM,2022-08-26,78
10000019,F41.9,ICD-10-CM,2022-11-13,157
10000019,J45.909,ICD-10-CM,2022-08-22,74
10000019,E78.5,ICD-10-CM,2023-04-20,315
10000019,L50.9,ICD-10-CM,2023-01-11,216
10000020,R10.9,ICD-10-CM,2024-02-05,119
10000020,G43.909,ICD-10-CM,2024-05-07,211
10000020,L50.9,ICD-10-CM,2023-11-06,28
10000020,L50.9,ICD-10-CM,2024-08-25,321
10000020,R10.9,ICD-10-CM,2024-09-14,341
10000020,J45.909,ICD-10-CM,2024-10-26,383
10000021,L50.9,ICD-10-CM,2023-03-13,318
10000021,R53.83,ICD-10-CM,2023-08-11,469
10000021,R10.9,ICD-10-CM,2023-02-17,294
10000021,J45.909,ICD-10-CM,2024-06-26,789
10000021,R10.9,ICD-10-CM,2023-10-26,545
10000021,R10.9,ICD-10-CM,2023-08-01,459
10000021,M79.7,ICD-10-CM,2024-04-09,711
10000022,K21.9,ICD-10-CM,2025-03-06,109
10000022,M79.7,ICD-10-CM,2024-12-14,27
10000022,R10.9,ICD-10-CM,2024-12-05,18
10000022,E78.5,ICD-10-CM,2024-12-05,18
10000023,E78.5,ICD-10-CM,2025-12-12,243
10000023,G43.909,ICD-10-CM,2025-07-08,86
10000023,R53.83,ICD-10-CM,2026-03-16,337
10000023,I10,ICD-10-CM,2025-09-27,167
10000023,R53.83,ICD-10-CM,2025-11-16,217
10000024,R10.9,ICD-10-CM,2022-11-22,33
10000024,R53.83,ICD-10-CM,2023-01-01,73
10000025,G43.909,ICD-10-CM,2026-02-19,216
10000025,R10.9,ICD-10-CM,2026-04-06,262
10000025,L50.9,ICD-10-CM,2026-02-16,213
10000025,M79.7,ICD-10-CM,2026-05-06,292
10000026,L50.9,ICD-10-CM,2023-05-29,286
10000026,M79.7,ICD-10-CM,2023-05-31,288
10000026,J45.909,ICD-10-CM,2023-02-09,177
10000026,F41.9,ICD-10-CM,2023-05-10,267
10000026,L50.9,ICD-10-CM,2023-05-21,278
10000027,R53.83,ICD-10-CM,2025-02-26,999
10000027,K21.9,ICD-10-CM,2024-05-28,725
10000027,K21.9,ICD-10-CM,2025-07-02,1125
10000027,L50.9,ICD-10-CM,2023-03-23,293
10000027,F41.9,ICD-10-CM,2023-09-12,466
10000027,M79.7,ICD-10-CM,2025-09-21,1206
10000027,J45.909,ICD-10-CM,2024-03-17,653
10000027,I10,ICD-10-CM,2025-03-17,1018
10000027,L50.9,ICD-10-CM,2025-03-06,1007
10000027,L50.9,ICD-10-CM,2024-06-15,743
10000027,L50.9,ICD-10-CM,2024-12-30,941
10000027,J45.909,ICD-10-CM,2025-06-06,1099
10000027,M79.7,ICD-10-CM,2023-08-01,424
10000027,J45.909,ICD-10-CM,2022-06-13,10
10000027,F41.9,ICD-10-CM,2023-11-29,544
10000027,G43.909,ICD-10-CM,2025-09-04,1189
10000027,E78.5,ICD-10-CM,2025-09-02,1187
10000028,R53.83,ICD-10-CM,2026-03-22,337
10000028,M79.7,ICD-10-CM,2025-11-09,204
10000029,L50.9,ICD-10-CM,2025-06-18,356
10000029,F41.9,ICD-10-CM,2024-11-19,145
10000029,L50.9,ICD-10-CM,2025-09-06,436
10000029,R53.83,ICD-10-CM,2025-11-15,506
10000029,M79.7,ICD-10-CM,2025-01-02,189
10000029,R10.9,ICD-10-CM,2026-02-05,588
10000031,R10.9,ICD-10-CM,2026-05-03,34
10000031,L50.9,ICD-10-CM,2026-05-13,44
10000031,F41.9,ICD-10-CM,2026-04-12,13
10000031,J45.909,ICD-10-CM,2026-05-25,56
10000032,F41.9,ICD-10-CM,2022-04-18,138
10000033,J45.909,ICD-10-CM,2026-04-16,330
10000033,R53.83,ICD-10-CM,2025-08-04,75
10000033,R53.83,ICD-10-CM,2025-09-29,131
10000038,F41.9,ICD-10-CM,2022-12-06,50
10000038,R53.83,ICD-10-CM,2025-05-11,937
10000038,J45.909,ICD-10-CM,2023-11-14,393
10000038,K21.9,ICD-10-CM,2023-07-07,263
10000038,R53.83,ICD-10-CM,2023-07-09,265
10000038,R53.83,ICD-10-CM,2025-05-14,940
10000038,M79.7,ICD-10-CM,2024-08-06,659
10000038,L50.9,ICD-10-CM,2024-08-28,681
10000038,R53.83,ICD-10-CM,2024-02-11,482
10000038,R53.83,ICD-10-CM,2022-10-20,3
10000038,G43.909,ICD-10-CM,2024-12-05,780
10000038,L50.9,ICD-10-CM,2024-07-30,652
10000038,E78.5,ICD-10-CM,2024-06-26,618
10000039,L50.9,ICD-10-CM,2024-09-14,160
10000039,F41.9,ICD-10-CM,2026-03-30,722
10000039,F41.9,ICD-10-CM,2025-10-29,570
10000039,F41.9,ICD-10-CM,2025-07-14,463
10000039,K21.9,ICD-10-CM,2024-11-18,225
10000039,M79.7,ICD-10-CM,2025-12-16,618
10000039,L50.9,ICD-10-CM,2025-03-02,329
10000039,G43.909,ICD-10-CM,2025-03-28,355
10000039,R53.83,ICD-10-CM,2025-03-23,350
10000039,J45.909,ICD-10-CM,2024-11-09,216
10000039,L50.9,ICD-10-CM,2025-07-28,477
10000039,E78.5,ICD-10-CM,2024-05-27,50
10000041,J45.909,ICD-10-CM,2026-02-17,446
10000041,L50.9,ICD-10-CM,2025-06-15,199
10000041,J45.909,ICD-10-CM,2025-08-21,266
10000041,L50.9,ICD-10-CM,2025-05-10,163
10000042,E78.5,ICD-10-CM,2023-04-22,348
10000042,K21.9,ICD-10-CM,2022-08-11,94
10000042,E78.5,ICD-10-CM,2022-10-09,153
10000042,J45.909,ICD-10-CM,2023-02-09,276
10000042,L50.9,ICD-10-CM,2023-01-02,238
10000042,R53.83,ICD-10-CM,2022-07-16,68
10000043,L50.9,ICD-10-CM,2024-01-30,231
10000043,L50.9,ICD-10-CM,2026-01-13,945
10000043,J45.909,ICD-10-CM,2024-04-23,315
10000043,R10.9,ICD-10-CM,2023-08-07,55
10000043,I10,ICD-10-CM,2023-07-11,28
10000043,G43.909,ICD-10-CM,2025-11-05,876
10000043,K21.9,ICD-10-CM,2023-08-25,73
10000043,M79.7,ICD-10-CM,2024-09-20,465
10000043,M79.7,ICD-10-CM,2024-08-26,440
10000043,K21.9,ICD-10-CM,2024-09-19,464
10000043,R53.83,ICD-10-CM,2023-09-21,100
10000043,L50.9,ICD-10-CM,2024-07-22,405
10000043,L50.9,ICD-10-CM,2025-03-20,646
10000043,K21.9,ICD-10-CM,2025-03-10,636
10000043,L50.9,ICD-10-CM,2025-06-08,726
10000043,G43.909,ICD-10-CM,2025-03-07,633
10000043,G43.909,ICD-10-CM,2024-02-04,236
10000043,L50.9,ICD-10-CM,2026-05-11,1063
10000043,F41.9,ICD-10-CM,2025-07-31,779
10000043,E78.5,ICD-10-CM,2025-11-04,875
10000044,R10.9,ICD-10-CM,2022-08-13,296
10000044,F41.9,ICD-10-CM,2021-10-26,5
10000044,L50.9,ICD-10-CM,2022-11-26,401
10000045,J45.909,ICD-10-CM,2026-02-06,19
10000046,R53.83,ICD-10-CM,2026-01-04,93
10000046,R53.83,ICD-10-CM,2025-11-15,43
10000046,K21.9,ICD-10-CM,2026-02-14,134
10000046,L50.9,ICD-10-CM,2026-03-04,152
10000046,J45.909,ICD-10-CM,2025-12-10,68
10000046,J45.909,ICD-10-CM,2026-02-16,136
10000046,K21.9,ICD-10-CM,2026-05-18,227
10000047,L50.9,ICD-10-CM,2023-12-20,243
10000047,L50.9,ICD-10-CM,2023-10-05,167
10000047,G43.909,ICD-10-CM,2023-12-21,244
10000047,K21.9,ICD-10-CM,2023-11-07,200
10000047,E78.5,ICD-10-CM,2023-07-22,92
10000048,L50.9,ICD-10-CM,2022-09-26,113
10000049,L50.9,ICD-10-CM,2022-10-19,173
10000049,K21.9,ICD-10-CM,2024-05-13,745
10000049,L50.9,ICD-10-CM,2023-12-10,590
10000049,F41.9,ICD-10-CM,2024-03-27,698
10000049,R53.83,ICD-10-CM,2024-04-18,720
10000049,J45.909,ICD-10-CM,2023-09-02,491
10000049,J45.909,ICD-10-CM,2024-05-16,748
10000049,K21.9,ICD-10-CM,2025-10-25,1275
10000051,F41.9,ICD-10-CM,2026-01-04,285
10000051,E78.5,ICD-10-CM,2026-01-28,309
10000051,J45.909,ICD-10-CM,2025-12-25,275
10000051,R53.83,ICD-10-CM,2025-06-21,88
10000051,F41.9,ICD-10-CM,2025-10-10,199
10000051,J45.909,ICD-10-CM,2025-09-10,169
10000051,I10,ICD-10-CM,2025-10-25,214
10000051,M79.7,ICD-10-CM,2025-07-26,123
10000052,L50.9,ICD-10-CM,2024-05-05,242
10000052,L50.9,ICD-10-CM,2024-06-22,290
10000053,K21.9,ICD-10-CM,2024-01-05,19
10000053,F41.9,ICD-10-CM,2024-05-25,160
10000053,R53.83,ICD-10-CM,2024-04-24,129
10000053,G43.909,ICD-10-CM,2024-04-13,118
10000053,R10.9,ICD-10-CM,2024-10-11,299
10000053,R10.9,ICD-10-CM,2026-03-01,805
10000053,R53.83,ICD-10-CM,2026-05-09,874
10000054,R10.9,ICD-10-CM,2025-04-05,4
10000054,G43.909,ICD-10-CM,2025-04-14,13
10000054,F41.9,ICD-10-CM,2025-04-11,10
10000059,R10.9,ICD-10-CM,2024-11-10,735
10000059,J45.909,ICD-10-CM,2023-01-26,81
10000059,M79.7,ICD-10-CM,2022-12-18,42
10000059,L50.9,ICD-10-CM,2025-05-26,932
10000059,L50.9,ICD-10-CM,2023-06-27,233
10000059,K21.9,ICD-10-CM,2024-12-08,763
10000061,R53.83,ICD-10-CM,2024-05-04,70
10000061,R10.9,ICD-10-CM,2024-07-27,154
10000061,K21.9,ICD-10-CM,2024-04-09,45
10000061,R53.83,ICD-10-CM,2024-06-11,108
10000061,R53.83,ICD-10-CM,2024-06-21,118
10000062,K21.9,ICD-10-CM,2022-10-26,181
10000062,L50.9,ICD-10-CM,2023-01-04,251
10000062,L50.9,ICD-10-CM,2024-03-06,678
10000062,K21.9,ICD-10-CM,2024-08-04,829
10000062,F41.9,ICD-10-CM,2023-05-07,374
10000062,J45.909,ICD-10-CM,2024-08-02,827
10000062,R10.9,ICD-10-CM,2022-08-25,119
10000062,R10.9,ICD-10-CM,2023-05-12,379
10000062,M79.7,ICD-10-CM,2024-08-10,835
10000062,F41.9,ICD-10-CM,2022-05-27,29
10000064,I10,ICD-10-CM,2025-03-09,750
10000064,I10,ICD-10-CM,2023-03-07,17
10000064,R10.9,ICD-10-CM,2025-01-04,686
10000064,L50.9,ICD-10-CM,2023-10-04,228
10000064,R10.9,ICD-10-CM,2023-10-17,241
10000064,F41.9,ICD-10-CM,2024-11-10,631
10000064,R10.9,ICD-10-CM,2024-09-07,567
10000066,R53.83,ICD-10-CM,2022-02-17,98
10000066,K21.9,ICD-10-CM,2022-05-13,183
10000066,J45.909,ICD-10-CM,2022-02-28,109
10000066,R10.9,ICD-10-CM,2022-04-13,153
10000067,L50.9,ICD-10-CM,2025-06-10,12
10000067,R10.9,ICD-10-CM,2025-12-07,192
10000068,R53.83,ICD-10-CM,2025-10-12,1060
10000068,M79.7,ICD-10-CM,2024-10-11,694
10000068,K21.9,ICD-10-CM,2025-02-25,831
10000068,R10.9,ICD-10-CM,2024-12-02,746
10000068,F41.9,ICD-10-CM,2025-05-19,914
10000068,E78.5,ICD-10-CM,2024-04-29,529
10000068,R10.9,ICD-10-CM,2026-02-03,1174
10000068,M79.7,ICD-10-CM,2025-08-13,1000
10000069,E78.5,ICD-10-CM,2023-03-22,525
10000069,E78.5,ICD-10-CM,2021-10-25,12
10000069,R53.83,ICD-10-CM,2023-05-12,576
10000069,M79.7,ICD-10-CM,2022-12-02,415
10000069,L50.9,ICD-10-CM,2023-06-04,599
10000069,M79.7,ICD-10-CM,2023-08-12,668
10000069,R53.83,ICD-10-CM,2022-01-07,86
10000070,M79.7,ICD-10-CM,2025-05-03,520
10000070,E78.5,ICD-10-CM,2024-09-20,295
10000070,R10.9,ICD-10-CM,2024-10-17,322
10000070,K21.9,ICD-10-CM,2023-12-18,18
10000070,G43.909,ICD-10-CM,2024-08-04,248
10000070,L50.9,ICD-10-CM,2024-09-21,296
10000070,R53.83,ICD-10-CM,2024-05-07,159
10000070,R53.83,ICD-10-CM,2024-08-27,271
10000070,L50.9,ICD-10-CM,2024-10-09,314
10000070,E78.5,ICD-10-CM,2024-01-11,42
10000070,I10,ICD-10-CM,2024-11-16,352
10000072,R10.9,ICD-10-CM,2025-03-02,214
10000072,E78.5,ICD-10-CM,2024-09-23,54
10000072,R10.9,ICD-10-CM,2025-03-07,219
10000072,K21.9,ICD-10-CM,2024-10-04,65
10000072,J45.909,ICD-10-CM,2025-01-29,182
10000073,F41.9,ICD-10-CM,2024-03-25,82
10000073,R10.9,ICD-10-CM,2024-11-24,326
10000073,F41.9,ICD-10-CM,2024-07-31,210
10000073,G43.909,ICD-10-CM,2024-03-26,83
10000073,G43.909,ICD-10-CM,2024-03-16,73
10000073,M79.7,ICD-10-CM,2024-09-08,249
10000073,G43.909,ICD-10-CM,2025-01-27,390
10000073,F41.9,ICD-10-CM,2024-08-21,231
10000074,R10.9,ICD-10-CM,2026-03-30,228
10000074,R53.83,ICD-10-CM,2025-12-28,136
10000074,F41.9,ICD-10-CM,2025-12-03,111
10000074,R10.9,ICD-10-CM,2026-02-10,180
10000075,G43.909,ICD-10-CM,2023-10-29,31
10000075,J45.909,ICD-10-CM,2024-02-15,140
10000076,G43.909,ICD-10-CM,2023-05-28,157
10000076,J45.909,ICD-10-CM,2023-11-10,323
10000076,R10.9,ICD-10-CM,2023-03-10,78
10000076,R10.9,ICD-10-CM,2024-02-13,418
10000076,L50.9,ICD-10-CM,2023-11-21,334
10000076,L50.9,ICD-10-CM,2023-06-03,163
10000077,R10.9,ICD-10-CM,2026-05-31,4
10000077,L50.9,ICD-10-CM,2026-05-29,2
10000077,K21.9,ICD-10-CM,2026-05-28,1
10000078,L50.9,ICD-10-CM,2026-05-27,98
10000078,L50.9,ICD-10-CM,2026-03-02,12
10000078,L50.9,ICD-10-CM,2026-05-08,79
10000079,R53.83,ICD-10-CM,2025-04-28,28
10000080,E78.5,ICD-10-CM,2022-11-09,87
10000080,M79.7,ICD-10-CM,2024-02-11,546
10000080,F41.9,ICD-10-CM,2024-03-19,583
10000080,R10.9,ICD-10-CM,2024-04-02,597
10000080,L50.9,ICD-10-CM,2022-12-31,139
10000081,J45.909,ICD-10-CM,2026-03-19,134
10000081,L50.9,ICD-10-CM,2026-01-17,73
10000081,R10.9,ICD-10-CM,2026-02-01,88
10000081,R53.83,ICD-10-CM,2026-05-04,180
10000082,G43.909,ICD-10-CM,2026-05-17,183
10000082,F41.9,ICD-10-CM,2026-02-12,89
10000082,G43.909,ICD-10-CM,2026-04-17,153
10000082,L50.9,ICD-10-CM,2026-03-25,130
10000083,E78.5,ICD-10-CM,2023-03-24,454
10000083,F41.9,ICD-10-CM,2022-01-17,23
10000083,R10.9,ICD-10-CM,2022-06-22,179
10000083,M79.7,ICD-10-CM,2022-01-10,16
10000084,L50.9,ICD-10-CM,2025-09-29,659
10000084,L50.9,ICD-10-CM,2026-01-01,753
10000084,E78.5,ICD-10-CM,2024-06-26,199
10000084,L50.9,ICD-10-CM,2024-03-07,88
10000084,M79.7,ICD-10-CM,2025-03-23,469
10000084,L50.9,ICD-10-CM,2026-04-23,865
10000084,G43.909,ICD-10-CM,2024-08-16,250
10000084,G43.909,ICD-10-CM,2026-04-09,851
10000084,M79.7,ICD-10-CM,2023-12-17,7
10000085,F41.9,ICD-10-CM,2026-03-13,6
10000085,F41.9,ICD-10-CM,2026-04-05,29
10000086,R10.9,ICD-10-CM,2025-12-25,188
10000086,K21.9,ICD-10-CM,2026-01-15,209
10000086,F41.9,ICD-10-CM,2025-07-04,14
10000086,G43.909,ICD-10-CM,2025-10-15,117
10000086,R53.83,ICD-10-CM,2025-11-08,141
10000087,L50.9,ICD-10-CM,2026-02-22,185
10000087,F41.9,ICD-10-CM,2026-04-16,238
10000088,M79.7,ICD-10-CM,2025-08-01,303
10000088,F41.9,ICD-10-CM,2024-12-29,88
10000088,K21.9,ICD-10-CM,2024-10-17,15
10000088,R10.9,ICD-10-CM,2025-05-13,223
10000089,L50.9,ICD-10-CM,2026-05-17,123
10000089,I10,ICD-10-CM,2026-02-24,41
10000090,I10,ICD-10-CM,2024-09-11,544
10000090,F41.9,ICD-10-CM,2024-09-07,540
10000090,L50.9,ICD-10-CM,2025-04-15,760
10000090,R10.9,ICD-10-CM,2024-11-29,623
10000090,F41.9,ICD-10-CM,2025-06-12,818
10000090,G43.909,ICD-10-CM,2023-08-20,156
10000090,K21.9,ICD-10-CM,2025-10-05,933
10000092,F41.9,ICD-10-CM,2024-07-07,195
10000092,K21.9,ICD-10-CM,2025-02-12,415
10000092,R10.9,ICD-10-CM,2026-03-31,827
10000092,J45.909,ICD-10-CM,2026-02-02,770
10000092,I10,ICD-10-CM,2024-12-11,352
10000092,R53.83,ICD-10-CM,2024-06-29,187
10000092,R10.9,ICD-10-CM,2025-07-23,576
10000092,R53.83,ICD-10-CM,2025-03-28,459
10000092,L50.9,ICD-10-CM,2024-09-03,253
10000092,J45.909,ICD-10-CM,2024-10-22,302
10000093,F41.9,ICD-10-CM,2023-06-03,203
10000093,J45.909,ICD-10-CM,2023-05-12,181
10000094,L50.9,ICD-10-CM,2025-01-16,607
10000094,M79.7,ICD-10-CM,2024-07-07,414
10000094,R10.9,ICD-10-CM,2025-03-01,651
10000094,F41.9,ICD-10-CM,2024-01-23,248
10000094,R53.83,ICD-10-CM,2024-02-14,270
10000094,K21.9,ICD-10-CM,2024-10-20,519
10000094,L50.9,ICD-10-CM,2024-05-11,357
10000094,M79.7,ICD-10-CM,2023-11-09,173
10000094,K21.9,ICD-10-CM,2025-06-03,745
10000094,R10.9,ICD-10-CM,2023-12-06,200
10000095,G43.909,ICD-10-CM,2025-01-01,123
10000095,L50.9,ICD-10-CM,2025-01-04,126
10000095,R53.83,ICD-10-CM,2025-08-20,354
10000095,E78.5,ICD-10-CM,2025-01-22,144
10000095,K21.9,ICD-10-CM,2024-12-12,103
10000096,K21.9,ICD-10-CM,2026-05-20,37
10000096,J45.909,ICD-10-CM,2026-05-08,25
10000098,K21.9,ICD-10-CM,2022-09-15,226
10000098,I10,ICD-10-CM,2023-12-15,682
10000098,R53.83,ICD-10-CM,2024-08-01,912
10000098,R10.9,ICD-10-CM,2023-08-05,550
10000099,R53.83,ICD-10-CM,2024-06-27,66
10000099,R10.9,ICD-10-CM,2024-09-25,156
10000099,F41.9,ICD-10-CM,2025-11-18,575
10000099,L50.9,ICD-10-CM,2026-02-14,663
10000099,F41.9,ICD-10-CM,2024-11-29,221
10000099,E78.5,ICD-10-CM,2025-10-08,534
10000099,I10,ICD-10-CM,2024-05-27,35
10000099,J45.909,ICD-10-CM,2024-11-10,202
10000099,R10.9,ICD-10-CM,2026-01-13,631
10000099,K21.9,ICD-10-CM,2025-12-17,604
10000099,G43.909,ICD-10-CM,2025-07-09,443
10000100,G43.909,ICD-10-CM,2024-04-03,369
10000100,E78.5,ICD-10-CM,2024-05-29,425
10000101,E78.5,ICD-10-CM,2024-02-08,360
10000101,M79.7,ICD-10-CM,2023-07-25,162
10000101,R53.83,ICD-10-CM,2024-05-12,454
10000101,R53.83,ICD-10-CM,2023-07-24,161
10000101,G43.909,ICD-10-CM,2023-08-19,187
10000101,R53.83,ICD-10-CM,2024-03-09,390
10000101,I10,ICD-10-CM,2024-08-22,556
10000101,R53.83,ICD-10-CM,2023-07-01,138
10000101,R53.83,ICD-10-CM,2024-08-03,537
10000102,L50.9,ICD-10-CM,2025-08-16,120
10000102,F41.9,ICD-10-CM,2025-12-17,243
10000102,R10.9,ICD-10-CM,2026-01-30,287
10000102,K21.9,ICD-10-CM,2025-06-01,44
10000104,M79.7,ICD-10-CM,2025-02-19,661
10000104,R53.83,ICD-10-CM,2026-01-27,1003
10000104,K21.9,ICD-10-CM,2023-12-02,216
10000104,L50.9,ICD-10-CM,2025-12-12,957
10000104,M79.7,ICD-10-CM,2023-11-26,210
10000104,R10.9,ICD-10-CM,2024-03-03,308
10000104,R53.83,ICD-10-CM,2023-09-24,147
10000104,G43.909,ICD-10-CM,2025-12-25,970
10000104,L50.9,ICD-10-CM,2024-09-01,490
10000104,G43.909,ICD-10-CM,2024-09-16,505
10000104,L50.9,ICD-10-CM,2025-01-26,637
10000104,L50.9,ICD-10-CM,2026-02-09,1016
10000104,R10.9,ICD-10-CM,2025-08-26,849
10000104,F41.9,ICD-10-CM,2024-05-29,395
10000104,R53.83,ICD-10-CM,2024-09-12,501
10000104,K21.9,ICD-10-CM,2025-10-27,911
10000104,L50.9,ICD-10-CM,2026-03-03,1038
10000104,M79.7,ICD-10-CM,2023-09-24,147
10000104,R53.83,ICD-10-CM,2026-05-24,1120
10000104,L50.9,ICD-10-CM,2025-08-20,843
10000105,I10,ICD-10-CM,2026-02-10,40
10000105,F41.9,ICD-10-CM,2026-04-23,112
10000106,L50.9,ICD-10-CM,2025-12-02,241
10000106,L50.9,ICD-10-CM,2025-05-11,36
10000106,K21.9,ICD-10-CM,2025-12-03,242
10000106,R53.83,ICD-10-CM,2025-06-13,69
10000106,I10,ICD-10-CM,2025-07-18,104
10000106,I10,ICD-10-CM,2025-12-24,263
10000106,R53.83,ICD-10-CM,2026-02-19,320
10000106,R53.83,ICD-10-CM,2025-08-09,126
10000108,R10.9,ICD-10-CM,2023-11-12,439
10000108,R53.83,ICD-10-CM,2023-11-10,437
10000108,J45.909,ICD-10-CM,2023-08-13,348
10000108,I10,ICD-10-CM,2023-04-10,223
10000108,E78.5,ICD-10-CM,2023-09-25,391
10000108,J45.909,ICD-10-CM,2022-10-02,33
10000108,J45.909,ICD-10-CM,2024-01-15,503
10000109,K21.9,ICD-10-CM,2026-03-20,258
10000109,J45.909,ICD-10-CM,2026-05-23,322
10000110,M79.7,ICD-10-CM,2024-01-09,667
10000110,E78.5,ICD-10-CM,2022-09-03,174
10000110,I10,ICD-10-CM,2022-07-20,129
10000110,J45.909,ICD-10-CM,2025-08-05,1241
10000110,K21.9,ICD-10-CM,2023-03-02,354
10000110,R53.83,ICD-10-CM,2022-06-06,85
10000110,L50.9,ICD-10-CM,2022-11-30,262
10000110,R10.9,ICD-10-CM,2023-11-01,598
10000110,J45.909,ICD-10-CM,2025-04-25,1139
10000110,K21.9,ICD-10-CM,2024-01-01,659
10000110,G43.909,ICD-10-CM,2024-06-14,824
10000111,L50.9,ICD-10-CM,2025-03-01,299
10000111,K21.9,ICD-10-CM,2024-10-09,156
10000111,F41.9,ICD-10-CM,2025-07-08,428
10000111,L50.9,ICD-10-CM,2024-12-26,234
10000111,F41.9,ICD-10-CM,2025-06-10,400
10000112,R10.9,ICD-10-CM,2026-03-13,15
10000112,L50.9,ICD-10-CM,2026-04-16,49
10000112,K21.9,ICD-10-CM,2026-03-18,20
10000113,F41.9,ICD-10-CM,2022-12-29,4
10000114,L50.9,ICD-10-CM,2025-02-27,129
10000114,R53.83,ICD-10-CM,2025-01-03,74
10000114,R10.9,ICD-10-CM,2025-08-14,297
10000114,L50.9,ICD-10-CM,2024-12-16,56
10000114,J45.909,ICD-10-CM,2025-06-06,228
10000114,R53.83,ICD-10-CM,2026-01-13,449
10000114,K21.9,ICD-10-CM,2025-04-24,185
10000114,L50.9,ICD-10-CM,2025-12-07,412
10000115,F41.9,ICD-10-CM,2026-03-18,20
10000117,K21.9,ICD-10-CM,2024-03-14,335
10000117,R53.83,ICD-10-CM,2025-06-10,788
10000117,J45.909,ICD-10-CM,2025-12-29,990
10000117,J45.909,ICD-10-CM,2026-03-08,1059
10000117,R53.83,ICD-10-CM,2025-03-25,711
10000117,L50.9,ICD-10-CM,2026-03-02,1053
10000117,L50.9,ICD-10-CM,2025-07-09,817
10000117,F41.9,ICD-10-CM,2024-04-11,363
10000117,F41.9,ICD-10-CM,2025-01-24,651
10000117,E78.5,ICD-10-CM,2024-01-24,285
10000117,F41.9,ICD-10-CM,2024-07-01,444
10000117,J45.909,ICD-10-CM,2024-07-08,451
10000117,R53.83,ICD-10-CM,2024-08-22,496
10000118,I10,ICD-10-CM,2026-05-18,27
10000118,K21.9,ICD-10-CM,2026-05-13,22
10000118,K21.9,ICD-10-CM,2026-04-24,3
10000118,M79.7,ICD-10-CM,2026-04-27,6
10000119,R53.83,ICD-10-CM,2022-06-17,120
10000119,R53.83,ICD-10-CM,2022-03-10,21
10000119,J45.909,ICD-10-CM,2023-02-12,360
10000119,K21.9,ICD-10-CM,2022-03-01,12
10000119,L50.9,ICD-10-CM,2022-06-18,121
10000120,M79.7,ICD-10-CM,2026-05-30,4
10000120,R10.9,ICD-10-CM,2026-05-28,2
10000121,R10.9,ICD-10-CM,2025-11-02,221
10000121,F41.9,ICD-10-CM,2026-01-02,282
10000121,R53.83,ICD-10-CM,2026-01-18,298
10000121,K21.9,ICD-10-CM,2025-06-14,80
10000121,J45.909,ICD-10-CM,2025-07-15,111
10000121,R10.9,ICD-10-CM,2025-04-18,23
10000121,E78.5,ICD-10-CM,2025-06-14,80
10000122,J45.909,ICD-10-CM,2022-08-19,212
10000122,R10.9,ICD-10-CM,2022-11-07,292
10000122,R10.9,ICD-10-CM,2023-01-21,367
10000122,L50.9,ICD-10-CM,2022-09-07,231
10000122,I10,ICD-10-CM,2022-06-26,158
10000122,M79.7,ICD-10-CM,2022-07-20,182
10000122,L50.9,ICD-10-CM,2022-01-28,9
10000122,M79.7,ICD-10-CM,2022-11-29,314
10000122,E78.5,ICD-10-CM,2022-08-05,198
10000122,G43.909,ICD-10-CM,2022-05-05,106
10000122,L50.9,ICD-10-CM,2022-12-01,316
10000123,K21.9,ICD-10-CM,2022-01-06,63
10000123,J45.909,ICD-10-CM,2021-12-02,28
10000123,R10.9,ICD-10-CM,2022-01-21,78
10000123,J45.909,ICD-10-CM,2022-03-29,145
10000124,J45.909,ICD-10-CM,2023-05-08,166
10000124,R10.9,ICD-10-CM,2023-05-04,162
10000125,R10.9,ICD-10-CM,2023-04-18,106
10000125,G43.909,ICD-10-CM,2025-05-20,869
10000125,K21.9,ICD-10-CM,2024-12-01,699
10000125,L50.9,ICD-10-CM,2024-04-30,484
10000125,I10,ICD-10-CM,2023-05-17,135
10000125,R53.83,ICD-10-CM,2025-01-17,746
10000125,L50.9,ICD-10-CM,2023-02-16,45
10000125,J45.909,ICD-10-CM,2025-01-01,730
10000125,J45.909,ICD-10-CM,2026-04-28,1212
10000125,K21.9,ICD-10-CM,2024-07-02,547
10000125,J45.909,ICD-10-CM,2024-04-03,457
10000125,F41.9,ICD-10-CM,2025-01-26,755
10000126,R10.9,ICD-10-CM,2025-03-05,70
10000126,F41.9,ICD-10-CM,2025-03-02,67
10000126,K21.9,ICD-10-CM,2025-01-18,24
10000128,R10.9,ICD-10-CM,2026-03-22,107
10000128,J45.909,ICD-10-CM,2026-01-29,55
10000128,R53.83,ICD-10-CM,2026-03-06,91
10000128,J45.909,ICD-10-CM,2025-12-09,4
10000128,E78.5,ICD-10-CM,2025-12-26,21
10000128,F41.9,ICD-10-CM,2026-03-15,100
10000128,F41.9,ICD-10-CM,2025-12-27,22
10000128,E78.5,ICD-10-CM,2026-03-17,102
10000129,E78.5,ICD-10-CM,2025-05-11,43
10000129,I10,ICD-10-CM,2025-05-22,54
10000130,K21.9,ICD-10-CM,2026-05-29,19
10000132,E78.5,ICD-10-CM,2025-04-28,30
10000132,I10,ICD-10-CM,2025-04-23,25
10000132,K21.9,ICD-10-CM,2025-05-04,36
10000132,R10.9,ICD-10-CM,2025-11-01,217
10000132,G43.909,ICD-10-CM,2025-04-21,23
10000132,R53.83,ICD-10-CM,2025-12-30,276
10000133,L50.9,ICD-10-CM,2023-07-21,490
10000133,R53.83,ICD-10-CM,2024-02-19,703
10000133,L50.9,ICD-10-CM,2024-01-01,654
10000133,L50.9,ICD-10-CM,2023-11-03,595
10000133,G43.909,ICD-10-CM,2023-07-24,493
10000133,R10.9,ICD-10-CM,2022-08-19,154
10000133,L50.9,ICD-10-CM,2022-05-15,58
10000133,R10.9,ICD-10-CM,2024-04-25,769
10000133,G43.909,ICD-10-CM,2024-07-30,865
10000133,L50.9,ICD-10-CM,2023-12-03,625
10000133,J45.909,ICD-10-CM,2023-01-03,291
10000137,G43.909,ICD-10-CM,2025-10-09,134
10000137,L50.9,ICD-10-CM,2025-12-08,194
10000137,K21.9,ICD-10-CM,2026-04-22,329
10000139,G43.909,ICD-10-CM,2025-07-30,105
10000140,L50.9,ICD-10-CM,2025-12-16,17
10000140,L50.9,ICD-10-CM,2026-04-10,132
10000140,L50.9,ICD-10-CM,2026-02-08,71
10000142,L50.9,ICD-10-CM,2023-12-21,604
10000142,I10,ICD-10-CM,2023-12-01,584
10000142,G43.909,ICD-10-CM,2023-05-03,372
10000143,R10.9,ICD-10-CM,2024-11-28,40
10000143,K21.9,ICD-10-CM,2025-02-10,114
10000143,L50.9,ICD-10-CM,2024-12-22,64
10000144,J45.909,ICD-10-CM,2022-09-30,199
10000144,L50.9,ICD-10-CM,2022-06-09,86
10000144,L50.9,ICD-10-CM,2022-07-25,132
10000144,K21.9,ICD-10-CM,2022-12-13,273
10000145,M79.7,ICD-10-CM,2024-01-29,57
10000145,I10,ICD-10-CM,2023-12-28,25
10000145,K21.9,ICD-10-CM,2024-01-01,29
10000146,L50.9,ICD-10-CM,2025-04-26,724
10000146,L50.9,ICD-10-CM,2025-08-26,846
10000146,L50.9,ICD-10-CM,2023-09-24,144
10000146,R10.9,ICD-10-CM,2025-11-13,925
10000146,L50.9,ICD-10-CM,2024-08-21,476
10000146,R53.83,ICD-10-CM,2023-07-16,74
10000146,K21.9,ICD-10-CM,2023-12-05,216
10000146,E78.5,ICD-10-CM,2024-07-12,436
10000146,L50.9,ICD-10-CM,2024-10-28,544
10000148,R53.83,ICD-10-CM,2025-01-04,8
10000148,M79.7,ICD-10-CM,2025-03-04,67
10000150,L50.9,ICD-10-CM,2025-03-04,59
10000150,F41.9,ICD-10-CM,2025-02-28,55
10000150,I10,ICD-10-CM,2025-03-11,66
10000151,K21.9,ICD-10-CM,2024-06-18,332
10000151,R53.83,ICD-10-CM,2024-05-03,286
10000151,G43.909,ICD-10-CM,2023-12-25,156
10000151,L50.9,ICD-10-CM,2025-01-08,536
10000152,R10.9,ICD-10-CM,2025-10-03,7
10000152,E78.5,ICD-10-CM,2026-05-10,226
10000152,I10,ICD-10-CM,2025-10-19,23
10000152,F41.9,ICD-10-CM,2026-03-09,164
10000153,M79.7,ICD-10-CM,2025-04-11,363
10000153,R53.83,ICD-10-CM,2024-11-03,204
10000153,R53.83,ICD-10-CM,2024-09-07,147
10000153,M79.7,ICD-10-CM,2024-08-04,113
10000155,I10,ICD-10-CM,2023-06-21,182
10000155,R53.83,ICD-10-CM,2023-01-20,30
10000155,K21.9,ICD-10-CM,2023-05-21,151
10000157,F41.9,ICD-10-CM,2026-03-14,72
10000157,L50.9,ICD-10-CM,2026-01-24,23
10000157,R53.83,ICD-10-CM,2026-05-27,146
10000158,F41.9,ICD-10-CM,2026-05-20,223
10000158,F41.9,ICD-10-CM,2026-03-25,167
10000158,M79.7,ICD-10-CM,2025-10-19,10
10000158,J45.909,ICD-10-CM,2026-03-10,152
10000159,J45.909,ICD-10-CM,2023-04-20,207
10000159,K21.9,ICD-10-CM,2023-05-16,233
10000159,R53.83,ICD-10-CM,2023-07-14,292
10000159,R53.83,ICD-10-CM,2023-01-16,113
10000159,F41.9,ICD-10-CM,2023-03-06,162
10000159,L50.9,ICD-10-CM,2023-09-08,348
10000159,K21.9,ICD-10-CM,2022-11-09,45
10000160,G43.909,ICD-10-CM,2025-08-10,135
10000160,G43.909,ICD-10-CM,2026-03-08,345
10000160,L50.9,ICD-10-CM,2025-08-28,153
10000160,K21.9,ICD-10-CM,2026-02-28,337
10000160,K21.9,ICD-10-CM,2026-03-17,354
10000160,R53.83,ICD-10-CM,2025-08-01,126
10000161,R10.9,ICD-10-CM,2026-04-11,32
10000161,J45.909,ICD-10-CM,2026-04-26,47
10000162,G43.909,ICD-10-CM,2026-04-12,179
10000163,R10.9,ICD-10-CM,2026-05-30,1
10000164,R53.83,ICD-10-CM,2026-04-02,403
10000164,R53.83,ICD-10-CM,2025-06-07,104
10000164,R53.83,ICD-10-CM,2026-02-25,367
10000164,M79.7,ICD-10-CM,2025-07-05,132
10000166,K21.9,ICD-10-CM,2024-07-05,567
10000166,R53.83,ICD-10-CM,2024-09-08,632
10000166,R53.83,ICD-10-CM,2024-09-04,628
10000166,L50.9,ICD-10-CM,2024-01-28,408
10000166,J45.909,ICD-10-CM,2025-06-28,925
10000166,F41.9,ICD-10-CM,2023-05-28,163
10000166,G43.909,ICD-10-CM,2024-12-18,733
10000166,L50.9,ICD-10-CM,2024-01-30,410
10000166,L50.9,ICD-10-CM,2023-12-17,366
10000166,R10.9,ICD-10-CM,2023-05-27,162
10000166,R10.9,ICD-10-CM,2025-06-05,902
10000168,R10.9,ICD-10-CM,2025-12-08,121
10000168,R10.9,ICD-10-CM,2025-12-16,129
10000168,K21.9,ICD-10-CM,2025-08-29,20
10000168,F41.9,ICD-10-CM,2026-04-12,246
10000168,R53.83,ICD-10-CM,2026-02-28,203
10000168,I10,ICD-10-CM,2026-03-23,226
10000168,L50.9,ICD-10-CM,2026-01-07,151
10000169,L50.9,ICD-10-CM,2023-05-29,14
10000169,J45.909,ICD-10-CM,2023-08-27,104
10000169,R53.83,ICD-10-CM,2023-08-12,89
10000169,G43.909,ICD-10-CM,2023-07-18,64
10000170,G43.909,ICD-10-CM,2026-03-13,392
10000170,F41.9,ICD-10-CM,2026-02-12,363
10000170,I10,ICD-10-CM,2025-06-23,129
10000171,R10.9,ICD-10-CM,2026-04-22,182
10000171,G43.909,ICD-10-CM,2026-03-13,142
10000171,L50.9,ICD-10-CM,2026-01-06,76
10000171,R53.83,ICD-10-CM,2026-04-22,182
10000171,L50.9,ICD-10-CM,2025-12-05,44
10000171,G43.909,ICD-10-CM,2026-01-01,71
10000171,I10,ICD-10-CM,2026-05-03,193
10000172,F41.9,ICD-10-CM,2025-12-30,620
10000172,K21.9,ICD-10-CM,2024-06-26,68
10000172,I10,ICD-10-CM,2026-02-06,658
10000172,R53.83,ICD-10-CM,2026-01-11,632
10000172,R10.9,ICD-10-CM,2025-10-05,534
10000172,I10,ICD-10-CM,2025-09-22,521
10000172,R53.83,ICD-10-CM,2025-11-13,573
10000172,L50.9,ICD-10-CM,2025-08-19,487
10000173,G43.909,ICD-10-CM,2026-05-22,440
10000173,K21.9,ICD-10-CM,2025-11-13,250
10000173,E78.5,ICD-10-CM,2025-08-05,150
10000173,I10,ICD-10-CM,2025-09-29,205
10000173,K21.9,ICD-10-CM,2026-03-17,374
10000174,J45.909,ICD-10-CM,2026-05-30,17
10000174,E78.5,ICD-10-CM,2026-05-19,6
10000176,R10.9,ICD-10-CM,2026-05-29,15
10000176,I10,ICD-10-CM,2026-05-28,14
10000176,E78.5,ICD-10-CM,2026-05-27,13
10000177,J45.909,ICD-10-CM,2025-10-25,248
10000177,R53.83,ICD-10-CM,2025-12-14,298
10000177,R53.83,ICD-10-CM,2025-09-21,214
10000177,K21.9,ICD-10-CM,2025-10-26,249
10000177,R10.9,ICD-10-CM,2026-05-14,449
10000177,E78.5,ICD-10-CM,2026-01-01,316
10000177,K21.9,ICD-10-CM,2025-05-21,91
10000177,L50.9,ICD-10-CM,2026-04-28,433
10000177,R10.9,ICD-10-CM,2026-01-07,322
10000179,K21.9,ICD-10-CM,2025-10-12,210
10000179,R10.9,ICD-10-CM,2025-08-14,151
10000179,K21.9,ICD-10-CM,2025-07-01,107
10000180,L50.9,ICD-10-CM,2024-06-06,44
10000180,R53.83,ICD-10-CM,2024-07-11,79
10000180,R10.9,ICD-10-CM,2024-08-16,115
10000181,I10,ICD-10-CM,2025-07-07,75
10000181,F41.9,ICD-10-CM,2025-05-06,13
10000182,R53.83,ICD-10-CM,2025-04-24,60
10000182,F41.9,ICD-10-CM,2025-09-15,204
10000182,E78.5,ICD-10-CM,2025-04-03,39
10000182,G43.909,ICD-10-CM,2026-01-11,322
10000182,J45.909,ICD-10-CM,2025-12-05,285
10000182,L50.9,ICD-10-CM,2025-07-30,157
10000183,K21.9,ICD-10-CM,2025-10-21,19
10000183,R10.9,ICD-10-CM,2026-02-13,134
10000184,R53.83,ICD-10-CM,2024-07-03,191
10000184,R53.83,ICD-10-CM,2024-03-24,90
10000184,M79.7,ICD-10-CM,2024-01-13,19
10000185,I10,ICD-10-CM,2024-11-16,40
10000185,L50.9,ICD-10-CM,2024-11-05,29
10000185,L50.9,ICD-10-CM,2024-10-19,12
10000185,I10,ICD-10-CM,2025-03-09,153
10000185,L50.9,ICD-10-CM,2024-11-26,50
10000185,F41.9,ICD-10-CM,2025-04-26,201
10000185,I10,ICD-10-CM,2025-03-26,170
10000186,F41.9,ICD-10-CM,2025-09-09,151
10000186,G43.909,ICD-10-CM,2025-08-03,114
10000186,R53.83,ICD-10-CM,2026-05-29,413
10000186,R10.9,ICD-10-CM,2026-05-04,388
10000187,R53.83,ICD-10-CM,2026-04-29,8
10000188,R53.83,ICD-10-CM,2023-10-07,9
10000188,L50.9,ICD-10-CM,2023-12-16,79
10000188,G43.909,ICD-10-CM,2024-01-08,102
10000188,R53.83,ICD-10-CM,2023-10-10,12
10000188,G43.909,ICD-10-CM,2024-05-16,231
10000189,F41.9,ICD-10-CM,2023-11-15,405
10000189,M79.7,ICD-10-CM,2023-07-05,272
10000189,I10,ICD-10-CM,2024-05-31,603
10000189,R10.9,ICD-10-CM,2023-02-10,127
10000189,K21.9,ICD-10-CM,2024-01-13,464
10000189,L50.9,ICD-10-CM,2023-11-26,416
10000189,F41.9,ICD-10-CM,2023-01-15,101
10000190,F41.9,ICD-10-CM,2026-05-17,98
10000190,L50.9,ICD-10-CM,2026-02-10,2
10000190,R10.9,ICD-10-CM,2026-02-11,3
10000190,R10.9,ICD-10-CM,2026-02-27,19
10000190,F41.9,ICD-10-CM,2026-02-23,15
10000190,I10,ICD-10-CM,2026-04-13,64
10000190,M79.7,ICD-10-CM,2026-03-01,21
10000190,L50.9,ICD-10-CM,2026-05-27,108
10000190,K21.9,ICD-10-CM,2026-04-11,62
10000190,F41.9,ICD-10-CM,2026-02-13,5
10000191,J45.909,ICD-10-CM,2025-03-17,10
10000191,R10.9,ICD-10-CM,2025-05-09,63
10000191,R10.9,ICD-10-CM,2025-09-28,205
10000191,M79.7,ICD-10-CM,2025-11-07,245
10000193,R53.83,ICD-10-CM,2025-11-04,542
10000193,M79.7,ICD-10-CM,2024-07-06,56
10000193,F41.9,ICD-10-CM,2024-09-11,123
10000193,L50.9,ICD-10-CM,2025-09-26,503
10000193,L50.9,ICD-10-CM,2026-05-08,727
10000193,J45.909,ICD-10-CM,2024-12-03,206
10000193,K21.9,ICD-10-CM,2026-03-10,668
10000193,J45.909,ICD-10-CM,2025-10-08,515
10000193,R53.83,ICD-10-CM,2025-02-07,272
10000195,J45.909,ICD-10-CM,2024-10-29,240
10000195,L50.9,ICD-10-CM,2024-11-19,261
10000195,I10,ICD-10-CM,2025-05-12,435
10000195,E78.5,ICD-10-CM,2025-03-03,365
10000196,R10.9,ICD-10-CM,2022-07-29,223
10000196,J45.909,ICD-10-CM,2022-11-09,326
10000196,K21.9,ICD-10-CM,2022-08-12,237
10000196,F41.9,ICD-10-CM,2022-01-02,15
10000196,I10,ICD-10-CM,2022-11-09,326
10000196,R10.9,ICD-10-CM,2022-06-27,191
10000197,L50.9,ICD-10-CM,2024-04-28,472
10000197,K21.9,ICD-10-CM,2024-08-28,594
10000197,M79.7,ICD-10-CM,2024-04-04,448
10000197,K21.9,ICD-10-CM,2023-07-22,191
10000197,J45.909,ICD-10-CM,2023-10-18,279
10000197,J45.909,ICD-10-CM,2023-04-26,104
10000197,G43.909,ICD-10-CM,2023-06-03,142
10000197,R10.9,ICD-10-CM,2024-03-05,418
10000197,R53.83,ICD-10-CM,2024-01-31,384
10000197,K21.9,ICD-10-CM,2023-10-30,291
10000197,I10,ICD-10-CM,2024-02-23,407
10000197,G43.909,ICD-10-CM,2023-07-08,177
10000197,L50.9,ICD-10-CM,2024-12-18,706
10000199,G43.909,ICD-10-CM,2025-10-25,73
10000199,G43.909,ICD-10-CM,2026-01-25,165
10000199,R53.83,ICD-10-CM,2026-05-09,269
10000200,K21.9,ICD-10-CM,2023-09-20,117
10000201,J45.909,ICD-10-CM,2025-03-03,212
10000201,R53.83,ICD-10-CM,2025-05-11,281
10000201,L50.9,ICD-10-CM,2026-05-18,653
10000201,J45.909,ICD-10-CM,2025-05-09,279
10000201,L50.9,ICD-10-CM,2025-05-11,281
10000201,E78.5,ICD-10-CM,2025-03-26,235
10000201,R10.9,ICD-10-CM,2024-10-10,68
10000201,R53.83,ICD-10-CM,2025-12-09,493
10000202,K21.9,ICD-10-CM,2025-01-30,77
10000202,F41.9,ICD-10-CM,2026-05-17,549
10000202,L50.9,ICD-10-CM,2025-04-16,153
10000202,L50.9,ICD-10-CM,2025-10-17,337
10000202,L50.9,ICD-10-CM,2025-10-02,322
10000202,R10.9,ICD-10-CM,2024-11-25,11
10000202,R53.83,ICD-10-CM,2024-12-04,20
10000203,R53.83,ICD-10-CM,2026-03-28,59
10000203,I10,ICD-10-CM,2026-02-21,24
10000203,K21.9,ICD-10-CM,2026-03-04,35
10000203,R10.9,ICD-10-CM,2026-04-15,77
10000203,K21.9,ICD-10-CM,2026-03-16,47
10000203,G43.909,ICD-10-CM,2026-01-30,2
10000204,L50.9,ICD-10-CM,2024-01-21,101
10000204,L50.9,ICD-10-CM,2024-07-20,282
10000204,R10.9,ICD-10-CM,2024-02-05,116
10000204,K21.9,ICD-10-CM,2023-12-30,79
10000204,K21.9,ICD-10-CM,2024-03-07,147
10000204,L50.9,ICD-10-CM,2023-11-14,33
10000205,R53.83,ICD-10-CM,2024-01-09,124
10000205,R10.9,ICD-10-CM,2023-10-08,31
10000205,F41.9,ICD-10-CM,2024-03-17,192
10000206,R10.9,ICD-10-CM,2026-02-04,231
10000206,R10.9,ICD-10-CM,2025-11-03,138
10000206,R10.9,ICD-10-CM,2025-07-11,23
10000206,R10.9,ICD-10-CM,2025-11-30,165
10000207,R53.83,ICD-10-CM,2026-04-13,15
10000207,I10,ICD-10-CM,2026-04-26,28
10000207,L50.9,ICD-10-CM,2026-05-02,34
10000207,R10.9,ICD-10-CM,2026-04-07,9
10000207,M79.7,ICD-10-CM,2026-04-30,32
10000209,I10,ICD-10-CM,2024-05-28,41
10000209,R10.9,ICD-10-CM,2024-05-23,36
10000209,R10.9,ICD-10-CM,2024-11-24,221
10000209,F41.9,ICD-10-CM,2025-04-26,374
10000209,R53.83,ICD-10-CM,2024-09-16,152
10000209,R53.83,ICD-10-CM,2024-05-05,18
10000209,L50.9,ICD-10-CM,2024-12-29,256
10000210,K21.9,ICD-10-CM,2023-09-27,267
10000210,F41.9,ICD-10-CM,2025-01-23,751
10000210,L50.9,ICD-10-CM,2023-02-08,36
10000210,K21.9,ICD-10-CM,2023-02-19,47
10000210,L50.9,ICD-10-CM,2025-07-26,935
10000210,R53.83,ICD-10-CM,2024-04-07,460
10000210,E78.5,ICD-10-CM,2023-07-01,179
10000210,K21.9,ICD-10-CM,2024-03-08,430
10000212,R53.83,ICD-10-CM,2026-03-01,30
10000214,F41.9,ICD-10-CM,2025-05-06,211
10000214,M79.7,ICD-10-CM,2026-02-04,485
10000214,R10.9,ICD-10-CM,2026-02-25,506
10000214,R53.83,ICD-10-CM,2026-01-12,462
10000214,R53.83,ICD-10-CM,2026-02-08,489
10000215,R53.83,ICD-10-CM,2026-05-25,8
10000215,R53.83,ICD-10-CM,2026-05-18,1
10000215,I10,ICD-10-CM,2026-05-30,13
10000215,G43.909,ICD-10-CM,2026-05-21,4
10000215,R53.83,ICD-10-CM,2026-05-30,13
10000218,L50.9,ICD-10-CM,2025-06-02,20
10000218,I10,ICD-10-CM,2025-11-06,177
10000218,J45.909,ICD-10-CM,2025-10-08,148
10000218,L50.9,ICD-10-CM,2025-07-02,50
10000218,K21.9,ICD-10-CM,2026-04-19,341
10000218,F41.9,ICD-10-CM,2026-05-11,363
10000218,E78.5,ICD-10-CM,2025-05-21,8
10000218,R10.9,ICD-10-CM,2025-08-31,110
10000220,M79.7,ICD-10-CM,2024-07-09,391
10000220,R10.9,ICD-10-CM,2024-01-22,222
10000220,K21.9,ICD-10-CM,2024-03-09,269
10000220,L50.9,ICD-10-CM,2023-07-23,39
10000220,K21.9,ICD-10-CM,2023-08-11,58
10000221,K21.9,ICD-10-CM,2024-12-22,261
10000221,R10.9,ICD-10-CM,2025-03-14,343
10000221,K21.9,ICD-10-CM,2024-11-15,224
10000221,R10.9,ICD-10-CM,2024-04-27,22
10000221,E78.5,ICD-10-CM,2025-05-09,399
10000221,I10,ICD-10-CM,2025-01-19,289
10000221,J45.909,ICD-10-CM,2024-11-03,212
10000221,R10.9,ICD-10-CM,2025-03-10,339
10000222,R10.9,ICD-10-CM,2024-02-22,56
10000222,G43.909,ICD-10-CM,2024-01-16,19
10000222,R10.9,ICD-10-CM,2024-04-24,118
10000222,R10.9,ICD-10-CM,2024-07-02,187
10000222,L50.9,ICD-10-CM,2024-06-18,173
10000223,R10.9,ICD-10-CM,2025-10-14,87
10000223,F41.9,ICD-10-CM,2025-09-28,71
10000223,K21.9,ICD-10-CM,2026-02-15,211
10000223,F41.9,ICD-10-CM,2025-12-08,142
10000223,K21.9,ICD-10-CM,2026-03-18,242
10000224,F41.9,ICD-10-CM,2026-02-18,55
10000225,L50.9,ICD-10-CM,2023-12-31,369
10000225,F41.9,ICD-10-CM,2023-07-20,205
10000225,K21.9,ICD-10-CM,2022-12-31,4
10000226,I10,ICD-10-CM,2025-08-12,91
10000226,K21.9,ICD-10-CM,2025-08-05,84
10000226,K21.9,ICD-10-CM,2025-07-05,53
10000227,I10,ICD-10-CM,2023-10-05,73
10000227,G43.909,ICD-10-CM,2024-10-07,441
10000227,R53.83,ICD-10-CM,2023-10-04,72
10000227,K21.9,ICD-10-CM,2024-10-08,442
10000227,M79.7,ICD-10-CM,2024-09-04,408
10000227,K21.9,ICD-10-CM,2024-01-03,163
10000227,K21.9,ICD-10-CM,2024-11-30,495
10000227,F41.9,ICD-10-CM,2023-11-10,109
10000227,K21.9,ICD-10-CM,2025-03-28,613
10000229,F41.9,ICD-10-CM,2023-03-17,104
10000229,E78.5,ICD-10-CM,2026-04-18,1232
10000229,R53.83,ICD-10-CM,2025-01-08,767
10000229,R53.83,ICD-10-CM,2025-09-27,1029
10000229,G43.909,ICD-10-CM,2025-10-19,1051
10000229,R10.9,ICD-10-CM,2022-12-26,23
10000229,I10,ICD-10-CM,2023-04-22,140
10000229,L50.9,ICD-10-CM,2025-10-28,1060
10000229,M79.7,ICD-10-CM,2024-01-25,418
10000229,K21.9,ICD-10-CM,2026-01-15,1139
10000229,F41.9,ICD-10-CM,2025-02-08,798
10000229,K21.9,ICD-10-CM,2025-06-18,928
10000229,I10,ICD-10-CM,2025-03-19,837
10000229,K21.9,ICD-10-CM,2025-01-20,779
10000229,F41.9,ICD-10-CM,2023-06-17,196
10000229,L50.9,ICD-10-CM,2023-03-30,117
10000230,M79.7,ICD-10-CM,2025-09-08,11
10000230,L50.9,ICD-10-CM,2026-02-08,164
10000230,J45.909,ICD-10-CM,2025-11-17,81
10000230,J45.909,ICD-10-CM,2025-10-25,58
10000230,R53.83,ICD-10-CM,2025-12-05,99
10000231,L50.9,ICD-10-CM,2022-12-30,71
10000231,F41.9,ICD-10-CM,2022-12-18,59
10000232,R53.83,ICD-10-CM,2022-03-21,95
10000232,M79.7,ICD-10-CM,2024-05-31,897
10000232,R53.83,ICD-10-CM,2024-03-12,817
10000232,E78.5,ICD-10-CM,2022-08-30,257
10000232,R10.9,ICD-10-CM,2024-03-26,831
10000232,R53.83,ICD-10-CM,2024-01-12,757
10000232,J45.909,ICD-10-CM,2023-02-26,437
10000233,M79.7,ICD-10-CM,2025-05-17,333
10000233,I10,ICD-10-CM,2025-02-10,237
10000233,L50.9,ICD-10-CM,2025-05-12,328
10000234,M79.7,ICD-10-CM,2025-01-07,165
10000234,J45.909,ICD-10-CM,2025-08-26,396
10000234,R10.9,ICD-10-CM,2025-02-23,212
10000236,R10.9,ICD-10-CM,2026-01-13,601
10000236,K21.9,ICD-10-CM,2024-06-30,39
10000236,L50.9,ICD-10-CM,2025-04-12,325
10000236,J45.909,ICD-10-CM,2024-10-27,158
10000236,E78.5,ICD-10-CM,2026-03-25,672
10000236,R10.9,ICD-10-CM,2025-04-17,330
10000236,L50.9,ICD-10-CM,2025-12-11,568
10000236,L50.9,ICD-10-CM,2024-08-01,71
10000236,L50.9,ICD-10-CM,2025-04-24,337
10000237,J45.909,ICD-10-CM,2026-03-31,53
10000237,E78.5,ICD-10-CM,2026-02-18,12
10000238,R10.9,ICD-10-CM,2025-11-27,18
10000238,J45.909,ICD-10-CM,2026-05-18,190
10000238,L50.9,ICD-10-CM,2026-03-09,120
10000238,K21.9,ICD-10-CM,2026-04-30,172
10000238,L50.9,ICD-10-CM,2026-04-24,166
10000238,K21.9,ICD-10-CM,2026-01-05,57
10000239,F41.9,ICD-10-CM,2022-11-29,154
10000239,R53.83,ICD-10-CM,2022-10-07,101
10000239,R53.83,ICD-10-CM,2023-02-08,225
10000239,G43.909,ICD-10-CM,2023-11-30,520
10000239,L50.9,ICD-10-CM,2023-09-04,433
10000239,F41.9,ICD-10-CM,2022-12-08,163
10000239,E78.5,ICD-10-CM,2024-04-13,655
10000239,R10.9,ICD-10-CM,2024-10-07,832
10000239,E78.5,ICD-10-CM,2022-08-15,48
10000239,R53.83,ICD-10-CM,2025-01-14,931
10000239,F41.9,ICD-10-CM,2024-09-07,802
10000239,F41.9,ICD-10-CM,2022-07-17,19
10000240,M79.7,ICD-10-CM,2025-07-07,177
10000240,J45.909,ICD-10-CM,2025-07-06,176
10000240,R53.83,ICD-10-CM,2025-07-03,173
10000240,K21.9,ICD-10-CM,2025-07-16,186
10000243,M79.7,ICD-10-CM,2024-07-05,100
10000243,F41.9,ICD-10-CM,2024-08-29,155
10000245,R53.83,ICD-10-CM,2026-02-06,721
10000245,L50.9,ICD-10-CM,2024-04-10,54
10000245,M79.7,ICD-10-CM,2024-10-06,233
10000245,L50.9,ICD-10-CM,2025-09-17,579
10000245,R10.9,ICD-10-CM,2025-03-11,389
10000245,K21.9,ICD-10-CM,2024-05-19,93
10000245,M79.7,ICD-10-CM,2025-02-16,366
10000245,G43.909,ICD-10-CM,2025-01-01,320
10000245,R53.83,ICD-10-CM,2026-03-10,753
10000245,L50.9,ICD-10-CM,2025-08-12,543
10000245,K21.9,ICD-10-CM,2024-10-23,250
10000245,G43.909,ICD-10-CM,2025-04-08,417
10000246,J45.909,ICD-10-CM,2023-07-04,113
10000246,M79.7,ICD-10-CM,2023-10-02,203
10000246,R53.83,ICD-10-CM,2023-12-06,268
10000246,E78.5,ICD-10-CM,2023-09-30,201
10000247,G43.909,ICD-10-CM,2023-12-31,143
10000247,L50.9,ICD-10-CM,2024-09-04,391
10000247,K21.9,ICD-10-CM,2024-12-11,489
10000247,G43.909,ICD-10-CM,2024-04-17,251
10000247,J45.909,ICD-10-CM,2024-05-23,287
10000247,R10.9,ICD-10-CM,2024-08-30,386
10000248,F41.9,ICD-10-CM,2026-05-22,61
10000249,K21.9,ICD-10-CM,2023-07-10,172
10000249,F41.9,ICD-10-CM,2024-04-28,465
10000249,L50.9,ICD-10-CM,2023-09-17,241
10000249,G43.909,ICD-10-CM,2023-03-23,63
10000249,F41.9,ICD-10-CM,2023-12-04,319
10000249,M79.7,ICD-10-CM,2023-08-29,222
10000250,R10.9,ICD-10-CM,2025-11-08,185
10000250,K21.9,ICD-10-CM,2025-07-29,83
10000250,J45.909,ICD-10-CM,2025-11-28,205
10000251,M79.7,ICD-10-CM,2026-04-14,2
10000251,I10,ICD-10-CM,2026-04-22,10
10000252,K21.9,ICD-10-CM,2025-01-29,200
10000252,R53.83,ICD-10-CM,2024-09-09,58
10000252,R53.83,ICD-10-CM,2025-06-30,352
10000252,K21.9,ICD-10-CM,2025-05-27,318
10000252,K21.9,ICD-10-CM,2026-02-23,590
10000252,F41.9,ICD-10-CM,2025-06-23,345
10000252,L50.9,ICD-10-CM,2025-12-29,534
10000252,F41.9,ICD-10-CM,2025-03-24,254
10000252,G43.909,ICD-10-CM,2026-05-02,658
10000252,K21.9,ICD-10-CM,2025-09-29,443
10000252,F41.9,ICD-10-CM,2024-08-18,36
10000252,M79.7,ICD-10-CM,2026-02-08,575
10000253,M79.7,ICD-10-CM,2024-10-12,81
10000253,R53.83,ICD-10-CM,2025-07-06,348
10000253,I10,ICD-10-CM,2024-11-24,124
10000253,R53.83,ICD-10-CM,2024-08-25,33
10000253,F41.9,ICD-10-CM,2024-07-28,5
10000253,F41.9,ICD-10-CM,2026-02-16,573
10000253,R10.9,ICD-10-CM,2025-10-16,450
10000255,L50.9,ICD-10-CM,2022-09-29,64
10000255,L50.9,ICD-10-CM,2022-09-15,50
10000255,F41.9,ICD-10-CM,2023-07-11,349
10000255,L50.9,ICD-10-CM,2022-11-06,102
10000256,I10,ICD-10-CM,2025-05-19,406
10000256,K21.9,ICD-10-CM,2024-09-23,168
10000256,R10.9,ICD-10-CM,2025-10-27,567
10000256,M79.7,ICD-10-CM,2025-09-06,516
10000256,R53.83,ICD-10-CM,2025-01-16,283
10000256,G43.909,ICD-10-CM,2025-01-03,270
10000256,F41.9,ICD-10-CM,2025-05-14,401
10000256,K21.9,ICD-10-CM,2024-08-26,140
10000256,L50.9,ICD-10-CM,2025-01-02,269
10000257,J45.909,ICD-10-CM,2022-05-24,65
10000257,K21.9,ICD-10-CM,2022-06-06,78
10000257,K21.9,ICD-10-CM,2022-06-27,99
10000259,K21.9,ICD-10-CM,2025-04-22,19
10000259,R53.83,ICD-10-CM,2025-12-31,272
10000261,E78.5,ICD-10-CM,2025-05-03,190
10000261,J45.909,ICD-10-CM,2025-01-07,74
10000261,R53.83,ICD-10-CM,2026-03-08,499
10000261,R10.9,ICD-10-CM,2025-03-09,135
10000261,E78.5,ICD-10-CM,2025-07-10,258
10000262,F41.9,ICD-10-CM,2026-05-22,4
10000262,R53.83,ICD-10-CM,2026-05-29,11
10000263,K21.9,ICD-10-CM,2023-04-13,211
10000263,R10.9,ICD-10-CM,2024-02-20,524
10000263,R10.9,ICD-10-CM,2023-12-22,464
10000263,L50.9,ICD-10-CM,2023-10-31,412
10000263,I10,ICD-10-CM,2024-02-14,518
10000263,K21.9,ICD-10-CM,2024-01-02,475
10000263,F41.9,ICD-10-CM,2024-04-19,583
10000264,F41.9,ICD-10-CM,2025-09-02,144
10000264,R53.83,ICD-10-CM,2025-06-13,63
10000264,I10,ICD-10-CM,2025-09-05,147
10000264,M79.7,ICD-10-CM,2026-02-19,314
10000264,G43.909,ICD-10-CM,2025-10-23,195
10000265,K21.9,ICD-10-CM,2022-05-19,171
10000268,R53.83,ICD-10-CM,2024-09-02,540
10000268,G43.909,ICD-10-CM,2023-06-28,108
10000268,G43.909,ICD-10-CM,2023-09-14,186
10000268,F41.9,ICD-10-CM,2024-11-02,601
10000268,E78.5,ICD-10-CM,2024-02-04,329
10000270,I10,ICD-10-CM,2025-09-12,20
10000270,E78.5,ICD-10-CM,2026-02-08,169
10000270,R53.83,ICD-10-CM,2025-11-23,92
10000271,R10.9,ICD-10-CM,2026-03-20,1076
10000271,J45.909,ICD-10-CM,2024-08-03,482
10000271,G43.909,ICD-10-CM,2025-05-30,782
10000271,G43.909,ICD-10-CM,2023-05-19,40
10000271,F41.9,ICD-10-CM,2024-10-03,543
10000271,R53.83,ICD-10-CM,2025-04-23,745
10000272,R10.9,ICD-10-CM,2023-11-08,32
10000273,R10.9,ICD-10-CM,2026-01-06,32
10000273,L50.9,ICD-10-CM,2026-04-11,127
10000273,R53.83,ICD-10-CM,2025-12-20,15
10000273,I10,ICD-10-CM,2026-05-07,153
10000273,I10,ICD-10-CM,2025-12-13,8
10000274,I10,ICD-10-CM,2025-11-05,30
10000274,G43.909,ICD-10-CM,2025-11-29,54
10000274,E78.5,ICD-10-CM,2025-12-16,71
10000274,L50.9,ICD-10-CM,2025-12-15,70
10000274,F41.9,ICD-10-CM,2025-12-18,73
10000275,R53.83,ICD-10-CM,2024-11-26,820
10000275,R53.83,ICD-10-CM,2022-12-20,113
10000275,J45.909,ICD-10-CM,2023-06-07,282
10000275,J45.909,ICD-10-CM,2023-10-01,398
10000275,G43.909,ICD-10-CM,2024-05-24,634
10000275,L50.9,ICD-10-CM,2023-08-31,367
10000275,K21.9,ICD-10-CM,2024-05-01,611
10000275,E78.5,ICD-10-CM,2023-06-07,282
10000275,M79.7,ICD-10-CM,2025-06-16,1022
10000275,J45.909,ICD-10-CM,2024-02-06,526
10000275,I10,ICD-10-CM,2022-09-12,14
10000275,K21.9,ICD-10-CM,2024-12-09,833
10000275,R10.9,ICD-10-CM,2022-09-19,21
10000275,K21.9,ICD-10-CM,2023-07-19,324
10000276,G43.909,ICD-10-CM,2025-12-16,42
10000276,L50.9,ICD-10-CM,2026-02-17,105
10000276,K21.9,ICD-10-CM,2026-04-22,169
10000276,R10.9,ICD-10-CM,2025-11-09,5
10000279,K21.9,ICD-10-CM,2026-03-22,68
10000280,L50.9,ICD-10-CM,2024-03-09,5
10000280,F41.9,ICD-10-CM,2024-03-26,22
10000280,K21.9,ICD-10-CM,2024-08-07,156
10000280,F41.9,ICD-10-CM,2025-05-21,443
10000281,M79.7,ICD-10-CM,2023-01-23,299
10000281,G43.909,ICD-10-CM,2022-05-07,38
10000281,R53.83,ICD-10-CM,2023-07-02,459
10000281,R53.83,ICD-10-CM,2024-03-04,705
10000281,F41.9,ICD-10-CM,2023-03-07,342
10000281,K21.9,ICD-10-CM,2024-04-17,749
10000282,R53.83,ICD-10-CM,2026-04-12,794
10000282,J45.909,ICD-10-CM,2026-01-17,709
10000282,R10.9,ICD-10-CM,2024-02-17,9
10000282,R53.83,ICD-10-CM,2025-10-11,611
10000282,R53.83,ICD-10-CM,2024-03-30,51
10000282,R10.9,ICD-10-CM,2025-01-14,341
10000282,J45.909,ICD-10-CM,2024-11-22,288
10000282,F41.9,ICD-10-CM,2025-05-13,460
10000283,F41.9,ICD-10-CM,2025-12-12,235
10000283,F41.9,ICD-10-CM,2025-09-12,144
10000285,L50.9,ICD-10-CM,2026-03-06,257
10000285,M79.7,ICD-10-CM,2026-01-31,223
10000285,K21.9,ICD-10-CM,2026-03-05,256
10000285,R10.9,ICD-10-CM,2025-07-09,17
10000285,I10,ICD-10-CM,2025-11-09,140
10000286,I10,ICD-10-CM,2024-08-30,77
10000286,R10.9,ICD-10-CM,2024-08-24,71
10000288,R10.9,ICD-10-CM,2022-12-21,54
10000288,I10,ICD-10-CM,2023-01-12,76
10000288,R53.83,ICD-10-CM,2023-02-23,118
10000288,E78.5,ICD-10-CM,2023-12-18,416
10000288,K21.9,ICD-10-CM,2025-04-11,896
10000288,L50.9,ICD-10-CM,2024-07-29,640
10000288,E78.5,ICD-10-CM,2025-05-03,918
10000288,G43.909,ICD-10-CM,2024-07-12,623
10000288,L50.9,ICD-10-CM,2024-10-23,726
10000288,R10.9,ICD-10-CM,2025-09-14,1052
10000288,M79.7,ICD-10-CM,2024-09-13,686
10000288,R10.9,ICD-10-CM,2025-05-30,945
10000288,E78.5,ICD-10-CM,2024-04-13,533
10000289,R10.9,ICD-10-CM,2024-05-17,389
10000289,K21.9,ICD-10-CM,2023-07-27,94
10000289,R10.9,ICD-10-CM,2023-08-02,100
10000289,R53.83,ICD-10-CM,2024-04-28,370
10000289,R53.83,ICD-10-CM,2025-06-26,794
10000289,I10,ICD-10-CM,2023-12-25,245
10000289,F41.9,ICD-10-CM,2023-10-22,181
10000289,E78.5,ICD-10-CM,2024-05-09,381
10000289,F41.9,ICD-10-CM,2026-03-12,1053
10000289,R53.83,ICD-10-CM,2023-07-26,93
10000289,R10.9,ICD-10-CM,2025-08-24,853
10000289,J45.909,ICD-10-CM,2023-11-26,216
10000289,K21.9,ICD-10-CM,2024-09-19,514
10000289,L50.9,ICD-10-CM,2024-03-01,312
10000289,K21.9,ICD-10-CM,2024-12-09,595
10000290,J45.909,ICD-10-CM,2026-03-17,2
10000291,K21.9,ICD-10-CM,2024-12-13,6
10000293,R10.9,ICD-10-CM,2026-02-21,92
10000293,E78.5,ICD-10-CM,2026-01-23,63
10000293,F41.9,ICD-10-CM,2025-12-01,10
10000294,F41.9,ICD-10-CM,2026-02-27,51
10000294,I10,ICD-10-CM,2026-03-22,74
10000294,L50.9,ICD-10-CM,2026-02-03,27
10000294,F41.9,ICD-10-CM,2026-03-12,64
10000295,K21.9,ICD-10-CM,2026-04-24,66
10000295,L50.9,ICD-10-CM,2026-03-30,41
10000297,F41.9,ICD-10-CM,2025-12-24,180
10000297,J45.909,ICD-10-CM,2025-08-10,44
10000297,K21.9,ICD-10-CM,2026-03-20,266
10000297,E78.5,ICD-10-CM,2026-05-02,309
10000297,G43.909,ICD-10-CM,2026-02-02,220
10000297,L50.9,ICD-10-CM,2025-09-05,70
10000297,J45.909,ICD-10-CM,2025-11-13,139
10000297,J45.909,ICD-10-CM,2025-11-20,146
10000298,R53.83,ICD-10-CM,2026-05-13,44
10000298,L50.9,ICD-10-CM,2026-05-02,33
10000298,L50.9,ICD-10-CM,2026-04-29,30
10000299,F41.9,ICD-10-CM,2024-12-21,276
10000299,K21.9,ICD-10-CM,2024-05-16,57
10000299,R53.83,ICD-10-CM,2024-06-07,79
10000299,R10.9,ICD-10-CM,2024-07-30,132
10000299,R10.9,ICD-10-CM,2024-08-07,140
10000299,I10,ICD-10-CM,2024-09-24,188
10000299,I10,ICD-10-CM,2024-10-17,211
10000299,G43.909,ICD-10-CM,2024-06-14,86
10000300,J45.909,ICD-10-CM,2026-03-20,412
10000300,K21.9,ICD-10-CM,2026-03-08,400
10000300,F41.9,ICD-10-CM,2025-02-27,26
10000301,I10,ICD-10-CM,2024-07-10,486
10000301,R10.9,ICD-10-CM,2024-03-29,383
10000301,R53.83,ICD-10-CM,2024-03-06,360
10000301,R10.9,ICD-10-CM,2025-03-15,734
10000301,G43.909,ICD-10-CM,2024-02-28,353
10000301,K21.9,ICD-10-CM,2023-07-14,124
10000301,R53.83,ICD-10-CM,2023-10-03,205
10000301,I10,ICD-10-CM,2024-03-12,366
10000301,I10,ICD-10-CM,2024-11-25,624
10000301,K21.9,ICD-10-CM,2023-11-05,238
10000301,R10.9,ICD-10-CM,2023-05-24,73
10000301,E78.5,ICD-10-CM,2023-04-07,26
10000301,R53.83,ICD-10-CM,2024-07-26,502
10000302,L50.9,ICD-10-CM,2024-08-28,75
10000302,M79.7,ICD-10-CM,2025-02-16,247
10000302,F41.9,ICD-10-CM,2024-10-13,121
10000304,F41.9,ICD-10-CM,2026-05-26,23
10000304,G43.909,ICD-10-CM,2026-05-20,17
10000305,R53.83,ICD-10-CM,2024-07-24,329
10000305,R53.83,ICD-10-CM,2024-03-09,192
10000305,E78.5,ICD-10-CM,2025-02-22,542
10000305,J45.909,ICD-10-CM,2025-04-02,581
10000305,K21.9,ICD-10-CM,2025-03-26,574
10000305,F41.9,ICD-10-CM,2025-01-10,499
10000306,I10,ICD-10-CM,2024-11-27,845
10000306,K21.9,ICD-10-CM,2023-12-22,504
10000306,J45.909,ICD-10-CM,2024-08-17,743
10000306,F41.9,ICD-10-CM,2024-04-13,617
10000306,G43.909,ICD-10-CM,2024-04-05,609
10000306,K21.9,ICD-10-CM,2022-12-22,139
10000306,R53.83,ICD-10-CM,2023-01-28,176
10000306,K21.9,ICD-10-CM,2023-12-29,511
10000306,J45.909,ICD-10-CM,2023-10-17,438
10000307,R53.83,ICD-10-CM,2023-08-23,663
10000307,M79.7,ICD-10-CM,2023-10-28,729
10000307,R53.83,ICD-10-CM,2025-01-07,1166
10000307,L50.9,ICD-10-CM,2025-03-30,1248
10000307,J45.909,ICD-10-CM,2025-02-03,1193
10000307,F41.9,ICD-10-CM,2025-09-03,1405
10000307,K21.9,ICD-10-CM,2022-09-16,322
10000307,K21.9,ICD-10-CM,2025-05-22,1301
10000307,L50.9,ICD-10-CM,2024-02-18,842
10000307,G43.909,ICD-10-CM,2024-04-17,901
10000307,F41.9,ICD-10-CM,2022-12-13,410
10000309,I10,ICD-10-CM,2025-01-19,7
10000309,J45.909,ICD-10-CM,2026-03-22,434
10000309,M79.7,ICD-10-CM,2026-02-01,385
10000309,R53.83,ICD-10-CM,2025-08-21,221
10000309,R53.83,ICD-10-CM,2025-02-26,45
10000309,L50.9,ICD-10-CM,2025-05-10,118
10000310,F41.9,ICD-10-CM,2026-04-02,24
10000310,J45.909,ICD-10-CM,2026-04-02,24
10000310,K21.9,ICD-10-CM,2026-05-06,58
10000310,I10,ICD-10-CM,2026-05-02,54
10000311,J45.909,ICD-10-CM,2024-10-12,250
10000311,K21.9,ICD-10-CM,2025-07-21,532
10000311,J45.909,ICD-10-CM,2024-08-22,199
10000311,R10.9,ICD-10-CM,2025-07-14,525
10000311,L50.9,ICD-10-CM,2025-02-09,370
10000311,K21.9,ICD-10-CM,2024-11-01,270
10000312,M79.7,ICD-10-CM,2024-04-07,271
10000312,G43.909,ICD-10-CM,2024-03-21,254
10000312,I10,ICD-10-CM,2024-01-17,190
10000312,L50.9,ICD-10-CM,2024-03-19,252
10000313,J45.909,ICD-10-CM,2022-03-12,142
10000314,L50.9,ICD-10-CM,2025-05-10,331
10000314,F41.9,ICD-10-CM,2025-12-12,547
10000314,L50.9,ICD-10-CM,2025-09-10,454
10000314,G43.909,ICD-10-CM,2024-11-27,167
10000314,F41.9,ICD-10-CM,2025-10-18,492
10000317,J45.909,ICD-10-CM,2023-09-28,404
10000317,E78.5,ICD-10-CM,2023-10-25,431
10000317,L50.9,ICD-10-CM,2024-01-04,502
10000317,M79.7,ICD-10-CM,2024-07-18,698
10000317,E78.5,ICD-10-CM,2023-05-30,283
10000317,R53.83,ICD-10-CM,2023-06-08,292
10000317,F41.9,ICD-10-CM,2023-05-16,269
10000318,I10,ICD-10-CM,2026-05-09,142
10000318,K21.9,ICD-10-CM,2026-03-30,102
10000319,R10.9,ICD-10-CM,2026-02-23,201
10000319,M79.7,ICD-10-CM,2025-11-11,97
10000319,J45.909,ICD-10-CM,2026-03-21,227
10000319,L50.9,ICD-10-CM,2025-09-25,50
10000319,G43.909,ICD-10-CM,2025-11-09,95
10000319,R53.83,ICD-10-CM,2026-02-02,180
10000319,G43.909,ICD-10-CM,2026-05-07,274
10000320,R53.83,ICD-10-CM,2024-02-22,50
10000320,K21.9,ICD-10-CM,2024-08-03,213
10000322,F41.9,ICD-10-CM,2025-08-27,330
10000322,I10,ICD-10-CM,2024-11-05,35
10000322,L50.9,ICD-10-CM,2024-10-14,13
10000322,I10,ICD-10-CM,2026-02-12,499
10000322,M79.7,ICD-10-CM,2025-04-02,183
10000322,F41.9,ICD-10-CM,2025-06-03,245
10000322,R53.83,ICD-10-CM,2025-08-21,324
10000322,L50.9,ICD-10-CM,2025-04-02,183
10000322,G43.909,ICD-10-CM,2025-06-19,261
10000322,K21.9,ICD-10-CM,2025-03-05,155
10000323,I10,ICD-10-CM,2025-06-18,323
10000323,I10,ICD-10-CM,2025-02-10,195
10000323,K21.9,ICD-10-CM,2025-10-04,431
10000324,K21.9,ICD-10-CM,2023-11-03,77
10000324,G43.909,ICD-10-CM,2024-01-12,147
10000324,J45.909,ICD-10-CM,2023-12-26,130
10000324,R53.83,ICD-10-CM,2023-08-29,11
10000325,G43.909,ICD-10-CM,2024-06-05,319
10000325,K21.9,ICD-10-CM,2024-06-28,342
10000325,R53.83,ICD-10-CM,2024-02-16,209
10000325,F41.9,ICD-10-CM,2024-03-07,229
10000325,R53.83,ICD-10-CM,2024-05-28,311
10000325,K21.9,ICD-10-CM,2024-01-18,180
10000325,R53.83,ICD-10-CM,2024-01-13,175
10000325,K21.9,ICD-10-CM,2023-12-19,150
10000325,R53.83,ICD-10-CM,2024-06-01,315
10000325,F41.9,ICD-10-CM,2024-05-09,292
10000325,R53.83,ICD-10-CM,2024-04-19,272
10000325,I10,ICD-10-CM,2023-12-24,155
10000326,M79.7,ICD-10-CM,2023-04-03,38
10000326,J45.909,ICD-10-CM,2023-12-19,298
10000326,K21.9,ICD-10-CM,2023-08-05,162
10000326,J45.909,ICD-10-CM,2026-04-17,1148
10000326,G43.909,ICD-10-CM,2023-08-23,180
10000326,R10.9,ICD-10-CM,2023-12-10,289
10000326,J45.909,ICD-10-CM,2024-01-01,311
10000326,L50.9,ICD-10-CM,2025-07-05,862
10000326,I10,ICD-10-CM,2024-05-22,453
10000326,R10.9,ICD-10-CM,2024-05-16,447
10000326,L50.9,ICD-10-CM,2025-02-19,726
10000326,R10.9,ICD-10-CM,2025-07-15,872
10000326,I10,ICD-10-CM,2023-09-09,197
10000327,R10.9,ICD-10-CM,2026-05-17,161
10000327,K21.9,ICD-10-CM,2026-02-22,77
10000327,K21.9,ICD-10-CM,2026-01-13,37
10000327,I10,ICD-10-CM,2026-03-09,92
10000327,L50.9,ICD-10-CM,2026-04-26,140
10000327,E78.5,ICD-10-CM,2026-02-14,69
10000328,R10.9,ICD-10-CM,2025-06-05,142
10000328,M79.7,ICD-10-CM,2025-03-03,48
10000328,R53.83,ICD-10-CM,2026-04-24,465
10000328,G43.909,ICD-10-CM,2025-12-09,329
10000328,R53.83,ICD-10-CM,2025-07-03,170
10000328,K21.9,ICD-10-CM,2026-01-11,362
10000328,J45.909,ICD-10-CM,2025-11-06,296
10000328,M79.7,ICD-10-CM,2025-03-04,49
10000328,L50.9,ICD-10-CM,2026-01-19,370
10000330,J45.909,ICD-10-CM,2026-04-11,417
10000330,F41.9,ICD-10-CM,2026-02-14,361
10000330,J45.909,ICD-10-CM,2026-03-27,402
10000330,L50.9,ICD-10-CM,2026-03-20,395
10000330,L50.9,ICD-10-CM,2025-11-15,270
10000330,R53.83,ICD-10-CM,2025-04-10,51
10000330,R53.83,ICD-10-CM,2025-07-19,151
10000330,I10,ICD-10-CM,2026-05-14,450
10000330,F41.9,ICD-10-CM,2026-05-30,466
10000331,G43.909,ICD-10-CM,2025-01-25,119
10000331,F41.9,ICD-10-CM,2025-09-21,358
10000331,R10.9,ICD-10-CM,2025-02-23,148
10000333,L50.9,ICD-10-CM,2026-01-06,991
10000333,L50.9,ICD-10-CM,2024-05-19,394
10000333,L50.9,ICD-10-CM,2023-12-18,241
10000333,L50.9,ICD-10-CM,2024-08-02,469
10000333,F41.9,ICD-10-CM,2025-02-22,673
10000333,G43.909,ICD-10-CM,2025-03-06,685
10000333,R10.9,ICD-10-CM,2025-11-14,938
10000333,G43.909,ICD-10-CM,2023-05-23,32
10000333,R53.83,ICD-10-CM,2024-08-30,497
10000333,G43.909,ICD-10-CM,2024-05-12,387
10000333,L50.9,ICD-10-CM,2024-02-15,300
10000333,K21.9,ICD-10-CM,2023-12-25,248
10000334,K21.9,ICD-10-CM,2025-09-06,462
10000334,L50.9,ICD-10-CM,2024-08-16,76
10000334,R53.83,ICD-10-CM,2025-07-25,419
10000334,L50.9,ICD-10-CM,2025-07-29,423
10000334,R53.83,ICD-10-CM,2025-04-23,326
10000334,R10.9,ICD-10-CM,2025-05-06,339
10000335,R10.9,ICD-10-CM,2026-03-04,54
10000335,R10.9,ICD-10-CM,2026-01-20,11
10000335,R53.83,ICD-10-CM,2026-02-22,44
10000336,J45.909,ICD-10-CM,2025-10-22,487
10000336,R53.83,ICD-10-CM,2024-10-18,118
10000336,R10.9,ICD-10-CM,2026-05-30,707
10000336,L50.9,ICD-10-CM,2024-07-10,18
10000336,R10.9,ICD-10-CM,2024-11-27,158
10000336,G43.909,ICD-10-CM,2025-10-15,480
10000336,K21.9,ICD-10-CM,2025-05-26,338
10000336,L50.9,ICD-10-CM,2024-12-21,182
10000336,R53.83,ICD-10-CM,2024-10-19,119
10000336,I10,ICD-10-CM,2026-02-18,606
10000337,R10.9,ICD-10-CM,2024-10-11,648
10000337,R53.83,ICD-10-CM,2024-09-20,627
10000337,E78.5,ICD-10-CM,2023-02-11,40
10000337,K21.9,ICD-10-CM,2024-02-13,407
10000337,K21.9,ICD-10-CM,2023-01-12,10
10000337,R10.9,ICD-10-CM,2024-06-12,527
10000337,J45.909,ICD-10-CM,2024-05-07,491
10000337,K21.9,ICD-10-CM,2023-07-06,185
10000337,I10,ICD-10-CM,2024-12-25,723
10000337,M79.7,ICD-10-CM,2023-03-25,82
10000337,K21.9,ICD-10-CM,2025-01-28,757
10000338,L50.9,ICD-10-CM,2025-08-24,1099
10000338,R53.83,ICD-10-CM,2025-12-28,1225
10000338,G43.909,ICD-10-CM,2023-02-06,169
10000338,L50.9,ICD-10-CM,2025-10-28,1164
10000338,R53.83,ICD-10-CM,2025-05-15,998
10000338,I10,ICD-10-CM,2025-11-12,1179
10000338,K21.9,ICD-10-CM,2026-04-19,1337
10000338,R10.9,ICD-10-CM,2024-06-04,653
10000338,R53.83,ICD-10-CM,2023-09-11,386
10000338,K21.9,ICD-10-CM,2025-08-23,1098
10000338,K21.9,ICD-10-CM,2024-02-03,531
10000338,M79.7,ICD-10-CM,2023-11-21,457
10000338,L50.9,ICD-10-CM,2023-02-15,178
10000338,K21.9,ICD-10-CM,2026-01-10,1238
10000339,I10,ICD-10-CM,2024-03-13,40
10000339,R53.83,ICD-10-CM,2024-11-03,275
10000339,K21.9,ICD-10-CM,2025-02-03,367
10000339,R53.83,ICD-10-CM,2025-04-18,441
10000339,F41.9,ICD-10-CM,2025-08-18,563
10000339,E78.5,ICD-10-CM,2024-05-13,101
10000339,R53.83,ICD-10-CM,2025-07-09,523
10000339,K21.9,ICD-10-CM,2025-04-05,428
10000339,F41.9,ICD-10-CM,2024-05-24,112
10000340,M79.7,ICD-10-CM,2023-05-13,357
10000340,M79.7,ICD-10-CM,2022-06-19,29
10000340,L50.9,ICD-10-CM,2022-11-19,182
10000340,R53.83,ICD-10-CM,2022-06-10,20
10000340,K21.9,ICD-10-CM,2023-04-08,322
10000340,E78.5,ICD-10-CM,2022-08-06,77
10000340,R53.83,ICD-10-CM,2023-05-25,369
10000340,E78.5,ICD-10-CM,2023-06-16,391
10000340,R53.83,ICD-10-CM,2022-10-14,146
10000341,F41.9,ICD-10-CM,2023-07-24,38
10000341,L50.9,ICD-10-CM,2023-09-01,77
10000341,R10.9,ICD-10-CM,2023-12-02,169
10000341,R10.9,ICD-10-CM,2023-09-27,103
10000342,L50.9,ICD-10-CM,2023-12-23,791
10000342,K21.9,ICD-10-CM,2022-07-02,252
10000342,I10,ICD-10-CM,2023-06-03,588
10000342,F41.9,ICD-10-CM,2023-06-01,586
10000342,K21.9,ICD-10-CM,2024-01-24,823
10000342,J45.909,ICD-10-CM,2022-02-26,126
10000343,F41.9,ICD-10-CM,2026-04-04,89
10000343,F41.9,ICD-10-CM,2026-03-29,83
10000343,L50.9,ICD-10-CM,2026-03-08,62
10000344,M79.7,ICD-10-CM,2024-07-11,17
10000344,J45.909,ICD-10-CM,2024-07-03,9
10000345,R53.83,ICD-10-CM,2024-06-26,285
10000345,R53.83,ICD-10-CM,2024-06-09,268
10000345,L50.9,ICD-10-CM,2024-11-12,424
10000345,M79.7,ICD-10-CM,2024-05-31,259
10000345,K21.9,ICD-10-CM,2025-03-05,537
10000345,R10.9,ICD-10-CM,2024-04-20,218
10000346,K21.9,ICD-10-CM,2025-12-06,100
10000346,G43.909,ICD-10-CM,2026-03-20,204
10000346,E78.5,ICD-10-CM,2025-12-31,125
10000346,F41.9,ICD-10-CM,2026-01-03,128
10000346,R53.83,ICD-10-CM,2026-04-29,244
10000346,R10.9,ICD-10-CM,2026-01-13,138
10000347,R53.83,ICD-10-CM,2024-09-06,60
10000347,F41.9,ICD-10-CM,2025-09-29,448
10000347,M79.7,ICD-10-CM,2024-09-12,66
10000347,R10.9,ICD-10-CM,2026-02-18,590
10000347,F41.9,ICD-10-CM,2026-05-23,684
10000348,E78.5,ICD-10-CM,2025-08-11,99
10000348,J45.909,ICD-10-CM,2025-09-26,145
10000348,I10,ICD-10-CM,2025-06-22,49
10000349,F41.9,ICD-10-CM,2024-08-10,661
10000349,L50.9,ICD-10-CM,2024-04-29,558
10000349,E78.5,ICD-10-CM,2025-02-09,844
10000349,F41.9,ICD-10-CM,2025-03-12,875
10000349,R53.83,ICD-10-CM,2025-04-21,915
10000349,F41.9,ICD-10-CM,2022-12-22,64
10000349,L50.9,ICD-10-CM,2023-06-06,230
10000349,G43.909,ICD-10-CM,2023-01-02,75
10000349,K21.9,ICD-10-CM,2023-11-18,395
10000349,F41.9,ICD-10-CM,2023-02-27,131
10000349,R53.83,ICD-10-CM,2022-12-01,43
10000350,F41.9,ICD-10-CM,2022-12-14,100
10000350,F41.9,ICD-10-CM,2022-11-11,67
10000351,R53.83,ICD-10-CM,2024-11-06,523
10000351,E78.5,ICD-10-CM,2024-05-24,357
10000351,L50.9,ICD-10-CM,2023-08-27,86
10000351,L50.9,ICD-10-CM,2025-07-07,766
10000351,K21.9,ICD-10-CM,2023-12-08,189
10000351,J45.909,ICD-10-CM,2025-03-27,664
10000354,K21.9,ICD-10-CM,2025-09-12,56
10000355,R10.9,ICD-10-CM,2025-10-01,260
10000355,L50.9,ICD-10-CM,2025-03-06,51
10000355,R53.83,ICD-10-CM,2025-12-12,332
10000355,I10,ICD-10-CM,2025-11-05,295
10000355,M79.7,ICD-10-CM,2025-02-07,24
10000355,F41.9,ICD-10-CM,2025-06-26,163
10000355,M79.7,ICD-10-CM,2025-04-29,105
10000355,F41.9,ICD-10-CM,2026-01-25,376
10000355,R53.83,ICD-10-CM,2025-02-17,34
10000356,L50.9,ICD-10-CM,2026-02-06,409
10000356,K21.9,ICD-10-CM,2025-12-29,370
10000356,G43.909,ICD-10-CM,2025-02-03,41
10000356,G43.909,ICD-10-CM,2026-02-17,420
10000356,J45.909,ICD-10-CM,2025-10-26,306
10000356,J45.909,ICD-10-CM,2025-11-03,314
10000356,F41.9,ICD-10-CM,2025-03-29,95
10000357,M79.7,ICD-10-CM,2023-12-06,448
10000357,F41.9,ICD-10-CM,2024-06-22,647
10000357,R53.83,ICD-10-CM,2024-12-03,811
10000357,I10,ICD-10-CM,2024-03-10,543
10000357,R53.83,ICD-10-CM,2024-09-02,719
10000357,G43.909,ICD-10-CM,2024-11-05,783
10000357,G43.909,ICD-10-CM,2023-01-04,112
10000357,K21.9,ICD-10-CM,2024-01-09,482
10000358,G43.909,ICD-10-CM,2024-01-02,309
10000358,R10.9,ICD-10-CM,2025-05-07,800
10000358,I10,ICD-10-CM,2025-11-23,1000
10000358,M79.7,ICD-10-CM,2024-01-15,322
10000358,K21.9,ICD-10-CM,2025-05-13,806
10000358,M79.7,ICD-10-CM,2024-11-26,638
10000358,R53.83,ICD-10-CM,2023-09-28,213
10000358,I10,ICD-10-CM,2025-09-25,941
10000358,M79.7,ICD-10-CM,2023-05-03,65
10000358,L50.9,ICD-10-CM,2025-10-20,966
10000358,R53.83,ICD-10-CM,2023-11-22,268
10000358,R53.83,ICD-10-CM,2024-08-10,530
10000359,R53.83,ICD-10-CM,2026-05-02,224
10000359,R53.83,ICD-10-CM,2025-10-22,32
10000359,G43.909,ICD-10-CM,2026-05-02,224
10000359,R10.9,ICD-10-CM,2025-11-10,51
10000359,L50.9,ICD-10-CM,2026-04-18,210
10000360,L50.9,ICD-10-CM,2024-05-02,654
10000360,L50.9,ICD-10-CM,2023-04-29,285
10000360,E78.5,ICD-10-CM,2023-10-13,452
10000360,G43.909,ICD-10-CM,2025-01-13,910
10000360,L50.9,ICD-10-CM,2024-06-25,708
10000360,J45.909,ICD-10-CM,2022-10-29,103
10000360,I10,ICD-10-CM,2024-06-14,697
10000360,M79.7,ICD-10-CM,2024-09-03,778
10000360,E78.5,ICD-10-CM,2023-09-23,432
10000361,F41.9,ICD-10-CM,2026-01-26,185
10000361,R10.9,ICD-10-CM,2026-05-04,283
10000361,F41.9,ICD-10-CM,2025-08-20,26
10000362,R53.83,ICD-10-CM,2025-10-08,613
10000362,K21.9,ICD-10-CM,2024-02-20,17
10000362,G43.909,ICD-10-CM,2025-03-24,415
10000362,I10,ICD-10-CM,2025-12-10,676
10000362,G43.909,ICD-10-CM,2025-03-09,400
10000362,K21.9,ICD-10-CM,2025-01-20,352
10000362,R10.9,ICD-10-CM,2025-04-26,448
10000362,E78.5,ICD-10-CM,2024-03-03,29
10000362,R10.9,ICD-10-CM,2026-04-15,802
10000362,J45.909,ICD-10-CM,2025-10-19,624
10000363,K21.9,ICD-10-CM,2023-07-18,233
10000363,K21.9,ICD-10-CM,2023-01-19,53
10000363,R53.83,ICD-10-CM,2023-04-22,146
10000363,L50.9,ICD-10-CM,2023-08-31,277
10000363,G43.909,ICD-10-CM,2023-02-24,89
10000363,R53.83,ICD-10-CM,2023-05-12,166
10000366,E78.5,ICD-10-CM,2025-10-15,1162
10000366,I10,ICD-10-CM,2025-07-21,1076
10000366,F41.9,ICD-10-CM,2025-03-03,936
10000366,F41.9,ICD-10-CM,2023-09-26,412
10000366,R10.9,ICD-10-CM,2024-09-19,771
10000366,J45.909,ICD-10-CM,2026-01-26,1265
10000366,F41.9,ICD-10-CM,2024-06-09,669
10000367,J45.909,ICD-10-CM,2026-01-10,37
10000367,R10.9,ICD-10-CM,2026-04-01,118
10000367,L50.9,ICD-10-CM,2026-04-11,128
10000367,K21.9,ICD-10-CM,2026-04-02,119
10000367,F41.9,ICD-10-CM,2026-05-27,174
10000368,G43.909,ICD-10-CM,2025-03-09,13
10000368,R53.83,ICD-10-CM,2025-12-26,305
10000371,J45.909,ICD-10-CM,2025-08-07,121
10000371,R10.9,ICD-10-CM,2025-07-01,84
10000371,L50.9,ICD-10-CM,2025-05-18,40
10000371,M79.7,ICD-10-CM,2025-06-18,71
10000373,L50.9,ICD-10-CM,2024-11-14,401
10000373,R10.9,ICD-10-CM,2023-11-28,49
10000373,E78.5,ICD-10-CM,2025-05-18,586
10000373,E78.5,ICD-10-CM,2024-04-01,174
10000373,F41.9,ICD-10-CM,2025-07-10,639
10000373,R53.83,ICD-10-CM,2025-08-20,680
10000373,K21.9,ICD-10-CM,2025-09-02,693
10000373,M79.7,ICD-10-CM,2025-03-20,527
10000374,R10.9,ICD-10-CM,2022-05-24,102
10000374,F41.9,ICD-10-CM,2022-09-01,202
10000374,E78.5,ICD-10-CM,2023-03-31,413
10000374,M79.7,ICD-10-CM,2022-10-30,261
10000374,E78.5,ICD-10-CM,2022-03-24,41
10000374,E78.5,ICD-10-CM,2022-12-12,304
10000374,R53.83,ICD-10-CM,2022-09-26,227
10000375,G43.909,ICD-10-CM,2022-04-19,178
10000375,K21.9,ICD-10-CM,2022-07-14,264
10000375,I10,ICD-10-CM,2022-06-13,233
10000375,I10,ICD-10-CM,2022-04-11,170
10000375,K21.9,ICD-10-CM,2022-02-10,110
10000377,F41.9,ICD-10-CM,2024-09-21,412
10000377,F41.9,ICD-10-CM,2025-04-05,608
10000377,R53.83,ICD-10-CM,2024-02-18,196
10000377,E78.5,ICD-10-CM,2024-11-05,457
10000377,F41.9,ICD-10-CM,2024-04-18,256
10000377,L50.9,ICD-10-CM,2024-06-06,305
10000379,R10.9,ICD-10-CM,2026-01-03,13
10000379,L50.9,ICD-10-CM,2026-05-28,158
10000379,R53.83,ICD-10-CM,2026-02-03,44
10000380,R10.9,ICD-10-CM,2025-08-09,214
10000380,J45.909,ICD-10-CM,2025-04-07,90
10000380,I10,ICD-10-CM,2025-06-24,168
10000381,F41.9,ICD-10-CM,2026-04-05,193
10000381,R10.9,ICD-10-CM,2026-02-28,157
10000381,L50.9,ICD-10-CM,2026-01-02,100
10000381,L50.9,ICD-10-CM,2025-11-14,51
10000381,R53.83,ICD-10-CM,2025-12-13,80
10000381,R10.9,ICD-10-CM,2025-10-31,37
10000381,G43.909,ICD-10-CM,2026-05-01,219
10000384,L50.9,ICD-10-CM,2023-07-12,265
10000384,G43.909,ICD-10-CM,2023-09-13,328
10000384,M79.7,ICD-10-CM,2023-05-13,205
10000384,L50.9,ICD-10-CM,2023-05-02,194
10000384,R10.9,ICD-10-CM,2023-03-21,152
10000385,J45.909,ICD-10-CM,2025-12-01,22
10000385,R10.9,ICD-10-CM,2026-02-12,95
10000385,E78.5,ICD-10-CM,2025-12-25,46
10000386,K21.9,ICD-10-CM,2025-08-13,406
10000386,R53.83,ICD-10-CM,2025-07-03,365
10000386,K21.9,ICD-10-CM,2026-03-05,610
10000386,J45.909,ICD-10-CM,2025-04-05,276
10000386,I10,ICD-10-CM,2025-11-17,502
10000386,G43.909,ICD-10-CM,2025-11-25,510
10000386,R53.83,ICD-10-CM,2026-03-25,630
10000386,I10,ICD-10-CM,2025-10-18,472
10000386,E78.5,ICD-10-CM,2025-08-14,407
10000387,R10.9,ICD-10-CM,2024-09-18,269
10000387,L50.9,ICD-10-CM,2025-02-02,406
10000387,R10.9,ICD-10-CM,2026-05-16,874
10000387,L50.9,ICD-10-CM,2025-03-01,433
10000387,R10.9,ICD-10-CM,2025-08-23,608
10000387,E78.5,ICD-10-CM,2024-11-07,319
10000388,J45.909,ICD-10-CM,2023-10-15,202
10000388,M79.7,ICD-10-CM,2024-02-02,312
10000388,I10,ICD-10-CM,2023-04-23,27
10000388,R53.83,ICD-10-CM,2024-02-02,312
10000388,L50.9,ICD-10-CM,2023-05-06,40
10000389,F41.9,ICD-10-CM,2026-05-10,119
10000389,M79.7,ICD-10-CM,2026-05-21,130
10000389,R53.83,ICD-10-CM,2026-01-30,19
10000389,I10,ICD-10-CM,2026-03-05,53
10000390,K21.9,ICD-10-CM,2026-04-17,170
10000391,E78.5,ICD-10-CM,2024-04-16,49
10000391,J45.909,ICD-10-CM,2024-06-18,112
10000391,R53.83,ICD-10-CM,2026-01-18,691
10000391,L50.9,ICD-10-CM,2024-06-30,124
10000391,J45.909,ICD-10-CM,2026-01-30,703
10000391,R53.83,ICD-10-CM,2025-12-12,654
10000391,J45.909,ICD-10-CM,2025-03-20,387
10000391,R53.83,ICD-10-CM,2026-01-24,697
10000391,J45.909,ICD-10-CM,2026-05-22,815
10000391,E78.5,ICD-10-CM,2025-12-25,667
10000391,R53.83,ICD-10-CM,2025-02-04,343
10000392,J45.909,ICD-10-CM,2024-12-24,33
10000392,L50.9,ICD-10-CM,2025-03-29,128
10000392,F41.9,ICD-10-CM,2025-05-01,161
10000392,L50.9,ICD-10-CM,2025-02-21,92
10000393,R10.9,ICD-10-CM,2026-01-16,352
10000393,F41.9,ICD-10-CM,2025-02-21,23
10000393,L50.9,ICD-10-CM,2025-02-13,15
10000393,L50.9,ICD-10-CM,2025-03-24,54
10000394,K21.9,ICD-10-CM,2022-07-06,175
10000394,F41.9,ICD-10-CM,2022-08-18,218
10000394,F41.9,ICD-10-CM,2022-09-30,261
10000394,I10,ICD-10-CM,2022-01-15,3
10000394,G43.909,ICD-10-CM,2022-03-10,57
10000394,G43.909,ICD-10-CM,2022-05-22,130
10000395,L50.9,ICD-10-CM,2025-01-12,205
10000395,R53.83,ICD-10-CM,2025-10-13,479
10000395,I10,ICD-10-CM,2025-02-06,230
10000395,L50.9,ICD-10-CM,2025-09-20,456
10000395,F41.9,ICD-10-CM,2025-07-02,376
10000395,M79.7,ICD-10-CM,2024-09-21,92
10000398,L50.9,ICD-10-CM,2024-05-21,286
10000398,L50.9,ICD-10-CM,2023-08-24,15
10000398,F41.9,ICD-10-CM,2024-01-19,163
10000398,K21.9,ICD-10-CM,2024-10-04,422
10000398,K21.9,ICD-10-CM,2024-07-24,350
10000398,L50.9,ICD-10-CM,2024-06-18,314
10000398,R53.83,ICD-10-CM,2023-10-18,70
10000399,I10,ICD-10-CM,2026-05-28,647
10000399,M79.7,ICD-10-CM,2024-09-10,22
10000399,G43.909,ICD-10-CM,2025-02-11,176
10000399,K21.9,ICD-10-CM,2025-06-07,292
10000399,F41.9,ICD-10-CM,2025-10-04,411
10000399,L50.9,ICD-10-CM,2025-08-17,363
10000271,M79.7,ICD-10-CM,2025-05-26,778
10000330,F41.9,ICD-10-CM,2026-04-02,408
10000337,F41.9,ICD-10-CM,2023-08-21,231
10000038,F41.9,ICD-10-CM,2023-07-07,263
10000022,K21.9,ICD-10-CM,2025-01-14,58
10000155,L50.9,ICD-10-CM,2023-05-18,148
10000356,L50.9,ICD-10-CM,2026-03-29,460
10000125,M79.7,ICD-10-CM,2023-05-06,124
10000215,R53.83,ICD-10-CM,2026-05-28,11
10000390,I10,ICD-10-CM,2026-05-09,192
10000335,R53.83,ICD-10-CM,2026-02-23,45
10000363,I10,ICD-10-CM,2023-01-12,46
20000000,K21.9,ICD-10-CM,2024-11-25,749
20000000,G43.909,ICD-10-CM,2025-10-02,1060
20000000,G43.909,ICD-10-CM,2025-03-14,858
20000000,K21.9,ICD-10-CM,2025-09-26,1054
20000000,G43.909,ICD-10-CM,2023-05-24,198
20000000,R10.9,ICD-10-CM,2025-10-08,1066
20000000,R53.83,ICD-10-CM,2025-11-26,1115
20000000,F41.9,ICD-10-CM,2025-08-19,1016
20000000,G43.909,ICD-10-CM,2023-11-06,364
20000000,R53.83,ICD-10-CM,2024-11-20,744
20000000,E78.5,ICD-10-CM,2022-12-22,45
20000000,K21.9,ICD-10-CM,2025-02-13,829
20000000,E78.5,ICD-10-CM,2022-11-22,15
20000001,E78.5,ICD-10-CM,2024-10-22,48
20000001,I10,ICD-10-CM,2024-10-30,56
20000003,F41.9,ICD-10-CM,2024-08-04,123
20000003,E78.5,ICD-10-CM,2024-08-05,124
20000003,R10.9,ICD-10-CM,2024-05-08,35
20000003,R53.83,ICD-10-CM,2024-07-22,110
20000013,M79.7,ICD-10-CM,2026-05-08,328
20000013,M79.7,ICD-10-CM,2026-05-07,327
20000013,I10,ICD-10-CM,2026-01-25,225
20000013,R10.9,ICD-10-CM,2026-01-19,219
20000013,R10.9,ICD-10-CM,2025-08-05,52
20000019,J45.909,ICD-10-CM,2023-05-13,556
20000019,E78.5,ICD-10-CM,2022-06-25,234
20000019,J45.909,ICD-10-CM,2022-10-31,362
20000019,R53.83,ICD-10-CM,2023-07-03,607
20000019,G43.909,ICD-10-CM,2022-01-28,86
20000019,E78.5,ICD-10-CM,2023-03-26,508
20000020,L50.9,ICD-10-CM,2024-12-30,150
20000020,R10.9,ICD-10-CM,2025-01-01,152
20000020,R53.83,ICD-10-CM,2024-12-02,122
20000020,G43.909,ICD-10-CM,2025-06-17,319
20000020,L50.9,ICD-10-CM,2025-07-08,340
20000020,R53.83,ICD-10-CM,2026-02-02,549
20000020,I10,ICD-10-CM,2026-03-06,581
20000020,F41.9,ICD-10-CM,2025-06-07,309
20000029,F41.9,ICD-10-CM,2026-04-27,373
20000029,R10.9,ICD-10-CM,2025-12-04,229
20000029,R53.83,ICD-10-CM,2025-09-06,140
20000029,R53.83,ICD-10-CM,2025-07-27,99
20000059,I10,ICD-10-CM,2023-02-11,51
20000059,E78.5,ICD-10-CM,2023-09-21,273
20000059,R53.83,ICD-10-CM,2023-07-06,196
20000059,K21.9,ICD-10-CM,2023-01-29,38
20000059,K21.9,ICD-10-CM,2023-06-16,176
20000061,G43.909,ICD-10-CM,2026-05-26,7
20000061,F41.9,ICD-10-CM,2026-05-28,9
20000061,G43.909,ICD-10-CM,2026-05-27,8
20000061,L50.9,ICD-10-CM,2026-05-22,3
20000061,K21.9,ICD-10-CM,2026-05-23,4
20000062,G43.909,ICD-10-CM,2026-02-16,432
20000062,R53.83,ICD-10-CM,2025-07-22,223
20000062,E78.5,ICD-10-CM,2024-12-20,9
20000062,E78.5,ICD-10-CM,2025-02-18,69
20000073,J45.909,ICD-10-CM,2026-02-09,23
20000074,I10,ICD-10-CM,2025-10-28,187
20000074,E78.5,ICD-10-CM,2026-01-07,258
20000074,I10,ICD-10-CM,2025-05-05,11
20000074,K21.9,ICD-10-CM,2025-07-08,75
20000074,K21.9,ICD-10-CM,2025-10-10,169
20000074,F41.9,ICD-10-CM,2025-10-04,163
20000074,R10.9,ICD-10-CM,2025-07-19,86
20000078,G43.909,ICD-10-CM,2025-12-19,420
20000078,M79.7,ICD-10-CM,2025-10-08,348
20000078,L50.9,ICD-10-CM,2025-02-13,111
20000081,I10,ICD-10-CM,2026-05-13,118
20000081,R53.83,ICD-10-CM,2026-03-15,59
20000082,F41.9,ICD-10-CM,2025-10-24,220
20000082,R53.83,ICD-10-CM,2025-11-07,234
20000120,M79.7,ICD-10-CM,2025-10-14,405
20000122,K21.9,ICD-10-CM,2022-08-22,79
20000122,L50.9,ICD-10-CM,2022-08-20,77
20000122,I10,ICD-10-CM,2023-03-18,287
20000122,J45.909,ICD-10-CM,2022-12-10,189
20000122,R53.83,ICD-10-CM,2022-12-11,190
20000122,G43.909,ICD-10-CM,2023-03-17,286
20000127,R53.83,ICD-10-CM,2026-04-17,105
20000131,F41.9,ICD-10-CM,2026-05-11,77
20000131,I10,ICD-10-CM,2026-05-03,69
20000131,I10,ICD-10-CM,2026-04-07,43
20000138,J45.909,ICD-10-CM,2026-02-11,58
20000138,L50.9,ICD-10-CM,2026-02-25,72
20000138,E78.5,ICD-10-CM,2026-02-09,56
20000138,K21.9,ICD-10-CM,2026-01-14,30
20000142,L50.9,ICD-10-CM,2026-05-18,6
20000142,F41.9,ICD-10-CM,2026-05-24,12
20000143,K21.9,ICD-10-CM,2026-03-13,106
20000143,G43.909,ICD-10-CM,2026-05-16,170
20000143,F41.9,ICD-10-CM,2025-12-21,24
20000143,J45.909,ICD-10-CM,2025-12-17,20
20000150,F41.9,ICD-10-CM,2024-12-29,55
20000150,I10,ICD-10-CM,2026-05-16,558
20000150,G43.909,ICD-10-CM,2025-02-09,97
20000150,L50.9,ICD-10-CM,2025-05-19,196
20000150,R53.83,ICD-10-CM,2025-02-02,90
20000150,R53.83,ICD-10-CM,2025-08-06,275
20000150,M79.7,ICD-10-CM,2025-01-30,87
20000150,G43.909,ICD-10-CM,2025-08-12,281
20000154,J45.909,ICD-10-CM,2025-07-24,535
20000154,R10.9,ICD-10-CM,2024-12-25,324
20000154,G43.909,ICD-10-CM,2024-07-10,156
20000154,G43.909,ICD-10-CM,2024-03-06,30
20000154,R10.9,ICD-10-CM,2025-05-23,473
20000154,L50.9,ICD-10-CM,2024-07-18,164
20000154,K21.9,ICD-10-CM,2024-03-30,54
20000154,K21.9,ICD-10-CM,2024-02-27,22
20000154,R53.83,ICD-10-CM,2025-02-20,381
20000154,F41.9,ICD-10-CM,2024-11-16,285
20000161,K21.9,ICD-10-CM,2025-01-18,190
20000161,I10,ICD-10-CM,2024-11-06,117
20000161,L50.9,ICD-10-CM,2025-08-21,405
20000161,I10,ICD-10-CM,2024-12-29,170
20000161,G43.909,ICD-10-CM,2025-06-16,339
20000161,R10.9,ICD-10-CM,2025-04-16,278
20000161,R53.83,ICD-10-CM,2025-04-12,274
20000161,E78.5,ICD-10-CM,2024-12-21,162
20000161,L50.9,ICD-10-CM,2024-11-21,132
20000161,L50.9,ICD-10-CM,2024-08-02,21
20000167,R53.83,ICD-10-CM,2026-02-19,81
20000167,L50.9,ICD-10-CM,2026-03-31,121
20000170,K21.9,ICD-10-CM,2023-03-28,50
20000170,L50.9,ICD-10-CM,2024-05-18,467
20000170,R10.9,ICD-10-CM,2023-09-04,210
20000170,J45.909,ICD-10-CM,2024-08-24,565
20000170,G43.909,ICD-10-CM,2025-05-15,829
20000170,G43.909,ICD-10-CM,2024-04-29,448
20000170,I10,ICD-10-CM,2023-08-18,193
20000173,F41.9,ICD-10-CM,2025-10-27,22
20000173,R10.9,ICD-10-CM,2025-12-13,69
20000179,E78.5,ICD-10-CM,2023-05-02,372
20000179,R10.9,ICD-10-CM,2022-12-12,231
20000179,G43.909,ICD-10-CM,2023-06-11,412
20000179,M79.7,ICD-10-CM,2023-01-04,254
20000179,E78.5,ICD-10-CM,2023-10-11,534
20000179,G43.909,ICD-10-CM,2023-05-01,371
20000179,K21.9,ICD-10-CM,2023-02-10,291
20000179,I10,ICD-10-CM,2022-05-07,12
20000179,I10,ICD-10-CM,2023-03-16,325
20000179,G43.909,ICD-10-CM,2022-12-28,247
20000179,G43.909,ICD-10-CM,2023-04-27,367
20000179,G43.909,ICD-10-CM,2023-04-24,364
20000181,E78.5,ICD-10-CM,2024-11-07,19
20000181,F41.9,ICD-10-CM,2024-12-15,57
20000186,E78.5,ICD-10-CM,2024-09-08,384
20000186,M79.7,ICD-10-CM,2024-04-22,245
20000186,I10,ICD-10-CM,2024-12-06,473
20000186,I10,ICD-10-CM,2024-07-28,342
20000186,I10,ICD-10-CM,2025-06-23,672
20000186,E78.5,ICD-10-CM,2023-11-18,89
20000186,F41.9,ICD-10-CM,2024-08-18,363
20000186,J45.909,ICD-10-CM,2024-07-16,330
20000186,L50.9,ICD-10-CM,2024-08-13,358
20000196,E78.5,ICD-10-CM,2025-02-20,210
20000196,L50.9,ICD-10-CM,2025-03-25,243
20000196,G43.909,ICD-10-CM,2025-02-11,201
20000196,G43.909,ICD-10-CM,2024-08-25,31
20000196,R53.83,ICD-10-CM,2024-07-28,3
20000201,M79.7,ICD-10-CM,2023-12-27,163
20000201,I10,ICD-10-CM,2023-10-02,77
20000201,M79.7,ICD-10-CM,2023-12-31,167
20000201,G43.909,ICD-10-CM,2023-09-27,72
20000201,R10.9,ICD-10-CM,2024-03-21,248
20000202,R53.83,ICD-10-CM,2023-08-08,31
20000202,K21.9,ICD-10-CM,2023-12-18,163
20000202,I10,ICD-10-CM,2024-02-24,231
20000202,E78.5,ICD-10-CM,2023-10-03,87
20000204,L50.9,ICD-10-CM,2024-09-30,777
20000204,I10,ICD-10-CM,2025-05-29,1018
20000204,J45.909,ICD-10-CM,2024-08-31,747
20000204,I10,ICD-10-CM,2025-07-21,1071
20000204,I10,ICD-10-CM,2025-04-01,960
20000204,I10,ICD-10-CM,2026-02-12,1277
20000204,J45.909,ICD-10-CM,2024-10-02,779
20000204,F41.9,ICD-10-CM,2026-05-17,1371
20000204,E78.5,ICD-10-CM,2023-06-19,308
20000204,I10,ICD-10-CM,2025-04-25,984
20000204,E78.5,ICD-10-CM,2023-07-07,326
20000213,J45.909,ICD-10-CM,2022-12-02,120
20000213,I10,ICD-10-CM,2022-12-14,132
20000213,J45.909,ICD-10-CM,2022-10-16,73
20000214,R10.9,ICD-10-CM,2022-11-15,96
20000214,K21.9,ICD-10-CM,2022-12-02,113
20000214,K21.9,ICD-10-CM,2023-10-26,441
20000214,M79.7,ICD-10-CM,2022-12-17,128
20000214,G43.909,ICD-10-CM,2023-01-13,155
20000214,K21.9,ICD-10-CM,2022-12-19,130
20000214,J45.909,ICD-10-CM,2022-11-08,89
20000214,E78.5,ICD-10-CM,2023-05-18,280
20000224,G43.909,ICD-10-CM,2023-11-10,154
20000224,K21.9,ICD-10-CM,2023-08-17,69
20000224,L50.9,ICD-10-CM,2024-08-21,439
20000224,R53.83,ICD-10-CM,2024-06-15,372
20000224,M79.7,ICD-10-CM,2024-11-14,524
20000227,R10.9,ICD-10-CM,2023-04-27,117
20000227,F41.9,ICD-10-CM,2023-07-30,211
20000227,R10.9,ICD-10-CM,2023-01-17,17
20000227,R10.9,ICD-10-CM,2023-08-27,239
20000231,R10.9,ICD-10-CM,2025-03-29,260
20000231,R53.83,ICD-10-CM,2024-11-30,141
20000231,F41.9,ICD-10-CM,2024-09-05,55
20000231,J45.909,ICD-10-CM,2024-12-17,158
20000231,F41.9,ICD-10-CM,2025-01-30,202
20000231,K21.9,ICD-10-CM,2024-07-21,9
20000231,L50.9,ICD-10-CM,2025-07-12,365
20000231,J45.909,ICD-10-CM,2024-09-17,67
20000249,R53.83,ICD-10-CM,2025-12-11,66
20000249,I10,ICD-10-CM,2025-11-21,46
20000249,I10,ICD-10-CM,2025-12-10,65
20000249,J45.909,ICD-10-CM,2025-11-08,33
20000249,E78.5,ICD-10-CM,2025-11-27,52
20000252,G43.909,ICD-10-CM,2025-05-22,598
20000252,E78.5,ICD-10-CM,2024-05-11,222
20000252,L50.9,ICD-10-CM,2025-07-11,648
20000252,R53.83,ICD-10-CM,2025-05-04,580
20000252,F41.9,ICD-10-CM,2025-07-04,641
20000252,G43.909,ICD-10-CM,2026-05-29,970
20000252,E78.5,ICD-10-CM,2025-03-14,529
20000256,R53.83,ICD-10-CM,2025-10-01,150
20000256,K21.9,ICD-10-CM,2025-12-14,224
20000256,I10,ICD-10-CM,2026-04-06,337
20000256,R10.9,ICD-10-CM,2025-12-22,232
20000256,L50.9,ICD-10-CM,2026-02-24,296
20000256,E78.5,ICD-10-CM,2025-06-07,34
20000261,R53.83,ICD-10-CM,2024-03-29,703
20000261,E78.5,ICD-10-CM,2024-02-03,648
20000261,R10.9,ICD-10-CM,2023-06-08,408
20000261,G43.909,ICD-10-CM,2024-02-27,672
20000261,R10.9,ICD-10-CM,2022-10-30,187
20000261,F41.9,ICD-10-CM,2023-12-08,591
20000261,I10,ICD-10-CM,2024-04-29,734
20000261,L50.9,ICD-10-CM,2023-08-23,484
20000263,R53.83,ICD-10-CM,2023-12-20,556
20000263,I10,ICD-10-CM,2023-05-02,324
20000263,F41.9,ICD-10-CM,2023-06-26,379
20000263,E78.5,ICD-10-CM,2023-02-07,240
20000263,M79.7,ICD-10-CM,2023-09-05,450
20000263,R10.9,ICD-10-CM,2023-03-11,272
20000263,R53.83,ICD-10-CM,2023-04-10,302
20000265,I10,ICD-10-CM,2023-06-25,391
20000265,J45.909,ICD-10-CM,2023-02-08,254
20000265,R10.9,ICD-10-CM,2023-02-05,251
20000265,J45.909,ICD-10-CM,2023-04-06,311
20000265,F41.9,ICD-10-CM,2023-04-23,328
20000278,R53.83,ICD-10-CM,2026-04-06,67
20000278,R53.83,ICD-10-CM,2026-02-28,30
20000278,E78.5,ICD-10-CM,2026-04-07,68
20000278,R53.83,ICD-10-CM,2026-03-18,48
20000278,G43.909,ICD-10-CM,2026-02-09,11
20000284,E78.5,ICD-10-CM,2026-05-31,6
20000284,R53.83,ICD-10-CM,2026-05-31,6
20000294,K21.9,ICD-10-CM,2026-04-14,97
20000294,J45.909,ICD-10-CM,2026-05-21,134
20000296,I10,ICD-10-CM,2026-01-09,615
20000296,K21.9,ICD-10-CM,2025-03-08,308
20000296,I10,ICD-10-CM,2025-05-05,366
20000296,R53.83,ICD-10-CM,2025-03-22,322
20000296,J45.909,ICD-10-CM,2024-05-21,17
20000296,K21.9,ICD-10-CM,2024-10-04,153
20000296,I10,ICD-10-CM,2024-11-18,198
20000296,E78.5,ICD-10-CM,2026-03-03,668
20000301,I10,ICD-10-CM,2024-05-14,3
20000301,R10.9,ICD-10-CM,2024-05-30,19
20000307,I10,ICD-10-CM,2025-01-04,386
20000307,R53.83,ICD-10-CM,2024-03-02,78
20000307,E78.5,ICD-10-CM,2024-08-19,248
20000307,J45.909,ICD-10-CM,2024-01-07,23
20000307,J45.909,ICD-10-CM,2024-12-11,362
20000307,I10,ICD-10-CM,2024-11-28,349
20000307,G43.909,ICD-10-CM,2024-12-03,354
20000310,K21.9,ICD-10-CM,2022-03-21,1
20000322,R53.83,ICD-10-CM,2026-04-18,124
20000322,K21.9,ICD-10-CM,2026-01-08,24
20000331,L50.9,ICD-10-CM,2024-08-10,145
20000331,K21.9,ICD-10-CM,2024-10-14,210
20000331,J45.909,ICD-10-CM,2024-05-16,59
20000331,K21.9,ICD-10-CM,2024-04-08,21
20000332,R10.9,ICD-10-CM,2022-09-21,8
20000332,I10,ICD-10-CM,2023-09-19,371
20000332,J45.909,ICD-10-CM,2023-11-26,439
20000332,K21.9,ICD-10-CM,2022-11-06,54
20000332,L50.9,ICD-10-CM,2022-11-30,78
20000332,R10.9,ICD-10-CM,2023-08-13,334
20000347,G43.909,ICD-10-CM,2024-06-03,479
20000347,I10,ICD-10-CM,2023-09-24,226
20000347,L50.9,ICD-10-CM,2025-01-28,718
20000347,F41.9,ICD-10-CM,2023-05-20,99
20000347,F41.9,ICD-10-CM,2023-02-26,16
20000347,K21.9,ICD-10-CM,2024-07-18,524
20000347,R53.83,ICD-10-CM,2024-04-11,426
20000347,I10,ICD-10-CM,2025-03-08,757
20000347,I10,ICD-10-CM,2023-04-14,63
20000347,M79.7,ICD-10-CM,2023-02-28,18
20000347,J45.909,ICD-10-CM,2023-04-11,60
20000349,F41.9,ICD-10-CM,2026-01-09,244
20000349,M79.7,ICD-10-CM,2025-12-14,218
20000349,I10,ICD-10-CM,2026-02-15,281
20000360,K21.9,ICD-10-CM,2026-02-22,657
20000360,I10,ICD-10-CM,2024-07-29,84
20000360,F41.9,ICD-10-CM,2024-06-08,33
20000360,L50.9,ICD-10-CM,2024-12-22,230
20000360,J45.909,ICD-10-CM,2025-06-16,406
20000360,E78.5,ICD-10-CM,2024-12-16,224
20000360,R10.9,ICD-10-CM,2024-08-09,95
20000372,G43.909,ICD-10-CM,2026-04-26,59
20000372,K21.9,ICD-10-CM,2026-05-30,93
20000373,J45.909,ICD-10-CM,2026-05-27,69
20000373,L50.9,ICD-10-CM,2026-05-10,52
20000375,L50.9,ICD-10-CM,2026-05-24,8
20000375,L50.9,ICD-10-CM,2026-05-20,4
20000391,G43.909,ICD-10-CM,2022-12-29,345
20000391,E78.5,ICD-10-CM,2023-10-23,643
20000391,M79.7,ICD-10-CM,2024-02-10,753
20000391,K21.9,ICD-10-CM,2022-12-28,344
20000391,J45.909,ICD-10-CM,2022-04-27,99
20000391,J45.909,ICD-10-CM,2022-05-28,130
20000391,I10,ICD-10-CM,2022-05-30,132
20000391,G43.909,ICD-10-CM,2024-12-15,1062
20000391,J45.909,ICD-10-CM,2022-05-05,107
20000391,E78.5,ICD-10-CM,2023-12-12,693
20000391,L50.9,ICD-10-CM,2024-02-15,758
20000391,G43.909,ICD-10-CM,2023-11-09,660
20000391,J45.909,ICD-10-CM,2024-08-02,927
20000391,R53.83,ICD-10-CM,2022-07-20,183
20000395,K21.9,ICD-10-CM,2025-04-29,264
20000395,E78.5,ICD-10-CM,2024-10-13,66
20000395,L50.9,ICD-10-CM,2024-11-18,102
20000395,K21.9,ICD-10-CM,2025-01-23,168
20000406,R53.83,ICD-10-CM,2025-06-04,112
20000406,R53.83,ICD-10-CM,2025-11-24,285
20000406,E78.5,ICD-10-CM,2026-01-27,349
20000406,E78.5,ICD-10-CM,2026-02-15,368
20000409,R10.9,ICD-10-CM,2023-09-03,70
20000409,R53.83,ICD-10-CM,2023-10-23,120
20000409,G43.909,ICD-10-CM,2023-08-12,48
20000409,G43.909,ICD-10-CM,2023-10-29,126
20000409,R10.9,ICD-10-CM,2023-11-29,157
20000409,R10.9,ICD-10-CM,2023-10-02,99
20000419,R10.9,ICD-10-CM,2023-01-10,412
20000419,J45.909,ICD-10-CM,2022-01-06,43
20000419,G43.909,ICD-10-CM,2022-11-28,369
20000419,E78.5,ICD-10-CM,2023-02-05,438
20000419,F41.9,ICD-10-CM,2022-11-06,347
20000419,J45.909,ICD-10-CM,2022-01-05,42
20000419,F41.9,ICD-10-CM,2023-05-20,542
20000428,K21.9,ICD-10-CM,2026-01-23,218
20000428,E78.5,ICD-10-CM,2026-05-19,334
20000428,G43.909,ICD-10-CM,2025-10-03,106
20000428,L50.9,ICD-10-CM,2025-11-20,154
20000428,E78.5,ICD-10-CM,2026-05-18,333
20000433,R53.83,ICD-10-CM,2024-02-11,439
20000433,L50.9,ICD-10-CM,2024-08-01,611
20000433,J45.909,ICD-10-CM,2024-01-19,416
20000433,E78.5,ICD-10-CM,2023-08-19,263
20000433,E78.5,ICD-10-CM,2024-09-19,660
20000433,I10,ICD-10-CM,2025-12-29,1126
20000433,R53.83,ICD-10-CM,2024-09-30,671
20000433,J45.909,ICD-10-CM,2024-07-29,608
20000433,G43.909,ICD-10-CM,2023-07-05,218
20000433,R53.83,ICD-10-CM,2024-12-14,746
20000433,I10,ICD-10-CM,2023-04-23,145
20000433,E78.5,ICD-10-CM,2025-08-01,976
20000433,R53.83,ICD-10-CM,2024-03-24,481
20000433,I10,ICD-10-CM,2023-05-04,156
20000433,R53.83,ICD-10-CM,2023-02-22,85
20000433,R10.9,ICD-10-CM,2026-01-19,1147
20000433,I10,ICD-10-CM,2024-05-25,543
20000433,M79.7,ICD-10-CM,2023-07-04,217
20000435,E78.5,ICD-10-CM,2023-10-28,362
20000435,G43.909,ICD-10-CM,2024-02-05,462
20000435,M79.7,ICD-10-CM,2024-06-04,582
20000435,E78.5,ICD-10-CM,2023-11-08,373
20000435,I10,ICD-10-CM,2023-10-09,343
20000435,K21.9,ICD-10-CM,2023-02-18,110
20000435,K21.9,ICD-10-CM,2023-01-16,77
20000435,L50.9,ICD-10-CM,2023-10-18,352
20000449,J45.909,ICD-10-CM,2022-04-08,183
20000449,L50.9,ICD-10-CM,2022-01-25,110
20000449,I10,ICD-10-CM,2022-03-02,146
20000466,R10.9,ICD-10-CM,2025-03-27,628
20000466,I10,ICD-10-CM,2023-10-15,99
20000466,J45.909,ICD-10-CM,2024-01-20,196
20000466,F41.9,ICD-10-CM,2024-06-11,339
20000466,K21.9,ICD-10-CM,2024-03-19,255
20000467,I10,ICD-10-CM,2026-05-19,13
20000467,M79.7,ICD-10-CM,2026-05-12,6
20000481,I10,ICD-10-CM,2024-03-10,155
20000481,G43.909,ICD-10-CM,2023-10-25,18
20000481,K21.9,ICD-10-CM,2024-02-26,142
20000481,K21.9,ICD-10-CM,2024-01-27,112
20000481,G43.909,ICD-10-CM,2024-01-29,114
20000481,F41.9,ICD-10-CM,2024-03-20,165
20000481,F41.9,ICD-10-CM,2023-10-08,1
20000509,F41.9,ICD-10-CM,2023-01-11,380
20000509,J45.909,ICD-10-CM,2023-03-10,438
20000509,K21.9,ICD-10-CM,2022-10-22,299
20000509,K21.9,ICD-10-CM,2022-10-31,308
20000516,I10,ICD-10-CM,2026-01-18,10
20000516,F41.9,ICD-10-CM,2026-02-26,49
20000516,E78.5,ICD-10-CM,2026-05-24,136
20000516,I10,ICD-10-CM,2026-04-24,106
20000516,L50.9,ICD-10-CM,2026-02-05,28
20000534,R53.83,ICD-10-CM,2024-03-02,232
20000534,I10,ICD-10-CM,2024-02-07,208
20000534,J45.909,ICD-10-CM,2024-03-30,260
20000534,I10,ICD-10-CM,2024-04-01,262
20000534,R53.83,ICD-10-CM,2024-08-27,410
20000534,F41.9,ICD-10-CM,2024-12-18,523
20000534,L50.9,ICD-10-CM,2023-10-23,101
20000534,G43.909,ICD-10-CM,2023-08-16,33
20000540,E78.5,ICD-10-CM,2024-03-07,17
20000540,M79.7,ICD-10-CM,2024-03-27,37
20000540,E78.5,ICD-10-CM,2025-09-30,589
20000540,I10,ICD-10-CM,2024-03-08,18
20000540,E78.5,ICD-10-CM,2026-03-12,752
20000540,L50.9,ICD-10-CM,2025-02-27,374
20000540,I10,ICD-10-CM,2025-05-31,467
20000543,I10,ICD-10-CM,2026-01-25,133
20000543,E78.5,ICD-10-CM,2026-03-30,197
20000543,R53.83,ICD-10-CM,2026-02-14,153
20000543,R53.83,ICD-10-CM,2026-03-17,184
20000548,R10.9,ICD-10-CM,2023-06-26,153
20000548,F41.9,ICD-10-CM,2023-03-14,49
20000548,R53.83,ICD-10-CM,2023-07-05,162
20000548,F41.9,ICD-10-CM,2023-03-06,41
20000548,F41.9,ICD-10-CM,2023-06-14,141
20000548,E78.5,ICD-10-CM,2023-10-01,250
20000552,K21.9,ICD-10-CM,2026-01-17,93
20000552,I10,ICD-10-CM,2025-11-25,40
20000556,R10.9,ICD-10-CM,2025-10-31,34
20000556,I10,ICD-10-CM,2026-04-03,188
20000556,I10,ICD-10-CM,2026-05-14,229
20000556,G43.909,ICD-10-CM,2026-02-17,143
20000558,I10,ICD-10-CM,2023-01-29,83
20000577,L50.9,ICD-10-CM,2023-01-07,3
20000577,R10.9,ICD-10-CM,2025-01-19,746
20000577,E78.5,ICD-10-CM,2023-04-04,90
20000577,K21.9,ICD-10-CM,2023-05-22,138
20000577,R10.9,ICD-10-CM,2024-09-11,616
20000577,R10.9,ICD-10-CM,2024-02-19,411
20000577,L50.9,ICD-10-CM,2024-10-16,651
20000580,R53.83,ICD-10-CM,2026-01-22,109
20000580,L50.9,ICD-10-CM,2026-03-22,168
20000580,R53.83,ICD-10-CM,2025-12-21,77
20000590,L50.9,ICD-10-CM,2023-11-05,161
20000590,G43.909,ICD-10-CM,2023-09-15,110
20000590,F41.9,ICD-10-CM,2023-06-30,33
20000590,R10.9,ICD-10-CM,2023-08-02,66
20000608,J45.909,ICD-10-CM,2026-02-27,206
20000608,F41.9,ICD-10-CM,2026-04-22,260
20000608,K21.9,ICD-10-CM,2025-12-16,133
20000619,G43.909,ICD-10-CM,2022-11-07,244
20000629,R53.83,ICD-10-CM,2023-12-21,375
20000629,K21.9,ICD-10-CM,2023-08-21,253
20000629,G43.909,ICD-10-CM,2023-10-10,303
20000629,J45.909,ICD-10-CM,2024-04-28,504
20000629,F41.9,ICD-10-CM,2024-01-13,398
20000629,K21.9,ICD-10-CM,2024-04-19,495
20000629,L50.9,ICD-10-CM,2022-12-15,4
20000629,E78.5,ICD-10-CM,2024-04-09,485
20000629,I10,ICD-10-CM,2023-01-28,48
20000630,K21.9,ICD-10-CM,2026-02-03,170
20000630,M79.7,ICD-10-CM,2026-01-20,156
20000630,R53.83,ICD-10-CM,2026-03-11,206
20000641,F41.9,ICD-10-CM,2024-08-09,125
20000641,G43.909,ICD-10-CM,2024-09-18,165
20000641,M79.7,ICD-10-CM,2024-06-30,85
20000643,F41.9,ICD-10-CM,2023-09-29,196
20000643,K21.9,ICD-10-CM,2024-03-07,356
20000643,I10,ICD-10-CM,2024-02-20,340
20000643,E78.5,ICD-10-CM,2025-08-12,879
20000643,K21.9,ICD-10-CM,2023-09-10,177
20000643,E78.5,ICD-10-CM,2023-09-23,190
20000643,I10,ICD-10-CM,2023-05-25,69
20000643,G43.909,ICD-10-CM,2024-12-13,637
20000643,R53.83,ICD-10-CM,2024-04-13,393
20000643,I10,ICD-10-CM,2023-06-28,103
20000645,K21.9,ICD-10-CM,2025-09-18,221
20000645,E78.5,ICD-10-CM,2026-04-15,430
20000645,L50.9,ICD-10-CM,2025-07-30,171
20000645,E78.5,ICD-10-CM,2026-04-22,437
20000645,R10.9,ICD-10-CM,2025-05-22,102
20000645,F41.9,ICD-10-CM,2025-05-13,93
20000645,R10.9,ICD-10-CM,2025-09-20,223
20000646,M79.7,ICD-10-CM,2024-06-19,15
20000650,G43.909,ICD-10-CM,2025-05-17,127
20000650,E78.5,ICD-10-CM,2025-12-12,336
20000650,I10,ICD-10-CM,2025-03-01,50
20000650,G43.909,ICD-10-CM,2025-06-22,163
20000650,F41.9,ICD-10-CM,2025-02-04,25
20000650,R10.9,ICD-10-CM,2025-07-14,185
20000650,E78.5,ICD-10-CM,2025-09-27,260
20000650,G43.909,ICD-10-CM,2025-02-23,44
20000650,I10,ICD-10-CM,2025-04-13,93
20000650,L50.9,ICD-10-CM,2025-06-09,150
20000651,I10,ICD-10-CM,2025-11-14,12
20000651,E78.5,ICD-10-CM,2026-01-15,74
20000651,L50.9,ICD-10-CM,2025-11-04,2
20000651,J45.909,ICD-10-CM,2025-11-27,25
20000654,K21.9,ICD-10-CM,2026-05-05,173
20000662,K21.9,ICD-10-CM,2025-03-22,235
20000662,K21.9,ICD-10-CM,2025-07-20,355
20000662,R53.83,ICD-10-CM,2024-10-22,84
20000662,I10,ICD-10-CM,2025-07-27,362
20000662,J45.909,ICD-10-CM,2025-11-13,471
20000662,I10,ICD-10-CM,2025-04-17,261
20000662,R53.83,ICD-10-CM,2025-02-04,189
20000662,E78.5,ICD-10-CM,2025-08-10,376
20000662,G43.909,ICD-10-CM,2025-08-12,378
20000662,L50.9,ICD-10-CM,2025-07-14,349
20000670,K21.9,ICD-10-CM,2024-01-10,292
20000670,R53.83,ICD-10-CM,2023-03-31,7
20000670,G43.909,ICD-10-CM,2023-08-29,158
20000670,K21.9,ICD-10-CM,2023-10-29,219
20000670,J45.909,ICD-10-CM,2023-09-27,187
20000670,E78.5,ICD-10-CM,2023-08-23,152
20000670,R10.9,ICD-10-CM,2023-06-24,92
20000670,G43.909,ICD-10-CM,2024-04-13,386
20000670,J45.909,ICD-10-CM,2023-08-06,135
20000678,K21.9,ICD-10-CM,2026-03-19,29
20000678,F41.9,ICD-10-CM,2026-05-06,77
20000678,E78.5,ICD-10-CM,2026-02-23,5
20000678,E78.5,ICD-10-CM,2026-02-25,7
20000683,R10.9,ICD-10-CM,2025-07-10,133
20000683,J45.909,ICD-10-CM,2025-06-03,96
20000683,K21.9,ICD-10-CM,2025-06-26,119
20000683,R53.83,ICD-10-CM,2025-10-11,226
20000683,K21.9,ICD-10-CM,2025-05-16,78
20000702,R10.9,ICD-10-CM,2025-09-20,1136
20000702,E78.5,ICD-10-CM,2024-10-29,810
20000702,M79.7,ICD-10-CM,2025-08-20,1105
20000702,I10,ICD-10-CM,2022-12-15,126
20000702,K21.9,ICD-10-CM,2025-03-24,956
20000702,E78.5,ICD-10-CM,2025-08-30,1115
20000702,R10.9,ICD-10-CM,2025-04-06,969
20000702,K21.9,ICD-10-CM,2025-03-09,941
20000704,F41.9,ICD-10-CM,2025-12-22,352
20000704,K21.9,ICD-10-CM,2025-09-01,240
20000704,I10,ICD-10-CM,2025-08-09,217
20000707,G43.909,ICD-10-CM,2026-04-16,155
20000710,L50.9,ICD-10-CM,2025-12-28,440
20000710,F41.9,ICD-10-CM,2024-11-05,22
20000710,R53.83,ICD-10-CM,2025-10-30,381
20000710,K21.9,ICD-10-CM,2025-03-13,150
20000710,L50.9,ICD-10-CM,2026-03-17,519
20000710,I10,ICD-10-CM,2026-03-11,513
20000710,K21.9,ICD-10-CM,2025-04-23,191
20000716,I10,ICD-10-CM,2022-10-24,265
20000716,M79.7,ICD-10-CM,2023-02-08,372
20000716,G43.909,ICD-10-CM,2022-04-21,79
20000727,K21.9,ICD-10-CM,2026-05-19,78
20000731,R53.83,ICD-10-CM,2025-04-20,73
20000732,R53.83,ICD-10-CM,2023-07-11,46
20000732,M79.7,ICD-10-CM,2023-07-23,58
20000744,K21.9,ICD-10-CM,2023-10-12,201
20000744,I10,ICD-10-CM,2023-11-05,225
20000744,K21.9,ICD-10-CM,2023-06-25,92
20000744,G43.909,ICD-10-CM,2023-12-21,271
20000752,L50.9,ICD-10-CM,2024-02-22,177
20000752,L50.9,ICD-10-CM,2024-01-30,154
20000752,R53.83,ICD-10-CM,2024-10-16,414
20000752,K21.9,ICD-10-CM,2023-09-05,7
20000752,R53.83,ICD-10-CM,2024-02-27,182
20000752,F41.9,ICD-10-CM,2024-06-19,295
20000752,L50.9,ICD-10-CM,2024-11-24,453
20000752,G43.909,ICD-10-CM,2024-08-04,341
20000752,R53.83,ICD-10-CM,2024-04-16,231
20000758,R10.9,ICD-10-CM,2026-03-09,3
20000772,K21.9,ICD-10-CM,2026-05-23,9
20000772,M79.7,ICD-10-CM,2026-05-26,12
20000772,J45.909,ICD-10-CM,2026-05-29,15
20000800,R53.83,ICD-10-CM,2025-12-21,318
20000800,F41.9,ICD-10-CM,2025-08-20,195
20000800,I10,ICD-10-CM,2026-01-24,352
20000800,F41.9,ICD-10-CM,2025-08-30,205
20000800,G43.909,ICD-10-CM,2026-02-09,368
20000800,L50.9,ICD-10-CM,2025-11-09,276
20000800,E78.5,ICD-10-CM,2025-10-02,238
20000809,I10,ICD-10-CM,2026-05-27,12
20000809,R10.9,ICD-10-CM,2026-05-25,10
20000810,J45.909,ICD-10-CM,2026-03-26,51
20000810,R10.9,ICD-10-CM,2026-05-29,115
20000810,E78.5,ICD-10-CM,2026-03-11,36
20000817,M79.7,ICD-10-CM,2025-04-11,685
20000817,R53.83,ICD-10-CM,2024-01-31,249
20000817,J45.909,ICD-10-CM,2024-08-04,435
20000817,L50.9,ICD-10-CM,2023-12-12,199
20000817,I10,ICD-10-CM,2024-09-04,466
20000817,G43.909,ICD-10-CM,2024-11-03,526
20000817,I10,ICD-10-CM,2024-12-13,566
20000817,E78.5,ICD-10-CM,2025-10-24,881
20000817,K21.9,ICD-10-CM,2023-12-16,203
20000817,R53.83,ICD-10-CM,2025-02-08,623
20000817,K21.9,ICD-10-CM,2025-09-10,837
20000817,F41.9,ICD-10-CM,2025-04-07,681
20000817,M79.7,ICD-10-CM,2025-06-20,755
20000817,M79.7,ICD-10-CM,2024-05-17,356
20000817,K21.9,ICD-10-CM,2025-02-12,627
20000817,R53.83,ICD-10-CM,2024-03-31,309
20000817,R53.83,ICD-10-CM,2024-08-10,441
20000817,R10.9,ICD-10-CM,2025-01-01,585
20000817,R10.9,ICD-10-CM,2025-07-27,792
20000817,E78.5,ICD-10-CM,2026-03-20,1028
20000819,G43.909,ICD-10-CM,2022-01-04,34
20000819,J45.909,ICD-10-CM,2022-09-30,303
20000819,I10,ICD-10-CM,2022-07-08,219
20000819,J45.909,ICD-10-CM,2022-05-27,177
20000819,R53.83,ICD-10-CM,2022-10-26,329
20000821,L50.9,ICD-10-CM,2022-03-23,23
20000821,I10,ICD-10-CM,2022-05-30,91
20000821,K21.9,ICD-10-CM,2022-05-14,75
20000822,I10,ICD-10-CM,2025-02-11,341
20000822,L50.9,ICD-10-CM,2024-10-20,227
20000822,K21.9,ICD-10-CM,2024-04-06,30
20000822,L50.9,ICD-10-CM,2024-12-24,292
20000828,J45.909,ICD-10-CM,2026-02-02,671
20000828,E78.5,ICD-10-CM,2026-04-18,746
20000828,F41.9,ICD-10-CM,2024-09-06,157
20000828,E78.5,ICD-10-CM,2026-01-29,667
20000828,R10.9,ICD-10-CM,2024-10-05,186
20000828,F41.9,ICD-10-CM,2024-04-15,13
20000832,J45.909,ICD-10-CM,2024-11-07,48
20000832,E78.5,ICD-10-CM,2024-12-06,77
20000832,M79.7,ICD-10-CM,2025-03-21,182
20000832,I10,ICD-10-CM,2024-12-23,94
20000832,I10,ICD-10-CM,2025-04-17,209
20000838,E78.5,ICD-10-CM,2022-10-15,72
20000838,K21.9,ICD-10-CM,2023-10-28,450
20000838,L50.9,ICD-10-CM,2022-12-09,127
20000838,J45.909,ICD-10-CM,2023-05-24,293
20000838,E78.5,ICD-10-CM,2023-07-21,351
20000840,K21.9,ICD-10-CM,2023-09-08,193
20000840,E78.5,ICD-10-CM,2023-05-03,65
20000840,F41.9,ICD-10-CM,2023-05-09,71
20000842,F41.9,ICD-10-CM,2022-12-31,55
20000842,M79.7,ICD-10-CM,2022-12-29,53
20000842,E78.5,ICD-10-CM,2022-12-21,45
20000842,R10.9,ICD-10-CM,2023-03-18,132
20000842,R53.83,ICD-10-CM,2023-07-03,239
20000842,I10,ICD-10-CM,2023-03-13,127
20000844,J45.909,ICD-10-CM,2026-05-29,345
20000844,K21.9,ICD-10-CM,2025-11-02,137
20000844,R53.83,ICD-10-CM,2025-11-07,142
20000844,K21.9,ICD-10-CM,2025-09-23,97
20000844,R10.9,ICD-10-CM,2025-08-22,65
20000854,R10.9,ICD-10-CM,2023-04-26,279
20000854,F41.9,ICD-10-CM,2022-12-01,133
20000854,K21.9,ICD-10-CM,2023-06-15,329
20000854,F41.9,ICD-10-CM,2023-01-01,164
20000854,R53.83,ICD-10-CM,2022-11-14,116
20000854,R53.83,ICD-10-CM,2022-09-01,42
20000855,G43.909,ICD-10-CM,2024-07-14,412
20000855,L50.9,ICD-10-CM,2025-01-09,591
20000855,R53.83,ICD-10-CM,2024-09-07,467
20000855,I10,ICD-10-CM,2024-04-30,337
20000855,G43.909,ICD-10-CM,2024-11-05,526
20000855,K21.9,ICD-10-CM,2024-06-30,398
20000855,E78.5,ICD-10-CM,2025-06-03,736
20000855,K21.9,ICD-10-CM,2024-08-01,430
20000855,F41.9,ICD-10-CM,2024-06-11,379
20000855,K21.9,ICD-10-CM,2023-08-28,91
20000862,L50.9,ICD-10-CM,2026-04-09,127
20000862,K21.9,ICD-10-CM,2025-12-28,25
20000862,R10.9,ICD-10-CM,2026-04-15,133
20000862,J45.909,ICD-10-CM,2026-04-18,136
20000862,M79.7,ICD-10-CM,2026-01-03,31
20000862,E78.5,ICD-10-CM,2026-05-15,163
20000892,J45.909,ICD-10-CM,2025-04-02,43
20000892,R10.9,ICD-10-CM,2025-08-14,177
20000892,R53.83,ICD-10-CM,2025-08-11,174
20000892,R10.9,ICD-10-CM,2025-08-19,182
20000892,R10.9,ICD-10-CM,2025-06-09,111
20000892,J45.909,ICD-10-CM,2025-10-27,251
20000893,I10,ICD-10-CM,2026-01-19,305
20000893,K21.9,ICD-10-CM,2026-01-18,304
20000893,G43.909,ICD-10-CM,2025-06-15,87
20000893,K21.9,ICD-10-CM,2025-10-11,205
20000893,R53.83,ICD-10-CM,2025-09-10,174
20000893,L50.9,ICD-10-CM,2026-02-12,329
20000893,I10,ICD-10-CM,2025-12-31,286
20000893,R53.83,ICD-10-CM,2026-03-31,376
20000893,J45.909,ICD-10-CM,2026-02-18,335
20000893,I10,ICD-10-CM,2025-10-19,213
20000893,J45.909,ICD-10-CM,2026-03-15,360
20000893,G43.909,ICD-10-CM,2026-02-26,343
20000903,M79.7,ICD-10-CM,2023-08-08,191
20000903,F41.9,ICD-10-CM,2024-05-27,484
20000903,R53.83,ICD-10-CM,2023-09-30,244
20000903,I10,ICD-10-CM,2023-10-20,264
20000903,R53.83,ICD-10-CM,2025-08-29,943
20000903,K21.9,ICD-10-CM,2023-07-04,156
20000903,I10,ICD-10-CM,2026-04-07,1164
20000903,R53.83,ICD-10-CM,2024-04-03,430
20000903,J45.909,ICD-10-CM,2025-10-24,999
20000903,L50.9,ICD-10-CM,2025-03-20,781
20000906,F41.9,ICD-10-CM,2026-04-29,13
20000907,K21.9,ICD-10-CM,2024-10-11,351
20000907,R10.9,ICD-10-CM,2024-08-24,303
20000907,R10.9,ICD-10-CM,2024-07-04,252
20000907,E78.5,ICD-10-CM,2024-08-15,294
20000907,I10,ICD-10-CM,2025-10-14,719
20000907,K21.9,ICD-10-CM,2024-04-03,160
20000909,R10.9,ICD-10-CM,2023-08-01,218
20000909,M79.7,ICD-10-CM,2023-05-29,154
20000918,I10,ICD-10-CM,2026-04-22,34
20000918,E78.5,ICD-10-CM,2026-05-10,52
20000930,R10.9,ICD-10-CM,2024-07-12,43
20000930,G43.909,ICD-10-CM,2024-06-07,8
20000930,F41.9,ICD-10-CM,2025-02-19,265
20000930,F41.9,ICD-10-CM,2024-08-12,74
20000932,G43.909,ICD-10-CM,2026-04-04,143
20000932,G43.909,ICD-10-CM,2026-01-01,50
20000932,E78.5,ICD-10-CM,2026-03-24,132
20000935,R53.83,ICD-10-CM,2023-07-09,26
20000961,L50.9,ICD-10-CM,2026-03-02,388
20000961,J45.909,ICD-10-CM,2026-02-02,360
20000961,I10,ICD-10-CM,2025-03-06,27
20000961,G43.909,ICD-10-CM,2026-05-02,449
20000961,R53.83,ICD-10-CM,2025-08-19,193
20000965,F41.9,ICD-10-CM,2025-10-11,111
20000965,E78.5,ICD-10-CM,2025-07-29,37
20000975,R10.9,ICD-10-CM,2026-02-09,58
20000975,K21.9,ICD-10-CM,2026-02-10,59
20000975,K21.9,ICD-10-CM,2025-12-17,4
20000975,R10.9,ICD-10-CM,2026-02-22,71
20000975,G43.909,ICD-10-CM,2026-01-21,39
20000983,G43.909,ICD-10-CM,2025-12-31,53
20000983,L50.9,ICD-10-CM,2025-11-14,6
20000986,R10.9,ICD-10-CM,2026-04-22,100
20000986,K21.9,ICD-10-CM,2026-04-05,83
20000987,G43.909,ICD-10-CM,2024-12-30,3
20000987,J45.909,ICD-10-CM,2025-11-21,329
20000987,G43.909,ICD-10-CM,2026-01-10,379
20000987,R53.83,ICD-10-CM,2025-01-02,6
20001014,R10.9,ICD-10-CM,2022-03-24,29
20001014,F41.9,ICD-10-CM,2022-11-27,277
20001014,R53.83,ICD-10-CM,2023-01-18,329
20001014,K21.9,ICD-10-CM,2022-04-05,41
20001014,R53.83,ICD-10-CM,2023-03-26,396
20001015,F41.9,ICD-10-CM,2026-02-03,389
20001015,K21.9,ICD-10-CM,2025-07-28,199
20001015,I10,ICD-10-CM,2025-04-20,100
20001015,R10.9,ICD-10-CM,2025-01-20,10
20001015,F41.9,ICD-10-CM,2026-04-30,475
20001015,G43.909,ICD-10-CM,2025-04-28,108
20001015,I10,ICD-10-CM,2025-09-07,240
20001015,L50.9,ICD-10-CM,2026-05-16,491
20001020,G43.909,ICD-10-CM,2024-03-31,69
20001020,K21.9,ICD-10-CM,2024-10-13,265
20001020,R53.83,ICD-10-CM,2024-04-11,80
20001020,L50.9,ICD-10-CM,2024-03-21,59
20001020,E78.5,ICD-10-CM,2024-10-11,263
20001020,R53.83,ICD-10-CM,2024-03-25,63
20001024,F41.9,ICD-10-CM,2024-09-20,120
20001024,I10,ICD-10-CM,2025-08-25,459
20001024,J45.909,ICD-10-CM,2025-07-26,429
20001024,G43.909,ICD-10-CM,2025-02-15,268
20001024,R10.9,ICD-10-CM,2024-10-04,134
20001024,E78.5,ICD-10-CM,2024-05-30,7
20001024,J45.909,ICD-10-CM,2024-08-25,94
20001024,E78.5,ICD-10-CM,2024-06-09,17
20001034,L50.9,ICD-10-CM,2024-12-10,189
20001034,G43.909,ICD-10-CM,2025-03-11,280
20001034,R10.9,ICD-10-CM,2025-07-24,415
20001034,I10,ICD-10-CM,2025-06-21,382
20001034,E78.5,ICD-10-CM,2026-05-18,713
20001035,J45.909,ICD-10-CM,2026-02-12,242
20001037,I10,ICD-10-CM,2024-12-28,117
20001037,R10.9,ICD-10-CM,2024-10-09,37
20001037,E78.5,ICD-10-CM,2025-01-11,131
20001037,G43.909,ICD-10-CM,2025-01-30,150
20001037,F41.9,ICD-10-CM,2024-09-03,1
20001037,G43.909,ICD-10-CM,2024-12-31,120
20001037,E78.5,ICD-10-CM,2024-12-25,114
20001050,J45.909,ICD-10-CM,2023-10-14,244
20001050,I10,ICD-10-CM,2023-03-06,22
20001050,F41.9,ICD-10-CM,2024-04-01,414
20001050,R53.83,ICD-10-CM,2023-07-06,144
20001050,I10,ICD-10-CM,2024-07-29,533
20001050,G43.909,ICD-10-CM,2023-10-14,244
20001050,G43.909,ICD-10-CM,2024-02-27,380
20001050,G43.909,ICD-10-CM,2024-12-31,688
20001050,J45.909,ICD-10-CM,2024-03-09,391
20001050,R53.83,ICD-10-CM,2023-11-09,270
20001059,J45.909,ICD-10-CM,2025-11-05,21
20001084,I10,ICD-10-CM,2026-05-18,174
20001084,G43.909,ICD-10-CM,2026-02-02,69
20001089,I10,ICD-10-CM,2026-01-07,1016
20001089,R10.9,ICD-10-CM,2025-09-02,889
20001089,R10.9,ICD-10-CM,2025-03-30,733
20001089,L50.9,ICD-10-CM,2025-12-31,1009
20001089,R53.83,ICD-10-CM,2024-09-01,523
20001108,R53.83,ICD-10-CM,2025-09-28,150
20001108,F41.9,ICD-10-CM,2025-08-02,93
20001108,F41.9,ICD-10-CM,2025-07-10,70
20001117,E78.5,ICD-10-CM,2025-03-16,536
20001117,J45.909,ICD-10-CM,2025-01-12,473
20001117,K21.9,ICD-10-CM,2025-04-05,556
20001117,R10.9,ICD-10-CM,2024-04-02,188
20001117,E78.5,ICD-10-CM,2026-01-28,854
20001120,K21.9,ICD-10-CM,2025-07-14,173
20001120,E78.5,ICD-10-CM,2025-04-02,70
20001120,F41.9,ICD-10-CM,2026-03-10,412
20001124,E78.5,ICD-10-CM,2026-01-02,115
20001124,I10,ICD-10-CM,2026-02-06,150
20001124,M79.7,ICD-10-CM,2026-05-12,245
20001126,J45.909,ICD-10-CM,2026-05-31,5
20001126,G43.909,ICD-10-CM,2026-05-27,1
20001130,L50.9,ICD-10-CM,2026-01-15,38
20001130,R53.83,ICD-10-CM,2026-05-22,165
20001130,R10.9,ICD-10-CM,2026-04-21,134
20001130,F41.9,ICD-10-CM,2026-02-12,66
20001130,K21.9,ICD-10-CM,2026-03-18,100
20001130,R10.9,ICD-10-CM,2026-05-29,172
20001130,E78.5,ICD-10-CM,2026-05-24,167
20001130,I10,ICD-10-CM,2026-02-25,79
20001144,R53.83,ICD-10-CM,2025-10-03,408
20001144,I10,ICD-10-CM,2025-12-10,476
20001144,R53.83,ICD-10-CM,2024-11-07,78
20001144,K21.9,ICD-10-CM,2025-07-07,320
20001151,E78.5,ICD-10-CM,2026-03-02,114
20001151,I10,ICD-10-CM,2026-01-14,67
20001151,L50.9,ICD-10-CM,2026-05-13,186
20001151,K21.9,ICD-10-CM,2026-05-26,199
20001157,R10.9,ICD-10-CM,2022-09-06,54
20001157,K21.9,ICD-10-CM,2023-01-07,177
20001157,I10,ICD-10-CM,2022-09-26,74
20001160,R53.83,ICD-10-CM,2026-05-13,415
20001160,F41.9,ICD-10-CM,2025-10-09,199
20001160,R53.83,ICD-10-CM,2025-08-12,141
20001160,K21.9,ICD-10-CM,2025-06-08,76
20001160,F41.9,ICD-10-CM,2025-07-12,110
20001160,I10,ICD-10-CM,2026-03-15,356
20001160,R10.9,ICD-10-CM,2025-05-13,50
20001160,I10,ICD-10-CM,2025-12-04,255
20001160,M79.7,ICD-10-CM,2026-01-07,289
20001160,M79.7,ICD-10-CM,2025-10-19,209
20001164,F41.9,ICD-10-CM,2026-05-23,8
20001164,G43.909,ICD-10-CM,2026-05-25,10
20001177,R53.83,ICD-10-CM,2024-07-07,854
20001177,L50.9,ICD-10-CM,2023-03-30,389
20001177,F41.9,ICD-10-CM,2024-05-16,802
20001177,G43.909,ICD-10-CM,2022-03-22,16
20001177,R53.83,ICD-10-CM,2022-06-01,87
20001177,J45.909,ICD-10-CM,2022-09-12,190
20001177,F41.9,ICD-10-CM,2022-07-04,120
20001177,R10.9,ICD-10-CM,2023-06-18,469
20001177,F41.9,ICD-10-CM,2023-02-10,341
20001177,G43.909,ICD-10-CM,2023-04-25,415
20001178,L50.9,ICD-10-CM,2025-07-12,136
20001178,I10,ICD-10-CM,2025-10-13,229
20001178,E78.5,ICD-10-CM,2026-01-23,331
20001178,R10.9,ICD-10-CM,2025-04-22,55
20001178,R53.83,ICD-10-CM,2026-03-13,380
20001180,R53.83,ICD-10-CM,2025-09-14,78
20001180,L50.9,ICD-10-CM,2026-04-16,292
20001180,G43.909,ICD-10-CM,2025-12-25,180
20001180,F41.9,ICD-10-CM,2025-07-28,30
20001180,R10.9,ICD-10-CM,2025-12-02,157
20001197,R53.83,ICD-10-CM,2025-10-05,134
20001197,F41.9,ICD-10-CM,2025-09-25,124
20001202,I10,ICD-10-CM,2022-05-12,116
20001202,E78.5,ICD-10-CM,2022-08-07,203
20001203,M79.7,ICD-10-CM,2023-03-11,433
20001203,E78.5,ICD-10-CM,2022-05-09,127
20001203,R53.83,ICD-10-CM,2023-07-20,564
20001203,I10,ICD-10-CM,2022-05-27,145
20001208,M79.7,ICD-10-CM,2026-04-09,128
20001208,I10,ICD-10-CM,2026-04-28,147
20001212,I10,ICD-10-CM,2024-01-01,363
20001212,E78.5,ICD-10-CM,2023-09-26,266
20001212,R53.83,ICD-10-CM,2023-06-24,172
20001212,I10,ICD-10-CM,2024-06-01,515
20001221,J45.909,ICD-10-CM,2024-03-31,70
20001221,I10,ICD-10-CM,2024-04-17,87
20001222,R10.9,ICD-10-CM,2024-05-17,58
20001222,K21.9,ICD-10-CM,2026-02-09,691
20001222,I10,ICD-10-CM,2024-08-31,164
20001222,K21.9,ICD-10-CM,2024-11-10,235
20001222,I10,ICD-10-CM,2025-07-18,485
20001222,K21.9,ICD-10-CM,2026-03-11,721
20001222,J45.909,ICD-10-CM,2025-02-21,338
20001222,E78.5,ICD-10-CM,2025-02-05,322
20001222,I10,ICD-10-CM,2025-02-05,322
20001246,K21.9,ICD-10-CM,2025-10-20,550
20001246,I10,ICD-10-CM,2024-05-27,39
20001246,J45.909,ICD-10-CM,2024-06-30,73
20001246,E78.5,ICD-10-CM,2025-10-18,548
20001246,R53.83,ICD-10-CM,2025-05-19,396
20001246,L50.9,ICD-10-CM,2024-08-18,122
20001246,R10.9,ICD-10-CM,2025-09-27,527
20001246,J45.909,ICD-10-CM,2025-03-22,338
20001246,I10,ICD-10-CM,2024-09-19,154
20001246,K21.9,ICD-10-CM,2024-09-11,146
20001261,R53.83,ICD-10-CM,2024-02-12,292
20001261,R53.83,ICD-10-CM,2024-11-18,572
20001261,K21.9,ICD-10-CM,2025-04-05,710
20001261,R53.83,ICD-10-CM,2023-08-21,117
20001261,E78.5,ICD-10-CM,2024-01-16,265
20001261,L50.9,ICD-10-CM,2024-03-05,314
20001261,E78.5,ICD-10-CM,2024-06-03,404
20001277,E78.5,ICD-10-CM,2026-03-22,135
20001277,K21.9,ICD-10-CM,2026-05-11,185
20001296,M79.7,ICD-10-CM,2024-11-16,245
20001296,R10.9,ICD-10-CM,2025-03-26,375
20001296,J45.909,ICD-10-CM,2026-01-08,663
20001296,R10.9,ICD-10-CM,2025-05-28,438
20001296,R10.9,ICD-10-CM,2024-10-05,203
20001296,F41.9,ICD-10-CM,2025-07-04,475
20001296,K21.9,ICD-10-CM,2025-02-22,343
20001296,F41.9,ICD-10-CM,2024-10-05,203
20001300,R53.83,ICD-10-CM,2026-01-28,73
20001300,G43.909,ICD-10-CM,2025-12-08,22
20001300,J45.909,ICD-10-CM,2026-02-15,91
20001305,J45.909,ICD-10-CM,2024-12-07,166
20001305,L50.9,ICD-10-CM,2024-11-12,141
20001305,R53.83,ICD-10-CM,2025-09-21,454
20001305,R53.83,ICD-10-CM,2026-01-05,560
20001305,K21.9,ICD-10-CM,2025-06-07,348
20001305,G43.909,ICD-10-CM,2024-12-12,171
20001307,R53.83,ICD-10-CM,2026-01-23,20
20001307,M79.7,ICD-10-CM,2026-04-02,89
20001308,R10.9,ICD-10-CM,2025-09-02,371
20001308,M79.7,ICD-10-CM,2025-03-19,204
20001308,I10,ICD-10-CM,2025-07-29,336
20001308,I10,ICD-10-CM,2026-03-16,566
20001308,R53.83,ICD-10-CM,2025-01-18,144
20001308,E78.5,ICD-10-CM,2025-08-10,348
20001308,G43.909,ICD-10-CM,2026-01-21,512
20001313,K21.9,ICD-10-CM,2022-09-16,200
20001313,R10.9,ICD-10-CM,2022-12-18,293
20001313,I10,ICD-10-CM,2023-07-20,507
20001313,I10,ICD-10-CM,2022-07-06,128
20001313,J45.909,ICD-10-CM,2023-07-24,511
20001313,R10.9,ICD-10-CM,2023-06-22,479
20001313,G43.909,ICD-10-CM,2022-03-12,12
20001313,G43.909,ICD-10-CM,2023-12-21,661
20001313,K21.9,ICD-10-CM,2022-06-22,114
20001313,G43.909,ICD-10-CM,2023-07-03,490
20001313,K21.9,ICD-10-CM,2023-11-02,612
20001313,J45.909,ICD-10-CM,2023-11-18,628
20001314,R53.83,ICD-10-CM,2024-03-28,376
20001314,E78.5,ICD-10-CM,2023-04-21,34
20001314,L50.9,ICD-10-CM,2023-05-17,60
20001314,G43.909,ICD-10-CM,2024-01-21,309
20001314,F41.9,ICD-10-CM,2024-09-23,555
20001314,K21.9,ICD-10-CM,2023-12-30,287
20001325,G43.909,ICD-10-CM,2026-02-06,25
20001325,E78.5,ICD-10-CM,2026-04-21,99
20001327,K21.9,ICD-10-CM,2026-05-18,172
20001327,F41.9,ICD-10-CM,2026-02-09,74
20001327,M79.7,ICD-10-CM,2026-05-24,178
20001327,J45.909,ICD-10-CM,2026-03-30,123
20001327,I10,ICD-10-CM,2026-01-21,55
20001327,G43.909,ICD-10-CM,2026-04-09,133
20001328,E78.5,ICD-10-CM,2023-08-21,270
20001328,K21.9,ICD-10-CM,2025-06-16,935
20001328,M79.7,ICD-10-CM,2024-01-24,426
20001328,R53.83,ICD-10-CM,2025-10-05,1046
20001328,G43.909,ICD-10-CM,2024-10-12,688
20001328,R53.83,ICD-10-CM,2025-07-18,967
20001328,I10,ICD-10-CM,2023-07-15,233
20001328,K21.9,ICD-10-CM,2023-02-02,70
20001328,R10.9,ICD-10-CM,2023-01-08,45
20001328,K21.9,ICD-10-CM,2026-04-14,1237
20001328,K21.9,ICD-10-CM,2024-07-25,609
20001328,M79.7,ICD-10-CM,2023-12-26,397
20001328,G43.909,ICD-10-CM,2025-11-06,1078
20001328,E78.5,ICD-10-CM,2026-01-30,1163
20001330,M79.7,ICD-10-CM,2022-10-24,74
20001330,R10.9,ICD-10-CM,2023-06-26,319
20001330,J45.909,ICD-10-CM,2022-11-12,93
20001336,E78.5,ICD-10-CM,2024-10-04,260
20001336,K21.9,ICD-10-CM,2024-07-09,173
20001336,I10,ICD-10-CM,2024-04-26,99
20001346,F41.9,ICD-10-CM,2025-03-28,156
20001346,G43.909,ICD-10-CM,2025-05-03,192
20001346,J45.909,ICD-10-CM,2025-03-07,135
20001346,J45.909,ICD-10-CM,2025-05-16,205
20001346,I10,ICD-10-CM,2025-09-04,316
20001352,K21.9,ICD-10-CM,2026-03-16,31
20001352,R53.83,ICD-10-CM,2026-04-08,54
20001352,M79.7,ICD-10-CM,2026-04-09,55
20001352,J45.909,ICD-10-CM,2026-05-14,90
20001352,E78.5,ICD-10-CM,2026-02-17,4
20001358,E78.5,ICD-10-CM,2023-10-25,339
20001358,R53.83,ICD-10-CM,2023-10-18,332
20001358,K21.9,ICD-10-CM,2023-04-01,132
20001358,K21.9,ICD-10-CM,2023-01-12,53
20001375,K21.9,ICD-10-CM,2023-08-18,221
20001375,R53.83,ICD-10-CM,2023-06-09,151
20001375,R53.83,ICD-10-CM,2023-07-14,186
20001375,E78.5,ICD-10-CM,2023-11-29,324
20001375,R10.9,ICD-10-CM,2023-12-22,347
20001375,E78.5,ICD-10-CM,2023-06-26,168
20001375,G43.909,ICD-10-CM,2023-09-29,263
20001375,F41.9,ICD-10-CM,2023-10-12,276
20001379,I10,ICD-10-CM,2026-02-11,41
20001379,E78.5,ICD-10-CM,2026-05-04,123
20001379,F41.9,ICD-10-CM,2026-01-23,22
20001379,F41.9,ICD-10-CM,2026-03-02,60
20001381,F41.9,ICD-10-CM,2025-02-03,139
20001381,J45.909,ICD-10-CM,2025-06-08,264
20001381,I10,ICD-10-CM,2025-11-30,439
20001381,R53.83,ICD-10-CM,2025-01-05,110
20001383,G43.909,ICD-10-CM,2025-03-26,26
20001383,R53.83,ICD-10-CM,2025-08-05,158
20001383,R10.9,ICD-10-CM,2025-07-12,134
20001383,L50.9,ICD-10-CM,2025-04-06,37
20001383,I10,ICD-10-CM,2026-04-11,407
20001383,R53.83,ICD-10-CM,2025-03-28,28
20001394,G43.909,ICD-10-CM,2026-02-13,3
20001394,I10,ICD-10-CM,2026-02-22,12
20001394,G43.909,ICD-10-CM,2026-02-23,13
20001394,E78.5,ICD-10-CM,2026-02-28,18
20001410,J45.909,ICD-10-CM,2023-09-24,33
20001410,L50.9,ICD-10-CM,2023-12-07,107
20001410,K21.9,ICD-10-CM,2023-11-02,72
20001410,R53.83,ICD-10-CM,2023-09-15,24
20001410,J45.909,ICD-10-CM,2024-04-07,229
20001410,J45.909,ICD-10-CM,2023-12-04,104
20001424,G43.909,ICD-10-CM,2024-02-09,267
20001424,L50.9,ICD-10-CM,2024-07-27,436
20001424,L50.9,ICD-10-CM,2023-10-04,139
20001424,E78.5,ICD-10-CM,2023-12-25,221
20001424,L50.9,ICD-10-CM,2024-08-06,446
20001424,G43.909,ICD-10-CM,2023-09-24,129
20001425,E78.5,ICD-10-CM,2023-03-30,274
20001425,E78.5,ICD-10-CM,2022-12-06,160
20001425,I10,ICD-10-CM,2025-02-17,964
20001425,F41.9,ICD-10-CM,2023-01-08,193
20001425,R10.9,ICD-10-CM,2023-08-25,422
20001425,E78.5,ICD-10-CM,2024-06-27,729
20001425,R53.83,ICD-10-CM,2022-09-19,82
20001425,J45.909,ICD-10-CM,2024-08-22,785
20001425,I10,ICD-10-CM,2022-09-26,89
20001425,F41.9,ICD-10-CM,2022-12-27,181
20001425,F41.9,ICD-10-CM,2025-07-27,1124
20001425,K21.9,ICD-10-CM,2023-06-26,362
20001425,G43.909,ICD-10-CM,2024-04-27,668
20001431,G43.909,ICD-10-CM,2025-06-23,169
20001431,G43.909,ICD-10-CM,2025-08-01,208
20001431,G43.909,ICD-10-CM,2025-09-02,240
20001431,M79.7,ICD-10-CM,2025-06-30,176
20001440,I10,ICD-10-CM,2025-05-15,4
20001440,E78.5,ICD-10-CM,2025-08-22,103
20001440,K21.9,ICD-10-CM,2025-07-08,58
20001479,E78.5,ICD-10-CM,2024-04-12,229
20001479,J45.909,ICD-10-CM,2025-08-03,707
20001479,M79.7,ICD-10-CM,2024-03-12,198
20001479,K21.9,ICD-10-CM,2025-12-21,847
20001479,K21.9,ICD-10-CM,2024-04-19,236
20001479,J45.909,ICD-10-CM,2024-03-07,193
20001479,K21.9,ICD-10-CM,2025-01-17,509
20001484,G43.909,ICD-10-CM,2025-07-20,553
20001484,G43.909,ICD-10-CM,2026-01-13,730
20001484,J45.909,ICD-10-CM,2026-03-11,787
20001484,I10,ICD-10-CM,2026-05-22,859
20001484,M79.7,ICD-10-CM,2024-07-03,171
20001484,K21.9,ICD-10-CM,2026-03-01,777
20001484,E78.5,ICD-10-CM,2025-08-28,592
20001484,R10.9,ICD-10-CM,2024-02-29,46
20001484,M79.7,ICD-10-CM,2025-01-11,363
20001486,F41.9,ICD-10-CM,2022-11-20,135
20001486,L50.9,ICD-10-CM,2022-11-10,125
20001486,K21.9,ICD-10-CM,2022-09-26,80
20001486,I10,ICD-10-CM,2022-12-08,153
20001489,I10,ICD-10-CM,2023-06-21,9
20001489,J45.909,ICD-10-CM,2024-11-19,526
20001489,R53.83,ICD-10-CM,2024-08-14,429
20001489,F41.9,ICD-10-CM,2024-03-05,267
20001489,I10,ICD-10-CM,2024-03-18,280
20001489,K21.9,ICD-10-CM,2023-09-17,97
20001489,R53.83,ICD-10-CM,2024-11-01,508
20001489,M79.7,ICD-10-CM,2024-09-09,455
20001494,E78.5,ICD-10-CM,2024-02-24,165
20001494,I10,ICD-10-CM,2024-06-12,274
20001494,I10,ICD-10-CM,2025-01-11,487
20001494,I10,ICD-10-CM,2024-02-26,167
20001499,L50.9,ICD-10-CM,2026-05-07,8
20001499,F41.9,ICD-10-CM,2026-05-21,22
20001500,E78.5,ICD-10-CM,2026-05-17,33
20001500,I10,ICD-10-CM,2026-04-30,16
20001500,F41.9,ICD-10-CM,2026-05-09,25
20001500,I10,ICD-10-CM,2026-04-17,3
20001505,I10,ICD-10-CM,2022-12-23,12
20001505,G43.909,ICD-10-CM,2023-02-26,77
20001505,R53.83,ICD-10-CM,2023-04-18,128
20001512,R10.9,ICD-10-CM,2026-01-14,370
20001512,F41.9,ICD-10-CM,2025-06-13,155
20001512,E78.5,ICD-10-CM,2025-02-16,38
20001512,R53.83,ICD-10-CM,2025-04-11,92
20001512,E78.5,ICD-10-CM,2025-04-18,99
20001512,I10,ICD-10-CM,2025-04-05,86
20001512,L50.9,ICD-10-CM,2025-02-21,43
20001512,M79.7,ICD-10-CM,2025-07-03,175
20001512,E78.5,ICD-10-CM,2025-12-01,326
20001512,F41.9,ICD-10-CM,2025-11-05,300
20001524,R10.9,ICD-10-CM,2026-05-21,476
20001524,I10,ICD-10-CM,2026-03-27,421
20001524,M79.7,ICD-10-CM,2025-06-04,125
20001524,R53.83,ICD-10-CM,2025-06-02,123
20001524,K21.9,ICD-10-CM,2026-05-17,472
20001524,J45.909,ICD-10-CM,2026-03-13,407
20001524,E78.5,ICD-10-CM,2025-08-25,207
20001544,R10.9,ICD-10-CM,2025-12-27,144
20001544,R53.83,ICD-10-CM,2025-09-19,45
20001544,R53.83,ICD-10-CM,2025-08-15,10
20001544,J45.909,ICD-10-CM,2025-11-22,109
20001544,R53.83,ICD-10-CM,2026-02-06,185
20001545,R53.83,ICD-10-CM,2026-04-04,69
20001545,E78.5,ICD-10-CM,2026-03-02,36
20001545,I10,ICD-10-CM,2026-03-12,46
20001545,K21.9,ICD-10-CM,2026-04-22,87
20001545,F41.9,ICD-10-CM,2026-05-20,115
20001546,K21.9,ICD-10-CM,2025-09-12,188
20001548,J45.909,ICD-10-CM,2026-05-27,7
20001548,I10,ICD-10-CM,2026-05-31,11
20001556,I10,ICD-10-CM,2025-11-17,101
20001556,R53.83,ICD-10-CM,2025-10-16,69
20001565,R53.83,ICD-10-CM,2025-02-21,179
20001565,K21.9,ICD-10-CM,2025-04-10,227
20001565,K21.9,ICD-10-CM,2025-12-07,468
20001565,L50.9,ICD-10-CM,2025-08-05,344
20001565,E78.5,ICD-10-CM,2025-06-04,282
20001565,F41.9,ICD-10-CM,2024-09-15,20
20001565,E78.5,ICD-10-CM,2026-01-20,512
20001571,R53.83,ICD-10-CM,2026-02-22,19
20001571,R53.83,ICD-10-CM,2026-05-15,101
20001571,K21.9,ICD-10-CM,2026-05-17,103
20001571,G43.909,ICD-10-CM,2026-05-12,98
20001571,E78.5,ICD-10-CM,2026-02-15,12
20001571,K21.9,ICD-10-CM,2026-04-18,74
20001571,I10,ICD-10-CM,2026-03-17,42
20001577,J45.909,ICD-10-CM,2023-01-29,90
20001584,E78.5,ICD-10-CM,2024-11-14,710
20001584,I10,ICD-10-CM,2023-11-16,346
20001584,J45.909,ICD-10-CM,2024-09-22,657
20001584,K21.9,ICD-10-CM,2023-01-17,43
20001584,R53.83,ICD-10-CM,2024-10-28,693
20001584,J45.909,ICD-10-CM,2023-02-24,81
20001584,E78.5,ICD-10-CM,2025-03-02,818
20001584,J45.909,ICD-10-CM,2023-08-02,240
20001584,E78.5,ICD-10-CM,2023-10-23,322
20001584,F41.9,ICD-10-CM,2024-08-16,620
20001584,M79.7,ICD-10-CM,2025-02-22,810
20001592,G43.909,ICD-10-CM,2022-06-28,78
20001592,R53.83,ICD-10-CM,2023-03-13,336
20001600,G43.909,ICD-10-CM,2023-02-13,75
20001600,R53.83,ICD-10-CM,2023-03-26,116
20001602,G43.909,ICD-10-CM,2025-08-28,230
20001602,R53.83,ICD-10-CM,2025-01-16,6
20001602,R53.83,ICD-10-CM,2025-07-02,173
20001602,R53.83,ICD-10-CM,2025-06-14,155
20001602,K21.9,ICD-10-CM,2025-06-15,156
20001602,R10.9,ICD-10-CM,2025-04-21,101
20001618,R10.9,ICD-10-CM,2023-12-14,52
20001619,R10.9,ICD-10-CM,2024-06-24,206
20001619,R53.83,ICD-10-CM,2024-06-04,186
20001619,R10.9,ICD-10-CM,2024-02-16,77
20001626,R53.83,ICD-10-CM,2024-04-17,126
20001626,E78.5,ICD-10-CM,2024-06-26,196
20001626,I10,ICD-10-CM,2024-09-14,276
20001626,G43.909,ICD-10-CM,2024-03-16,94
20001626,E78.5,ICD-10-CM,2024-04-07,116
20001640,K21.9,ICD-10-CM,2023-01-12,151
20001640,R10.9,ICD-10-CM,2022-11-27,105
20001640,J45.909,ICD-10-CM,2022-11-21,99
20001640,G43.909,ICD-10-CM,2022-10-05,52
20001640,R53.83,ICD-10-CM,2023-02-16,186
20001640,K21.9,ICD-10-CM,2022-08-25,11
20001643,R53.83,ICD-10-CM,2025-04-12,309
20001643,R53.83,ICD-10-CM,2024-12-17,193
20001643,G43.909,ICD-10-CM,2025-08-20,439
20001643,K21.9,ICD-10-CM,2025-03-08,274
20001643,F41.9,ICD-10-CM,2024-12-11,187
20001643,J45.909,ICD-10-CM,2025-08-22,441
20001643,R53.83,ICD-10-CM,2026-01-25,597
20001643,R53.83,ICD-10-CM,2026-03-11,642
20001643,L50.9,ICD-10-CM,2024-10-03,118
20001643,R53.83,ICD-10-CM,2024-07-26,49
20001643,E78.5,ICD-10-CM,2025-12-02,543
20001643,F41.9,ICD-10-CM,2024-10-24,139
20001643,K21.9,ICD-10-CM,2026-01-07,579
20001643,G43.909,ICD-10-CM,2024-06-11,4
20001643,J45.909,ICD-10-CM,2026-01-22,594
20001648,J45.909,ICD-10-CM,2022-03-14,6
20001648,E78.5,ICD-10-CM,2022-09-26,202
20001648,K21.9,ICD-10-CM,2022-12-25,292
20001650,G43.909,ICD-10-CM,2022-11-17,14
20001659,L50.9,ICD-10-CM,2026-05-07,12
20001659,K21.9,ICD-10-CM,2026-05-25,30
20001661,K21.9,ICD-10-CM,2025-06-16,723
20001661,E78.5,ICD-10-CM,2023-12-12,171
20001661,G43.909,ICD-10-CM,2024-09-05,439
20001661,F41.9,ICD-10-CM,2024-09-23,457
20001661,R53.83,ICD-10-CM,2025-02-16,603
20001661,J45.909,ICD-10-CM,2024-10-12,476
20001661,I10,ICD-10-CM,2024-02-06,227
20001661,I10,ICD-10-CM,2025-02-16,603
20001661,F41.9,ICD-10-CM,2025-05-27,703
20001661,J45.909,ICD-10-CM,2023-07-07,13
20001661,R53.83,ICD-10-CM,2023-11-26,155
20001667,R10.9,ICD-10-CM,2022-11-28,358
20001667,I10,ICD-10-CM,2022-07-22,229
20001667,K21.9,ICD-10-CM,2022-05-16,162
20001667,J45.909,ICD-10-CM,2022-10-07,306
20001667,R53.83,ICD-10-CM,2023-06-02,544
20001667,I10,ICD-10-CM,2023-03-04,454
20001667,M79.7,ICD-10-CM,2022-06-21,198
20001667,J45.909,ICD-10-CM,2023-03-26,476
20001671,R53.83,ICD-10-CM,2026-04-12,285
20001671,R53.83,ICD-10-CM,2026-02-17,231
20001671,L50.9,ICD-10-CM,2025-12-29,181
20001671,K21.9,ICD-10-CM,2025-10-30,121
20001671,E78.5,ICD-10-CM,2026-02-17,231
20001671,L50.9,ICD-10-CM,2025-11-04,126
20001674,K21.9,ICD-10-CM,2024-10-21,138
20001674,J45.909,ICD-10-CM,2024-11-22,170
20001675,I10,ICD-10-CM,2026-01-11,16
20001675,K21.9,ICD-10-CM,2026-03-11,75
20001675,J45.909,ICD-10-CM,2026-04-18,113
20001686,R10.9,ICD-10-CM,2024-06-19,317
20001686,G43.909,ICD-10-CM,2023-10-01,55
20001686,I10,ICD-10-CM,2024-11-03,454
20001686,J45.909,ICD-10-CM,2024-08-27,386
20001686,G43.909,ICD-10-CM,2024-04-01,238
20001686,L50.9,ICD-10-CM,2024-10-13,433
20001686,F41.9,ICD-10-CM,2024-08-08,367
20001686,K21.9,ICD-10-CM,2024-03-05,211
20001686,J45.909,ICD-10-CM,2024-03-26,232
20001689,J45.909,ICD-10-CM,2025-07-13,1275
20001689,R10.9,ICD-10-CM,2022-09-08,236
20001689,K21.9,ICD-10-CM,2024-03-08,783
20001689,I10,ICD-10-CM,2024-05-01,837
20001689,I10,ICD-10-CM,2023-03-26,435
20001689,L50.9,ICD-10-CM,2024-01-17,732
20001689,K21.9,ICD-10-CM,2023-01-15,365
20001689,M79.7,ICD-10-CM,2022-10-11,269
20001699,L50.9,ICD-10-CM,2023-04-15,58
20001721,G43.909,ICD-10-CM,2024-06-20,32
20001721,J45.909,ICD-10-CM,2024-07-21,63
20001721,G43.909,ICD-10-CM,2025-02-12,269
20001721,E78.5,ICD-10-CM,2025-06-14,391
20001721,K21.9,ICD-10-CM,2025-02-26,283
20001721,G43.909,ICD-10-CM,2024-05-27,8
20001721,R53.83,ICD-10-CM,2024-10-12,146
20001721,I10,ICD-10-CM,2025-04-18,334
20001730,K21.9,ICD-10-CM,2024-12-17,402
20001730,G43.909,ICD-10-CM,2024-03-12,122
20001734,L50.9,ICD-10-CM,2025-01-04,192
20001734,R10.9,ICD-10-CM,2025-01-19,207
20001734,F41.9,ICD-10-CM,2025-08-24,424
20001735,F41.9,ICD-10-CM,2024-04-28,130
20001737,R53.83,ICD-10-CM,2026-04-04,204
20001737,E78.5,ICD-10-CM,2026-01-09,119
20001745,G43.909,ICD-10-CM,2025-06-11,291
20001745,R53.83,ICD-10-CM,2024-11-20,88
20001745,G43.909,ICD-10-CM,2025-04-24,243
20001745,R10.9,ICD-10-CM,2024-09-29,36
20001745,G43.909,ICD-10-CM,2024-10-06,43
20001745,K21.9,ICD-10-CM,2025-05-23,272
20001748,R10.9,ICD-10-CM,2025-03-14,374
20001748,I10,ICD-10-CM,2025-01-14,315
20001748,G43.909,ICD-10-CM,2024-03-21,16
20001750,R53.83,ICD-10-CM,2026-05-26,196
20001750,F41.9,ICD-10-CM,2025-11-19,8
20001750,J45.909,ICD-10-CM,2026-02-21,102
20001750,M79.7,ICD-10-CM,2026-05-25,195
20001750,J45.909,ICD-10-CM,2026-01-28,78
20001751,L50.9,ICD-10-CM,2025-08-03,518
20001751,L50.9,ICD-10-CM,2024-09-08,189
20001751,L50.9,ICD-10-CM,2024-09-30,211
20001751,I10,ICD-10-CM,2025-07-11,495
20001751,E78.5,ICD-10-CM,2025-03-19,381
20001751,F41.9,ICD-10-CM,2024-03-22,19
20001751,G43.909,ICD-10-CM,2025-01-19,322
20001751,M79.7,ICD-10-CM,2025-09-20,566
20001751,L50.9,ICD-10-CM,2024-07-27,146
20001751,R10.9,ICD-10-CM,2025-07-01,485
20001751,J45.909,ICD-10-CM,2025-01-13,316
20001752,K21.9,ICD-10-CM,2023-06-27,175
20001752,R53.83,ICD-10-CM,2023-11-19,320
20001752,J45.909,ICD-10-CM,2023-06-11,159
20001752,I10,ICD-10-CM,2025-05-23,871
20001752,L50.9,ICD-10-CM,2024-06-15,529
20001752,I10,ICD-10-CM,2024-05-29,512
20001752,J45.909,ICD-10-CM,2025-01-05,733
20001752,I10,ICD-10-CM,2023-01-11,8
20001752,F41.9,ICD-10-CM,2024-03-06,428
20001752,I10,ICD-10-CM,2025-04-08,826
20001752,L50.9,ICD-10-CM,2024-01-24,386
20001752,F41.9,ICD-10-CM,2023-08-22,231
20001760,R10.9,ICD-10-CM,2026-05-23,61
20001760,M79.7,ICD-10-CM,2026-05-13,51
20001760,R10.9,ICD-10-CM,2026-04-11,19
20001779,E78.5,ICD-10-CM,2025-09-09,1052
20001779,R53.83,ICD-10-CM,2023-09-11,323
20001779,J45.909,ICD-10-CM,2025-02-03,834
20001779,K21.9,ICD-10-CM,2025-04-22,912
20001779,R10.9,ICD-10-CM,2025-10-09,1082
20001779,K21.9,ICD-10-CM,2024-12-18,787
20001779,I10,ICD-10-CM,2025-12-09,1143
20001779,I10,ICD-10-CM,2025-10-03,1076
20001779,L50.9,ICD-10-CM,2025-12-11,1145
20001779,G43.909,ICD-10-CM,2023-12-24,427
20001779,R53.83,ICD-10-CM,2023-12-31,434
20001779,L50.9,ICD-10-CM,2024-03-15,509
20001783,R10.9,ICD-10-CM,2023-08-08,264
20001783,L50.9,ICD-10-CM,2023-02-15,90
20001783,K21.9,ICD-10-CM,2023-03-04,107
20001783,I10,ICD-10-CM,2022-12-25,38
20001783,J45.909,ICD-10-CM,2023-07-01,226
20001783,K21.9,ICD-10-CM,2023-08-13,269
20001783,L50.9,ICD-10-CM,2023-01-15,59
20001783,G43.909,ICD-10-CM,2022-12-02,15
20001783,J45.909,ICD-10-CM,2023-09-06,293
20001796,I10,ICD-10-CM,2023-04-12,234
20001796,E78.5,ICD-10-CM,2023-07-08,321
20001796,I10,ICD-10-CM,2023-04-17,239
20001796,I10,ICD-10-CM,2022-09-14,24
20001810,I10,ICD-10-CM,2022-10-16,352
20001810,I10,ICD-10-CM,2022-09-09,315
20001810,F41.9,ICD-10-CM,2022-12-17,414
20001810,E78.5,ICD-10-CM,2024-12-27,1155
20001810,R10.9,ICD-10-CM,2023-04-22,540
20001810,R10.9,ICD-10-CM,2024-11-09,1107
20001810,R53.83,ICD-10-CM,2021-12-30,62
20001810,E78.5,ICD-10-CM,2022-06-16,230
20001810,G43.909,ICD-10-CM,2024-10-23,1090
20001810,R10.9,ICD-10-CM,2023-12-02,764
20001810,E78.5,ICD-10-CM,2024-04-26,910
20001810,I10,ICD-10-CM,2023-06-02,581
20001818,I10,ICD-10-CM,2026-04-27,33
20001818,E78.5,ICD-10-CM,2026-05-31,67
20001818,R10.9,ICD-10-CM,2026-03-31,6
20001822,E78.5,ICD-10-CM,2025-08-10,487
20001822,K21.9,ICD-10-CM,2024-08-08,120
20001822,F41.9,ICD-10-CM,2025-07-24,470
20001822,R53.83,ICD-10-CM,2026-02-08,669
20001822,L50.9,ICD-10-CM,2025-08-28,505
20001822,F41.9,ICD-10-CM,2025-11-16,585
20001822,J45.909,ICD-10-CM,2025-10-08,546
20001828,K21.9,ICD-10-CM,2024-09-02,133
20001828,L50.9,ICD-10-CM,2024-07-05,74
20001828,L50.9,ICD-10-CM,2026-05-15,753
20001828,E78.5,ICD-10-CM,2025-03-27,339
20001828,F41.9,ICD-10-CM,2025-12-02,589
20001828,L50.9,ICD-10-CM,2024-09-01,132
20001828,R53.83,ICD-10-CM,2026-01-15,633
20001828,R10.9,ICD-10-CM,2025-12-14,601
20001828,R53.83,ICD-10-CM,2025-08-01,466
20001831,F41.9,ICD-10-CM,2022-07-27,48
20001831,E78.5,ICD-10-CM,2023-04-26,321
20001831,L50.9,ICD-10-CM,2023-05-03,328
20001831,G43.909,ICD-10-CM,2023-03-27,291
20001831,K21.9,ICD-10-CM,2023-02-19,255
20001831,R10.9,ICD-10-CM,2022-10-29,142
20001831,K21.9,ICD-10-CM,2022-09-13,96
20001831,G43.909,ICD-10-CM,2023-04-08,303
20001831,K21.9,ICD-10-CM,2022-08-05,57
20001835,R53.83,ICD-10-CM,2026-02-17,306
20001835,G43.909,ICD-10-CM,2025-10-14,180
20001835,I10,ICD-10-CM,2025-10-20,186
20001835,R53.83,ICD-10-CM,2026-03-05,322
20001835,K21.9,ICD-10-CM,2025-09-03,139
20001835,R10.9,ICD-10-CM,2025-05-19,32
20001835,R53.83,ICD-10-CM,2025-09-20,156
20001835,E78.5,ICD-10-CM,2025-10-09,175
20001840,R53.83,ICD-10-CM,2026-03-04,168
20001840,I10,ICD-10-CM,2025-12-08,82
20001840,R53.83,ICD-10-CM,2025-11-16,60
20001844,L50.9,ICD-10-CM,2025-04-30,44
20001844,K21.9,ICD-10-CM,2026-03-18,366
20001844,R10.9,ICD-10-CM,2025-12-19,277
20001844,E78.5,ICD-10-CM,2025-08-09,145
20001844,E78.5,ICD-10-CM,2026-02-07,327
20001857,F41.9,ICD-10-CM,2026-01-24,334
20001857,J45.909,ICD-10-CM,2025-04-26,61
20001857,J45.909,ICD-10-CM,2026-01-13,323
20001857,I10,ICD-10-CM,2025-07-05,131
20001857,R10.9,ICD-10-CM,2025-09-14,202
20001857,I10,ICD-10-CM,2025-05-31,96
20001874,K21.9,ICD-10-CM,2026-04-29,419
20001874,E78.5,ICD-10-CM,2025-10-16,224
20001874,E78.5,ICD-10-CM,2025-09-07,185
20001874,R10.9,ICD-10-CM,2025-12-02,271
20001874,E78.5,ICD-10-CM,2025-07-24,140
20001874,E78.5,ICD-10-CM,2025-04-08,33
20001874,G43.909,ICD-10-CM,2026-03-07,366
20001874,G43.909,ICD-10-CM,2025-08-12,159
20001881,R10.9,ICD-10-CM,2026-03-05,454
20001881,K21.9,ICD-10-CM,2025-11-29,358
20001881,K21.9,ICD-10-CM,2026-02-24,445
20001881,F41.9,ICD-10-CM,2025-12-11,370
20001881,K21.9,ICD-10-CM,2025-08-16,253
20001881,I10,ICD-10-CM,2025-04-05,120
20001881,J45.909,ICD-10-CM,2026-03-15,464
20001881,R10.9,ICD-10-CM,2026-05-04,514
20001881,K21.9,ICD-10-CM,2025-08-26,263
20001881,G43.909,ICD-10-CM,2026-03-31,480
20001881,R10.9,ICD-10-CM,2025-07-20,226
20001881,R53.83,ICD-10-CM,2025-01-02,27
20001882,R10.9,ICD-10-CM,2025-03-17,347
20001882,F41.9,ICD-10-CM,2025-07-04,456
20001882,K21.9,ICD-10-CM,2025-03-10,340
20001882,J45.909,ICD-10-CM,2024-11-24,234
20001882,K21.9,ICD-10-CM,2025-08-28,511
20001882,R10.9,ICD-10-CM,2024-07-09,96
20001882,E78.5,ICD-10-CM,2025-01-18,289
20001885,K21.9,ICD-10-CM,2026-01-17,28
20001885,F41.9,ICD-10-CM,2026-05-23,154
20001895,K21.9,ICD-10-CM,2024-09-06,32
20001895,K21.9,ICD-10-CM,2025-03-09,216
20001895,J45.909,ICD-10-CM,2024-10-08,64
20001895,R53.83,ICD-10-CM,2025-08-21,381
20001895,R10.9,ICD-10-CM,2024-10-13,69
20001895,R10.9,ICD-10-CM,2026-03-10,582
20001895,R10.9,ICD-10-CM,2026-05-26,659
20001895,E78.5,ICD-10-CM,2025-11-15,467
20001895,I10,ICD-10-CM,2025-11-04,456
20001895,I10,ICD-10-CM,2025-09-03,394
20001912,F41.9,ICD-10-CM,2026-02-07,122
20001912,E78.5,ICD-10-CM,2026-05-10,214
20001912,R53.83,ICD-10-CM,2026-02-21,136
20001927,E78.5,ICD-10-CM,2026-03-28,120
20001927,R10.9,ICD-10-CM,2026-01-03,36
20001927,E78.5,ICD-10-CM,2026-04-02,125
20001927,L50.9,ICD-10-CM,2025-12-23,25
20001936,F41.9,ICD-10-CM,2023-10-26,369
20001936,F41.9,ICD-10-CM,2024-03-11,506
20001936,I10,ICD-10-CM,2024-06-02,589
20001936,J45.909,ICD-10-CM,2022-11-19,28
20001936,I10,ICD-10-CM,2024-01-06,441
20001936,R10.9,ICD-10-CM,2022-11-25,34
20001936,L50.9,ICD-10-CM,2023-09-04,317
20001936,K21.9,ICD-10-CM,2023-01-10,80
20001940,M79.7,ICD-10-CM,2025-08-10,119
20001940,M79.7,ICD-10-CM,2025-06-05,53
20001941,G43.909,ICD-10-CM,2024-02-18,99
20001944,G43.909,ICD-10-CM,2024-03-12,219
20001944,L50.9,ICD-10-CM,2024-04-30,268
20001944,R53.83,ICD-10-CM,2023-10-14,69
20001944,L50.9,ICD-10-CM,2024-08-27,387
20001944,G43.909,ICD-10-CM,2024-07-31,360
20001956,F41.9,ICD-10-CM,2026-05-21,2
20001956,K21.9,ICD-10-CM,2026-05-25,6
20001958,I10,ICD-10-CM,2025-09-30,481
20001958,F41.9,ICD-10-CM,2025-02-18,257
20001958,R53.83,ICD-10-CM,2026-01-18,591
20001958,K21.9,ICD-10-CM,2026-04-26,689
20001958,I10,ICD-10-CM,2025-10-01,482
20001968,R53.83,ICD-10-CM,2024-03-28,290
20001968,K21.9,ICD-10-CM,2025-11-17,889
20001968,L50.9,ICD-10-CM,2025-04-22,680
20001968,E78.5,ICD-10-CM,2023-07-04,22
20001968,G43.909,ICD-10-CM,2024-03-05,267
20001968,J45.909,ICD-10-CM,2024-02-12,245
20001968,I10,ICD-10-CM,2023-11-16,157
20001968,I10,ICD-10-CM,2024-03-10,272
20001968,L50.9,ICD-10-CM,2025-10-29,870
20001968,I10,ICD-10-CM,2024-11-19,526
20001968,E78.5,ICD-10-CM,2024-05-15,338
20001968,R10.9,ICD-10-CM,2024-11-13,520
20001968,K21.9,ICD-10-CM,2023-09-18,98
20001971,K21.9,ICD-10-CM,2025-05-20,385
20001971,M79.7,ICD-10-CM,2026-02-09,650
20001971,I10,ICD-10-CM,2025-02-12,288
20001971,F41.9,ICD-10-CM,2025-05-10,375
20001971,J45.909,ICD-10-CM,2026-04-24,724
20001974,F41.9,ICD-10-CM,2026-02-09,602
20001974,F41.9,ICD-10-CM,2025-07-21,399
20001974,K21.9,ICD-10-CM,2025-12-17,548
20001974,L50.9,ICD-10-CM,2025-08-08,417
20001974,J45.909,ICD-10-CM,2026-05-02,684
20001974,E78.5,ICD-10-CM,2025-08-06,415
20001974,F41.9,ICD-10-CM,2024-09-13,88
20001974,I10,ICD-10-CM,2024-09-02,77
20001974,E78.5,ICD-10-CM,2026-02-28,621
20001974,K21.9,ICD-10-CM,2025-04-01,288
20001974,I10,ICD-10-CM,2025-11-27,528
20001978,G43.909,ICD-10-CM,2025-07-06,436
20001978,R10.9,ICD-10-CM,2025-07-02,432
20001978,I10,ICD-10-CM,2025-03-16,324
20001978,G43.909,ICD-10-CM,2024-05-16,20
20001978,J45.909,ICD-10-CM,2026-01-02,616
20001978,G43.909,ICD-10-CM,2024-12-10,228
20001978,G43.909,ICD-10-CM,2024-05-29,33
20001978,F41.9,ICD-10-CM,2025-11-25,578
20001985,F41.9,ICD-10-CM,2026-01-08,16
20001985,E78.5,ICD-10-CM,2026-04-20,118
20001985,M79.7,ICD-10-CM,2026-03-04,71
20001985,R53.83,ICD-10-CM,2026-02-28,67
20001989,R53.83,ICD-10-CM,2024-08-10,408
20001989,E78.5,ICD-10-CM,2023-12-16,170
20001989,F41.9,ICD-10-CM,2024-09-25,454
20001989,K21.9,ICD-10-CM,2023-11-08,132
20001989,I10,ICD-10-CM,2024-12-31,551
20001990,M79.7,ICD-10-CM,2022-09-27,109
20001990,F41.9,ICD-10-CM,2023-03-24,287
20001990,I10,ICD-10-CM,2023-08-26,442
20001990,I10,ICD-10-CM,2022-10-05,117
20001990,E78.5,ICD-10-CM,2023-08-02,418
20001993,J45.909,ICD-10-CM,2024-02-14,422
20001993,J45.909,ICD-10-CM,2023-05-16,148
20001993,I10,ICD-10-CM,2023-11-04,320
20001993,R10.9,ICD-10-CM,2023-03-15,86
20001993,F41.9,ICD-10-CM,2024-04-21,489
20001993,G43.909,ICD-10-CM,2023-05-26,158
20001997,E78.5,ICD-10-CM,2022-05-05,69
20001997,G43.909,ICD-10-CM,2022-02-28,3
20002002,G43.909,ICD-10-CM,2023-11-17,267
20002002,L50.9,ICD-10-CM,2023-06-07,104
20002002,J45.909,ICD-10-CM,2023-03-25,30
20002002,E78.5,ICD-10-CM,2023-08-23,181
20002002,K21.9,ICD-10-CM,2023-12-14,294
20002002,L50.9,ICD-10-CM,2023-12-28,308
20002002,F41.9,ICD-10-CM,2023-06-24,121
20002002,I10,ICD-10-CM,2023-11-01,251
20002002,J45.909,ICD-10-CM,2024-01-27,338
20002002,G43.909,ICD-10-CM,2023-09-27,216
20002027,E78.5,ICD-10-CM,2023-10-08,58
20002027,J45.909,ICD-10-CM,2023-10-19,69
20002027,I10,ICD-10-CM,2024-06-05,299
20002027,K21.9,ICD-10-CM,2024-02-11,184
20002034,F41.9,ICD-10-CM,2026-02-28,676
20002034,R53.83,ICD-10-CM,2024-05-08,15
20002034,I10,ICD-10-CM,2025-02-22,305
20002034,E78.5,ICD-10-CM,2025-03-07,318
20002034,L50.9,ICD-10-CM,2024-07-24,92
20002036,E78.5,ICD-10-CM,2023-07-12,171
20002036,F41.9,ICD-10-CM,2024-12-03,681
20002036,F41.9,ICD-10-CM,2023-06-21,150
20002036,R10.9,ICD-10-CM,2024-11-25,673
20002036,E78.5,ICD-10-CM,2024-05-21,485
20002036,J45.909,ICD-10-CM,2023-03-04,41
20002036,E78.5,ICD-10-CM,2024-10-07,624
20002038,E78.5,ICD-10-CM,2026-03-05,263
20002038,E78.5,ICD-10-CM,2026-01-30,229
20002038,M79.7,ICD-10-CM,2026-05-21,340
20002038,I10,ICD-10-CM,2025-12-24,192
20002038,E78.5,ICD-10-CM,2025-09-04,81
20002038,K21.9,ICD-10-CM,2025-08-10,56
20002038,M79.7,ICD-10-CM,2026-05-12,331
20002044,E78.5,ICD-10-CM,2024-06-13,49
20002044,R53.83,ICD-10-CM,2024-06-18,54
20002044,I10,ICD-10-CM,2024-05-25,30
20002047,E78.5,ICD-10-CM,2025-12-26,253
20002047,E78.5,ICD-10-CM,2026-05-22,400
20002047,K21.9,ICD-10-CM,2026-02-06,295
20002047,I10,ICD-10-CM,2026-05-08,386
20002047,R53.83,ICD-10-CM,2026-03-21,338
20002047,R10.9,ICD-10-CM,2025-08-09,114
20002047,E78.5,ICD-10-CM,2025-04-25,8
20002047,K21.9,ICD-10-CM,2025-12-28,255
20002047,J45.909,ICD-10-CM,2026-03-18,335
20002058,K21.9,ICD-10-CM,2024-01-18,437
20002058,I10,ICD-10-CM,2024-12-02,756
20002058,L50.9,ICD-10-CM,2024-12-24,778
20002058,J45.909,ICD-10-CM,2022-12-11,34
20002058,E78.5,ICD-10-CM,2023-11-19,377
20002058,K21.9,ICD-10-CM,2024-01-22,441
20002058,R10.9,ICD-10-CM,2024-04-28,538
20002061,F41.9,ICD-10-CM,2026-05-01,225
20002061,R10.9,ICD-10-CM,2026-05-06,230
20002063,J45.909,ICD-10-CM,2025-07-21,200
20002063,R53.83,ICD-10-CM,2025-09-06,247
20002063,E78.5,ICD-10-CM,2025-11-12,314
20002063,R53.83,ICD-10-CM,2026-01-20,383
20002063,M79.7,ICD-10-CM,2025-12-09,341
20002063,R53.83,ICD-10-CM,2025-01-18,16
20002063,I10,ICD-10-CM,2025-08-13,223
20002063,I10,ICD-10-CM,2025-05-22,140
20002063,R10.9,ICD-10-CM,2025-10-09,280
20002070,E78.5,ICD-10-CM,2023-03-01,3
20002070,K21.9,ICD-10-CM,2024-10-23,605
20002070,E78.5,ICD-10-CM,2024-08-09,530
20002070,G43.909,ICD-10-CM,2024-12-23,666
20002079,R10.9,ICD-10-CM,2023-06-10,322
20002079,L50.9,ICD-10-CM,2023-08-21,394
20002079,E78.5,ICD-10-CM,2024-07-26,734
20002079,E78.5,ICD-10-CM,2024-09-21,791
20002079,K21.9,ICD-10-CM,2023-04-01,252
20002079,L50.9,ICD-10-CM,2022-09-28,67
20002079,F41.9,ICD-10-CM,2024-05-18,665
20002079,F41.9,ICD-10-CM,2023-07-09,351
20002079,K21.9,ICD-10-CM,2022-12-23,153
20002079,J45.909,ICD-10-CM,2023-12-01,496
20002079,E78.5,ICD-10-CM,2024-04-08,625
20002079,K21.9,ICD-10-CM,2022-10-02,71
20002079,K21.9,ICD-10-CM,2023-02-13,205
20002089,J45.909,ICD-10-CM,2024-12-30,259
20002089,R10.9,ICD-10-CM,2025-03-03,322
20002089,M79.7,ICD-10-CM,2024-09-05,143
20002089,G43.909,ICD-10-CM,2024-06-03,49
20002094,I10,ICD-10-CM,2025-11-27,16
20002094,I10,ICD-10-CM,2026-01-04,54
20002096,K21.9,ICD-10-CM,2024-01-01,3
20002096,F41.9,ICD-10-CM,2024-07-24,208
20002096,G43.909,ICD-10-CM,2024-11-16,323
20002096,G43.909,ICD-10-CM,2024-10-07,283
20002096,K21.9,ICD-10-CM,2024-05-25,148
20002102,L50.9,ICD-10-CM,2026-02-07,793
20002102,E78.5,ICD-10-CM,2025-04-28,508
20002102,I10,ICD-10-CM,2025-06-30,571
20002102,R10.9,ICD-10-CM,2025-01-26,416
20002102,R53.83,ICD-10-CM,2024-08-14,251
20002102,I10,ICD-10-CM,2025-08-26,628
20002102,G43.909,ICD-10-CM,2024-03-07,91
20002103,R53.83,ICD-10-CM,2023-03-15,26
20002103,R53.83,ICD-10-CM,2023-10-13,238
20002103,J45.909,ICD-10-CM,2024-04-15,423
20002103,K21.9,ICD-10-CM,2023-06-11,114
20002103,I10,ICD-10-CM,2023-06-30,133
20002103,K21.9,ICD-10-CM,2023-05-27,99
20002103,R53.83,ICD-10-CM,2023-07-16,149
20002114,K21.9,ICD-10-CM,2026-01-31,135
20002114,G43.909,ICD-10-CM,2026-03-21,184
20002114,R53.83,ICD-10-CM,2026-01-10,114
20002114,K21.9,ICD-10-CM,2025-12-10,83
20002114,I10,ICD-10-CM,2026-04-21,215
20002118,I10,ICD-10-CM,2025-10-12,40
20002118,F41.9,ICD-10-CM,2025-10-25,53
20002118,R53.83,ICD-10-CM,2026-04-18,228
20002120,R53.83,ICD-10-CM,2025-09-22,4
20002120,R53.83,ICD-10-CM,2026-02-03,138
20002120,K21.9,ICD-10-CM,2025-12-22,95
20002129,R53.83,ICD-10-CM,2024-12-08,132
20002129,J45.909,ICD-10-CM,2026-03-19,598
20002129,L50.9,ICD-10-CM,2025-05-12,287
20002129,M79.7,ICD-10-CM,2026-01-03,523
20002129,J45.909,ICD-10-CM,2025-05-07,282
20002129,J45.909,ICD-10-CM,2026-05-04,644
20002129,J45.909,ICD-10-CM,2025-05-05,280
20002130,K21.9,ICD-10-CM,2026-03-23,163
20002130,K21.9,ICD-10-CM,2026-03-24,164
20002130,L50.9,ICD-10-CM,2025-10-27,16
20002130,J45.909,ICD-10-CM,2025-10-21,10
20002130,I10,ICD-10-CM,2025-11-11,31
20002136,L50.9,ICD-10-CM,2024-07-19,520
20002136,R10.9,ICD-10-CM,2024-11-30,654
20002136,M79.7,ICD-10-CM,2023-09-12,209
20002136,R10.9,ICD-10-CM,2024-09-26,589
20002136,G43.909,ICD-10-CM,2024-06-21,492
20002136,F41.9,ICD-10-CM,2023-04-04,48
20002136,R53.83,ICD-10-CM,2024-11-10,634
20002136,E78.5,ICD-10-CM,2024-10-10,603
20002139,K21.9,ICD-10-CM,2025-04-29,194
20002139,F41.9,ICD-10-CM,2025-07-08,264
20002139,F41.9,ICD-10-CM,2025-01-06,81
20002139,R53.83,ICD-10-CM,2025-04-10,175
20002139,M79.7,ICD-10-CM,2026-04-01,531
20002139,I10,ICD-10-CM,2025-08-21,308
20002139,J45.909,ICD-10-CM,2025-08-16,303
20002139,K21.9,ICD-10-CM,2025-09-22,340
20002139,M79.7,ICD-10-CM,2025-07-29,285
20002139,I10,ICD-10-CM,2025-02-22,128
20002139,K21.9,ICD-10-CM,2024-10-18,1
20002148,F41.9,ICD-10-CM,2024-04-05,526
20002148,R10.9,ICD-10-CM,2022-11-15,19
20002148,F41.9,ICD-10-CM,2024-04-18,539
20002148,G43.909,ICD-10-CM,2023-12-18,417
20002148,J45.909,ICD-10-CM,2023-05-05,190
20002148,K21.9,ICD-10-CM,2023-04-25,180
20002148,J45.909,ICD-10-CM,2023-03-03,127
20002148,I10,ICD-10-CM,2023-04-15,170
20002148,R10.9,ICD-10-CM,2023-08-26,303
20002148,K21.9,ICD-10-CM,2023-02-08,104
20002150,R53.83,ICD-10-CM,2026-05-10,72
20002150,F41.9,ICD-10-CM,2026-03-12,13
20002152,R53.83,ICD-10-CM,2025-10-27,31
20002152,I10,ICD-10-CM,2025-10-17,21
20002152,G43.909,ICD-10-CM,2025-10-14,18
20002152,I10,ICD-10-CM,2025-10-30,34
20002152,E78.5,ICD-10-CM,2025-10-18,22
20002159,F41.9,ICD-10-CM,2023-09-03,61
20002159,G43.909,ICD-10-CM,2023-09-10,68
20002159,L50.9,ICD-10-CM,2023-08-15,42
20002159,E78.5,ICD-10-CM,2023-07-24,20
20002161,R10.9,ICD-10-CM,2026-04-25,64
20002161,G43.909,ICD-10-CM,2026-02-25,5
20002161,K21.9,ICD-10-CM,2026-05-17,86
20002175,E78.5,ICD-10-CM,2026-04-23,25
20002175,I10,ICD-10-CM,2026-04-29,31
20002175,J45.909,ICD-10-CM,2026-04-08,10
20002175,K21.9,ICD-10-CM,2026-05-31,63
20002178,J45.909,ICD-10-CM,2023-12-05,256
20002178,M79.7,ICD-10-CM,2024-07-05,469
20002178,R53.83,ICD-10-CM,2025-04-10,748
20002178,R10.9,ICD-10-CM,2024-02-26,339
20002178,I10,ICD-10-CM,2023-05-25,62
20002178,F41.9,ICD-10-CM,2023-10-05,195
20002178,K21.9,ICD-10-CM,2026-02-11,1055
20002178,F41.9,ICD-10-CM,2023-07-09,107
20002178,L50.9,ICD-10-CM,2023-03-25,1
20002178,G43.909,ICD-10-CM,2025-09-25,916
20002178,E78.5,ICD-10-CM,2024-06-17,451
20002178,J45.909,ICD-10-CM,2025-09-30,921
20002178,J45.909,ICD-10-CM,2024-12-25,642
20002178,L50.9,ICD-10-CM,2024-06-29,463
20002178,K21.9,ICD-10-CM,2024-04-23,396
20002193,R53.83,ICD-10-CM,2024-11-28,787
20002193,R10.9,ICD-10-CM,2023-06-12,252
20002193,K21.9,ICD-10-CM,2025-04-02,912
20002193,I10,ICD-10-CM,2024-08-17,684
20002193,R10.9,ICD-10-CM,2024-08-20,687
20002193,R53.83,ICD-10-CM,2023-03-01,149
20002193,K21.9,ICD-10-CM,2022-10-23,20
20002193,M79.7,ICD-10-CM,2025-08-22,1054
20002193,G43.909,ICD-10-CM,2023-01-08,97
20002193,R53.83,ICD-10-CM,2023-02-27,147
20002193,E78.5,ICD-10-CM,2024-01-10,464
20002193,E78.5,ICD-10-CM,2025-10-03,1096
20002193,R10.9,ICD-10-CM,2024-04-20,565
20002193,R10.9,ICD-10-CM,2025-09-08,1071
20002193,I10,ICD-10-CM,2022-11-09,37
20002193,F41.9,ICD-10-CM,2025-08-14,1046
20002193,L50.9,ICD-10-CM,2025-08-30,1062
20002197,J45.909,ICD-10-CM,2026-03-19,68
20002197,G43.909,ICD-10-CM,2026-03-14,63
20002198,L50.9,ICD-10-CM,2023-07-18,123
20002198,R10.9,ICD-10-CM,2023-04-02,16
20002198,R53.83,ICD-10-CM,2023-05-30,74
20002203,G43.909,ICD-10-CM,2024-03-14,74
20002204,L50.9,ICD-10-CM,2026-02-22,71
20002207,E78.5,ICD-10-CM,2023-10-05,128
20002207,E78.5,ICD-10-CM,2023-11-22,176
20002207,M79.7,ICD-10-CM,2023-07-01,32
20002207,R53.83,ICD-10-CM,2023-09-16,109
20002212,F41.9,ICD-10-CM,2023-12-20,80
20002212,G43.909,ICD-10-CM,2025-01-27,484
20002212,I10,ICD-10-CM,2024-03-22,173
20002212,K21.9,ICD-10-CM,2024-05-10,222
20002212,E78.5,ICD-10-CM,2024-11-03,399
20002212,G43.909,ICD-10-CM,2025-10-23,753
20002212,M79.7,ICD-10-CM,2024-12-18,444
20002212,M79.7,ICD-10-CM,2025-03-23,539
20002212,R53.83,ICD-10-CM,2026-04-22,934
20002212,L50.9,ICD-10-CM,2024-07-13,286
20002212,G43.909,ICD-10-CM,2024-05-01,213
20002212,G43.909,ICD-10-CM,2024-11-10,406
20002212,J45.909,ICD-10-CM,2026-05-29,971
20002216,E78.5,ICD-10-CM,2024-01-27,170
20002216,G43.909,ICD-10-CM,2024-07-10,335
20002225,G43.909,ICD-10-CM,2026-02-01,101
20002225,R53.83,ICD-10-CM,2026-03-23,151
20002230,R53.83,ICD-10-CM,2026-05-12,2
20002230,J45.909,ICD-10-CM,2026-05-25,15
20002230,I10,ICD-10-CM,2026-05-20,10
20002230,R53.83,ICD-10-CM,2026-05-18,8
20002232,K21.9,ICD-10-CM,2022-12-31,29
20002232,G43.909,ICD-10-CM,2023-02-27,87
20002232,L50.9,ICD-10-CM,2022-12-29,27
20002232,E78.5,ICD-10-CM,2023-03-05,93
20002248,F41.9,ICD-10-CM,2026-05-28,3
20002248,R10.9,ICD-10-CM,2026-05-30,5
20002248,G43.909,ICD-10-CM,2026-05-28,3
20002265,M79.7,ICD-10-CM,2024-02-13,228
20002265,R10.9,ICD-10-CM,2023-07-18,18
20002265,I10,ICD-10-CM,2024-12-18,537
20002265,I10,ICD-10-CM,2025-12-20,904
20002265,K21.9,ICD-10-CM,2025-06-27,728
20002265,J45.909,ICD-10-CM,2024-01-28,212
20002265,J45.909,ICD-10-CM,2025-02-25,606
20002265,G43.909,ICD-10-CM,2024-07-12,378
20002265,R10.9,ICD-10-CM,2023-10-09,101
20002273,G43.909,ICD-10-CM,2023-09-17,351
20002273,I10,ICD-10-CM,2023-01-15,106
20002273,L50.9,ICD-10-CM,2022-10-29,28
20002273,G43.909,ICD-10-CM,2024-01-25,481
20002275,R10.9,ICD-10-CM,2024-04-25,27
20002275,R53.83,ICD-10-CM,2024-06-02,65
20002280,J45.909,ICD-10-CM,2024-02-28,201
20002280,K21.9,ICD-10-CM,2024-05-09,272
20002280,F41.9,ICD-10-CM,2023-10-09,59
20002287,E78.5,ICD-10-CM,2025-12-01,158
20002287,R53.83,ICD-10-CM,2025-08-22,57
20002287,F41.9,ICD-10-CM,2025-10-14,110
20002287,M79.7,ICD-10-CM,2026-02-01,220
20002287,J45.909,ICD-10-CM,2025-08-17,52
20002289,J45.909,ICD-10-CM,2026-03-18,28
20002291,G43.909,ICD-10-CM,2025-06-18,246
20002291,I10,ICD-10-CM,2025-04-24,191
20002291,R53.83,ICD-10-CM,2025-03-04,140
20002294,L50.9,ICD-10-CM,2023-02-07,81
20002294,J45.909,ICD-10-CM,2023-02-04,78
20002315,I10,ICD-10-CM,2026-05-17,197
20002315,J45.909,ICD-10-CM,2026-04-26,176
20002315,R53.83,ICD-10-CM,2025-11-11,10
20002316,I10,ICD-10-CM,2025-06-16,92
20002316,I10,ICD-10-CM,2026-01-22,312
20002316,F41.9,ICD-10-CM,2025-10-01,199
20002316,J45.909,ICD-10-CM,2026-02-27,348
20002316,R53.83,ICD-10-CM,2025-05-18,63
20002316,R10.9,ICD-10-CM,2025-10-04,202
20002316,I10,ICD-10-CM,2025-09-24,192
20002316,I10,ICD-10-CM,2026-01-06,296
20002316,F41.9,ICD-10-CM,2025-06-23,99
20002319,F41.9,ICD-10-CM,2023-05-08,49
20002319,G43.909,ICD-10-CM,2023-04-05,16
20002319,R53.83,ICD-10-CM,2023-12-11,266
20002320,K21.9,ICD-10-CM,2026-04-10,348
20002320,K21.9,ICD-10-CM,2025-09-16,142
20002320,J45.909,ICD-10-CM,2025-09-02,128
20002320,L50.9,ICD-10-CM,2025-12-29,246
20002320,L50.9,ICD-10-CM,2026-04-02,340
20002322,F41.9,ICD-10-CM,2026-05-17,347
20002322,L50.9,ICD-10-CM,2026-04-14,314
20002322,F41.9,ICD-10-CM,2025-11-23,172
20002322,G43.909,ICD-10-CM,2025-08-04,61
20002322,F41.9,ICD-10-CM,2025-12-29,208
20002322,I10,ICD-10-CM,2026-02-27,268
20002339,G43.909,ICD-10-CM,2023-04-10,126
20002339,L50.9,ICD-10-CM,2023-10-04,303
20002339,R53.83,ICD-10-CM,2023-03-18,103
20002339,K21.9,ICD-10-CM,2023-04-15,131
20002339,E78.5,ICD-10-CM,2022-12-17,12
20002339,J45.909,ICD-10-CM,2023-04-21,137
20002339,E78.5,ICD-10-CM,2024-01-19,410
20002339,F41.9,ICD-10-CM,2023-01-23,49
20002339,E78.5,ICD-10-CM,2023-08-24,262
20002343,E78.5,ICD-10-CM,2023-01-08,40
20002343,J45.909,ICD-10-CM,2023-06-26,209
20002357,K21.9,ICD-10-CM,2025-03-04,1031
20002357,I10,ICD-10-CM,2024-07-01,785
20002357,J45.909,ICD-10-CM,2023-04-22,349
20002357,F41.9,ICD-10-CM,2024-09-23,869
20002357,J45.909,ICD-10-CM,2024-02-28,661
20002357,R53.83,ICD-10-CM,2023-10-21,531
20002357,I10,ICD-10-CM,2023-04-07,334
20002357,E78.5,ICD-10-CM,2024-10-20,896
20002359,R10.9,ICD-10-CM,2025-07-18,17
20002359,K21.9,ICD-10-CM,2026-02-02,216
20002359,E78.5,ICD-10-CM,2026-05-21,324
20002359,I10,ICD-10-CM,2026-01-18,201
20002365,G43.909,ICD-10-CM,2026-04-11,464
20002365,I10,ICD-10-CM,2025-08-16,226
20002365,M79.7,ICD-10-CM,2025-12-26,358
20002365,G43.909,ICD-10-CM,2025-05-08,126
20002365,R53.83,ICD-10-CM,2025-02-10,39
20002365,R53.83,ICD-10-CM,2026-05-02,485
20002376,E78.5,ICD-10-CM,2025-04-06,1
20002376,J45.909,ICD-10-CM,2026-05-11,401
20002376,L50.9,ICD-10-CM,2026-03-03,332
20002376,R10.9,ICD-10-CM,2025-11-27,236
20002377,R53.83,ICD-10-CM,2022-06-18,74
20002377,F41.9,ICD-10-CM,2022-06-04,60
20002377,R53.83,ICD-10-CM,2022-06-01,57
20002377,R10.9,ICD-10-CM,2022-04-21,16
20002382,K21.9,ICD-10-CM,2026-04-21,79
20002382,R53.83,ICD-10-CM,2026-05-03,91
20002382,R10.9,ICD-10-CM,2026-02-28,27
20002382,R53.83,ICD-10-CM,2026-05-05,93
20002387,G43.909,ICD-10-CM,2023-04-05,121
20002387,R53.83,ICD-10-CM,2023-05-05,151
20002387,R53.83,ICD-10-CM,2023-04-01,117
20002401,F41.9,ICD-10-CM,2024-10-03,656
20002401,F41.9,ICD-10-CM,2023-03-04,77
20002401,I10,ICD-10-CM,2023-09-10,267
20002401,I10,ICD-10-CM,2024-06-05,536
20002401,G43.909,ICD-10-CM,2024-04-30,500
20002401,I10,ICD-10-CM,2024-02-02,412
20002401,R10.9,ICD-10-CM,2023-10-08,295
20002430,J45.909,ICD-10-CM,2025-04-25,28
20002430,F41.9,ICD-10-CM,2026-02-16,325
20002430,I10,ICD-10-CM,2025-05-24,57
20002430,E78.5,ICD-10-CM,2026-01-23,301
20002435,I10,ICD-10-CM,2026-05-19,641
20002435,I10,ICD-10-CM,2024-12-02,108
20002435,R10.9,ICD-10-CM,2024-10-06,51
20002435,F41.9,ICD-10-CM,2025-03-17,213
20002435,I10,ICD-10-CM,2026-03-01,562
20002435,L50.9,ICD-10-CM,2025-09-18,398
20002435,G43.909,ICD-10-CM,2024-12-10,116
20002440,I10,ICD-10-CM,2024-11-23,49
20002440,R53.83,ICD-10-CM,2024-11-25,51
20002451,R53.83,ICD-10-CM,2023-03-13,184
20002451,F41.9,ICD-10-CM,2023-01-28,140
20002451,R53.83,ICD-10-CM,2022-12-06,87
20002451,F41.9,ICD-10-CM,2022-09-15,5
20002451,J45.909,ICD-10-CM,2022-10-03,23
20002456,L50.9,ICD-10-CM,2025-10-13,4
20002456,F41.9,ICD-10-CM,2026-03-13,155
20002457,R53.83,ICD-10-CM,2022-06-15,98
20002457,L50.9,ICD-10-CM,2022-06-10,93
20002457,M79.7,ICD-10-CM,2023-11-30,631
20002457,E78.5,ICD-10-CM,2023-06-26,474
20002457,L50.9,ICD-10-CM,2022-08-29,173
20002457,F41.9,ICD-10-CM,2024-04-12,765
20002457,R10.9,ICD-10-CM,2023-04-15,402
20002457,R53.83,ICD-10-CM,2023-08-24,533
20002457,R53.83,ICD-10-CM,2022-05-23,75
20002458,R53.83,ICD-10-CM,2025-09-05,75
20002467,M79.7,ICD-10-CM,2026-03-16,406
20002467,J45.909,ICD-10-CM,2025-05-21,107
20002467,I10,ICD-10-CM,2025-02-20,17
20002474,K21.9,ICD-10-CM,2024-03-03,762
20002474,E78.5,ICD-10-CM,2024-02-18,748
20002474,J45.909,ICD-10-CM,2022-10-28,270
20002474,G43.909,ICD-10-CM,2022-09-15,227
20002474,J45.909,ICD-10-CM,2022-06-08,128
20002474,R10.9,ICD-10-CM,2023-08-27,573
20002474,E78.5,ICD-10-CM,2023-12-05,673
20002474,L50.9,ICD-10-CM,2023-03-12,405
20002474,F41.9,ICD-10-CM,2024-02-28,758
20002478,G43.909,ICD-10-CM,2025-01-25,710
20002478,J45.909,ICD-10-CM,2025-12-23,1042
20002478,I10,ICD-10-CM,2026-02-03,1084
20002478,G43.909,ICD-10-CM,2023-03-07,20
20002478,K21.9,ICD-10-CM,2023-07-10,145
20002478,R53.83,ICD-10-CM,2023-07-28,163
20002478,R53.83,ICD-10-CM,2024-09-29,592
20002478,F41.9,ICD-10-CM,2025-01-18,703
20002478,L50.9,ICD-10-CM,2025-08-04,901
20002479,R53.83,ICD-10-CM,2023-01-16,56
20002479,I10,ICD-10-CM,2022-12-31,40
20002479,R10.9,ICD-10-CM,2023-01-05,45
20002479,F41.9,ICD-10-CM,2023-05-19,179
20002479,L50.9,ICD-10-CM,2023-03-06,105
20002479,R53.83,ICD-10-CM,2023-03-01,100
20002479,L50.9,ICD-10-CM,2023-01-28,68
20002479,I10,ICD-10-CM,2023-01-15,55
20002486,R53.83,ICD-10-CM,2024-12-24,100
20002486,M79.7,ICD-10-CM,2025-07-04,292
20002486,F41.9,ICD-10-CM,2025-01-26,133
20002486,K21.9,ICD-10-CM,2025-07-06,294
20002487,K21.9,ICD-10-CM,2024-11-30,45
20002487,J45.909,ICD-10-CM,2024-11-26,41
20002491,E78.5,ICD-10-CM,2023-06-11,130
20002491,I10,ICD-10-CM,2023-10-25,266
20002491,J45.909,ICD-10-CM,2023-05-27,115
20002491,K21.9,ICD-10-CM,2023-12-06,308
20002491,J45.909,ICD-10-CM,2023-03-26,53
20002491,F41.9,ICD-10-CM,2023-07-13,162
20002491,M79.7,ICD-10-CM,2023-10-31,272
20002494,I10,ICD-10-CM,2024-03-25,43
20002494,G43.909,ICD-10-CM,2024-07-15,155
20002496,R10.9,ICD-10-CM,2024-06-14,228
20002496,M79.7,ICD-10-CM,2024-11-12,379
20002496,E78.5,ICD-10-CM,2024-05-06,189
20002496,I10,ICD-10-CM,2024-12-14,411
20002496,E78.5,ICD-10-CM,2024-01-29,91
20002496,F41.9,ICD-10-CM,2024-11-22,389
20002498,R10.9,ICD-10-CM,2026-02-24,355
20002498,R53.83,ICD-10-CM,2026-04-03,393
20002498,G43.909,ICD-10-CM,2026-03-05,364
20002498,R53.83,ICD-10-CM,2025-11-23,262
20002498,R10.9,ICD-10-CM,2025-04-18,43
20002498,J45.909,ICD-10-CM,2025-06-28,114
20002498,K21.9,ICD-10-CM,2025-05-26,81
20002507,R53.83,ICD-10-CM,2025-03-28,12
20002507,J45.909,ICD-10-CM,2026-02-21,342
20002507,I10,ICD-10-CM,2025-09-09,177
20002507,J45.909,ICD-10-CM,2026-04-03,383
20002507,F41.9,ICD-10-CM,2025-07-30,136
20002507,R53.83,ICD-10-CM,2025-09-18,186
20002507,J45.909,ICD-10-CM,2026-05-12,422
20002507,E78.5,ICD-10-CM,2025-05-13,58
20002507,G43.909,ICD-10-CM,2025-07-17,123
20002507,R10.9,ICD-10-CM,2025-03-20,4
20002507,F41.9,ICD-10-CM,2025-09-25,193
20002508,I10,ICD-10-CM,2022-09-01,140
20002508,R10.9,ICD-10-CM,2022-08-23,131
20002510,R10.9,ICD-10-CM,2026-05-20,403
20002510,I10,ICD-10-CM,2025-08-08,118
20002510,R10.9,ICD-10-CM,2025-06-02,51
20002515,L50.9,ICD-10-CM,2026-03-06,534
20002515,M79.7,ICD-10-CM,2025-03-29,192
20002515,J45.909,ICD-10-CM,2026-03-25,553
20002515,I10,ICD-10-CM,2024-10-20,32
20002525,I10,ICD-10-CM,2023-04-12,91
20002525,J45.909,ICD-10-CM,2023-01-16,5
20002525,R53.83,ICD-10-CM,2023-03-14,62
20002525,E78.5,ICD-10-CM,2023-03-12,60
20002526,R53.83,ICD-10-CM,2026-02-26,37
20002526,K21.9,ICD-10-CM,2026-02-25,36
20002526,F41.9,ICD-10-CM,2026-03-23,62
20002529,G43.909,ICD-10-CM,2024-02-23,528
20002529,G43.909,ICD-10-CM,2023-01-29,138
20002529,R10.9,ICD-10-CM,2022-09-28,15
20002529,I10,ICD-10-CM,2023-02-05,145
20002529,K21.9,ICD-10-CM,2024-01-28,502
20002529,F41.9,ICD-10-CM,2024-02-12,517
20002529,I10,ICD-10-CM,2023-10-02,384
20002529,J45.909,ICD-10-CM,2023-09-11,363
20002533,E78.5,ICD-10-CM,2025-06-29,73
20002533,I10,ICD-10-CM,2026-03-16,333
20002533,K21.9,ICD-10-CM,2025-11-19,216
20002533,M79.7,ICD-10-CM,2025-12-20,247
20002533,G43.909,ICD-10-CM,2025-12-02,229
20002533,F41.9,ICD-10-CM,2025-09-27,163
20002533,J45.909,ICD-10-CM,2026-01-03,261
20002533,F41.9,ICD-10-CM,2026-02-16,305
20002537,K21.9,ICD-10-CM,2022-10-27,87
20002537,L50.9,ICD-10-CM,2025-01-27,910
20002537,E78.5,ICD-10-CM,2024-10-26,817
20002537,M79.7,ICD-10-CM,2023-06-28,331
20002537,R10.9,ICD-10-CM,2024-07-05,704
20002537,G43.909,ICD-10-CM,2023-06-14,317
20002537,G43.909,ICD-10-CM,2023-07-15,348
20002548,I10,ICD-10-CM,2025-11-14,766
20002548,R53.83,ICD-10-CM,2024-05-04,207
20002548,J45.909,ICD-10-CM,2024-02-16,129
20002548,K21.9,ICD-10-CM,2026-05-09,942
20002548,R53.83,ICD-10-CM,2025-06-02,601
20002548,E78.5,ICD-10-CM,2024-11-05,392
20002548,M79.7,ICD-10-CM,2025-10-17,738
20002548,K21.9,ICD-10-CM,2024-07-22,286
20002548,R53.83,ICD-10-CM,2024-10-29,385
20002552,J45.909,ICD-10-CM,2025-10-01,50
20002552,I10,ICD-10-CM,2025-08-19,7
20002552,F41.9,ICD-10-CM,2026-01-08,149
20002553,J45.909,ICD-10-CM,2025-09-17,671
20002553,G43.909,ICD-10-CM,2024-11-28,378
20002553,L50.9,ICD-10-CM,2024-02-01,77
20002553,R53.83,ICD-10-CM,2024-02-10,86
20002553,I10,ICD-10-CM,2025-11-26,741
20002553,K21.9,ICD-10-CM,2024-10-18,337
20002553,G43.909,ICD-10-CM,2026-02-17,824
20002553,K21.9,ICD-10-CM,2024-06-16,213
20002553,I10,ICD-10-CM,2025-09-30,684
20002553,G43.909,ICD-10-CM,2025-08-05,628
20002554,F41.9,ICD-10-CM,2022-11-12,72
20002554,R10.9,ICD-10-CM,2022-09-08,7
20002554,F41.9,ICD-10-CM,2022-09-19,18
20002554,J45.909,ICD-10-CM,2022-09-14,13
20002591,L50.9,ICD-10-CM,2026-05-22,352
20002591,R10.9,ICD-10-CM,2025-07-09,35
20002591,R53.83,ICD-10-CM,2025-06-27,23
20002591,E78.5,ICD-10-CM,2025-12-15,194
20002591,K21.9,ICD-10-CM,2026-03-05,274
20002596,K21.9,ICD-10-CM,2023-08-24,525
20002596,F41.9,ICD-10-CM,2024-06-08,814
20002596,F41.9,ICD-10-CM,2023-03-10,358
20002596,F41.9,ICD-10-CM,2024-05-10,785
20002596,E78.5,ICD-10-CM,2023-12-16,639
20002596,K21.9,ICD-10-CM,2023-07-18,488
20002596,I10,ICD-10-CM,2023-07-13,483
20002596,E78.5,ICD-10-CM,2023-02-22,342
20002596,I10,ICD-10-CM,2023-10-06,568
20002596,L50.9,ICD-10-CM,2023-09-07,539
20002596,G43.909,ICD-10-CM,2023-06-28,468
20002598,I10,ICD-10-CM,2026-05-09,11
20002598,R10.9,ICD-10-CM,2026-05-13,15
20002605,G43.909,ICD-10-CM,2026-02-04,28
20002605,F41.9,ICD-10-CM,2026-04-04,87
20002605,G43.909,ICD-10-CM,2026-02-21,45
20002611,G43.909,ICD-10-CM,2026-04-26,152
20002611,I10,ICD-10-CM,2026-01-25,61
20002611,E78.5,ICD-10-CM,2025-11-29,4
20002611,F41.9,ICD-10-CM,2025-12-09,14
20002611,J45.909,ICD-10-CM,2026-03-01,96
20002611,E78.5,ICD-10-CM,2026-02-07,74
20002618,K21.9,ICD-10-CM,2022-05-01,8
20002618,I10,ICD-10-CM,2023-07-24,457
20002618,G43.909,ICD-10-CM,2023-02-10,293
20002618,G43.909,ICD-10-CM,2022-08-27,126
20002618,I10,ICD-10-CM,2022-05-17,24
20002632,I10,ICD-10-CM,2025-05-26,179
20002632,R10.9,ICD-10-CM,2024-12-12,14
20002632,G43.909,ICD-10-CM,2025-03-28,120
20002632,E78.5,ICD-10-CM,2025-08-28,273
20002632,L50.9,ICD-10-CM,2025-03-21,113
20002632,G43.909,ICD-10-CM,2025-04-02,125
20002632,G43.909,ICD-10-CM,2025-01-24,57
20002634,E78.5,ICD-10-CM,2025-03-02,31
20002634,K21.9,ICD-10-CM,2026-04-24,449
20002634,R53.83,ICD-10-CM,2026-05-14,469
20002634,K21.9,ICD-10-CM,2026-05-18,473
20002636,J45.909,ICD-10-CM,2024-05-22,175
20002636,I10,ICD-10-CM,2024-02-20,83
20002636,R10.9,ICD-10-CM,2024-03-26,118
20002636,F41.9,ICD-10-CM,2024-07-20,234
20002636,K21.9,ICD-10-CM,2024-01-07,39
20002644,F41.9,ICD-10-CM,2023-11-03,251
20002644,I10,ICD-10-CM,2023-04-13,47
20002644,L50.9,ICD-10-CM,2023-09-17,204
20002644,G43.909,ICD-10-CM,2024-02-29,369
20002644,J45.909,ICD-10-CM,2023-08-04,160
20002644,L50.9,ICD-10-CM,2024-06-01,462
20002644,R10.9,ICD-10-CM,2024-08-19,541
20002644,R53.83,ICD-10-CM,2023-04-06,40
20002651,E78.5,ICD-10-CM,2023-09-12,157
20002654,J45.909,ICD-10-CM,2026-05-04,2
20002661,M79.7,ICD-10-CM,2023-04-05,308
20002661,R10.9,ICD-10-CM,2023-05-22,355
20002661,E78.5,ICD-10-CM,2023-05-18,351
20002661,K21.9,ICD-10-CM,2023-03-21,293
20002661,J45.909,ICD-10-CM,2022-06-03,2
20002661,E78.5,ICD-10-CM,2022-08-27,87
20002661,F41.9,ICD-10-CM,2022-07-06,35
20002661,K21.9,ICD-10-CM,2022-07-07,36
20002664,K21.9,ICD-10-CM,2022-12-20,76
20002664,R10.9,ICD-10-CM,2023-06-04,242
20002664,R10.9,ICD-10-CM,2022-11-17,43
20002664,E78.5,ICD-10-CM,2022-12-22,78
20002664,R53.83,ICD-10-CM,2023-05-14,221
20002664,G43.909,ICD-10-CM,2023-04-25,202
20002665,R53.83,ICD-10-CM,2024-07-01,650
20002665,R53.83,ICD-10-CM,2023-04-16,208
20002665,J45.909,ICD-10-CM,2024-04-11,569
20002665,J45.909,ICD-10-CM,2023-10-25,400
20002665,E78.5,ICD-10-CM,2023-10-03,378
20002665,M79.7,ICD-10-CM,2025-02-12,876
20002665,K21.9,ICD-10-CM,2023-12-18,454
20002665,I10,ICD-10-CM,2024-02-05,503
20002665,I10,ICD-10-CM,2023-07-05,288
20002684,I10,ICD-10-CM,2023-03-10,35
20002684,M79.7,ICD-10-CM,2023-02-13,10
20002699,E78.5,ICD-10-CM,2023-04-19,208
20002699,L50.9,ICD-10-CM,2023-06-03,253
20002699,L50.9,ICD-10-CM,2023-06-25,275
20002699,G43.909,ICD-10-CM,2023-03-25,183
20002699,K21.9,ICD-10-CM,2023-06-10,260
20002699,F41.9,ICD-10-CM,2022-09-29,6
20002700,E78.5,ICD-10-CM,2025-06-21,13
20002700,L50.9,ICD-10-CM,2025-07-13,35
20002705,L50.9,ICD-10-CM,2023-07-28,298
20002705,R10.9,ICD-10-CM,2022-11-12,40
20002705,R53.83,ICD-10-CM,2023-05-25,234
20002705,R53.83,ICD-10-CM,2023-09-20,352
20002705,M79.7,ICD-10-CM,2023-02-07,127
20002724,K21.9,ICD-10-CM,2026-04-28,3
20002724,E78.5,ICD-10-CM,2026-05-03,8
20002726,J45.909,ICD-10-CM,2024-03-29,532
20002726,F41.9,ICD-10-CM,2023-11-12,394
20002726,J45.909,ICD-10-CM,2025-01-20,829
20002726,F41.9,ICD-10-CM,2023-07-04,263
20002726,J45.909,ICD-10-CM,2025-03-26,894
20002726,G43.909,ICD-10-CM,2024-12-23,801
20002726,K21.9,ICD-10-CM,2024-11-06,754
20002726,K21.9,ICD-10-CM,2025-04-07,906
20002726,F41.9,ICD-10-CM,2023-11-23,405
20002726,G43.909,ICD-10-CM,2024-06-22,617
20002727,L50.9,ICD-10-CM,2026-03-20,53
20002727,R10.9,ICD-10-CM,2026-05-11,105
20002727,I10,ICD-10-CM,2026-03-10,43
20002727,J45.909,ICD-10-CM,2026-02-24,29
20002728,J45.909,ICD-10-CM,2024-06-11,500
20002728,K21.9,ICD-10-CM,2025-10-28,1004
20002728,E78.5,ICD-10-CM,2024-06-19,508
20002728,G43.909,ICD-10-CM,2025-01-08,711
20002728,R10.9,ICD-10-CM,2023-07-19,172
20002728,I10,ICD-10-CM,2024-07-23,542
20002728,K21.9,ICD-10-CM,2023-09-26,241
20002734,I10,ICD-10-CM,2025-10-26,141
20002734,R53.83,ICD-10-CM,2025-08-30,84
20002734,E78.5,ICD-10-CM,2026-05-11,338
20002734,K21.9,ICD-10-CM,2025-11-17,163
20002734,G43.909,ICD-10-CM,2025-07-27,50
20002736,G43.909,ICD-10-CM,2026-04-13,49
20002736,K21.9,ICD-10-CM,2026-04-14,50
20002736,I10,ICD-10-CM,2026-04-01,37
20002736,L50.9,ICD-10-CM,2026-03-01,6
20002737,F41.9,ICD-10-CM,2023-11-21,307
20002737,E78.5,ICD-10-CM,2023-12-21,337
20002737,E78.5,ICD-10-CM,2023-04-28,100
20002737,R53.83,ICD-10-CM,2023-12-12,328
20002737,F41.9,ICD-10-CM,2023-02-28,41
20002737,J45.909,ICD-10-CM,2023-09-09,234
20002737,K21.9,ICD-10-CM,2023-12-17,333
20002742,M79.7,ICD-10-CM,2026-04-06,121
20002742,E78.5,ICD-10-CM,2026-04-06,121
20002742,F41.9,ICD-10-CM,2026-03-05,89
20002752,E78.5,ICD-10-CM,2026-03-27,22
20002754,M79.7,ICD-10-CM,2023-11-28,418
20002754,E78.5,ICD-10-CM,2023-03-02,147
20002754,L50.9,ICD-10-CM,2023-05-03,209
20002754,I10,ICD-10-CM,2025-05-03,940
20002754,L50.9,ICD-10-CM,2025-07-06,1004
20002754,E78.5,ICD-10-CM,2022-11-21,46
20002754,J45.909,ICD-10-CM,2023-04-17,193
20002754,J45.909,ICD-10-CM,2023-08-07,305
20002754,R10.9,ICD-10-CM,2026-03-08,1249
20002754,F41.9,ICD-10-CM,2023-01-08,94
20002754,J45.909,ICD-10-CM,2023-08-21,319
20002754,E78.5,ICD-10-CM,2024-07-12,645
20002754,F41.9,ICD-10-CM,2026-05-03,1305
20002754,R53.83,ICD-10-CM,2024-09-01,696
20002754,K21.9,ICD-10-CM,2022-12-17,72
20002756,L50.9,ICD-10-CM,2022-03-12,22
20002756,R53.83,ICD-10-CM,2022-07-21,153
20002760,J45.909,ICD-10-CM,2023-07-20,291
20002760,F41.9,ICD-10-CM,2023-10-11,374
20002760,R10.9,ICD-10-CM,2022-12-18,77
20002765,F41.9,ICD-10-CM,2026-03-08,140
20002765,G43.909,ICD-10-CM,2026-03-02,134
20002765,J45.909,ICD-10-CM,2025-12-09,51
20002765,R10.9,ICD-10-CM,2026-01-21,94
20002765,E78.5,ICD-10-CM,2026-04-15,178
20002773,R53.83,ICD-10-CM,2026-04-29,452
20002773,K21.9,ICD-10-CM,2026-03-01,393
20002773,R53.83,ICD-10-CM,2025-03-30,57
20002776,F41.9,ICD-10-CM,2026-05-22,4
20002779,K21.9,ICD-10-CM,2026-02-13,297
20002779,F41.9,ICD-10-CM,2025-08-09,109
20002779,I10,ICD-10-CM,2025-12-25,247
20002781,G43.909,ICD-10-CM,2023-10-28,286
20002781,J45.909,ICD-10-CM,2024-07-21,553
20002781,G43.909,ICD-10-CM,2023-01-20,5
20002781,I10,ICD-10-CM,2025-07-20,917
20002781,L50.9,ICD-10-CM,2024-10-18,642
20002781,J45.909,ICD-10-CM,2025-05-31,867
20002781,K21.9,ICD-10-CM,2023-03-11,55
20002783,G43.909,ICD-10-CM,2025-01-17,465
20002783,G43.909,ICD-10-CM,2025-05-10,578
20002783,R53.83,ICD-10-CM,2024-03-03,145
20002783,R53.83,ICD-10-CM,2025-04-12,550
20002783,F41.9,ICD-10-CM,2024-01-28,110
20002783,K21.9,ICD-10-CM,2024-04-22,195
20002832,I10,ICD-10-CM,2026-05-02,178
20002832,R53.83,ICD-10-CM,2025-11-25,20
20002832,E78.5,ICD-10-CM,2026-01-22,78
20002838,R53.83,ICD-10-CM,2024-07-16,194
20002838,J45.909,ICD-10-CM,2024-10-14,284
20002838,J45.909,ICD-10-CM,2024-12-28,359
20002838,K21.9,ICD-10-CM,2024-10-23,293
20002838,F41.9,ICD-10-CM,2024-12-24,355
20002840,J45.909,ICD-10-CM,2024-09-01,191
20002840,I10,ICD-10-CM,2024-10-19,239
20002840,E78.5,ICD-10-CM,2024-04-20,57
20002840,R10.9,ICD-10-CM,2025-01-20,332
20002840,K21.9,ICD-10-CM,2024-10-22,242
20002840,E78.5,ICD-10-CM,2024-08-24,183
20002850,F41.9,ICD-10-CM,2026-04-24,50
20002853,L50.9,ICD-10-CM,2025-07-03,8
20002853,F41.9,ICD-10-CM,2026-05-06,315
20002853,F41.9,ICD-10-CM,2026-03-15,263
20002853,L50.9,ICD-10-CM,2025-08-30,66
20002853,F41.9,ICD-10-CM,2026-03-02,250
20002853,G43.909,ICD-10-CM,2026-03-03,251
20002859,K21.9,ICD-10-CM,2024-09-03,89
20002859,I10,ICD-10-CM,2024-11-12,159
20002859,J45.909,ICD-10-CM,2025-01-05,213
20002859,F41.9,ICD-10-CM,2024-09-09,95
20002859,K21.9,ICD-10-CM,2024-11-17,164
20002859,E78.5,ICD-10-CM,2025-06-02,361
20002859,I10,ICD-10-CM,2026-01-21,594
20002859,E78.5,ICD-10-CM,2025-07-20,409
20002859,L50.9,ICD-10-CM,2024-08-07,62
20002859,I10,ICD-10-CM,2025-07-10,399
20002862,E78.5,ICD-10-CM,2024-04-12,402
20002862,R53.83,ICD-10-CM,2024-02-22,352
20002862,L50.9,ICD-10-CM,2024-08-16,528
20002862,R10.9,ICD-10-CM,2024-03-08,367
20002862,K21.9,ICD-10-CM,2024-09-12,555
20002862,K21.9,ICD-10-CM,2024-05-18,438
20002872,J45.909,ICD-10-CM,2025-12-30,486
20002872,I10,ICD-10-CM,2025-01-14,136
20002872,K21.9,ICD-10-CM,2024-11-10,71
20002872,F41.9,ICD-10-CM,2025-12-01,457
20002874,R53.83,ICD-10-CM,2025-06-20,503
20002874,K21.9,ICD-10-CM,2024-09-15,225
20002874,J45.909,ICD-10-CM,2025-04-24,446
20002874,G43.909,ICD-10-CM,2025-10-08,613
20002874,E78.5,ICD-10-CM,2025-07-27,540
20002874,I10,ICD-10-CM,2024-05-25,112
20002874,R10.9,ICD-10-CM,2025-09-24,599
20002874,E78.5,ICD-10-CM,2024-08-26,205
20002876,L50.9,ICD-10-CM,2026-05-22,137
20002876,I10,ICD-10-CM,2026-02-16,42
20002876,J45.909,ICD-10-CM,2026-03-21,75
20002876,G43.909,ICD-10-CM,2026-03-26,80
20002876,J45.909,ICD-10-CM,2026-01-28,23
20002877,I10,ICD-10-CM,2023-05-10,134
20002877,J45.909,ICD-10-CM,2024-06-17,538
20002877,G43.909,ICD-10-CM,2024-09-24,637
20002877,J45.909,ICD-10-CM,2024-08-19,601
20002877,K21.9,ICD-10-CM,2023-09-13,260
20002880,J45.909,ICD-10-CM,2026-03-06,204
20002880,G43.909,ICD-10-CM,2026-03-10,208
20002880,M79.7,ICD-10-CM,2025-12-11,119
20002880,E78.5,ICD-10-CM,2025-08-28,14
20002885,K21.9,ICD-10-CM,2025-09-02,24
20002885,R53.83,ICD-10-CM,2026-04-26,260
20002885,R53.83,ICD-10-CM,2025-11-27,110
20002885,L50.9,ICD-10-CM,2025-08-18,9
20002885,E78.5,ICD-10-CM,2025-08-26,17
20002900,K21.9,ICD-10-CM,2025-09-19,93
20002900,F41.9,ICD-10-CM,2025-10-08,112
20002900,F41.9,ICD-10-CM,2026-02-12,239
20002900,R53.83,ICD-10-CM,2026-01-08,204
20002900,R10.9,ICD-10-CM,2025-11-24,159
20002904,E78.5,ICD-10-CM,2023-06-07,295
20002904,K21.9,ICD-10-CM,2025-03-19,946
20002904,L50.9,ICD-10-CM,2024-08-03,718
20002904,I10,ICD-10-CM,2025-11-15,1187
20002904,J45.909,ICD-10-CM,2025-05-15,1003
20002904,E78.5,ICD-10-CM,2024-01-30,532
20002904,G43.909,ICD-10-CM,2024-07-15,699
20002904,E78.5,ICD-10-CM,2024-06-03,657
20002904,E78.5,ICD-10-CM,2026-02-05,1269
20002904,J45.909,ICD-10-CM,2023-12-04,475
20002904,R53.83,ICD-10-CM,2025-12-10,1212
20002904,R10.9,ICD-10-CM,2025-03-21,948
20002904,R10.9,ICD-10-CM,2025-06-20,1039
20002904,G43.909,ICD-10-CM,2025-06-18,1037
20002905,F41.9,ICD-10-CM,2025-07-26,68
20002912,L50.9,ICD-10-CM,2024-04-07,45
20002912,L50.9,ICD-10-CM,2024-07-05,134
20002912,L50.9,ICD-10-CM,2025-07-09,503
20002912,J45.909,ICD-10-CM,2024-04-01,39
20002912,I10,ICD-10-CM,2025-05-17,450
20002912,R10.9,ICD-10-CM,2024-06-12,111
20002915,I10,ICD-10-CM,2026-04-13,85
20002915,G43.909,ICD-10-CM,2026-03-01,42
20002929,R10.9,ICD-10-CM,2024-05-08,281
20002929,G43.909,ICD-10-CM,2024-03-04,216
20002929,G43.909,ICD-10-CM,2023-11-30,121
20002929,E78.5,ICD-10-CM,2023-09-09,39
20002934,E78.5,ICD-10-CM,2026-05-27,32
20002934,K21.9,ICD-10-CM,2026-05-07,12
20002939,R10.9,ICD-10-CM,2023-09-30,86
20002939,K21.9,ICD-10-CM,2023-12-04,151
20002939,I10,ICD-10-CM,2023-07-11,5
20002939,K21.9,ICD-10-CM,2024-02-04,213
20002939,K21.9,ICD-10-CM,2025-02-09,584
20002939,I10,ICD-10-CM,2025-02-15,590
20002939,E78.5,ICD-10-CM,2024-04-11,280
20002939,K21.9,ICD-10-CM,2023-10-25,111
20002941,R53.83,ICD-10-CM,2024-11-13,2
20002941,E78.5,ICD-10-CM,2025-08-29,291
20002941,I10,ICD-10-CM,2025-03-07,116
20002947,K21.9,ICD-10-CM,2024-09-13,116
20002947,K21.9,ICD-10-CM,2024-12-08,202
20002947,G43.909,ICD-10-CM,2024-06-07,18
20002947,J45.909,ICD-10-CM,2024-08-19,91
20002947,F41.9,ICD-10-CM,2024-10-10,143
20002947,E78.5,ICD-10-CM,2025-04-16,331
20002959,M79.7,ICD-10-CM,2023-04-06,238
20002959,R53.83,ICD-10-CM,2022-12-22,133
20002959,I10,ICD-10-CM,2022-10-06,56
20002959,K21.9,ICD-10-CM,2023-08-21,375
20002959,G43.909,ICD-10-CM,2023-09-19,404
20002959,E78.5,ICD-10-CM,2023-05-16,278
20002959,F41.9,ICD-10-CM,2022-10-13,63
20002959,F41.9,ICD-10-CM,2022-11-22,103
20002965,R53.83,ICD-10-CM,2026-05-16,68
20002965,I10,ICD-10-CM,2026-04-15,37
20002965,G43.909,ICD-10-CM,2026-04-21,43
20002969,I10,ICD-10-CM,2025-08-28,324
20002969,F41.9,ICD-10-CM,2025-12-14,432
20002969,R53.83,ICD-10-CM,2025-02-12,127
20002969,E78.5,ICD-10-CM,2025-08-29,325
20002969,E78.5,ICD-10-CM,2024-11-02,25
20002970,E78.5,ICD-10-CM,2022-08-23,12
20002970,R10.9,ICD-10-CM,2022-12-22,133
20003008,L50.9,ICD-10-CM,2025-07-26,485
20003008,G43.909,ICD-10-CM,2025-01-13,291
20003008,F41.9,ICD-10-CM,2025-05-19,417
20003008,I10,ICD-10-CM,2025-07-15,474
20003008,R53.83,ICD-10-CM,2025-03-02,339
20003008,L50.9,ICD-10-CM,2024-04-23,26
20003008,L50.9,ICD-10-CM,2024-05-24,57
20003009,R53.83,ICD-10-CM,2022-03-21,114
20003009,L50.9,ICD-10-CM,2022-02-19,84
20003009,G43.909,ICD-10-CM,2022-02-01,66
20003009,I10,ICD-10-CM,2022-05-10,164
20003009,J45.909,ICD-10-CM,2022-03-27,120
20003009,M79.7,ICD-10-CM,2022-05-01,155
20003010,E78.5,ICD-10-CM,2025-02-03,442
20003010,I10,ICD-10-CM,2026-01-22,795
20003010,G43.909,ICD-10-CM,2025-04-28,526
20003010,E78.5,ICD-10-CM,2025-08-09,629
20003010,R53.83,ICD-10-CM,2026-02-10,814
20003010,R53.83,ICD-10-CM,2024-03-04,106
20003010,E78.5,ICD-10-CM,2025-05-05,533
20003010,K21.9,ICD-10-CM,2025-04-21,519
20003010,M79.7,ICD-10-CM,2024-12-20,397
20003010,R53.83,ICD-10-CM,2025-10-31,712
20003010,F41.9,ICD-10-CM,2024-11-20,367
20003010,R10.9,ICD-10-CM,2024-10-13,329
20003010,J45.909,ICD-10-CM,2024-04-05,138
20003010,L50.9,ICD-10-CM,2023-11-27,8
20003010,L50.9,ICD-10-CM,2024-11-06,353
20003010,I10,ICD-10-CM,2025-02-17,456
20003015,G43.909,ICD-10-CM,2024-05-27,118
20003015,J45.909,ICD-10-CM,2025-11-05,645
20003015,K21.9,ICD-10-CM,2024-05-10,101
20003015,K21.9,ICD-10-CM,2025-07-04,521
20003015,L50.9,ICD-10-CM,2024-08-01,184
20003015,E78.5,ICD-10-CM,2024-08-11,194
20003015,I10,ICD-10-CM,2025-12-18,688
20003015,M79.7,ICD-10-CM,2024-05-11,102
20003033,K21.9,ICD-10-CM,2025-09-14,75
20003033,R53.83,ICD-10-CM,2025-08-25,55
20003033,E78.5,ICD-10-CM,2025-07-21,20
20003033,M79.7,ICD-10-CM,2025-12-15,167
20003037,I10,ICD-10-CM,2026-01-08,93
20003037,I10,ICD-10-CM,2026-05-05,210
20003037,K21.9,ICD-10-CM,2026-05-02,207
20003037,R10.9,ICD-10-CM,2026-02-28,144
20003037,E78.5,ICD-10-CM,2026-05-06,211
20003037,R53.83,ICD-10-CM,2026-02-09,125
20003038,E78.5,ICD-10-CM,2023-12-31,70
20003039,M79.7,ICD-10-CM,2023-02-26,77
20003039,I10,ICD-10-CM,2023-01-20,40
20003042,K21.9,ICD-10-CM,2024-10-01,72
20003042,G43.909,ICD-10-CM,2024-11-08,110
20003044,I10,ICD-10-CM,2025-11-05,70
20003044,R53.83,ICD-10-CM,2026-05-18,264
20003044,E78.5,ICD-10-CM,2026-03-09,194
20003044,R53.83,ICD-10-CM,2026-03-15,200
20003044,J45.909,ICD-10-CM,2026-03-30,215
20003045,K21.9,ICD-10-CM,2026-05-27,26
20003045,R10.9,ICD-10-CM,2026-05-11,10
20003045,R10.9,ICD-10-CM,2026-05-02,1
20003050,I10,ICD-10-CM,2024-07-23,67
20003050,G43.909,ICD-10-CM,2025-02-14,273
20003050,R53.83,ICD-10-CM,2024-11-22,189
20003050,G43.909,ICD-10-CM,2024-11-14,181
20003050,R53.83,ICD-10-CM,2025-04-29,347
20003050,G43.909,ICD-10-CM,2025-04-12,330
20003050,F41.9,ICD-10-CM,2026-05-15,728
20003050,J45.909,ICD-10-CM,2024-08-19,94
20003057,R53.83,ICD-10-CM,2025-02-23,271
20003065,L50.9,ICD-10-CM,2023-05-28,35
20003065,J45.909,ICD-10-CM,2023-05-04,11
20003065,F41.9,ICD-10-CM,2023-05-18,25
20003065,K21.9,ICD-10-CM,2023-06-22,60
20003069,R53.83,ICD-10-CM,2025-03-17,84
20003069,G43.909,ICD-10-CM,2025-06-02,161
20003069,L50.9,ICD-10-CM,2025-02-04,43
20003080,I10,ICD-10-CM,2026-05-05,43
20003090,R53.83,ICD-10-CM,2025-02-01,481
20003090,F41.9,ICD-10-CM,2024-09-07,334
20003090,E78.5,ICD-10-CM,2024-11-23,411
20003090,K21.9,ICD-10-CM,2025-01-26,475
20003090,R10.9,ICD-10-CM,2024-11-09,397
20003090,R53.83,ICD-10-CM,2025-08-11,672
20003090,R10.9,ICD-10-CM,2025-04-13,552
20003090,I10,ICD-10-CM,2025-06-22,622
20003090,G43.909,ICD-10-CM,2025-03-19,527
20003090,J45.909,ICD-10-CM,2025-10-28,750
20003090,I10,ICD-10-CM,2025-01-13,462
20003122,L50.9,ICD-10-CM,2022-11-30,40
20003122,I10,ICD-10-CM,2023-01-03,74
20003122,R53.83,ICD-10-CM,2022-10-31,10
20003122,G43.909,ICD-10-CM,2022-11-29,39
20003122,L50.9,ICD-10-CM,2022-12-22,62
20003122,F41.9,ICD-10-CM,2022-12-27,67
20003133,R10.9,ICD-10-CM,2026-05-17,142
20003133,E78.5,ICD-10-CM,2026-01-04,9
20003140,R10.9,ICD-10-CM,2026-04-21,45
20003140,I10,ICD-10-CM,2026-04-07,31
20003142,E78.5,ICD-10-CM,2025-08-15,189
20003142,I10,ICD-10-CM,2025-06-02,115
20003142,R10.9,ICD-10-CM,2025-11-03,269
20003142,I10,ICD-10-CM,2025-07-02,145
20003142,E78.5,ICD-10-CM,2025-05-22,104
20003142,R53.83,ICD-10-CM,2025-07-03,146
20003142,I10,ICD-10-CM,2025-06-17,130
20003142,K21.9,ICD-10-CM,2026-01-08,335
20003145,I10,ICD-10-CM,2024-07-01,126
20003145,E78.5,ICD-10-CM,2025-01-24,333
20003145,R53.83,ICD-10-CM,2024-08-01,157
20003148,R10.9,ICD-10-CM,2023-01-27,97
20003148,E78.5,ICD-10-CM,2024-02-05,471
20003148,J45.909,ICD-10-CM,2024-03-24,519
20003148,R53.83,ICD-10-CM,2023-04-21,181
20003148,E78.5,ICD-10-CM,2024-04-11,537
20003148,E78.5,ICD-10-CM,2023-07-31,282
20003148,F41.9,ICD-10-CM,2023-05-28,218
20003156,M79.7,ICD-10-CM,2023-04-23,42
20003156,G43.909,ICD-10-CM,2023-10-11,213
20003156,J45.909,ICD-10-CM,2023-04-19,38
20003156,G43.909,ICD-10-CM,2023-03-29,17
20003156,G43.909,ICD-10-CM,2024-03-01,355
20003156,R53.83,ICD-10-CM,2024-04-27,412
20003156,F41.9,ICD-10-CM,2024-09-02,540
20003164,R53.83,ICD-10-CM,2023-04-12,134
20003164,J45.909,ICD-10-CM,2023-08-14,258
20003164,G43.909,ICD-10-CM,2023-04-12,134
20003170,I10,ICD-10-CM,2025-02-27,458
20003170,R53.83,ICD-10-CM,2024-08-21,268
20003173,G43.909,ICD-10-CM,2023-09-13,592
20003173,I10,ICD-10-CM,2022-04-18,79
20003173,G43.909,ICD-10-CM,2023-12-18,688
20003173,E78.5,ICD-10-CM,2023-10-29,638
20003173,F41.9,ICD-10-CM,2022-06-30,152
20003173,K21.9,ICD-10-CM,2023-01-23,359
20003173,M79.7,ICD-10-CM,2022-06-15,137
20003173,M79.7,ICD-10-CM,2022-04-17,78
20003173,K21.9,ICD-10-CM,2022-06-05,127
20003173,R53.83,ICD-10-CM,2023-11-21,661
20003173,L50.9,ICD-10-CM,2024-07-16,899
20003174,J45.909,ICD-10-CM,2024-09-04,131
20003174,M79.7,ICD-10-CM,2024-04-29,3
20003174,E78.5,ICD-10-CM,2024-07-12,77
20003174,G43.909,ICD-10-CM,2025-06-30,430
20003174,I10,ICD-10-CM,2025-11-04,557
20003174,R10.9,ICD-10-CM,2025-01-29,278
20003174,E78.5,ICD-10-CM,2024-11-30,218
20003176,R10.9,ICD-10-CM,2023-03-01,30
20003176,G43.909,ICD-10-CM,2024-10-21,630
20003176,I10,ICD-10-CM,2023-06-25,146
20003176,F41.9,ICD-10-CM,2025-06-07,859
20003176,E78.5,ICD-10-CM,2023-09-28,241
20003176,K21.9,ICD-10-CM,2024-07-10,527
20003176,G43.909,ICD-10-CM,2023-10-02,245
20003176,L50.9,ICD-10-CM,2024-02-11,377
20003176,E78.5,ICD-10-CM,2023-06-05,126
20003176,E78.5,ICD-10-CM,2023-12-12,316
20003176,R10.9,ICD-10-CM,2026-01-25,1091
20003176,E78.5,ICD-10-CM,2026-05-07,1193
20003176,E78.5,ICD-10-CM,2025-05-11,832
20003176,F41.9,ICD-10-CM,2023-08-15,197
20003176,K21.9,ICD-10-CM,2024-02-27,393
20003176,G43.909,ICD-10-CM,2023-09-16,229
20003176,I10,ICD-10-CM,2024-04-27,453
20003176,R53.83,ICD-10-CM,2023-12-06,310
20003176,J45.909,ICD-10-CM,2025-08-24,937
20003176,K21.9,ICD-10-CM,2025-03-10,770
20003181,R10.9,ICD-10-CM,2026-01-15,291
20003181,R10.9,ICD-10-CM,2025-06-08,70
20003181,R53.83,ICD-10-CM,2026-03-16,351
20003184,G43.909,ICD-10-CM,2025-05-24,175
20003184,J45.909,ICD-10-CM,2025-02-20,82
20003184,G43.909,ICD-10-CM,2025-06-21,203
20003184,E78.5,ICD-10-CM,2025-01-28,59
20003184,K21.9,ICD-10-CM,2025-12-17,382
20003189,I10,ICD-10-CM,2026-03-26,39
20003189,F41.9,ICD-10-CM,2026-03-26,39
20003189,R10.9,ICD-10-CM,2026-05-09,83
20003194,I10,ICD-10-CM,2025-04-15,468
20003194,R53.83,ICD-10-CM,2025-09-29,635
20003194,I10,ICD-10-CM,2024-12-21,353
20003194,G43.909,ICD-10-CM,2024-03-29,86
20003194,M79.7,ICD-10-CM,2024-08-12,222
20003194,K21.9,ICD-10-CM,2025-02-23,417
20003194,J45.909,ICD-10-CM,2024-03-21,78
20003194,I10,ICD-10-CM,2026-01-05,733
20003194,I10,ICD-10-CM,2024-05-21,139
20003194,J45.909,ICD-10-CM,2024-01-19,16
20003194,F41.9,ICD-10-CM,2025-03-27,449
20003194,R10.9,ICD-10-CM,2024-04-10,98
20003196,K21.9,ICD-10-CM,2026-04-11,15
20003196,F41.9,ICD-10-CM,2026-05-09,43
20003216,L50.9,ICD-10-CM,2026-02-21,98
20003216,J45.909,ICD-10-CM,2026-01-05,51
20003216,I10,ICD-10-CM,2026-02-03,80
20003217,R53.83,ICD-10-CM,2026-05-04,363
20003217,R53.83,ICD-10-CM,2025-06-11,36
20003217,L50.9,ICD-10-CM,2025-08-06,92
20003217,I10,ICD-10-CM,2026-03-17,315
20003217,L50.9,ICD-10-CM,2026-05-08,367
20003222,K21.9,ICD-10-CM,2026-05-04,417
20003222,F41.9,ICD-10-CM,2025-11-28,260
20003224,F41.9,ICD-10-CM,2025-02-01,357
20003224,E78.5,ICD-10-CM,2024-11-06,270
20003224,E78.5,ICD-10-CM,2024-07-19,160
20003224,I10,ICD-10-CM,2024-11-06,270
20003224,L50.9,ICD-10-CM,2024-07-10,151
20003224,R10.9,ICD-10-CM,2025-04-04,419
20003228,F41.9,ICD-10-CM,2024-09-22,183
20003228,K21.9,ICD-10-CM,2024-09-11,172
20003228,I10,ICD-10-CM,2024-04-13,21
20003228,F41.9,ICD-10-CM,2024-11-14,236
20003241,R10.9,ICD-10-CM,2025-09-20,134
20003241,I10,ICD-10-CM,2025-07-15,67
20003241,I10,ICD-10-CM,2025-08-24,107
20003241,M79.7,ICD-10-CM,2025-11-05,180
20003245,R10.9,ICD-10-CM,2025-06-13,495
20003245,J45.909,ICD-10-CM,2024-04-11,67
20003245,R53.83,ICD-10-CM,2025-11-07,642
20003245,R53.83,ICD-10-CM,2024-09-18,227
20003245,R53.83,ICD-10-CM,2025-02-14,376
20003245,M79.7,ICD-10-CM,2025-11-18,653
20003245,M79.7,ICD-10-CM,2025-11-28,663
20003245,E78.5,ICD-10-CM,2025-02-19,381
20003245,I10,ICD-10-CM,2025-01-20,351
20003265,G43.909,ICD-10-CM,2024-04-29,51
20003265,E78.5,ICD-10-CM,2025-01-10,307
20003267,E78.5,ICD-10-CM,2023-12-12,490
20003267,J45.909,ICD-10-CM,2023-05-17,281
20003267,K21.9,ICD-10-CM,2023-10-25,442
20003267,R53.83,ICD-10-CM,2024-01-20,529
20003267,I10,ICD-10-CM,2023-04-17,251
20003267,E78.5,ICD-10-CM,2023-01-15,159
20003267,J45.909,ICD-10-CM,2024-01-31,540
20003267,R10.9,ICD-10-CM,2022-11-09,92
20003269,I10,ICD-10-CM,2025-03-11,352
20003269,K21.9,ICD-10-CM,2026-01-20,667
20003269,I10,ICD-10-CM,2024-12-19,270
20003269,I10,ICD-10-CM,2025-07-25,488
20003269,M79.7,ICD-10-CM,2025-04-21,393
20003270,R53.83,ICD-10-CM,2023-12-19,386
20003270,E78.5,ICD-10-CM,2023-12-18,385
20003270,E78.5,ICD-10-CM,2023-11-24,361
20003270,R10.9,ICD-10-CM,2023-02-10,74
20003270,R53.83,ICD-10-CM,2023-09-11,287
20003270,E78.5,ICD-10-CM,2023-07-16,230
20003270,E78.5,ICD-10-CM,2023-08-24,269
20003281,G43.909,ICD-10-CM,2024-02-07,489
20003281,I10,ICD-10-CM,2025-09-01,1061
20003281,K21.9,ICD-10-CM,2024-01-01,452
20003281,E78.5,ICD-10-CM,2025-01-25,842
20003281,R53.83,ICD-10-CM,2025-06-08,976
20003281,G43.909,ICD-10-CM,2025-10-07,1097
20003281,R10.9,ICD-10-CM,2024-02-16,498
20003281,L50.9,ICD-10-CM,2023-02-04,121
20003281,J45.909,ICD-10-CM,2025-06-29,997
20003289,R53.83,ICD-10-CM,2026-05-06,1387
20003289,M79.7,ICD-10-CM,2025-09-30,1169
20003289,K21.9,ICD-10-CM,2026-02-20,1312
20003289,I10,ICD-10-CM,2024-08-28,771
20003289,G43.909,ICD-10-CM,2025-07-27,1104
20003289,M79.7,ICD-10-CM,2025-06-11,1058
20003289,G43.909,ICD-10-CM,2023-08-11,388
20003289,K21.9,ICD-10-CM,2024-04-28,649
20003289,R10.9,ICD-10-CM,2024-08-15,758
20003289,G43.909,ICD-10-CM,2025-10-12,1181
20003289,R53.83,ICD-10-CM,2023-11-27,496
20003289,R10.9,ICD-10-CM,2024-08-03,746
20003289,J45.909,ICD-10-CM,2025-04-07,993
20003289,K21.9,ICD-10-CM,2025-02-26,953
20003289,J45.909,ICD-10-CM,2026-02-05,1297
20003289,G43.909,ICD-10-CM,2022-12-05,139
20003303,E78.5,ICD-10-CM,2026-05-09,275
20003303,R53.83,ICD-10-CM,2026-02-05,182
20003303,F41.9,ICD-10-CM,2025-11-15,100
20003311,E78.5,ICD-10-CM,2025-11-08,11
20003311,K21.9,ICD-10-CM,2026-01-26,90
20003318,J45.909,ICD-10-CM,2023-07-06,74
20003318,I10,ICD-10-CM,2023-06-09,47
20003318,K21.9,ICD-10-CM,2023-05-28,35
20003318,E78.5,ICD-10-CM,2023-09-03,133
20003318,K21.9,ICD-10-CM,2023-05-02,9
20003318,K21.9,ICD-10-CM,2023-11-23,214
20003321,R53.83,ICD-10-CM,2025-04-28,269
20003321,F41.9,ICD-10-CM,2025-07-16,348
20003321,J45.909,ICD-10-CM,2025-10-30,454
20003321,F41.9,ICD-10-CM,2025-02-08,190
20003323,G43.909,ICD-10-CM,2023-07-25,91
20003323,I10,ICD-10-CM,2023-12-15,234
20003323,K21.9,ICD-10-CM,2023-08-12,109
20003323,R53.83,ICD-10-CM,2023-12-14,233
20003323,I10,ICD-10-CM,2024-01-10,260
20003324,E78.5,ICD-10-CM,2023-09-26,155
20003324,R10.9,ICD-10-CM,2024-01-07,258
20003324,J45.909,ICD-10-CM,2024-04-29,371
20003324,F41.9,ICD-10-CM,2023-06-30,67
20003324,L50.9,ICD-10-CM,2024-09-01,496
20003324,G43.909,ICD-10-CM,2023-06-09,46
20003324,K21.9,ICD-10-CM,2023-05-02,8
20003324,L50.9,ICD-10-CM,2024-06-15,418
20003324,I10,ICD-10-CM,2023-11-20,210
20003330,E78.5,ICD-10-CM,2024-02-02,352
20003330,G43.909,ICD-10-CM,2023-08-11,177
20003330,G43.909,ICD-10-CM,2023-04-24,68
20003330,J45.909,ICD-10-CM,2023-07-25,160
20003338,G43.909,ICD-10-CM,2026-04-04,374
20003338,F41.9,ICD-10-CM,2025-08-16,143
20003338,R10.9,ICD-10-CM,2025-08-10,137
20003338,L50.9,ICD-10-CM,2026-03-06,345
20003338,I10,ICD-10-CM,2026-04-28,398
20003338,M79.7,ICD-10-CM,2026-04-30,400
20003338,R53.83,ICD-10-CM,2025-12-29,278
20003338,J45.909,ICD-10-CM,2026-05-18,418
20003338,E78.5,ICD-10-CM,2026-01-16,296
20003340,L50.9,ICD-10-CM,2023-03-16,262
20003340,M79.7,ICD-10-CM,2022-12-06,162
20003340,I10,ICD-10-CM,2022-11-22,148
20003341,G43.909,ICD-10-CM,2024-10-11,304
20003341,E78.5,ICD-10-CM,2024-06-29,200
20003341,K21.9,ICD-10-CM,2024-11-30,354
20003341,G43.909,ICD-10-CM,2024-05-02,142
20003341,J45.909,ICD-10-CM,2025-09-26,654
20003341,J45.909,ICD-10-CM,2024-01-06,25
20003341,L50.9,ICD-10-CM,2024-06-21,192
20003341,I10,ICD-10-CM,2025-12-18,737
20003341,R53.83,ICD-10-CM,2024-06-16,187
20003341,I10,ICD-10-CM,2024-10-25,318
20003341,J45.909,ICD-10-CM,2025-11-20,709
20003348,I10,ICD-10-CM,2022-09-29,80
20003348,F41.9,ICD-10-CM,2023-10-06,452
20003348,F41.9,ICD-10-CM,2023-07-28,382
20003348,I10,ICD-10-CM,2024-09-13,795
20003348,L50.9,ICD-10-CM,2024-05-01,660
20003348,M79.7,ICD-10-CM,2024-03-09,607
20003348,K21.9,ICD-10-CM,2022-07-30,19
20003348,E78.5,ICD-10-CM,2023-11-11,488
20003348,I10,ICD-10-CM,2024-06-07,697
20003348,L50.9,ICD-10-CM,2022-08-14,34
20003354,G43.909,ICD-10-CM,2023-10-26,645
20003354,E78.5,ICD-10-CM,2025-02-02,1110
20003354,R10.9,ICD-10-CM,2022-12-10,325
20003354,I10,ICD-10-CM,2022-03-12,52
20003354,K21.9,ICD-10-CM,2025-12-12,1423
20003354,F41.9,ICD-10-CM,2022-10-25,279
20003354,R10.9,ICD-10-CM,2026-04-22,1554
20003354,L50.9,ICD-10-CM,2023-06-21,518
20003354,K21.9,ICD-10-CM,2025-04-20,1187
20003354,J45.909,ICD-10-CM,2025-04-15,1182
20003354,I10,ICD-10-CM,2024-03-02,773
20003354,R53.83,ICD-10-CM,2022-11-04,289
20003354,F41.9,ICD-10-CM,2022-11-20,305
20003354,E78.5,ICD-10-CM,2025-03-21,1157
20003357,I10,ICD-10-CM,2024-09-23,693
20003357,J45.909,ICD-10-CM,2023-07-01,243
20003357,E78.5,ICD-10-CM,2024-03-03,489
20003357,R10.9,ICD-10-CM,2024-09-19,689
20003357,K21.9,ICD-10-CM,2025-01-13,805
20003357,R53.83,ICD-10-CM,2025-01-12,804
20003357,E78.5,ICD-10-CM,2023-03-19,139
20003359,E78.5,ICD-10-CM,2026-01-08,256
20003359,K21.9,ICD-10-CM,2025-06-20,54
20003359,G43.909,ICD-10-CM,2025-07-20,84
20003359,J45.909,ICD-10-CM,2025-08-29,124
20003359,J45.909,ICD-10-CM,2025-12-17,234
20003367,R53.83,ICD-10-CM,2023-07-13,541
20003367,R53.83,ICD-10-CM,2023-07-31,559
20003367,L50.9,ICD-10-CM,2023-10-24,644
20003367,I10,ICD-10-CM,2022-08-25,219
20003367,K21.9,ICD-10-CM,2023-10-03,623
20003367,L50.9,ICD-10-CM,2023-03-18,424
20003367,R10.9,ICD-10-CM,2023-11-14,665
20003367,M79.7,ICD-10-CM,2023-11-24,675
20003367,I10,ICD-10-CM,2024-01-28,740
20003367,R10.9,ICD-10-CM,2023-09-03,593
20003367,I10,ICD-10-CM,2022-08-07,201
20003368,I10,ICD-10-CM,2026-05-21,15
20003376,L50.9,ICD-10-CM,2023-08-23,110
20003376,R10.9,ICD-10-CM,2023-06-11,37
20003376,L50.9,ICD-10-CM,2023-08-13,100
20003376,K21.9,ICD-10-CM,2023-09-01,119
20003394,I10,ICD-10-CM,2025-01-04,679
20003394,R53.83,ICD-10-CM,2024-10-11,594
20003394,E78.5,ICD-10-CM,2024-01-16,325
20003394,E78.5,ICD-10-CM,2025-02-27,733
20003394,M79.7,ICD-10-CM,2023-06-05,100
20003394,F41.9,ICD-10-CM,2023-06-09,104
20003395,K21.9,ICD-10-CM,2023-01-24,87
20003395,L50.9,ICD-10-CM,2024-02-08,467
20003395,K21.9,ICD-10-CM,2023-10-26,362
20003395,I10,ICD-10-CM,2023-09-18,324
20003395,I10,ICD-10-CM,2025-05-06,920
20003395,K21.9,ICD-10-CM,2023-09-29,335
20003395,I10,ICD-10-CM,2025-05-27,941
20003401,M79.7,ICD-10-CM,2024-07-04,167
20003401,J45.909,ICD-10-CM,2025-07-06,534
20003401,R53.83,ICD-10-CM,2025-05-31,498
20003401,I10,ICD-10-CM,2025-04-08,445
20003401,I10,ICD-10-CM,2025-10-04,624
20003401,L50.9,ICD-10-CM,2024-05-08,110
20003401,K21.9,ICD-10-CM,2025-09-01,591
20003427,J45.909,ICD-10-CM,2024-05-04,216
20003427,G43.909,ICD-10-CM,2024-12-10,436
20003427,G43.909,ICD-10-CM,2024-05-14,226
20003427,E78.5,ICD-10-CM,2024-08-28,332
20003427,R10.9,ICD-10-CM,2024-01-27,118
20003427,I10,ICD-10-CM,2025-03-03,519
20003427,E78.5,ICD-10-CM,2025-05-01,578
20003429,E78.5,ICD-10-CM,2025-09-06,119
20003429,L50.9,ICD-10-CM,2026-03-18,312
20003429,L50.9,ICD-10-CM,2026-02-18,284
20003429,R53.83,ICD-10-CM,2025-08-05,87
20003429,R10.9,ICD-10-CM,2025-11-15,189
20003429,R53.83,ICD-10-CM,2026-04-28,353
20003429,K21.9,ICD-10-CM,2026-02-12,278
20003438,G43.909,ICD-10-CM,2026-02-26,29
20003438,G43.909,ICD-10-CM,2026-04-15,77
20003440,K21.9,ICD-10-CM,2026-03-30,139
20003440,E78.5,ICD-10-CM,2025-12-03,22
20003445,J45.909,ICD-10-CM,2026-05-30,61
20003445,L50.9,ICD-10-CM,2026-04-10,11
20003445,L50.9,ICD-10-CM,2026-05-08,39
20003458,J45.909,ICD-10-CM,2025-08-12,489
20003458,E78.5,ICD-10-CM,2024-09-05,148
20003458,K21.9,ICD-10-CM,2025-06-10,426
20003458,J45.909,ICD-10-CM,2024-08-03,115
20003458,M79.7,ICD-10-CM,2025-02-20,316
20003466,R53.83,ICD-10-CM,2026-04-12,438
20003466,I10,ICD-10-CM,2025-02-14,16
20003466,E78.5,ICD-10-CM,2026-02-03,370
20003466,I10,ICD-10-CM,2025-07-21,173
20003466,G43.909,ICD-10-CM,2026-01-12,348
20003466,J45.909,ICD-10-CM,2026-05-25,481
20003466,G43.909,ICD-10-CM,2026-04-13,439
20003468,F41.9,ICD-10-CM,2026-05-31,1
20003475,L50.9,ICD-10-CM,2026-01-11,364
20003475,R53.83,ICD-10-CM,2025-12-09,331
20003475,F41.9,ICD-10-CM,2025-05-18,126
20003475,I10,ICD-10-CM,2025-04-06,84
20003475,G43.909,ICD-10-CM,2025-09-06,237
20003475,E78.5,ICD-10-CM,2026-01-05,358
20003481,L50.9,ICD-10-CM,2025-07-23,32
20003481,I10,ICD-10-CM,2025-11-05,137
20003481,F41.9,ICD-10-CM,2025-11-08,140
20003485,J45.909,ICD-10-CM,2023-03-18,103
20003485,F41.9,ICD-10-CM,2023-02-06,63
20003485,G43.909,ICD-10-CM,2023-01-13,39
20003485,L50.9,ICD-10-CM,2023-03-15,100
20003485,M79.7,ICD-10-CM,2023-03-25,110
20003489,F41.9,ICD-10-CM,2026-05-25,17
20003490,I10,ICD-10-CM,2025-03-15,568
20003490,F41.9,ICD-10-CM,2025-05-11,625
20003490,R10.9,ICD-10-CM,2023-12-04,101
20003490,E78.5,ICD-10-CM,2024-08-05,346
20003490,F41.9,ICD-10-CM,2024-10-09,411
20003490,K21.9,ICD-10-CM,2023-11-14,81
20003490,G43.909,ICD-10-CM,2023-09-24,30
20003490,E78.5,ICD-10-CM,2024-12-14,477
20003499,E78.5,ICD-10-CM,2026-04-03,121
20003499,I10,ICD-10-CM,2026-04-15,133
20003499,M79.7,ICD-10-CM,2026-05-13,161
20003511,R53.83,ICD-10-CM,2026-05-03,48
20003515,K21.9,ICD-10-CM,2026-01-16,123
20003515,L50.9,ICD-10-CM,2025-12-19,95
20003515,F41.9,ICD-10-CM,2025-11-25,71
20003515,R53.83,ICD-10-CM,2026-03-16,182
20003515,I10,ICD-10-CM,2025-12-01,77
20003517,L50.9,ICD-10-CM,2023-12-19,281
20003517,K21.9,ICD-10-CM,2025-05-07,786
20003517,I10,ICD-10-CM,2025-04-22,771
20003517,R53.83,ICD-10-CM,2024-11-03,601
20003517,K21.9,ICD-10-CM,2023-11-23,255
20003517,R10.9,ICD-10-CM,2024-03-30,383
20003517,I10,ICD-10-CM,2023-12-11,273
20003517,E78.5,ICD-10-CM,2024-08-17,523
20003517,I10,ICD-10-CM,2023-08-20,160
20003517,I10,ICD-10-CM,2023-11-08,240
20003522,I10,ICD-10-CM,2025-08-14,37
20003522,M79.7,ICD-10-CM,2025-11-18,133
20003522,M79.7,ICD-10-CM,2026-03-05,240
20003522,J45.909,ICD-10-CM,2026-01-14,190
20003522,J45.909,ICD-10-CM,2026-01-25,201
20003546,R53.83,ICD-10-CM,2024-02-07,419
20003546,I10,ICD-10-CM,2024-04-24,496
20003546,R53.83,ICD-10-CM,2024-04-30,502
20003546,J45.909,ICD-10-CM,2023-12-04,354
20003546,R53.83,ICD-10-CM,2023-01-13,29
20003546,E78.5,ICD-10-CM,2024-08-16,610
20003546,R10.9,ICD-10-CM,2024-05-27,529
20003546,J45.909,ICD-10-CM,2022-12-18,3
20003547,K21.9,ICD-10-CM,2024-07-23,324
20003547,F41.9,ICD-10-CM,2024-11-07,431
20003551,M79.7,ICD-10-CM,2025-10-25,50
20003551,E78.5,ICD-10-CM,2026-05-06,243
20003551,R10.9,ICD-10-CM,2026-04-08,215
20003551,I10,ICD-10-CM,2026-02-11,159
20003551,F41.9,ICD-10-CM,2026-05-08,245
20003551,G43.909,ICD-10-CM,2025-10-07,32
20003562,F41.9,ICD-10-CM,2024-08-29,78
20003562,R10.9,ICD-10-CM,2024-11-09,150
20003562,I10,ICD-10-CM,2024-10-01,111
20003565,G43.909,ICD-10-CM,2023-07-21,548
20003565,I10,ICD-10-CM,2023-08-28,586
20003565,R53.83,ICD-10-CM,2024-04-01,803
20003565,J45.909,ICD-10-CM,2022-11-07,292
20003565,E78.5,ICD-10-CM,2023-02-11,388
20003565,G43.909,ICD-10-CM,2024-01-28,739
20003565,M79.7,ICD-10-CM,2023-01-24,370
20003565,G43.909,ICD-10-CM,2023-07-01,528
20003565,J45.909,ICD-10-CM,2022-12-09,324
20003565,L50.9,ICD-10-CM,2023-11-01,651
20003565,R10.9,ICD-10-CM,2023-10-16,635
20003568,F41.9,ICD-10-CM,2024-11-17,410
20003568,K21.9,ICD-10-CM,2026-02-10,860
20003568,E78.5,ICD-10-CM,2025-11-23,781
20003568,L50.9,ICD-10-CM,2024-10-14,376
20003568,L50.9,ICD-10-CM,2025-02-07,492
20003568,I10,ICD-10-CM,2024-03-07,155
20003568,K21.9,ICD-10-CM,2024-01-25,113
20003568,F41.9,ICD-10-CM,2024-11-18,411
20003568,R53.83,ICD-10-CM,2024-06-24,264
20003568,R53.83,ICD-10-CM,2026-05-08,947
20003568,L50.9,ICD-10-CM,2024-07-01,271
20003576,F41.9,ICD-10-CM,2023-03-12,142
20003576,G43.909,ICD-10-CM,2024-03-09,505
20003576,G43.909,ICD-10-CM,2024-01-12,448
20003576,I10,ICD-10-CM,2022-12-15,55
20003584,K21.9,ICD-10-CM,2024-02-02,382
20003584,K21.9,ICD-10-CM,2023-04-17,91
20003584,F41.9,ICD-10-CM,2023-03-04,47
20003584,I10,ICD-10-CM,2023-05-08,112
20003584,E78.5,ICD-10-CM,2023-12-25,343
20003584,R53.83,ICD-10-CM,2023-09-06,233
20003584,J45.909,ICD-10-CM,2023-07-30,195
20003584,F41.9,ICD-10-CM,2024-01-21,370
20003587,R53.83,ICD-10-CM,2024-11-06,26
20003587,J45.909,ICD-10-CM,2026-02-08,485
20003588,I10,ICD-10-CM,2026-01-06,66
20003588,I10,ICD-10-CM,2025-11-20,19
20003588,M79.7,ICD-10-CM,2026-01-11,71
20003588,I10,ICD-10-CM,2025-11-17,16
20003588,R53.83,ICD-10-CM,2026-02-28,119
20003590,R10.9,ICD-10-CM,2025-08-07,384
20003590,R53.83,ICD-10-CM,2025-12-10,509
20003590,I10,ICD-10-CM,2025-08-05,382
20003590,R10.9,ICD-10-CM,2024-11-07,111
20003590,F41.9,ICD-10-CM,2026-04-07,627
20003608,R10.9,ICD-10-CM,2026-04-06,62
20003608,M79.7,ICD-10-CM,2026-04-10,66
20003608,F41.9,ICD-10-CM,2026-02-18,15
20003608,I10,ICD-10-CM,2026-04-15,71
20003613,K21.9,ICD-10-CM,2022-07-13,79
20003613,L50.9,ICD-10-CM,2022-05-04,9
20003613,E78.5,ICD-10-CM,2022-05-28,33
20003613,R10.9,ICD-10-CM,2022-06-12,48
20003613,F41.9,ICD-10-CM,2022-06-06,42
20003616,R10.9,ICD-10-CM,2026-01-12,243
20003616,E78.5,ICD-10-CM,2026-01-01,232
20003616,R53.83,ICD-10-CM,2025-11-29,199
20003616,R10.9,ICD-10-CM,2025-10-20,159
20003616,R53.83,ICD-10-CM,2026-03-13,303
20003616,E78.5,ICD-10-CM,2025-09-14,123
20003616,I10,ICD-10-CM,2026-03-08,298
20003627,E78.5,ICD-10-CM,2026-05-20,71
20003627,K21.9,ICD-10-CM,2026-04-08,29
20003627,E78.5,ICD-10-CM,2026-05-03,54
20003627,K21.9,ICD-10-CM,2026-04-03,24
20003631,G43.909,ICD-10-CM,2024-08-05,158
20003631,M79.7,ICD-10-CM,2024-06-30,122
20003631,I10,ICD-10-CM,2024-04-19,50
20003631,M79.7,ICD-10-CM,2024-03-24,24
20003631,R53.83,ICD-10-CM,2024-11-11,256
20003642,I10,ICD-10-CM,2024-10-04,243
20003642,J45.909,ICD-10-CM,2024-02-15,11
20003642,G43.909,ICD-10-CM,2024-12-29,329
20003644,R53.83,ICD-10-CM,2023-05-08,182
20003644,I10,ICD-10-CM,2023-04-22,166
20003644,I10,ICD-10-CM,2023-02-28,113
20003644,R53.83,ICD-10-CM,2022-11-27,20
20003644,G43.909,ICD-10-CM,2023-08-11,277
20003644,K21.9,ICD-10-CM,2022-12-09,32
20003644,K21.9,ICD-10-CM,2024-03-21,500
20003645,R53.83,ICD-10-CM,2024-04-22,20
20003645,G43.909,ICD-10-CM,2024-04-30,28
20003645,I10,ICD-10-CM,2024-07-13,102
20003649,I10,ICD-10-CM,2024-12-31,813
20003649,I10,ICD-10-CM,2023-06-22,255
20003649,F41.9,ICD-10-CM,2024-10-25,746
20003649,M79.7,ICD-10-CM,2023-08-18,312
20003649,J45.909,ICD-10-CM,2024-03-08,515
20003649,R53.83,ICD-10-CM,2022-12-30,81
20003649,J45.909,ICD-10-CM,2023-10-20,375
20003658,J45.909,ICD-10-CM,2026-04-16,19
20003658,R10.9,ICD-10-CM,2026-05-11,44
20003658,K21.9,ICD-10-CM,2026-05-17,50
20003665,L50.9,ICD-10-CM,2023-01-13,6
20003665,G43.909,ICD-10-CM,2023-05-21,134
20003665,I10,ICD-10-CM,2023-01-13,6
20003668,R10.9,ICD-10-CM,2024-11-01,475
20003668,E78.5,ICD-10-CM,2024-02-24,224
20003668,K21.9,ICD-10-CM,2023-08-16,32
20003668,G43.909,ICD-10-CM,2024-02-06,206
20003668,G43.909,ICD-10-CM,2023-10-12,89
20003668,M79.7,ICD-10-CM,2024-10-28,471
20003676,K21.9,ICD-10-CM,2024-04-12,72
20003676,F41.9,ICD-10-CM,2024-02-20,20
20003676,G43.909,ICD-10-CM,2025-04-12,437
20003676,L50.9,ICD-10-CM,2025-05-20,475
20003676,I10,ICD-10-CM,2025-02-28,394
20003676,I10,ICD-10-CM,2025-05-30,485
20003676,F41.9,ICD-10-CM,2024-07-11,162
20003676,F41.9,ICD-10-CM,2024-02-21,21
20003676,K21.9,ICD-10-CM,2025-10-14,622
20003676,K21.9,ICD-10-CM,2024-09-26,239
20003677,L50.9,ICD-10-CM,2026-02-25,156
20003677,E78.5,ICD-10-CM,2026-02-14,145
20003686,G43.909,ICD-10-CM,2026-01-06,523
20003686,F41.9,ICD-10-CM,2025-06-05,308
20003686,M79.7,ICD-10-CM,2026-05-03,640
20003686,G43.909,ICD-10-CM,2025-02-16,199
20003686,L50.9,ICD-10-CM,2025-10-04,429
20003686,J45.909,ICD-10-CM,2026-05-12,649
20003702,R53.83,ICD-10-CM,2022-05-29,79
20003705,E78.5,ICD-10-CM,2025-11-15,610
20003705,E78.5,ICD-10-CM,2025-08-10,513
20003705,K21.9,ICD-10-CM,2026-01-01,657
20003705,R53.83,ICD-10-CM,2025-09-09,543
20003705,E78.5,ICD-10-CM,2024-12-18,278
20003705,K21.9,ICD-10-CM,2024-12-12,272
20003705,M79.7,ICD-10-CM,2026-01-09,665
20003705,J45.909,ICD-10-CM,2024-07-18,125
20003705,I10,ICD-10-CM,2024-09-24,193
20003705,G43.909,ICD-10-CM,2025-04-06,387
20003707,L50.9,ICD-10-CM,2026-04-08,73
20003707,E78.5,ICD-10-CM,2026-04-09,74
20003712,K21.9,ICD-10-CM,2024-06-20,224
20003712,L50.9,ICD-10-CM,2024-08-11,276
20003712,R10.9,ICD-10-CM,2024-02-19,102
20003719,K21.9,ICD-10-CM,2025-03-16,33
20003719,R10.9,ICD-10-CM,2025-03-01,18
20003719,E78.5,ICD-10-CM,2026-02-18,372
20003719,L50.9,ICD-10-CM,2025-04-04,52
20003719,K21.9,ICD-10-CM,2025-05-13,91
20003719,I10,ICD-10-CM,2025-02-20,9
20003719,R10.9,ICD-10-CM,2026-01-31,354
20003719,K21.9,ICD-10-CM,2025-05-01,79
20003728,R53.83,ICD-10-CM,2025-01-23,561
20003728,R10.9,ICD-10-CM,2025-02-05,574
20003728,R53.83,ICD-10-CM,2024-12-06,513
20003731,R53.83,ICD-10-CM,2025-09-17,54
20003731,F41.9,ICD-10-CM,2025-07-28,3
20003731,I10,ICD-10-CM,2026-01-22,181
20003731,R53.83,ICD-10-CM,2026-04-07,256
20003731,K21.9,ICD-10-CM,2026-03-22,240
20003731,R53.83,ICD-10-CM,2026-05-01,280
20003731,I10,ICD-10-CM,2025-12-25,153
20003733,I10,ICD-10-CM,2022-10-12,79
20003733,I10,ICD-10-CM,2023-07-09,349
20003733,I10,ICD-10-CM,2023-07-25,365
20003733,M79.7,ICD-10-CM,2024-02-07,562
20003733,K21.9,ICD-10-CM,2023-01-20,179
20003733,K21.9,ICD-10-CM,2023-05-17,296
20003733,K21.9,ICD-10-CM,2024-02-11,566
20003743,I10,ICD-10-CM,2025-10-14,188
20003743,E78.5,ICD-10-CM,2025-07-28,110
20003744,R10.9,ICD-10-CM,2025-01-19,28
20003744,I10,ICD-10-CM,2025-07-25,215
20003744,R10.9,ICD-10-CM,2025-10-21,303
20003744,I10,ICD-10-CM,2025-05-02,131
20003756,F41.9,ICD-10-CM,2025-05-15,42
20003756,E78.5,ICD-10-CM,2025-05-13,40
20003756,R10.9,ICD-10-CM,2025-08-15,134
20003756,F41.9,ICD-10-CM,2026-04-13,375
20003756,M79.7,ICD-10-CM,2026-03-27,358
20003761,M79.7,ICD-10-CM,2025-05-14,356
20003761,R10.9,ICD-10-CM,2026-01-25,612
20003761,E78.5,ICD-10-CM,2024-09-28,128
20003761,K21.9,ICD-10-CM,2024-11-30,191
20003761,K21.9,ICD-10-CM,2026-04-11,688
20003761,J45.909,ICD-10-CM,2026-04-26,703
20003761,E78.5,ICD-10-CM,2024-06-14,22
20003761,K21.9,ICD-10-CM,2026-05-12,719
20003769,F41.9,ICD-10-CM,2025-06-17,1263
20003769,R53.83,ICD-10-CM,2025-04-20,1205
20003769,M79.7,ICD-10-CM,2022-12-31,364
20003769,G43.909,ICD-10-CM,2023-05-15,499
20003769,L50.9,ICD-10-CM,2026-04-10,1560
20003769,R53.83,ICD-10-CM,2024-01-19,748
20003769,R53.83,ICD-10-CM,2022-04-10,99
20003769,L50.9,ICD-10-CM,2022-03-25,83
20003769,M79.7,ICD-10-CM,2024-03-14,803
20003769,R10.9,ICD-10-CM,2022-02-02,32
20003769,I10,ICD-10-CM,2025-08-08,1315
20003769,R53.83,ICD-10-CM,2026-02-09,1500
20003769,K21.9,ICD-10-CM,2025-10-31,1399
20003769,K21.9,ICD-10-CM,2023-04-18,472
20003776,R53.83,ICD-10-CM,2025-09-01,171
20003776,L50.9,ICD-10-CM,2025-03-16,2
20003776,G43.909,ICD-10-CM,2025-11-19,250
20003776,R53.83,ICD-10-CM,2026-02-10,333
20003776,L50.9,ICD-10-CM,2025-06-16,94
20003776,F41.9,ICD-10-CM,2025-05-17,64
20003776,K21.9,ICD-10-CM,2025-07-12,120
20003776,K21.9,ICD-10-CM,2025-07-26,134
20003809,E78.5,ICD-10-CM,2026-03-02,23
20003809,L50.9,ICD-10-CM,2026-03-18,39
20003809,I10,ICD-10-CM,2026-02-21,14
20003809,K21.9,ICD-10-CM,2026-04-16,68
20003813,G43.909,ICD-10-CM,2024-04-04,544
20003813,E78.5,ICD-10-CM,2024-05-01,571
20003813,K21.9,ICD-10-CM,2023-07-27,292
20003813,G43.909,ICD-10-CM,2025-05-02,937
20003813,G43.909,ICD-10-CM,2024-11-19,773
20003813,F41.9,ICD-10-CM,2023-02-15,130
20003813,R53.83,ICD-10-CM,2024-09-17,710
20003813,R53.83,ICD-10-CM,2023-12-31,449
20003818,E78.5,ICD-10-CM,2025-07-14,83
20003818,L50.9,ICD-10-CM,2025-09-14,145
20003818,J45.909,ICD-10-CM,2025-06-10,49
20003818,I10,ICD-10-CM,2025-09-02,133
20003818,K21.9,ICD-10-CM,2025-10-27,188
20003818,F41.9,ICD-10-CM,2025-12-22,244
20003821,J45.909,ICD-10-CM,2026-03-21,90
20003821,K21.9,ICD-10-CM,2026-04-30,130
20003821,J45.909,ICD-10-CM,2026-04-08,108
20003823,F41.9,ICD-10-CM,2025-11-18,294
20003823,L50.9,ICD-10-CM,2026-05-12,469
20003823,G43.909,ICD-10-CM,2025-03-31,62
20003823,L50.9,ICD-10-CM,2026-01-11,348
20003838,J45.909,ICD-10-CM,2024-08-05,70
20003838,R10.9,ICD-10-CM,2025-02-28,277
20003838,R53.83,ICD-10-CM,2024-05-29,2
20003842,G43.909,ICD-10-CM,2024-05-17,35
20003842,G43.909,ICD-10-CM,2024-09-22,163
20003842,G43.909,ICD-10-CM,2025-07-06,450
20003842,K21.9,ICD-10-CM,2025-08-09,484
20003842,R53.83,ICD-10-CM,2025-09-10,516
20003845,R53.83,ICD-10-CM,2025-04-26,62
20003845,R10.9,ICD-10-CM,2025-03-06,11
20003845,E78.5,ICD-10-CM,2025-03-14,19
20003846,R10.9,ICD-10-CM,2024-04-19,656
20003846,G43.909,ICD-10-CM,2023-12-31,546
20003846,I10,ICD-10-CM,2022-10-08,97
20003846,M79.7,ICD-10-CM,2022-09-04,63
20003846,I10,ICD-10-CM,2024-02-15,592
20003846,R10.9,ICD-10-CM,2023-08-23,416
20003846,R53.83,ICD-10-CM,2023-08-08,401
20003846,R10.9,ICD-10-CM,2023-10-17,471
20003846,K21.9,ICD-10-CM,2023-05-25,326
20003847,R53.83,ICD-10-CM,2024-02-07,476
20003847,I10,ICD-10-CM,2023-04-17,180
20003847,I10,ICD-10-CM,2023-04-05,168
20003847,L50.9,ICD-10-CM,2024-02-06,475
20003847,E78.5,ICD-10-CM,2023-11-28,405
20003847,E78.5,ICD-10-CM,2022-11-21,33
20003847,M79.7,ICD-10-CM,2023-12-02,409
20003855,K21.9,ICD-10-CM,2025-09-21,61
20003856,L50.9,ICD-10-CM,2026-05-07,142
20003856,F41.9,ICD-10-CM,2026-03-10,84
20003864,R53.83,ICD-10-CM,2024-08-28,100
20003864,K21.9,ICD-10-CM,2024-12-04,198
20003864,L50.9,ICD-10-CM,2025-06-19,395
20003864,K21.9,ICD-10-CM,2025-04-21,336
20003864,R53.83,ICD-10-CM,2025-02-18,274
20003864,R10.9,ICD-10-CM,2024-06-08,19
20003875,I10,ICD-10-CM,2026-01-18,162
20003875,L50.9,ICD-10-CM,2026-02-01,176
20003875,M79.7,ICD-10-CM,2025-10-16,68
20003875,K21.9,ICD-10-CM,2026-05-07,271
20003875,L50.9,ICD-10-CM,2026-01-18,162
20003886,K21.9,ICD-10-CM,2026-03-12,64
20003886,G43.909,ICD-10-CM,2026-02-16,40
20003887,K21.9,ICD-10-CM,2026-04-03,147
20003887,J45.909,ICD-10-CM,2025-12-16,39
20003887,R10.9,ICD-10-CM,2026-01-27,81
20003887,I10,ICD-10-CM,2025-11-13,6
20003892,R53.83,ICD-10-CM,2021-11-08,28
20003892,G43.909,ICD-10-CM,2022-02-01,113
20003895,K21.9,ICD-10-CM,2025-01-21,738
20003895,M79.7,ICD-10-CM,2025-01-11,728
20003895,K21.9,ICD-10-CM,2023-07-08,175
20003895,F41.9,ICD-10-CM,2025-01-18,735
20003895,M79.7,ICD-10-CM,2023-05-05,111
20003895,R10.9,ICD-10-CM,2024-06-13,516
20003895,I10,ICD-10-CM,2023-07-30,197
20003897,R10.9,ICD-10-CM,2026-02-28,78
20003897,M79.7,ICD-10-CM,2026-04-17,126
20003897,I10,ICD-10-CM,2026-03-26,104
20003905,R53.83,ICD-10-CM,2025-06-26,667
20003905,G43.909,ICD-10-CM,2025-05-11,621
20003905,L50.9,ICD-10-CM,2026-01-15,870
20003905,M79.7,ICD-10-CM,2023-11-16,79
20003905,G43.909,ICD-10-CM,2025-01-09,499
20003905,G43.909,ICD-10-CM,2025-09-12,745
20003905,R53.83,ICD-10-CM,2024-04-02,217
20003916,R10.9,ICD-10-CM,2023-06-24,317
20003916,E78.5,ICD-10-CM,2023-11-24,470
20003916,F41.9,ICD-10-CM,2023-02-27,200
20003916,J45.909,ICD-10-CM,2023-09-04,389
20003916,K21.9,ICD-10-CM,2023-05-13,275
20003916,J45.909,ICD-10-CM,2023-02-08,181
20003916,E78.5,ICD-10-CM,2023-03-11,212
20003916,R10.9,ICD-10-CM,2023-12-25,501
20003916,R53.83,ICD-10-CM,2023-12-24,500
20003922,M79.7,ICD-10-CM,2025-04-11,307
20003922,J45.909,ICD-10-CM,2024-10-14,128
20003922,F41.9,ICD-10-CM,2025-07-23,410
20003922,I10,ICD-10-CM,2025-10-10,489
20003922,K21.9,ICD-10-CM,2025-07-07,394
20003922,R53.83,ICD-10-CM,2026-01-14,585
20003935,K21.9,ICD-10-CM,2023-09-10,200
20003935,M79.7,ICD-10-CM,2023-08-08,167
20003935,R53.83,ICD-10-CM,2024-03-13,385
20003935,I10,ICD-10-CM,2024-07-04,498
20003935,E78.5,ICD-10-CM,2024-04-13,416
20003935,R53.83,ICD-10-CM,2023-04-05,42
20003935,E78.5,ICD-10-CM,2023-02-24,2
20003939,I10,ICD-10-CM,2026-01-01,353
20003939,K21.9,ICD-10-CM,2025-03-21,67
20003939,R53.83,ICD-10-CM,2025-09-28,258
20003941,I10,ICD-10-CM,2026-05-26,44
20003942,R53.83,ICD-10-CM,2023-01-24,385
20003942,I10,ICD-10-CM,2022-07-15,192
20003942,J45.909,ICD-10-CM,2022-11-02,302
20003942,I10,ICD-10-CM,2022-02-26,53
20003952,F41.9,ICD-10-CM,2025-06-03,564
20003952,R10.9,ICD-10-CM,2023-12-29,42
20003952,R10.9,ICD-10-CM,2025-07-28,619
20003952,I10,ICD-10-CM,2024-10-23,341
20003952,F41.9,ICD-10-CM,2025-11-04,718
20003952,L50.9,ICD-10-CM,2024-01-14,58
20003952,G43.909,ICD-10-CM,2025-12-30,774
20003972,L50.9,ICD-10-CM,2022-10-14,24
20003972,R53.83,ICD-10-CM,2022-12-06,77
20003972,R10.9,ICD-10-CM,2023-02-25,158
20003972,I10,ICD-10-CM,2023-12-06,442
20003975,K21.9,ICD-10-CM,2026-05-15,18
20003975,I10,ICD-10-CM,2026-05-29,32
20003976,K21.9,ICD-10-CM,2026-05-08,40
20003976,J45.909,ICD-10-CM,2026-04-08,10
20003976,R10.9,ICD-10-CM,2026-03-31,2
20003988,F41.9,ICD-10-CM,2022-12-22,5
20003988,R53.83,ICD-10-CM,2023-12-17,365
20003988,K21.9,ICD-10-CM,2024-04-08,478
20003988,R53.83,ICD-10-CM,2023-04-04,108
20003988,M79.7,ICD-10-CM,2023-07-01,196
20003988,R53.83,ICD-10-CM,2023-07-22,217
20003988,I10,ICD-10-CM,2023-09-22,279
20003992,K21.9,ICD-10-CM,2025-08-03,109
20003992,R53.83,ICD-10-CM,2025-05-28,42
20003992,K21.9,ICD-10-CM,2026-05-25,404
20003998,E78.5,ICD-10-CM,2022-12-30,140
20003998,I10,ICD-10-CM,2022-08-28,16
20003998,G43.909,ICD-10-CM,2022-10-11,60
20004003,K21.9,ICD-10-CM,2024-05-02,243
20004003,J45.909,ICD-10-CM,2025-02-09,526
20004003,R53.83,ICD-10-CM,2025-02-03,520
20004003,R53.83,ICD-10-CM,2024-05-11,252
20004003,E78.5,ICD-10-CM,2025-12-28,848
20004003,R10.9,ICD-10-CM,2024-10-13,407
20004003,E78.5,ICD-10-CM,2024-12-19,474
20004012,R53.83,ICD-10-CM,2024-09-15,629
20004012,K21.9,ICD-10-CM,2025-09-06,985
20004012,I10,ICD-10-CM,2023-06-05,161
20004012,M79.7,ICD-10-CM,2024-03-05,435
20004012,K21.9,ICD-10-CM,2023-08-04,221
20004012,L50.9,ICD-10-CM,2026-02-23,1155
20004012,K21.9,ICD-10-CM,2024-07-03,555
20004012,G43.909,ICD-10-CM,2025-09-07,986
20004012,R10.9,ICD-10-CM,2024-12-01,706
20004012,K21.9,ICD-10-CM,2024-05-17,508
20004012,R53.83,ICD-10-CM,2024-07-20,572
20004012,E78.5,ICD-10-CM,2024-10-31,675
20004012,E78.5,ICD-10-CM,2022-12-31,5
20004019,R53.83,ICD-10-CM,2025-05-10,220
20004019,E78.5,ICD-10-CM,2025-05-03,213
20004019,L50.9,ICD-10-CM,2025-10-01,364
20004019,J45.909,ICD-10-CM,2025-02-08,129
20004019,K21.9,ICD-10-CM,2025-05-23,233
20004019,I10,ICD-10-CM,2025-06-01,242
20004025,I10,ICD-10-CM,2023-01-13,12
20004025,R10.9,ICD-10-CM,2023-04-10,99
20004025,K21.9,ICD-10-CM,2023-01-10,9
20004028,E78.5,ICD-10-CM,2024-11-03,173
20004028,E78.5,ICD-10-CM,2024-06-18,35
20004028,R10.9,ICD-10-CM,2024-11-29,199
20004028,I10,ICD-10-CM,2024-08-28,106
20004049,E78.5,ICD-10-CM,2023-11-05,145
20004049,G43.909,ICD-10-CM,2023-09-10,89
20004049,G43.909,ICD-10-CM,2024-04-10,302
20004051,M79.7,ICD-10-CM,2024-07-20,42
20004051,E78.5,ICD-10-CM,2025-06-03,360
20004051,G43.909,ICD-10-CM,2024-12-26,201
20004051,I10,ICD-10-CM,2025-09-04,453
20004051,F41.9,ICD-10-CM,2024-08-17,70
20004051,J45.909,ICD-10-CM,2024-09-05,89
20004054,G43.909,ICD-10-CM,2026-02-07,60
20004054,K21.9,ICD-10-CM,2026-03-10,91
20004054,K21.9,ICD-10-CM,2026-01-12,34
20004063,K21.9,ICD-10-CM,2024-05-11,320
20004063,R10.9,ICD-10-CM,2024-01-19,207
20004063,F41.9,ICD-10-CM,2024-08-11,412
20004063,J45.909,ICD-10-CM,2023-10-27,123
20004063,I10,ICD-10-CM,2024-06-16,356
20004063,F41.9,ICD-10-CM,2024-08-13,414
20004076,F41.9,ICD-10-CM,2023-04-26,386
20004076,R53.83,ICD-10-CM,2023-05-10,400
20004076,R53.83,ICD-10-CM,2025-05-28,1149
20004076,G43.909,ICD-10-CM,2025-09-05,1249
20004076,F41.9,ICD-10-CM,2022-11-23,232
20004076,I10,ICD-10-CM,2024-03-27,722
20004076,I10,ICD-10-CM,2022-08-28,145
20004076,J45.909,ICD-10-CM,2024-08-17,865
20004076,R53.83,ICD-10-CM,2023-06-20,441
20004076,M79.7,ICD-10-CM,2022-11-13,222
20004076,G43.909,ICD-10-CM,2026-02-24,1421
20004076,I10,ICD-10-CM,2023-02-07,308
20004076,F41.9,ICD-10-CM,2024-09-09,888
20004076,G43.909,ICD-10-CM,2026-03-20,1445
20004077,K21.9,ICD-10-CM,2024-04-08,478
20004077,R10.9,ICD-10-CM,2024-07-23,584
20004077,K21.9,ICD-10-CM,2023-04-30,134
20004077,J45.909,ICD-10-CM,2023-07-06,201
20004077,G43.909,ICD-10-CM,2023-06-13,178
20004082,I10,ICD-10-CM,2025-08-13,4
20004082,G43.909,ICD-10-CM,2026-04-21,255
20004082,R53.83,ICD-10-CM,2025-11-18,101
20004082,R53.83,ICD-10-CM,2025-08-17,8
20004082,I10,ICD-10-CM,2025-12-02,115
20004092,R53.83,ICD-10-CM,2022-06-05,65
20004092,K21.9,ICD-10-CM,2022-09-28,180
20004092,K21.9,ICD-10-CM,2022-09-12,164
20004092,M79.7,ICD-10-CM,2023-04-06,370
20004092,K21.9,ICD-10-CM,2022-11-12,225
20004098,J45.909,ICD-10-CM,2026-02-19,740
20004098,R10.9,ICD-10-CM,2025-11-21,650
20004098,E78.5,ICD-10-CM,2026-02-24,745
20004098,G43.909,ICD-10-CM,2025-02-27,383
20004098,R53.83,ICD-10-CM,2025-05-03,448
20004098,R53.83,ICD-10-CM,2024-04-02,52
20004100,J45.909,ICD-10-CM,2026-03-23,106
20004100,I10,ICD-10-CM,2026-03-19,102
20004105,I10,ICD-10-CM,2024-05-21,87
20004105,K21.9,ICD-10-CM,2024-08-13,171
20004111,F41.9,ICD-10-CM,2026-04-26,21
20004112,F41.9,ICD-10-CM,2026-03-05,3
20004113,K21.9,ICD-10-CM,2022-11-15,155
20004113,I10,ICD-10-CM,2023-02-04,236
20004114,R53.83,ICD-10-CM,2022-03-21,54
20004114,G43.909,ICD-10-CM,2022-08-27,213
20004114,L50.9,ICD-10-CM,2023-01-03,342
20004114,L50.9,ICD-10-CM,2023-02-06,376
20004114,E78.5,ICD-10-CM,2023-01-04,343
20004120,I10,ICD-10-CM,2024-01-25,155
20004120,J45.909,ICD-10-CM,2024-08-12,355
20004125,G43.909,ICD-10-CM,2025-12-15,1195
20004125,G43.909,ICD-10-CM,2024-10-10,764
20004125,L50.9,ICD-10-CM,2026-01-29,1240
20004125,K21.9,ICD-10-CM,2022-10-16,39
20004125,R10.9,ICD-10-CM,2025-10-09,1128
20004125,K21.9,ICD-10-CM,2024-01-02,482
20004125,K21.9,ICD-10-CM,2025-10-18,1137
20004125,J45.909,ICD-10-CM,2024-04-05,576
20004168,E78.5,ICD-10-CM,2026-02-13,52
20004168,G43.909,ICD-10-CM,2025-12-28,5
20004168,R10.9,ICD-10-CM,2026-05-28,156
20004179,I10,ICD-10-CM,2026-04-24,201
20004179,R10.9,ICD-10-CM,2026-05-11,218
20004179,L50.9,ICD-10-CM,2026-03-04,150
20004179,G43.909,ICD-10-CM,2025-12-27,83
20004180,R10.9,ICD-10-CM,2026-03-04,1317
20004180,R53.83,ICD-10-CM,2022-12-07,134
20004180,K21.9,ICD-10-CM,2022-11-17,114
20004180,K21.9,ICD-10-CM,2022-12-11,138
20004180,G43.909,ICD-10-CM,2022-11-18,115
20004180,F41.9,ICD-10-CM,2023-12-24,516
20004180,K21.9,ICD-10-CM,2026-02-12,1297
20004180,E78.5,ICD-10-CM,2025-12-09,1232
20004180,F41.9,ICD-10-CM,2025-12-29,1252
20004180,R10.9,ICD-10-CM,2022-09-05,41
20004180,F41.9,ICD-10-CM,2024-08-02,738
20004180,E78.5,ICD-10-CM,2024-06-18,693
20004180,K21.9,ICD-10-CM,2025-01-09,898
20004180,G43.909,ICD-10-CM,2024-03-30,613
20004197,L50.9,ICD-10-CM,2024-09-11,728
20004197,R53.83,ICD-10-CM,2023-10-22,403
20004197,R53.83,ICD-10-CM,2023-05-19,247
20004197,E78.5,ICD-10-CM,2023-09-15,366
20004199,I10,ICD-10-CM,2026-04-27,9
20004199,K21.9,ICD-10-CM,2026-05-22,34
20004202,L50.9,ICD-10-CM,2024-12-09,31
20004202,J45.909,ICD-10-CM,2024-11-19,11
20004202,R10.9,ICD-10-CM,2025-06-06,210
20004202,L50.9,ICD-10-CM,2024-11-20,12
20004203,G43.909,ICD-10-CM,2023-01-22,163
20004203,K21.9,ICD-10-CM,2022-12-15,125
20004203,R53.83,ICD-10-CM,2023-11-06,451
20004203,K21.9,ICD-10-CM,2022-10-22,71
20004215,J45.909,ICD-10-CM,2023-02-08,255
20004215,I10,ICD-10-CM,2022-06-07,9
20004215,K21.9,ICD-10-CM,2022-06-25,27
20004215,I10,ICD-10-CM,2022-06-16,18
20004215,K21.9,ICD-10-CM,2022-10-23,147
20004215,K21.9,ICD-10-CM,2022-08-17,80
20004215,M79.7,ICD-10-CM,2022-06-05,7
20004215,G43.909,ICD-10-CM,2023-02-17,264
20004215,J45.909,ICD-10-CM,2023-07-13,410
20004220,G43.909,ICD-10-CM,2025-09-15,161
20004220,R10.9,ICD-10-CM,2025-06-18,72
20004220,K21.9,ICD-10-CM,2025-09-29,175
20004220,I10,ICD-10-CM,2025-05-26,49
20004225,J45.909,ICD-10-CM,2024-10-13,657
20004225,G43.909,ICD-10-CM,2024-08-13,596
20004225,K21.9,ICD-10-CM,2024-06-06,528
20004225,E78.5,ICD-10-CM,2023-08-26,243
20004225,M79.7,ICD-10-CM,2023-11-10,319
20004225,I10,ICD-10-CM,2024-08-23,606
20004225,R53.83,ICD-10-CM,2023-01-01,6
20004226,J45.909,ICD-10-CM,2025-05-06,407
20004226,F41.9,ICD-10-CM,2024-10-30,219
20004226,G43.909,ICD-10-CM,2025-08-29,522
20004226,I10,ICD-10-CM,2025-04-17,388
20004226,G43.909,ICD-10-CM,2024-12-11,261
20004226,R53.83,ICD-10-CM,2026-04-21,757
20004226,L50.9,ICD-10-CM,2025-01-06,287
20004226,E78.5,ICD-10-CM,2025-08-15,508
20004226,I10,ICD-10-CM,2025-05-04,405
20004226,J45.909,ICD-10-CM,2024-12-02,252
20004226,R53.83,ICD-10-CM,2024-10-24,213
20004231,G43.909,ICD-10-CM,2025-04-12,32
20004231,M79.7,ICD-10-CM,2025-04-13,33
20004231,R53.83,ICD-10-CM,2025-04-20,40
20004232,L50.9,ICD-10-CM,2023-03-14,190
20004232,K21.9,ICD-10-CM,2023-09-09,369
20004232,K21.9,ICD-10-CM,2022-09-20,15
20004232,R10.9,ICD-10-CM,2024-07-31,695
20004232,I10,ICD-10-CM,2024-03-16,558
20004232,F41.9,ICD-10-CM,2023-08-14,343
20004232,I10,ICD-10-CM,2024-08-09,704
20004232,K21.9,ICD-10-CM,2022-10-20,45
20004232,I10,ICD-10-CM,2023-04-17,224
20004250,R10.9,ICD-10-CM,2025-01-16,369
20004250,F41.9,ICD-10-CM,2025-06-27,531
20004250,L50.9,ICD-10-CM,2024-04-30,108
20004250,J45.909,ICD-10-CM,2024-02-26,44
20004250,G43.909,ICD-10-CM,2025-10-25,651
20004250,G43.909,ICD-10-CM,2024-12-20,342
20004250,E78.5,ICD-10-CM,2024-11-16,308
20004250,I10,ICD-10-CM,2025-10-27,653
20004262,R53.83,ICD-10-CM,2025-07-12,42
20004262,K21.9,ICD-10-CM,2026-01-01,215
20004274,J45.909,ICD-10-CM,2023-09-07,83
20004274,K21.9,ICD-10-CM,2023-11-27,164
20004274,E78.5,ICD-10-CM,2024-05-19,338
20004274,F41.9,ICD-10-CM,2023-12-06,173
20004274,R53.83,ICD-10-CM,2023-12-17,184
20004274,R10.9,ICD-10-CM,2023-12-18,185
20004274,F41.9,ICD-10-CM,2023-07-12,26
20004280,G43.909,ICD-10-CM,2026-04-18,76
20004280,L50.9,ICD-10-CM,2026-02-20,19
20004280,K21.9,ICD-10-CM,2026-05-28,116
20004280,G43.909,ICD-10-CM,2026-05-17,105
20004282,F41.9,ICD-10-CM,2025-05-10,108
20004282,J45.909,ICD-10-CM,2025-12-27,339
20004282,R53.83,ICD-10-CM,2025-07-21,180
20004283,L50.9,ICD-10-CM,2025-06-24,232
20004283,E78.5,ICD-10-CM,2025-03-04,120
20004283,J45.909,ICD-10-CM,2024-12-04,30
20004285,I10,ICD-10-CM,2024-04-16,634
20004285,E78.5,ICD-10-CM,2023-01-30,192
20004285,I10,ICD-10-CM,2023-12-21,517
20004285,L50.9,ICD-10-CM,2024-03-03,590
20004285,E78.5,ICD-10-CM,2022-12-02,133
20004285,J45.909,ICD-10-CM,2023-09-12,417
20004285,G43.909,ICD-10-CM,2023-09-14,419
20004293,J45.909,ICD-10-CM,2023-05-27,73
20004293,K21.9,ICD-10-CM,2024-03-10,361
20004293,I10,ICD-10-CM,2024-03-01,352
20004293,F41.9,ICD-10-CM,2024-08-26,530
20004293,G43.909,ICD-10-CM,2024-08-24,528
20004293,I10,ICD-10-CM,2023-09-26,195
20004297,J45.909,ICD-10-CM,2026-03-13,45
20004301,K21.9,ICD-10-CM,2025-02-19,59
20004301,R10.9,ICD-10-CM,2025-03-04,72
20004314,I10,ICD-10-CM,2025-04-03,466
20004314,R53.83,ICD-10-CM,2025-05-31,524
20004314,I10,ICD-10-CM,2024-09-20,271
20004314,R53.83,ICD-10-CM,2024-01-30,37
20004314,I10,ICD-10-CM,2025-05-15,508
20004321,R53.83,ICD-10-CM,2025-11-06,201
20004321,J45.909,ICD-10-CM,2026-05-31,407
20004321,G43.909,ICD-10-CM,2025-09-28,162
20004321,J45.909,ICD-10-CM,2026-02-08,295
20004321,L50.9,ICD-10-CM,2026-03-02,317
20004321,R53.83,ICD-10-CM,2025-10-04,168
20004328,F41.9,ICD-10-CM,2025-11-19,55
20004330,I10,ICD-10-CM,2025-08-12,493
20004330,R53.83,ICD-10-CM,2025-02-09,309
20004330,E78.5,ICD-10-CM,2025-06-28,448
20004330,E78.5,ICD-10-CM,2025-06-22,442
20004330,R53.83,ICD-10-CM,2024-06-19,74
20004330,R10.9,ICD-10-CM,2024-10-10,187
20004330,G43.909,ICD-10-CM,2025-01-10,279
20004330,G43.909,ICD-10-CM,2024-06-26,81
20004330,K21.9,ICD-10-CM,2025-01-09,278
20004330,R10.9,ICD-10-CM,2024-12-17,255
20004330,R53.83,ICD-10-CM,2025-06-26,446
20004336,E78.5,ICD-10-CM,2026-04-30,10
20004337,L50.9,ICD-10-CM,2026-05-04,524
20004337,M79.7,ICD-10-CM,2026-02-26,457
20004337,R10.9,ICD-10-CM,2025-06-24,210
20004337,M79.7,ICD-10-CM,2025-02-01,67
20004337,R53.83,ICD-10-CM,2025-12-19,388
20004337,E78.5,ICD-10-CM,2025-08-05,252
20004337,K21.9,ICD-10-CM,2025-12-26,395
20004337,M79.7,ICD-10-CM,2025-08-16,263
20004346,K21.9,ICD-10-CM,2025-11-06,159
20004346,F41.9,ICD-10-CM,2025-10-28,150
20004346,R10.9,ICD-10-CM,2025-06-16,16
20004346,M79.7,ICD-10-CM,2025-09-21,113
20004347,K21.9,ICD-10-CM,2024-12-17,324
20004347,R10.9,ICD-10-CM,2024-07-04,158
20004347,E78.5,ICD-10-CM,2024-06-16,140
20004347,F41.9,ICD-10-CM,2025-06-12,501
20004347,E78.5,ICD-10-CM,2024-09-12,228
20004359,F41.9,ICD-10-CM,2025-05-20,10
20004359,G43.909,ICD-10-CM,2025-05-18,8
20004363,M79.7,ICD-10-CM,2026-01-19,72
20004363,G43.909,ICD-10-CM,2026-01-30,83
20004363,E78.5,ICD-10-CM,2026-02-23,107
20004363,M79.7,ICD-10-CM,2025-11-14,6
20004363,J45.909,ICD-10-CM,2026-04-19,162
20004363,G43.909,ICD-10-CM,2026-03-07,119
20004366,L50.9,ICD-10-CM,2026-05-12,9
20004366,E78.5,ICD-10-CM,2026-05-20,17
20004366,F41.9,ICD-10-CM,2026-05-27,24
20004383,K21.9,ICD-10-CM,2025-06-18,80
20004383,E78.5,ICD-10-CM,2026-04-25,391
20004383,K21.9,ICD-10-CM,2025-05-30,61
20004383,F41.9,ICD-10-CM,2025-05-24,55
20004396,E78.5,ICD-10-CM,2025-01-20,342
20004396,R10.9,ICD-10-CM,2024-07-11,149
20004396,K21.9,ICD-10-CM,2024-05-31,108
20004396,R10.9,ICD-10-CM,2025-02-26,379
20004396,I10,ICD-10-CM,2024-03-14,30
20004396,J45.909,ICD-10-CM,2024-11-20,281
20004396,R53.83,ICD-10-CM,2024-08-16,185
20004413,E78.5,ICD-10-CM,2026-05-23,101
20004414,F41.9,ICD-10-CM,2024-11-06,206
20004414,F41.9,ICD-10-CM,2025-01-18,279
20004414,G43.909,ICD-10-CM,2024-12-03,233
20004414,R53.83,ICD-10-CM,2026-01-22,648
20004414,K21.9,ICD-10-CM,2025-05-16,397
20004414,K21.9,ICD-10-CM,2026-03-05,690
20004414,K21.9,ICD-10-CM,2024-05-17,33
20004414,F41.9,ICD-10-CM,2024-05-29,45
20004416,F41.9,ICD-10-CM,2024-09-27,4
20004416,R10.9,ICD-10-CM,2025-11-02,405
20004416,R10.9,ICD-10-CM,2026-02-28,523
20004416,F41.9,ICD-10-CM,2026-02-08,503
20004416,F41.9,ICD-10-CM,2024-12-15,83
20004423,G43.909,ICD-10-CM,2025-09-24,99
20004423,R53.83,ICD-10-CM,2026-03-14,270
20004423,R10.9,ICD-10-CM,2026-01-02,199
20004423,R53.83,ICD-10-CM,2026-01-24,221
20004423,R53.83,ICD-10-CM,2025-09-06,81
20004426,M79.7,ICD-10-CM,2026-02-20,544
20004426,R10.9,ICD-10-CM,2025-01-10,138
20004426,J45.909,ICD-10-CM,2026-02-04,528
20004426,G43.909,ICD-10-CM,2024-11-24,91
20004426,R10.9,ICD-10-CM,2025-02-07,166
20004426,I10,ICD-10-CM,2026-02-03,527
20004430,E78.5,ICD-10-CM,2023-11-07,19
20004439,R10.9,ICD-10-CM,2026-05-28,60
20004456,I10,ICD-10-CM,2025-10-26,2
20004456,M79.7,ICD-10-CM,2026-03-18,145
20004456,M79.7,ICD-10-CM,2025-12-08,45
20004456,R53.83,ICD-10-CM,2026-03-16,143
20004461,R10.9,ICD-10-CM,2025-09-28,242
20004461,G43.909,ICD-10-CM,2025-10-22,266
20004461,K21.9,ICD-10-CM,2025-06-20,142
20004461,L50.9,ICD-10-CM,2025-05-27,118
20004461,L50.9,ICD-10-CM,2025-04-03,64
20004461,R53.83,ICD-10-CM,2025-05-03,94
20004461,F41.9,ICD-10-CM,2025-09-04,218
20004472,I10,ICD-10-CM,2024-11-23,19
20004472,R10.9,ICD-10-CM,2025-03-11,127
20004472,G43.909,ICD-10-CM,2025-09-11,311
20004473,K21.9,ICD-10-CM,2024-11-29,548
20004473,K21.9,ICD-10-CM,2024-04-26,331
20004473,I10,ICD-10-CM,2023-10-30,152
20004474,F41.9,ICD-10-CM,2025-10-04,113
20004474,J45.909,ICD-10-CM,2025-09-19,98
20004474,R53.83,ICD-10-CM,2025-10-22,131
20004481,R10.9,ICD-10-CM,2026-03-26,15
20004481,K21.9,ICD-10-CM,2026-03-29,18
20004481,I10,ICD-10-CM,2026-03-18,7
20004481,G43.909,ICD-10-CM,2026-03-19,8
20004492,F41.9,ICD-10-CM,2025-05-28,116
20004492,K21.9,ICD-10-CM,2025-07-04,153
20004492,G43.909,ICD-10-CM,2025-11-22,294
20004492,I10,ICD-10-CM,2025-09-06,217
20004492,K21.9,ICD-10-CM,2026-05-14,467
20004492,R53.83,ICD-10-CM,2025-11-08,280
20004492,R10.9,ICD-10-CM,2025-08-29,209
20004492,R53.83,ICD-10-CM,2026-01-19,352
20004492,L50.9,ICD-10-CM,2025-03-05,32
20004492,I10,ICD-10-CM,2026-04-12,435
20004492,L50.9,ICD-10-CM,2026-05-07,460
20004495,I10,ICD-10-CM,2024-01-28,116
20004495,L50.9,ICD-10-CM,2024-04-25,204
20004495,R53.83,ICD-10-CM,2024-02-08,127
20004495,E78.5,ICD-10-CM,2023-10-16,12
20004495,I10,ICD-10-CM,2024-03-31,179
20004495,L50.9,ICD-10-CM,2024-01-20,108
20004500,M79.7,ICD-10-CM,2024-02-05,71
20004500,E78.5,ICD-10-CM,2024-01-21,56
20004500,R10.9,ICD-10-CM,2024-01-25,60
20004500,E78.5,ICD-10-CM,2024-01-04,39
20004500,E78.5,ICD-10-CM,2024-04-07,133
20004508,J45.909,ICD-10-CM,2025-10-01,386
20004508,E78.5,ICD-10-CM,2025-06-24,287
20004508,R10.9,ICD-10-CM,2025-08-15,339
20004508,E78.5,ICD-10-CM,2026-01-25,502
20004508,J45.909,ICD-10-CM,2025-08-31,355
20004508,E78.5,ICD-10-CM,2025-04-30,232
20004508,I10,ICD-10-CM,2026-05-28,625
20004508,E78.5,ICD-10-CM,2024-09-30,20
20004508,G43.909,ICD-10-CM,2025-03-25,196
20004508,I10,ICD-10-CM,2025-02-07,150
20004513,G43.909,ICD-10-CM,2025-07-21,4
20004513,F41.9,ICD-10-CM,2025-09-13,58
20004513,M79.7,ICD-10-CM,2026-01-28,195
20004513,E78.5,ICD-10-CM,2026-01-23,190
20004513,F41.9,ICD-10-CM,2026-05-02,289
20004513,E78.5,ICD-10-CM,2026-05-08,295
20004513,E78.5,ICD-10-CM,2025-12-21,157
20004513,I10,ICD-10-CM,2026-05-20,307
20004515,M79.7,ICD-10-CM,2024-08-28,223
20004515,E78.5,ICD-10-CM,2024-06-01,135
20004515,R53.83,ICD-10-CM,2024-06-07,141
20004515,L50.9,ICD-10-CM,2024-08-16,211
20004515,G43.909,ICD-10-CM,2024-08-30,225
20004515,J45.909,ICD-10-CM,2024-08-06,201
20004521,R10.9,ICD-10-CM,2026-01-05,26
20004521,L50.9,ICD-10-CM,2026-04-11,122
20004521,R10.9,ICD-10-CM,2025-12-29,19
20004521,M79.7,ICD-10-CM,2026-04-02,113
20004521,E78.5,ICD-10-CM,2026-05-22,163
20004523,E78.5,ICD-10-CM,2026-02-17,304
20004524,R53.83,ICD-10-CM,2026-01-30,215
20004524,R53.83,ICD-10-CM,2025-08-20,52
20004524,G43.909,ICD-10-CM,2025-11-09,133
20004524,R53.83,ICD-10-CM,2025-12-09,163
20004524,J45.909,ICD-10-CM,2026-04-12,287
20004533,E78.5,ICD-10-CM,2024-08-29,25
20004533,R10.9,ICD-10-CM,2025-05-23,292
20004533,K21.9,ICD-10-CM,2025-11-28,481
20004533,K21.9,ICD-10-CM,2024-12-29,147
20004533,R53.83,ICD-10-CM,2025-09-07,399
20004533,J45.909,ICD-10-CM,2025-06-07,307
20004533,R53.83,ICD-10-CM,2024-09-14,41
20004542,R53.83,ICD-10-CM,2024-12-31,379
20004542,F41.9,ICD-10-CM,2023-12-31,13
20004542,F41.9,ICD-10-CM,2024-02-27,71
20004542,F41.9,ICD-10-CM,2024-03-30,103
20004542,R10.9,ICD-10-CM,2024-08-24,250
20004542,G43.909,ICD-10-CM,2024-10-06,293
20004542,K21.9,ICD-10-CM,2024-07-12,207
20004543,I10,ICD-10-CM,2026-02-05,1200
20004543,G43.909,ICD-10-CM,2023-03-03,130
20004543,R53.83,ICD-10-CM,2024-07-31,646
20004543,R53.83,ICD-10-CM,2023-11-07,379
20004543,G43.909,ICD-10-CM,2025-11-28,1131
20004543,L50.9,ICD-10-CM,2025-09-24,1066
20004543,M79.7,ICD-10-CM,2026-03-18,1241
20004548,R53.83,ICD-10-CM,2025-05-02,347
20004548,G43.909,ICD-10-CM,2024-06-28,39
20004548,F41.9,ICD-10-CM,2024-08-14,86
20004548,J45.909,ICD-10-CM,2024-06-05,16
20004548,R10.9,ICD-10-CM,2024-06-23,34
20004550,G43.909,ICD-10-CM,2026-05-08,143
20004550,G43.909,ICD-10-CM,2026-01-23,38
20004550,E78.5,ICD-10-CM,2025-12-28,12
20004550,J45.909,ICD-10-CM,2026-01-16,31
20004556,R53.83,ICD-10-CM,2025-12-01,87
20004556,G43.909,ICD-10-CM,2025-11-20,76
20004556,E78.5,ICD-10-CM,2025-12-01,87
20004563,R10.9,ICD-10-CM,2026-05-23,6
20004563,G43.909,ICD-10-CM,2026-05-24,7
20004564,I10,ICD-10-CM,2024-10-13,82
20004564,J45.909,ICD-10-CM,2025-04-26,277
20004564,R53.83,ICD-10-CM,2025-08-08,381
20004564,F41.9,ICD-10-CM,2024-07-30,7
20004564,I10,ICD-10-CM,2025-04-18,269
20004564,J45.909,ICD-10-CM,2025-06-23,335
20004581,E78.5,ICD-10-CM,2025-10-22,175
20004581,I10,ICD-10-CM,2025-06-26,57
20004581,R53.83,ICD-10-CM,2025-08-23,115
20004581,M79.7,ICD-10-CM,2025-05-23,23
20004581,J45.909,ICD-10-CM,2025-07-26,87
20004583,R53.83,ICD-10-CM,2024-06-26,288
20004583,R10.9,ICD-10-CM,2024-06-14,276
20004583,R10.9,ICD-10-CM,2026-02-08,880
20004583,R10.9,ICD-10-CM,2025-11-07,787
20004583,E78.5,ICD-10-CM,2024-04-27,228
20004583,G43.909,ICD-10-CM,2025-05-30,626
20004583,L50.9,ICD-10-CM,2026-02-20,892
20004583,K21.9,ICD-10-CM,2024-02-22,163
20004586,M79.7,ICD-10-CM,2025-08-25,183
20004586,L50.9,ICD-10-CM,2026-02-15,357
20004586,K21.9,ICD-10-CM,2025-12-25,305
20004586,K21.9,ICD-10-CM,2025-10-08,227
20004586,I10,ICD-10-CM,2025-08-18,176
20004586,F41.9,ICD-10-CM,2026-05-15,446
20004586,I10,ICD-10-CM,2025-08-09,167
20004586,G43.909,ICD-10-CM,2026-03-17,387
20004613,M79.7,ICD-10-CM,2024-08-18,113
20004613,I10,ICD-10-CM,2025-01-03,251
20004613,K21.9,ICD-10-CM,2025-02-16,295
20004613,I10,ICD-10-CM,2025-06-25,424
20004613,G43.909,ICD-10-CM,2025-04-21,359
20004619,J45.909,ICD-10-CM,2024-05-14,376
20004619,F41.9,ICD-10-CM,2024-08-24,478
20004619,L50.9,ICD-10-CM,2025-04-28,725
20004619,I10,ICD-10-CM,2024-07-19,442
20004619,E78.5,ICD-10-CM,2024-07-27,450
20004619,J45.909,ICD-10-CM,2024-03-12,313
20004619,F41.9,ICD-10-CM,2025-04-14,711
20004619,E78.5,ICD-10-CM,2024-12-16,592
20004619,J45.909,ICD-10-CM,2025-01-06,613
20004619,R10.9,ICD-10-CM,2025-06-14,772
20004619,K21.9,ICD-10-CM,2024-11-25,571
20004619,F41.9,ICD-10-CM,2023-12-25,235
20004623,R53.83,ICD-10-CM,2025-06-18,209
20004623,F41.9,ICD-10-CM,2025-10-07,320
20004623,R10.9,ICD-10-CM,2025-05-12,172
20004623,R53.83,ICD-10-CM,2025-08-07,259
20004623,R10.9,ICD-10-CM,2024-11-27,6
20004623,E78.5,ICD-10-CM,2025-06-10,201
20004623,I10,ICD-10-CM,2025-04-25,155
20004623,M79.7,ICD-10-CM,2025-07-02,223
20004623,K21.9,ICD-10-CM,2025-03-04,103
20004623,L50.9,ICD-10-CM,2024-12-10,19
20004623,J45.909,ICD-10-CM,2024-12-16,25
20004623,G43.909,ICD-10-CM,2025-05-06,166
20004623,F41.9,ICD-10-CM,2025-10-21,334
20004624,K21.9,ICD-10-CM,2023-10-23,336
20004624,I10,ICD-10-CM,2025-01-09,780
20004624,E78.5,ICD-10-CM,2025-08-14,997
20004624,K21.9,ICD-10-CM,2024-11-11,721
20004624,R53.83,ICD-10-CM,2023-10-16,329
20004624,K21.9,ICD-10-CM,2024-04-08,504
20004624,E78.5,ICD-10-CM,2025-08-11,994
20004624,K21.9,ICD-10-CM,2025-07-07,959
20004624,F41.9,ICD-10-CM,2024-05-17,543
20004624,M79.7,ICD-10-CM,2024-10-15,694
20004624,M79.7,ICD-10-CM,2024-08-14,632
20004629,L50.9,ICD-10-CM,2022-10-27,374
20004629,R53.83,ICD-10-CM,2022-05-11,205
20004629,E78.5,ICD-10-CM,2022-09-05,322
20004629,K21.9,ICD-10-CM,2021-11-18,31
20004629,R10.9,ICD-10-CM,2021-12-20,63
20004632,R53.83,ICD-10-CM,2023-12-24,624
20004632,R10.9,ICD-10-CM,2022-11-21,226
20004632,E78.5,ICD-10-CM,2024-01-03,634
20004632,R53.83,ICD-10-CM,2023-07-12,459
20004632,G43.909,ICD-10-CM,2023-03-04,329
20004632,K21.9,ICD-10-CM,2022-04-30,21
20004636,G43.909,ICD-10-CM,2024-02-12,333
20004636,K21.9,ICD-10-CM,2023-08-24,161
20004636,E78.5,ICD-10-CM,2023-03-27,11
20004656,F41.9,ICD-10-CM,2024-10-20,462
20004656,I10,ICD-10-CM,2024-09-06,418
20004656,E78.5,ICD-10-CM,2023-12-05,142
20004656,R53.83,ICD-10-CM,2024-08-28,409
20004656,R53.83,ICD-10-CM,2024-07-19,369
20004656,R10.9,ICD-10-CM,2023-07-20,4
20004656,R10.9,ICD-10-CM,2024-04-02,261
20004662,E78.5,ICD-10-CM,2021-12-29,40
20004662,K21.9,ICD-10-CM,2023-06-14,572
20004662,K21.9,ICD-10-CM,2022-12-17,393
20004662,K21.9,ICD-10-CM,2022-10-22,337
20004671,R53.83,ICD-10-CM,2025-12-04,1095
20004671,G43.909,ICD-10-CM,2025-09-25,1025
20004671,F41.9,ICD-10-CM,2023-03-30,115
20004671,I10,ICD-10-CM,2023-11-28,358
20004671,L50.9,ICD-10-CM,2026-02-10,1163
20004671,G43.909,ICD-10-CM,2025-02-14,802
20004671,F41.9,ICD-10-CM,2026-03-05,1186
20004671,R10.9,ICD-10-CM,2024-07-20,593
20004671,R10.9,ICD-10-CM,2025-07-18,956
20004671,R10.9,ICD-10-CM,2024-11-03,699
20004671,K21.9,ICD-10-CM,2023-10-25,324
20004671,R10.9,ICD-10-CM,2024-02-21,443
20004671,G43.909,ICD-10-CM,2025-08-31,1000
20004671,R53.83,ICD-10-CM,2025-05-10,887
20004671,L50.9,ICD-10-CM,2025-03-19,835
20004675,R10.9,ICD-10-CM,2026-04-12,67
20004675,R10.9,ICD-10-CM,2026-03-14,38
20004707,E78.5,ICD-10-CM,2026-01-15,321
20004707,R10.9,ICD-10-CM,2025-07-15,137
20004707,F41.9,ICD-10-CM,2025-10-21,235
20004713,G43.909,ICD-10-CM,2026-01-08,210
20004713,I10,ICD-10-CM,2026-01-25,227
20004713,K21.9,ICD-10-CM,2025-08-25,74
20004713,E78.5,ICD-10-CM,2026-02-15,248
20004713,K21.9,ICD-10-CM,2026-05-01,323
20004713,M79.7,ICD-10-CM,2026-04-30,322
20004720,K21.9,ICD-10-CM,2024-12-18,332
20004720,G43.909,ICD-10-CM,2025-05-22,487
20004723,K21.9,ICD-10-CM,2024-05-16,216
20004723,I10,ICD-10-CM,2024-12-03,417
20004723,J45.909,ICD-10-CM,2024-11-07,391
20004723,K21.9,ICD-10-CM,2024-07-24,285
20004723,R10.9,ICD-10-CM,2025-01-28,473
20004728,M79.7,ICD-10-CM,2025-02-02,18
20004728,R10.9,ICD-10-CM,2025-05-11,116
20004728,G43.909,ICD-10-CM,2025-08-04,201
20004728,F41.9,ICD-10-CM,2025-04-10,85
20004730,E78.5,ICD-10-CM,2022-07-13,66
20004730,K21.9,ICD-10-CM,2022-05-27,19
20004730,J45.909,ICD-10-CM,2022-09-10,125
20004734,F41.9,ICD-10-CM,2026-05-28,3
20004748,I10,ICD-10-CM,2024-05-14,148
20004748,L50.9,ICD-10-CM,2024-04-13,117
20004754,J45.909,ICD-10-CM,2023-06-20,232
20004766,I10,ICD-10-CM,2023-03-01,27
20004770,K21.9,ICD-10-CM,2025-07-29,58
20004770,L50.9,ICD-10-CM,2026-04-18,321
20004770,F41.9,ICD-10-CM,2026-02-04,248
20004770,E78.5,ICD-10-CM,2025-08-20,80
20004775,K21.9,ICD-10-CM,2024-12-10,314
20004775,F41.9,ICD-10-CM,2026-05-25,845
20004775,J45.909,ICD-10-CM,2024-08-06,188
20004775,E78.5,ICD-10-CM,2025-04-07,432
20004775,J45.909,ICD-10-CM,2024-05-25,115
20004775,F41.9,ICD-10-CM,2025-08-07,554
20004775,F41.9,ICD-10-CM,2025-04-25,450
20004775,R53.83,ICD-10-CM,2026-01-04,704
20004777,F41.9,ICD-10-CM,2026-04-25,116
20004777,E78.5,ICD-10-CM,2026-01-26,27
20004778,R10.9,ICD-10-CM,2025-09-23,96
20004778,G43.909,ICD-10-CM,2025-11-08,142
20004778,I10,ICD-10-CM,2025-08-22,64
20004784,E78.5,ICD-10-CM,2026-05-09,151
20004784,G43.909,ICD-10-CM,2025-12-21,12
20004790,K21.9,ICD-10-CM,2025-10-06,129
20004790,L50.9,ICD-10-CM,2025-11-30,184
20004790,R10.9,ICD-10-CM,2025-07-14,45
20004795,I10,ICD-10-CM,2022-11-27,171
20004805,I10,ICD-10-CM,2026-05-19,56
20004805,I10,ICD-10-CM,2026-03-27,3
20004808,E78.5,ICD-10-CM,2026-05-24,396
20004808,K21.9,ICD-10-CM,2026-03-23,334
20004815,K21.9,ICD-10-CM,2025-11-23,297
20004815,E78.5,ICD-10-CM,2026-05-22,477
20004819,M79.7,ICD-10-CM,2022-10-29,123
20004819,M79.7,ICD-10-CM,2022-09-18,82
20004819,K21.9,ICD-10-CM,2022-09-20,84
20004819,E78.5,ICD-10-CM,2023-08-26,424
20004819,L50.9,ICD-10-CM,2023-04-12,288
20004819,G43.909,ICD-10-CM,2022-12-25,180
20004819,I10,ICD-10-CM,2023-11-08,498
20004819,R53.83,ICD-10-CM,2023-08-09,407
20004829,R10.9,ICD-10-CM,2025-07-31,164
20004829,I10,ICD-10-CM,2025-04-07,49
20004829,G43.909,ICD-10-CM,2025-02-28,11
20004829,M79.7,ICD-10-CM,2026-01-09,326
20004829,K21.9,ICD-10-CM,2025-04-06,48
20004829,M79.7,ICD-10-CM,2026-05-16,453
20004832,R53.83,ICD-10-CM,2025-10-15,65
20004832,F41.9,ICD-10-CM,2025-09-14,34
20004832,I10,ICD-10-CM,2025-11-24,105
20004832,F41.9,ICD-10-CM,2025-12-11,122
20004832,F41.9,ICD-10-CM,2025-09-21,41
20004840,E78.5,ICD-10-CM,2025-01-17,686
20004840,K21.9,ICD-10-CM,2024-04-02,396
20004840,J45.909,ICD-10-CM,2024-03-19,382
20004840,E78.5,ICD-10-CM,2023-12-13,285
20004840,L50.9,ICD-10-CM,2024-04-30,424
20004840,I10,ICD-10-CM,2023-11-04,246
20004841,K21.9,ICD-10-CM,2026-04-20,4
20004862,K21.9,ICD-10-CM,2024-01-02,510
20004862,R10.9,ICD-10-CM,2022-12-09,121
20004862,R10.9,ICD-10-CM,2023-07-11,335
20004862,M79.7,ICD-10-CM,2023-04-07,240
20004862,K21.9,ICD-10-CM,2022-12-15,127
20004862,R10.9,ICD-10-CM,2023-01-12,155
20004862,M79.7,ICD-10-CM,2023-05-20,283
20004862,R53.83,ICD-10-CM,2023-10-10,426
20004862,R10.9,ICD-10-CM,2023-01-09,152
20004865,E78.5,ICD-10-CM,2024-05-12,34
20004865,R10.9,ICD-10-CM,2025-03-23,349
20004865,K21.9,ICD-10-CM,2025-12-29,630
20004865,K21.9,ICD-10-CM,2025-02-02,300
20004865,J45.909,ICD-10-CM,2024-08-19,133
20004865,F41.9,ICD-10-CM,2025-02-05,303
20004865,F41.9,ICD-10-CM,2025-11-05,576
20004865,M79.7,ICD-10-CM,2025-11-12,583
20004865,E78.5,ICD-10-CM,2024-12-29,265
20004865,E78.5,ICD-10-CM,2026-02-22,685
20004865,I10,ICD-10-CM,2025-10-28,568
20004865,R10.9,ICD-10-CM,2025-06-16,434
20004865,M79.7,ICD-10-CM,2025-02-02,300
20004865,G43.909,ICD-10-CM,2025-05-12,399
20004874,J45.909,ICD-10-CM,2026-02-15,71
20004874,R10.9,ICD-10-CM,2026-03-24,108
20004894,J45.909,ICD-10-CM,2025-12-14,13
20004908,R53.83,ICD-10-CM,2025-07-07,223
20004908,K21.9,ICD-10-CM,2025-12-27,396
20004908,R10.9,ICD-10-CM,2025-07-31,247
20004908,F41.9,ICD-10-CM,2026-01-16,416
20004908,G43.909,ICD-10-CM,2024-12-26,30
20004908,K21.9,ICD-10-CM,2025-01-10,45
20004908,I10,ICD-10-CM,2025-02-22,88
20004908,M79.7,ICD-10-CM,2025-11-18,357
20004908,J45.909,ICD-10-CM,2025-09-23,301
20004912,K21.9,ICD-10-CM,2026-03-25,133
20004912,K21.9,ICD-10-CM,2026-03-21,129
20004912,I10,ICD-10-CM,2026-04-24,163
20004921,L50.9,ICD-10-CM,2026-02-24,6
20004921,F41.9,ICD-10-CM,2026-05-20,91
20004921,K21.9,ICD-10-CM,2026-05-31,102
20004921,F41.9,ICD-10-CM,2026-05-18,89
20004921,J45.909,ICD-10-CM,2026-03-03,13
20004936,J45.909,ICD-10-CM,2023-05-08,169
20004936,G43.909,ICD-10-CM,2023-07-27,249
20004936,J45.909,ICD-10-CM,2024-03-27,493
20004936,R10.9,ICD-10-CM,2024-06-10,568
20004936,R53.83,ICD-10-CM,2024-02-19,456
20004936,J45.909,ICD-10-CM,2023-01-31,72
20004936,K21.9,ICD-10-CM,2023-05-09,170
20004946,R10.9,ICD-10-CM,2023-06-12,330
20004946,R53.83,ICD-10-CM,2022-12-14,150
20004946,R53.83,ICD-10-CM,2022-10-31,106
20004946,R10.9,ICD-10-CM,2023-04-19,276
20004946,F41.9,ICD-10-CM,2023-08-24,403
20004946,R53.83,ICD-10-CM,2023-01-15,182
20004946,K21.9,ICD-10-CM,2022-10-17,92
20004946,R10.9,ICD-10-CM,2023-11-09,480
20004951,I10,ICD-10-CM,2023-09-30,437
20004951,K21.9,ICD-10-CM,2023-09-22,429
20004951,J45.909,ICD-10-CM,2022-08-04,15
20004951,I10,ICD-10-CM,2023-03-12,235
20004951,R10.9,ICD-10-CM,2023-10-04,441
20004951,R53.83,ICD-10-CM,2023-03-10,233
20004951,I10,ICD-10-CM,2024-03-31,620
20004951,J45.909,ICD-10-CM,2023-01-01,165
20004951,M79.7,ICD-10-CM,2022-09-26,68
20004951,I10,ICD-10-CM,2023-07-09,354
20004952,G43.909,ICD-10-CM,2026-03-31,932
20004952,K21.9,ICD-10-CM,2025-05-01,598
20004952,J45.909,ICD-10-CM,2023-12-29,109
20004952,K21.9,ICD-10-CM,2025-01-06,483
20004952,F41.9,ICD-10-CM,2024-10-09,394
20004952,G43.909,ICD-10-CM,2024-03-10,181
20004952,E78.5,ICD-10-CM,2026-01-29,871
20004952,E78.5,ICD-10-CM,2026-01-14,856
20004952,I10,ICD-10-CM,2024-01-01,112
20004952,I10,ICD-10-CM,2026-05-24,986
20004952,R10.9,ICD-10-CM,2025-11-08,789
20004952,I10,ICD-10-CM,2026-04-11,943
20004952,M79.7,ICD-10-CM,2024-05-23,255
20004955,L50.9,ICD-10-CM,2026-05-23,13
20004955,L50.9,ICD-10-CM,2026-05-26,16
20004955,L50.9,ICD-10-CM,2026-05-12,2
20004955,G43.909,ICD-10-CM,2026-05-27,17
20004963,K21.9,ICD-10-CM,2024-11-18,376
20004963,G43.909,ICD-10-CM,2025-01-10,429
20004963,R53.83,ICD-10-CM,2025-12-01,754
20004963,L50.9,ICD-10-CM,2025-08-17,648
20004963,R53.83,ICD-10-CM,2025-03-23,501
20004963,G43.909,ICD-10-CM,2025-09-14,676
20004963,G43.909,ICD-10-CM,2024-03-22,135
20004963,I10,ICD-10-CM,2024-05-29,203
20004963,K21.9,ICD-10-CM,2023-12-19,41
20004963,I10,ICD-10-CM,2025-08-06,637
20004963,I10,ICD-10-CM,2025-04-13,522
20004970,G43.909,ICD-10-CM,2026-03-22,513
20004970,G43.909,ICD-10-CM,2025-09-24,334
20004970,L50.9,ICD-10-CM,2026-05-28,580
20004970,R53.83,ICD-10-CM,2025-01-10,77
20004970,R53.83,ICD-10-CM,2026-03-08,499
20004970,R53.83,ICD-10-CM,2025-01-14,81
20004970,I10,ICD-10-CM,2026-01-26,458
20004970,F41.9,ICD-10-CM,2026-04-28,550
20004970,K21.9,ICD-10-CM,2026-01-18,450
20004984,K21.9,ICD-10-CM,2023-05-11,87
20004984,E78.5,ICD-10-CM,2023-10-22,251
20004984,M79.7,ICD-10-CM,2023-07-23,160
20004984,F41.9,ICD-10-CM,2023-03-07,22
20004984,K21.9,ICD-10-CM,2023-06-22,129
20004984,E78.5,ICD-10-CM,2023-10-11,240
20005003,R53.83,ICD-10-CM,2025-03-28,9
20005003,F41.9,ICD-10-CM,2025-07-07,110
20005003,K21.9,ICD-10-CM,2025-05-20,62
20005008,J45.909,ICD-10-CM,2024-09-26,120
20005008,E78.5,ICD-10-CM,2024-06-25,27
20005008,J45.909,ICD-10-CM,2024-07-10,42
20005031,K21.9,ICD-10-CM,2024-01-17,125
20005031,L50.9,ICD-10-CM,2023-09-23,9
20005043,E78.5,ICD-10-CM,2025-04-08,124
20005043,R10.9,ICD-10-CM,2025-12-23,383
20005043,K21.9,ICD-10-CM,2025-02-28,85
20005043,R10.9,ICD-10-CM,2025-11-08,338
20005043,E78.5,ICD-10-CM,2025-10-03,302
20005043,R53.83,ICD-10-CM,2025-04-03,119
20005043,I10,ICD-10-CM,2025-06-07,184
20005043,L50.9,ICD-10-CM,2026-03-13,463
20005045,R10.9,ICD-10-CM,2023-03-30,18
20005045,R53.83,ICD-10-CM,2024-02-21,346
20005056,I10,ICD-10-CM,2026-03-09,73
20005056,R10.9,ICD-10-CM,2026-02-23,59
20005070,I10,ICD-10-CM,2026-01-07,278
20005070,K21.9,ICD-10-CM,2025-05-09,35
20005070,J45.909,ICD-10-CM,2025-08-12,130
20005070,R53.83,ICD-10-CM,2025-04-27,23
20005070,K21.9,ICD-10-CM,2026-01-04,275
20005070,J45.909,ICD-10-CM,2025-05-11,37
20005070,E78.5,ICD-10-CM,2026-03-20,350
20005070,E78.5,ICD-10-CM,2025-05-15,41
20005070,R10.9,ICD-10-CM,2025-05-23,49
20005071,K21.9,ICD-10-CM,2026-02-09,56
20005071,F41.9,ICD-10-CM,2026-03-17,92
20005071,K21.9,ICD-10-CM,2026-03-16,91
20005073,G43.909,ICD-10-CM,2024-09-14,99
20005073,I10,ICD-10-CM,2026-05-28,720
20005073,M79.7,ICD-10-CM,2024-10-31,146
20005073,M79.7,ICD-10-CM,2026-03-30,661
20005073,G43.909,ICD-10-CM,2024-08-31,85
20005073,I10,ICD-10-CM,2026-04-27,689
20005073,G43.909,ICD-10-CM,2025-06-07,365
20005073,G43.909,ICD-10-CM,2024-07-22,45
20005073,K21.9,ICD-10-CM,2024-06-19,12
20005074,L50.9,ICD-10-CM,2023-06-14,102
20005074,E78.5,ICD-10-CM,2023-08-18,167
20005074,I10,ICD-10-CM,2023-08-28,177
20005084,R10.9,ICD-10-CM,2026-03-06,48
20005084,E78.5,ICD-10-CM,2026-04-30,103
20005084,K21.9,ICD-10-CM,2026-03-09,51
20005084,L50.9,ICD-10-CM,2026-03-21,63
20005084,K21.9,ICD-10-CM,2026-02-28,42
20005089,I10,ICD-10-CM,2026-01-10,33
20005091,R10.9,ICD-10-CM,2024-09-05,71
20005091,L50.9,ICD-10-CM,2025-01-03,191
20005096,I10,ICD-10-CM,2023-11-28,29
20005096,J45.909,ICD-10-CM,2025-01-03,431
20005098,K21.9,ICD-10-CM,2024-05-23,211
20005098,J45.909,ICD-10-CM,2024-10-26,367
20005098,R10.9,ICD-10-CM,2024-01-18,85
20005098,R10.9,ICD-10-CM,2024-08-17,297
20005124,E78.5,ICD-10-CM,2026-03-19,181
20005124,I10,ICD-10-CM,2025-12-03,75
20005124,G43.909,ICD-10-CM,2026-04-30,223
20005124,E78.5,ICD-10-CM,2026-01-26,129
20005124,K21.9,ICD-10-CM,2026-04-25,218
20005124,F41.9,ICD-10-CM,2026-02-21,155
20005131,L50.9,ICD-10-CM,2023-11-20,214
20005131,E78.5,ICD-10-CM,2023-08-28,130
20005131,K21.9,ICD-10-CM,2023-10-27,190
20005131,M79.7,ICD-10-CM,2023-11-25,219
20005131,G43.909,ICD-10-CM,2023-05-21,31
20005131,E78.5,ICD-10-CM,2023-09-21,154
20005131,M79.7,ICD-10-CM,2024-01-07,262
20005131,M79.7,ICD-10-CM,2023-07-11,82
20005132,R10.9,ICD-10-CM,2024-03-15,457
20005132,J45.909,ICD-10-CM,2023-06-12,180
20005132,J45.909,ICD-10-CM,2024-01-01,383
20005132,K21.9,ICD-10-CM,2023-12-01,352
20005134,E78.5,ICD-10-CM,2023-12-21,295
20005134,M79.7,ICD-10-CM,2023-07-18,139
20005137,I10,ICD-10-CM,2025-06-19,115
20005137,F41.9,ICD-10-CM,2025-06-16,112
20005137,E78.5,ICD-10-CM,2025-07-06,132
20005137,J45.909,ICD-10-CM,2026-02-16,357
20005137,J45.909,ICD-10-CM,2026-02-04,345
20005137,E78.5,ICD-10-CM,2025-11-27,276
20005137,F41.9,ICD-10-CM,2025-09-30,218
20005137,G43.909,ICD-10-CM,2026-03-30,399
20005137,L50.9,ICD-10-CM,2025-07-12,138
20005138,J45.909,ICD-10-CM,2022-10-07,27
20005138,G43.909,ICD-10-CM,2022-09-12,2
20005138,F41.9,ICD-10-CM,2022-09-16,6
20005146,I10,ICD-10-CM,2024-05-26,42
20005147,G43.909,ICD-10-CM,2024-12-08,23
20005147,F41.9,ICD-10-CM,2024-12-17,32
20005150,K21.9,ICD-10-CM,2025-01-02,756
20005150,R53.83,ICD-10-CM,2023-09-23,289
20005150,J45.909,ICD-10-CM,2023-02-01,55
20005150,G43.909,ICD-10-CM,2024-11-20,713
20005150,I10,ICD-10-CM,2023-07-13,217
20005150,F41.9,ICD-10-CM,2023-06-22,196
20005150,I10,ICD-10-CM,2024-01-20,408
20005153,R53.83,ICD-10-CM,2024-10-09,820
20005153,G43.909,ICD-10-CM,2026-02-18,1317
20005153,R53.83,ICD-10-CM,2025-10-26,1202
20005153,E78.5,ICD-10-CM,2023-01-25,197
20005153,E78.5,ICD-10-CM,2026-01-13,1281
20005153,K21.9,ICD-10-CM,2024-06-14,703
20005153,R53.83,ICD-10-CM,2024-08-05,755
20005153,R53.83,ICD-10-CM,2025-03-01,963
20005153,J45.909,ICD-10-CM,2025-08-21,1136
20005153,M79.7,ICD-10-CM,2024-10-03,814
20005153,R53.83,ICD-10-CM,2023-04-04,266
20005156,F41.9,ICD-10-CM,2026-01-11,220
20005156,I10,ICD-10-CM,2026-05-11,340
20005156,R10.9,ICD-10-CM,2026-04-08,307
20005156,F41.9,ICD-10-CM,2026-02-11,251
20005166,L50.9,ICD-10-CM,2026-05-04,20
20005166,R53.83,ICD-10-CM,2026-05-17,33
20005166,R53.83,ICD-10-CM,2026-04-24,10
20005185,I10,ICD-10-CM,2022-09-10,48
20005185,I10,ICD-10-CM,2022-07-28,4
20005190,R10.9,ICD-10-CM,2023-12-21,20
20005190,I10,ICD-10-CM,2024-03-15,105
20005191,I10,ICD-10-CM,2025-01-06,232
20005191,I10,ICD-10-CM,2024-06-10,22
20005191,E78.5,ICD-10-CM,2024-11-01,166
20005193,R10.9,ICD-10-CM,2026-04-15,70
20005193,G43.909,ICD-10-CM,2026-05-24,109
20005193,F41.9,ICD-10-CM,2026-05-10,95
20005193,K21.9,ICD-10-CM,2026-03-01,25
20005193,R10.9,ICD-10-CM,2026-02-09,5
20005194,E78.5,ICD-10-CM,2023-11-14,29
20005194,R10.9,ICD-10-CM,2023-11-12,27
20005200,L50.9,ICD-10-CM,2022-11-26,300
20005200,J45.909,ICD-10-CM,2023-12-04,673
20005200,L50.9,ICD-10-CM,2022-11-24,298
20005200,R10.9,ICD-10-CM,2022-11-03,277
20005200,F41.9,ICD-10-CM,2022-04-20,80
20005200,G43.909,ICD-10-CM,2022-08-17,199
20005200,M79.7,ICD-10-CM,2022-10-24,267
20005227,E78.5,ICD-10-CM,2026-03-27,873
20005227,I10,ICD-10-CM,2024-04-14,161
20005227,I10,ICD-10-CM,2025-12-04,760
20005227,J45.909,ICD-10-CM,2024-02-07,94
20005227,E78.5,ICD-10-CM,2025-08-12,646
20005227,R53.83,ICD-10-CM,2024-10-31,361
20005227,I10,ICD-10-CM,2024-02-07,94
20005227,I10,ICD-10-CM,2024-04-20,167
20005227,K21.9,ICD-10-CM,2025-04-10,522
20005227,K21.9,ICD-10-CM,2025-03-02,483
20005227,E78.5,ICD-10-CM,2025-12-02,758
20005227,L50.9,ICD-10-CM,2025-02-02,455
20005227,M79.7,ICD-10-CM,2024-11-24,385
20005227,R53.83,ICD-10-CM,2026-04-26,903
20005227,R53.83,ICD-10-CM,2024-07-13,251
20005238,F41.9,ICD-10-CM,2026-05-25,13
20005240,J45.909,ICD-10-CM,2025-07-24,425
20005240,K21.9,ICD-10-CM,2025-11-16,540
20005240,F41.9,ICD-10-CM,2025-09-18,481
20005240,G43.909,ICD-10-CM,2025-07-04,405
20005243,L50.9,ICD-10-CM,2023-12-18,256
20005243,G43.909,ICD-10-CM,2023-11-26,234
20005246,I10,ICD-10-CM,2025-09-13,102
20005246,R10.9,ICD-10-CM,2026-01-03,214
20005246,J45.909,ICD-10-CM,2025-07-25,52
20005246,I10,ICD-10-CM,2026-03-03,273
20005246,G43.909,ICD-10-CM,2025-08-15,73
20005247,R53.83,ICD-10-CM,2022-06-08,60
20005247,I10,ICD-10-CM,2022-05-03,24
20005247,L50.9,ICD-10-CM,2022-04-26,17
20005252,K21.9,ICD-10-CM,2022-06-29,34
20005252,E78.5,ICD-10-CM,2022-08-18,84
20005252,R10.9,ICD-10-CM,2022-08-28,94
20005252,R10.9,ICD-10-CM,2022-07-03,38
20005255,E78.5,ICD-10-CM,2023-07-23,105
20005255,K21.9,ICD-10-CM,2024-07-03,451
20005255,L50.9,ICD-10-CM,2024-12-20,621
20005255,F41.9,ICD-10-CM,2024-03-28,354
20005255,R53.83,ICD-10-CM,2024-12-22,623
20005255,E78.5,ICD-10-CM,2024-12-17,618
20005255,E78.5,ICD-10-CM,2025-01-24,656
20005255,I10,ICD-10-CM,2023-07-03,85
20005282,F41.9,ICD-10-CM,2023-06-14,4
20005282,R53.83,ICD-10-CM,2023-07-23,43
20005282,G43.909,ICD-10-CM,2023-06-12,2
20005290,G43.909,ICD-10-CM,2026-04-10,188
20005290,R53.83,ICD-10-CM,2025-10-15,11
20005290,I10,ICD-10-CM,2026-02-14,133
20005290,F41.9,ICD-10-CM,2025-11-27,54
20005304,G43.909,ICD-10-CM,2025-09-10,118
20005304,F41.9,ICD-10-CM,2025-08-26,103
20005304,R10.9,ICD-10-CM,2026-04-20,340
20005304,M79.7,ICD-10-CM,2025-08-10,87
20005313,K21.9,ICD-10-CM,2025-12-11,900
20005313,R10.9,ICD-10-CM,2026-01-20,940
20005313,I10,ICD-10-CM,2024-06-13,354
20005313,J45.909,ICD-10-CM,2025-12-20,909
20005313,K21.9,ICD-10-CM,2024-12-27,551
20005313,G43.909,ICD-10-CM,2025-09-18,816
20005313,K21.9,ICD-10-CM,2025-03-20,634
20005325,K21.9,ICD-10-CM,2024-12-18,105
20005325,I10,ICD-10-CM,2024-10-11,37
20005345,R10.9,ICD-10-CM,2024-10-05,260
20005345,L50.9,ICD-10-CM,2025-02-09,387
20005345,J45.909,ICD-10-CM,2025-03-10,416
20005345,J45.909,ICD-10-CM,2024-08-19,213
20005345,R10.9,ICD-10-CM,2025-08-01,560
20005345,M79.7,ICD-10-CM,2024-07-04,167
20005345,K21.9,ICD-10-CM,2024-10-28,283
20005347,L50.9,ICD-10-CM,2025-12-30,835
20005347,R53.83,ICD-10-CM,2024-07-15,302
20005347,F41.9,ICD-10-CM,2024-04-27,223
20005347,G43.909,ICD-10-CM,2026-05-08,964
20005347,J45.909,ICD-10-CM,2024-04-13,209
20005347,I10,ICD-10-CM,2025-08-11,694
20005347,R53.83,ICD-10-CM,2023-10-13,26
20005347,R10.9,ICD-10-CM,2025-12-04,809
20005347,L50.9,ICD-10-CM,2024-07-17,304
20005347,G43.909,ICD-10-CM,2024-12-10,450
20005347,E78.5,ICD-10-CM,2024-11-04,414
20005347,J45.909,ICD-10-CM,2026-04-29,955
20005347,J45.909,ICD-10-CM,2026-02-06,873
20005347,G43.909,ICD-10-CM,2024-08-02,320
20005347,E78.5,ICD-10-CM,2025-09-22,736
20005352,K21.9,ICD-10-CM,2026-02-03,27
20005352,G43.909,ICD-10-CM,2026-03-28,80
20005352,L50.9,ICD-10-CM,2026-03-08,60
20005352,R10.9,ICD-10-CM,2026-05-15,128
20005352,R10.9,ICD-10-CM,2026-03-06,58
20005352,E78.5,ICD-10-CM,2026-04-26,109
20005369,R53.83,ICD-10-CM,2024-04-20,391
20005369,I10,ICD-10-CM,2024-12-03,618
20005376,M79.7,ICD-10-CM,2026-04-19,38
20005376,K21.9,ICD-10-CM,2026-03-29,17
20005376,L50.9,ICD-10-CM,2026-05-15,64
20005376,K21.9,ICD-10-CM,2026-04-04,23
20005382,J45.909,ICD-10-CM,2024-01-20,698
20005382,I10,ICD-10-CM,2023-11-11,628
20005382,I10,ICD-10-CM,2023-12-09,656
20005382,G43.909,ICD-10-CM,2023-11-11,628
20005382,F41.9,ICD-10-CM,2023-03-16,388
20005382,G43.909,ICD-10-CM,2022-07-12,141
20005382,R53.83,ICD-10-CM,2023-04-07,410
20005382,L50.9,ICD-10-CM,2022-10-15,236
20005382,G43.909,ICD-10-CM,2022-12-05,287
20005389,R10.9,ICD-10-CM,2025-03-24,75
20005389,K21.9,ICD-10-CM,2025-01-28,20
20005389,M79.7,ICD-10-CM,2025-04-23,105
20005389,M79.7,ICD-10-CM,2025-02-10,33
20005399,J45.909,ICD-10-CM,2025-12-12,12
20005399,E78.5,ICD-10-CM,2026-02-07,69
20005399,E78.5,ICD-10-CM,2025-12-28,28
20005399,R53.83,ICD-10-CM,2025-12-05,5
20005399,L50.9,ICD-10-CM,2026-01-03,34
20005402,E78.5,ICD-10-CM,2023-01-16,53
20005402,R10.9,ICD-10-CM,2022-12-28,34
20005402,J45.909,ICD-10-CM,2023-01-06,43
20005402,I10,ICD-10-CM,2023-01-15,52
20005416,R10.9,ICD-10-CM,2025-09-10,104
20005416,K21.9,ICD-10-CM,2025-09-29,123
20005416,G43.909,ICD-10-CM,2025-10-23,147
20005416,R53.83,ICD-10-CM,2026-01-08,224
20005416,J45.909,ICD-10-CM,2025-11-09,164
20005416,K21.9,ICD-10-CM,2026-02-03,250
20005419,R10.9,ICD-10-CM,2025-11-11,8
20005419,G43.909,ICD-10-CM,2025-11-15,12
20005419,J45.909,ICD-10-CM,2026-01-30,88
20005419,K21.9,ICD-10-CM,2026-03-12,129
20005421,E78.5,ICD-10-CM,2026-05-04,72
20005421,M79.7,ICD-10-CM,2026-04-17,55
20005421,I10,ICD-10-CM,2026-03-25,32
20005421,I10,ICD-10-CM,2026-03-21,28
20005421,G43.909,ICD-10-CM,2026-04-15,53
20005427,F41.9,ICD-10-CM,2025-04-06,177
20005427,G43.909,ICD-10-CM,2025-10-04,358
20005427,K21.9,ICD-10-CM,2025-06-29,261
20005427,G43.909,ICD-10-CM,2025-12-12,427
20005427,R10.9,ICD-10-CM,2025-11-21,406
20005427,E78.5,ICD-10-CM,2025-10-16,370
20005427,J45.909,ICD-10-CM,2025-11-24,409
20005431,I10,ICD-10-CM,2025-10-26,384
20005431,R10.9,ICD-10-CM,2025-09-06,334
20005431,K21.9,ICD-10-CM,2025-09-18,346
20005431,G43.909,ICD-10-CM,2025-08-23,320
20005431,K21.9,ICD-10-CM,2026-03-21,530
20005431,F41.9,ICD-10-CM,2025-06-03,239
20005433,I10,ICD-10-CM,2026-02-10,24
20005433,R53.83,ICD-10-CM,2026-05-19,122
20005433,R10.9,ICD-10-CM,2026-05-03,106
20005434,I10,ICD-10-CM,2026-03-07,247
20005434,F41.9,ICD-10-CM,2026-05-30,331
20005434,R53.83,ICD-10-CM,2026-03-09,249
20005434,M79.7,ICD-10-CM,2026-04-08,279
20005435,F41.9,ICD-10-CM,2025-09-06,412
20005435,K21.9,ICD-10-CM,2025-05-11,294
20005435,E78.5,ICD-10-CM,2025-04-16,269
20005435,K21.9,ICD-10-CM,2025-11-11,478
20005435,F41.9,ICD-10-CM,2024-08-12,22
20005435,M79.7,ICD-10-CM,2024-12-25,157
20005435,R53.83,ICD-10-CM,2024-10-24,95
20005435,M79.7,ICD-10-CM,2025-06-07,321
20005437,I10,ICD-10-CM,2025-12-10,340
20005437,I10,ICD-10-CM,2025-03-25,80
20005437,R10.9,ICD-10-CM,2026-05-02,483
20005437,I10,ICD-10-CM,2026-02-09,401
20005437,I10,ICD-10-CM,2025-01-10,6
20005445,K21.9,ICD-10-CM,2024-11-18,75
20005445,J45.909,ICD-10-CM,2026-04-10,583
20005445,G43.909,ICD-10-CM,2025-04-05,213
20005445,K21.9,ICD-10-CM,2026-05-08,611
20005445,K21.9,ICD-10-CM,2025-06-22,291
20005445,L50.9,ICD-10-CM,2025-09-08,369
20005445,E78.5,ICD-10-CM,2025-10-08,399
20005445,I10,ICD-10-CM,2025-03-01,178
20005445,G43.909,ICD-10-CM,2025-12-23,475
20005445,K21.9,ICD-10-CM,2025-09-15,376
20005452,I10,ICD-10-CM,2024-03-29,519
20005452,L50.9,ICD-10-CM,2024-02-20,481
20005452,J45.909,ICD-10-CM,2024-04-27,548
20005452,R10.9,ICD-10-CM,2023-12-25,424
20005452,L50.9,ICD-10-CM,2024-04-21,542
20005452,E78.5,ICD-10-CM,2023-12-20,419
20005452,G43.909,ICD-10-CM,2024-07-23,635
20005454,K21.9,ICD-10-CM,2025-04-28,356
20005454,R10.9,ICD-10-CM,2025-06-07,396
20005454,K21.9,ICD-10-CM,2025-11-20,562
20005454,E78.5,ICD-10-CM,2024-05-30,23
20005454,K21.9,ICD-10-CM,2024-07-02,56
20005454,R53.83,ICD-10-CM,2025-11-21,563
20005454,G43.909,ICD-10-CM,2024-12-09,216
20005455,L50.9,ICD-10-CM,2025-09-17,141
20005455,M79.7,ICD-10-CM,2025-12-14,229
20005455,G43.909,ICD-10-CM,2025-09-23,147
20005455,K21.9,ICD-10-CM,2026-03-31,336
20005455,E78.5,ICD-10-CM,2026-01-20,266
20005456,E78.5,ICD-10-CM,2023-02-11,475
20005456,K21.9,ICD-10-CM,2021-12-16,53
20005456,J45.909,ICD-10-CM,2024-02-15,844
20005456,R53.83,ICD-10-CM,2023-03-07,499
20005456,G43.909,ICD-10-CM,2022-10-07,348
20005456,R10.9,ICD-10-CM,2023-03-13,505
20005456,J45.909,ICD-10-CM,2022-05-21,209
20005456,G43.909,ICD-10-CM,2024-04-10,899
20005456,L50.9,ICD-10-CM,2022-04-30,188
20005456,J45.909,ICD-10-CM,2023-03-02,494
20005456,I10,ICD-10-CM,2024-03-22,880
20005456,K21.9,ICD-10-CM,2023-04-11,534
20005456,G43.909,ICD-10-CM,2022-09-24,335
20005456,M79.7,ICD-10-CM,2022-05-18,206
20005456,R53.83,ICD-10-CM,2023-02-08,472
20005456,R53.83,ICD-10-CM,2022-06-15,234
20005456,G43.909,ICD-10-CM,2023-06-08,592
20005473,M79.7,ICD-10-CM,2023-11-11,15
20005473,I10,ICD-10-CM,2025-05-22,573
20005473,E78.5,ICD-10-CM,2026-04-01,887
20005473,L50.9,ICD-10-CM,2025-11-25,760
20005473,I10,ICD-10-CM,2025-04-02,523
20005474,L50.9,ICD-10-CM,2026-01-05,85
20005474,E78.5,ICD-10-CM,2026-01-02,82
20005474,L50.9,ICD-10-CM,2026-03-08,147
20005474,L50.9,ICD-10-CM,2025-12-17,66
20005474,G43.909,ICD-10-CM,2026-02-10,121
20005474,I10,ICD-10-CM,2025-12-23,72
20005485,G43.909,ICD-10-CM,2024-04-01,122
20005485,K21.9,ICD-10-CM,2024-12-12,377
20005485,M79.7,ICD-10-CM,2023-12-05,4
20005485,I10,ICD-10-CM,2024-03-18,108
20005485,E78.5,ICD-10-CM,2025-10-24,693
20005485,J45.909,ICD-10-CM,2024-12-12,377
20005485,I10,ICD-10-CM,2025-07-23,600
20005485,G43.909,ICD-10-CM,2025-09-09,648
20005485,R10.9,ICD-10-CM,2024-04-25,146
20005488,K21.9,ICD-10-CM,2023-11-26,447
20005488,R10.9,ICD-10-CM,2023-01-29,146
20005488,J45.909,ICD-10-CM,2022-10-16,41
20005488,J45.909,ICD-10-CM,2023-12-06,457
20005488,E78.5,ICD-10-CM,2023-09-21,381
20005488,F41.9,ICD-10-CM,2022-10-28,53
20005488,R53.83,ICD-10-CM,2023-06-11,279
20005488,K21.9,ICD-10-CM,2023-12-25,476
20005488,E78.5,ICD-10-CM,2023-01-26,143
20005498,F41.9,ICD-10-CM,2025-12-02,51
20005498,G43.909,ICD-10-CM,2026-01-23,103
20005498,F41.9,ICD-10-CM,2026-05-24,224
20005498,F41.9,ICD-10-CM,2026-04-13,183
20005498,G43.909,ICD-10-CM,2025-12-27,76
20005498,E78.5,ICD-10-CM,2026-03-09,148
20005506,E78.5,ICD-10-CM,2023-06-01,92
20005506,K21.9,ICD-10-CM,2023-06-10,101
20005513,I10,ICD-10-CM,2026-05-02,57
20005515,G43.909,ICD-10-CM,2025-01-20,42
20005515,G43.909,ICD-10-CM,2025-02-17,70
20005517,R10.9,ICD-10-CM,2022-06-11,154
20005517,I10,ICD-10-CM,2022-02-28,51
20005521,J45.909,ICD-10-CM,2024-02-26,298
20005521,R53.83,ICD-10-CM,2024-09-11,496
20005521,J45.909,ICD-10-CM,2023-08-07,95
20005521,R53.83,ICD-10-CM,2024-03-25,326
20005521,K21.9,ICD-10-CM,2025-01-28,635
20005521,F41.9,ICD-10-CM,2024-08-22,476
20005521,R53.83,ICD-10-CM,2025-01-12,619
20005521,F41.9,ICD-10-CM,2023-12-28,238
20005521,R10.9,ICD-10-CM,2023-08-06,94
20005539,E78.5,ICD-10-CM,2026-05-22,106
20005560,E78.5,ICD-10-CM,2026-05-18,352
20005560,E78.5,ICD-10-CM,2025-12-28,211
20005568,R53.83,ICD-10-CM,2023-10-02,86
20005568,K21.9,ICD-10-CM,2025-03-06,607
20005568,M79.7,ICD-10-CM,2025-11-26,872
20005568,J45.909,ICD-10-CM,2025-01-27,569
20005568,R10.9,ICD-10-CM,2025-01-01,543
20005568,K21.9,ICD-10-CM,2025-12-18,894
20005568,E78.5,ICD-10-CM,2025-06-24,717
20005568,K21.9,ICD-10-CM,2023-11-18,133
20005568,R10.9,ICD-10-CM,2026-02-12,950
20005568,I10,ICD-10-CM,2026-03-14,980
20005568,L50.9,ICD-10-CM,2024-02-15,222
20005568,M79.7,ICD-10-CM,2025-05-14,676
20005568,K21.9,ICD-10-CM,2025-07-30,753
20005568,I10,ICD-10-CM,2026-05-18,1045
20005581,K21.9,ICD-10-CM,2024-11-23,193
20005581,I10,ICD-10-CM,2024-08-10,88
20005581,M79.7,ICD-10-CM,2024-07-12,59
20005581,K21.9,ICD-10-CM,2025-01-28,259
20005581,E78.5,ICD-10-CM,2024-06-05,22
20005590,R53.83,ICD-10-CM,2025-04-30,721
20005590,R53.83,ICD-10-CM,2025-01-02,603
20005590,E78.5,ICD-10-CM,2023-12-25,229
20005590,R53.83,ICD-10-CM,2024-01-31,266
20005590,L50.9,ICD-10-CM,2024-07-31,448
20005590,R10.9,ICD-10-CM,2025-02-17,649
20005590,E78.5,ICD-10-CM,2024-05-09,365
20005590,R53.83,ICD-10-CM,2025-01-21,622
20005590,K21.9,ICD-10-CM,2024-12-06,576
20005598,R53.83,ICD-10-CM,2022-03-29,167
20005598,F41.9,ICD-10-CM,2023-03-03,506
20005598,F41.9,ICD-10-CM,2022-11-16,399
20005598,G43.909,ICD-10-CM,2022-04-16,185
20005598,R53.83,ICD-10-CM,2022-06-22,252
20005598,R53.83,ICD-10-CM,2023-01-28,472
20005622,E78.5,ICD-10-CM,2026-05-19,60
20005622,J45.909,ICD-10-CM,2026-03-22,2
20005622,K21.9,ICD-10-CM,2026-04-04,15
20005622,I10,ICD-10-CM,2026-04-08,19
20005622,K21.9,ICD-10-CM,2026-04-07,18
20005629,E78.5,ICD-10-CM,2023-09-11,278
20005629,K21.9,ICD-10-CM,2023-10-07,304
20005629,F41.9,ICD-10-CM,2023-04-11,125
20005629,G43.909,ICD-10-CM,2023-04-29,143
20005629,E78.5,ICD-10-CM,2023-08-09,245
20005629,K21.9,ICD-10-CM,2023-04-01,115
20005629,L50.9,ICD-10-CM,2023-07-13,218
20005629,I10,ICD-10-CM,2023-08-13,249
20005629,R53.83,ICD-10-CM,2023-04-26,140
20005639,I10,ICD-10-CM,2024-12-28,501
20005639,E78.5,ICD-10-CM,2024-02-03,172
20005639,J45.909,ICD-10-CM,2025-10-25,802
20005639,F41.9,ICD-10-CM,2025-01-07,511
20005639,I10,ICD-10-CM,2024-05-01,260
20005639,F41.9,ICD-10-CM,2023-09-13,29
20005658,J45.909,ICD-10-CM,2023-02-09,49
20005658,I10,ICD-10-CM,2023-04-09,108
20005658,E78.5,ICD-10-CM,2023-01-29,38
20005665,K21.9,ICD-10-CM,2024-03-28,56
20005665,R53.83,ICD-10-CM,2024-09-06,218
20005665,I10,ICD-10-CM,2024-08-08,189
20005665,K21.9,ICD-10-CM,2024-09-27,239
20005665,R10.9,ICD-10-CM,2024-11-12,285
20005665,R53.83,ICD-10-CM,2024-04-24,83
20005665,G43.909,ICD-10-CM,2024-06-18,138
20005665,K21.9,ICD-10-CM,2024-11-05,278
20005665,J45.909,ICD-10-CM,2024-03-13,41
20005672,E78.5,ICD-10-CM,2025-08-19,914
20005672,R10.9,ICD-10-CM,2024-01-26,343
20005672,F41.9,ICD-10-CM,2023-07-18,151
20005672,L50.9,ICD-10-CM,2023-12-03,289
20005672,M79.7,ICD-10-CM,2025-01-24,707
20005672,K21.9,ICD-10-CM,2025-08-06,901
20005672,I10,ICD-10-CM,2023-03-20,31
20005672,E78.5,ICD-10-CM,2025-03-20,762
20005672,G43.909,ICD-10-CM,2025-03-11,753
20005672,G43.909,ICD-10-CM,2023-12-21,307
20005672,K21.9,ICD-10-CM,2024-04-08,416
20005672,R53.83,ICD-10-CM,2023-09-02,197
20005672,R53.83,ICD-10-CM,2023-04-29,71
20005672,M79.7,ICD-10-CM,2025-10-24,980
20005672,F41.9,ICD-10-CM,2025-02-20,734
20005678,R53.83,ICD-10-CM,2025-12-07,228
20005678,J45.909,ICD-10-CM,2026-05-17,389
20005678,I10,ICD-10-CM,2025-10-06,166
20005678,R10.9,ICD-10-CM,2026-02-04,287
20005678,I10,ICD-10-CM,2026-03-18,329
20005681,E78.5,ICD-10-CM,2026-02-10,349
20005681,F41.9,ICD-10-CM,2026-05-18,446
20005681,L50.9,ICD-10-CM,2026-03-01,368
20005686,R10.9,ICD-10-CM,2026-04-18,32
20005693,R53.83,ICD-10-CM,2026-04-05,10
20005694,R10.9,ICD-10-CM,2025-04-18,2
20005694,G43.909,ICD-10-CM,2025-10-12,179
20005694,R53.83,ICD-10-CM,2025-08-04,110
20005694,G43.909,ICD-10-CM,2026-05-21,400
20005703,G43.909,ICD-10-CM,2024-07-18,49
20005703,F41.9,ICD-10-CM,2026-04-17,687
20005703,K21.9,ICD-10-CM,2024-09-13,106
20005703,E78.5,ICD-10-CM,2025-02-02,248
20005703,R53.83,ICD-10-CM,2025-12-02,551
20005703,E78.5,ICD-10-CM,2025-04-15,320
20005703,E78.5,ICD-10-CM,2026-03-18,657
20005716,E78.5,ICD-10-CM,2025-03-19,24
20005716,L50.9,ICD-10-CM,2025-11-07,257
20005716,E78.5,ICD-10-CM,2025-03-21,26
20005716,J45.909,ICD-10-CM,2025-08-29,187
20005716,J45.909,ICD-10-CM,2025-08-28,186
20005716,E78.5,ICD-10-CM,2025-04-17,53
20005718,R53.83,ICD-10-CM,2024-06-23,152
20005718,I10,ICD-10-CM,2024-08-23,213
20005718,E78.5,ICD-10-CM,2024-08-30,220
20005718,I10,ICD-10-CM,2024-03-21,58
20005718,R10.9,ICD-10-CM,2025-03-12,414
20005718,R10.9,ICD-10-CM,2025-07-24,548
20005718,K21.9,ICD-10-CM,2024-07-17,176
20005718,J45.909,ICD-10-CM,2024-10-20,271
20005718,I10,ICD-10-CM,2025-09-08,594
20005718,F41.9,ICD-10-CM,2024-09-18,239
20005718,J45.909,ICD-10-CM,2024-08-14,204
20005718,R53.83,ICD-10-CM,2024-09-03,224
20005718,R10.9,ICD-10-CM,2024-06-01,130
20005718,L50.9,ICD-10-CM,2024-08-20,210
20005727,L50.9,ICD-10-CM,2022-12-26,372
20005727,R53.83,ICD-10-CM,2023-07-18,576
20005727,G43.909,ICD-10-CM,2022-01-31,43
20005727,G43.909,ICD-10-CM,2022-11-23,339
20005730,I10,ICD-10-CM,2022-05-14,170
20005730,R10.9,ICD-10-CM,2022-09-30,309
20005733,J45.909,ICD-10-CM,2025-06-20,34
20005733,E78.5,ICD-10-CM,2026-03-23,310
20005733,K21.9,ICD-10-CM,2025-08-12,87
20005733,J45.909,ICD-10-CM,2025-09-10,116
20005733,F41.9,ICD-10-CM,2026-03-24,311
20005744,K21.9,ICD-10-CM,2022-09-18,276
20005744,R10.9,ICD-10-CM,2022-11-29,348
20005744,F41.9,ICD-10-CM,2022-08-12,239
20005744,G43.909,ICD-10-CM,2022-01-01,16
20005744,E78.5,ICD-10-CM,2023-07-16,577
20005744,E78.5,ICD-10-CM,2022-03-25,99
20005744,F41.9,ICD-10-CM,2023-03-17,456
20005745,R10.9,ICD-10-CM,2026-05-13,70
20005745,G43.909,ICD-10-CM,2026-04-01,28
20005745,M79.7,ICD-10-CM,2026-03-30,26
20005747,K21.9,ICD-10-CM,2023-07-03,34
20005747,I10,ICD-10-CM,2023-07-30,61
20005758,J45.909,ICD-10-CM,2022-08-23,174
20005758,M79.7,ICD-10-CM,2022-03-08,6
20005761,J45.909,ICD-10-CM,2026-05-12,112
20005761,R53.83,ICD-10-CM,2026-05-10,110
20005761,J45.909,ICD-10-CM,2026-04-10,80
20005770,L50.9,ICD-10-CM,2026-03-06,11
20005776,G43.909,ICD-10-CM,2026-05-28,47
20005777,R10.9,ICD-10-CM,2026-05-19,645
20005777,R53.83,ICD-10-CM,2026-04-26,622
20005777,J45.909,ICD-10-CM,2025-10-28,442
20005777,E78.5,ICD-10-CM,2025-02-13,185
20005777,I10,ICD-10-CM,2025-09-19,403
20005777,I10,ICD-10-CM,2025-08-19,372
20005777,J45.909,ICD-10-CM,2025-03-07,207
20005778,K21.9,ICD-10-CM,2024-03-09,67
20005778,E78.5,ICD-10-CM,2024-12-20,353
20005778,J45.909,ICD-10-CM,2024-12-17,350
20005778,E78.5,ICD-10-CM,2026-01-02,731
20005778,F41.9,ICD-10-CM,2024-05-31,150
20005778,K21.9,ICD-10-CM,2025-03-27,450
20005778,R10.9,ICD-10-CM,2024-04-17,106
20005778,G43.909,ICD-10-CM,2026-04-25,844
20005778,J45.909,ICD-10-CM,2025-07-20,565
20005778,J45.909,ICD-10-CM,2024-12-24,357
20005782,E78.5,ICD-10-CM,2024-03-28,98
20005782,K21.9,ICD-10-CM,2024-05-30,161
20005782,I10,ICD-10-CM,2025-06-11,538
20005782,L50.9,ICD-10-CM,2024-07-15,207
20005782,G43.909,ICD-10-CM,2025-01-25,401
20005782,K21.9,ICD-10-CM,2024-06-15,177
20005782,J45.909,ICD-10-CM,2024-09-13,267
20005782,F41.9,ICD-10-CM,2024-06-24,186
20005782,E78.5,ICD-10-CM,2025-09-05,624
20005782,I10,ICD-10-CM,2024-01-16,26
20005782,K21.9,ICD-10-CM,2024-10-17,301
20005782,F41.9,ICD-10-CM,2024-05-09,140
20005782,J45.909,ICD-10-CM,2025-09-22,641
20005785,R10.9,ICD-10-CM,2025-10-14,192
20005785,E78.5,ICD-10-CM,2025-12-23,262
20005785,E78.5,ICD-10-CM,2025-09-09,157
20005785,E78.5,ICD-10-CM,2025-12-15,254
20005785,R10.9,ICD-10-CM,2025-08-29,146
20005785,F41.9,ICD-10-CM,2026-01-29,299
20005788,R53.83,ICD-10-CM,2022-06-03,209
20005788,I10,ICD-10-CM,2022-09-06,304
20005788,I10,ICD-10-CM,2023-03-24,503
20005788,F41.9,ICD-10-CM,2024-02-24,840
20005788,R10.9,ICD-10-CM,2022-08-05,272
20005788,J45.909,ICD-10-CM,2022-08-15,282
20005788,G43.909,ICD-10-CM,2024-05-16,922
20005788,E78.5,ICD-10-CM,2022-08-11,278
20005788,L50.9,ICD-10-CM,2022-09-07,305
20005788,G43.909,ICD-10-CM,2024-09-18,1047
20005788,J45.909,ICD-10-CM,2023-09-06,669
20005788,R10.9,ICD-10-CM,2022-11-28,387
20005788,K21.9,ICD-10-CM,2024-07-20,987
20005788,E78.5,ICD-10-CM,2023-07-14,615
20005809,R53.83,ICD-10-CM,2023-11-25,229
20005809,F41.9,ICD-10-CM,2023-05-12,32
20005809,K21.9,ICD-10-CM,2023-07-05,86
20005809,I10,ICD-10-CM,2023-07-26,107
20005809,J45.909,ICD-10-CM,2023-06-25,76
20005812,R53.83,ICD-10-CM,2025-09-05,55
20005812,R53.83,ICD-10-CM,2026-03-26,257
20005812,M79.7,ICD-10-CM,2026-03-21,252
20005812,R53.83,ICD-10-CM,2025-11-05,116
20005816,R53.83,ICD-10-CM,2025-12-24,272
20005816,I10,ICD-10-CM,2025-09-18,175
20005816,K21.9,ICD-10-CM,2025-11-08,226
20005841,F41.9,ICD-10-CM,2022-05-18,6
20005841,R10.9,ICD-10-CM,2023-10-29,535
20005841,R10.9,ICD-10-CM,2023-09-22,498
20005841,L50.9,ICD-10-CM,2023-09-14,490
20005841,I10,ICD-10-CM,2022-12-02,204
20005841,F41.9,ICD-10-CM,2023-10-24,530
20005841,M79.7,ICD-10-CM,2024-05-09,728
20005844,G43.909,ICD-10-CM,2026-01-12,31
20005844,R10.9,ICD-10-CM,2026-04-10,119
20005846,K21.9,ICD-10-CM,2024-03-30,62
20005846,F41.9,ICD-10-CM,2024-03-22,54
20005846,K21.9,ICD-10-CM,2024-09-23,239
20005846,R10.9,ICD-10-CM,2024-07-31,185
20005846,K21.9,ICD-10-CM,2025-04-02,430
20005850,K21.9,ICD-10-CM,2024-05-24,468
20005850,E78.5,ICD-10-CM,2023-04-18,66
20005850,I10,ICD-10-CM,2024-06-10,485
20005850,L50.9,ICD-10-CM,2024-12-08,666
20005853,R53.83,ICD-10-CM,2025-06-03,47
20005853,K21.9,ICD-10-CM,2025-08-18,123
20005853,E78.5,ICD-10-CM,2025-12-30,257
20005853,G43.909,ICD-10-CM,2026-03-12,329
20005853,F41.9,ICD-10-CM,2025-12-10,237
20005853,G43.909,ICD-10-CM,2025-11-21,218
20005853,M79.7,ICD-10-CM,2025-06-07,51
20005853,J45.909,ICD-10-CM,2025-12-25,252
20005854,L50.9,ICD-10-CM,2024-12-09,321
20005854,R53.83,ICD-10-CM,2026-02-03,742
20005854,K21.9,ICD-10-CM,2024-03-03,40
20005854,R53.83,ICD-10-CM,2025-02-01,375
20005854,R10.9,ICD-10-CM,2024-02-29,37
20005854,F41.9,ICD-10-CM,2024-04-15,83
20005854,J45.909,ICD-10-CM,2024-02-05,13
20005854,R53.83,ICD-10-CM,2025-11-10,657
20005854,F41.9,ICD-10-CM,2025-07-06,530
20005869,F41.9,ICD-10-CM,2025-02-03,46
20005869,J45.909,ICD-10-CM,2025-08-07,231
20005869,J45.909,ICD-10-CM,2026-01-28,405
20005869,K21.9,ICD-10-CM,2026-05-17,514
20005869,R10.9,ICD-10-CM,2026-02-01,409
20005876,I10,ICD-10-CM,2026-01-26,101
20005876,E78.5,ICD-10-CM,2026-05-26,221
20005876,G43.909,ICD-10-CM,2026-05-13,208
20005876,L50.9,ICD-10-CM,2026-02-11,117
20005883,R10.9,ICD-10-CM,2024-06-04,247
20005883,K21.9,ICD-10-CM,2024-01-25,116
20005883,I10,ICD-10-CM,2024-06-30,273
20005883,K21.9,ICD-10-CM,2023-10-26,25
20005883,I10,ICD-10-CM,2024-02-21,143
20005883,I10,ICD-10-CM,2023-12-19,79
20005883,K21.9,ICD-10-CM,2023-10-25,24
20005896,F41.9,ICD-10-CM,2025-04-12,1009
20005896,L50.9,ICD-10-CM,2026-02-09,1312
20005896,K21.9,ICD-10-CM,2025-08-06,1125
20005896,I10,ICD-10-CM,2026-01-12,1284
20005896,I10,ICD-10-CM,2024-12-05,881
20005896,J45.909,ICD-10-CM,2025-06-12,1070
20005896,E78.5,ICD-10-CM,2023-10-25,474
20005896,K21.9,ICD-10-CM,2026-01-30,1302
20005896,E78.5,ICD-10-CM,2025-07-17,1105
20005899,R10.9,ICD-10-CM,2026-05-21,23
20005899,G43.909,ICD-10-CM,2026-05-19,21
20005901,F41.9,ICD-10-CM,2025-08-05,382
20005901,G43.909,ICD-10-CM,2025-03-18,242
20005901,M79.7,ICD-10-CM,2024-07-20,1
20005901,G43.909,ICD-10-CM,2024-12-07,141
20005901,F41.9,ICD-10-CM,2024-10-29,102
20005901,R53.83,ICD-10-CM,2026-04-09,629
20005901,I10,ICD-10-CM,2026-02-06,567
20005901,G43.909,ICD-10-CM,2025-06-17,333
20005901,I10,ICD-10-CM,2024-11-29,133
20005901,R53.83,ICD-10-CM,2025-01-15,180
20005901,J45.909,ICD-10-CM,2024-10-22,95
20005901,R53.83,ICD-10-CM,2024-08-08,20
20005902,F41.9,ICD-10-CM,2024-06-12,271
20005902,K21.9,ICD-10-CM,2023-11-03,49
20005902,R53.83,ICD-10-CM,2024-03-11,178
20005907,M79.7,ICD-10-CM,2026-05-12,226
20005907,G43.909,ICD-10-CM,2025-12-29,92
20005907,G43.909,ICD-10-CM,2026-04-14,198
20005908,K21.9,ICD-10-CM,2023-08-20,68
20005908,F41.9,ICD-10-CM,2024-07-06,389
20005908,E78.5,ICD-10-CM,2024-02-04,236
20005908,K21.9,ICD-10-CM,2024-04-10,302
20005908,R10.9,ICD-10-CM,2024-06-24,377
20005908,R53.83,ICD-10-CM,2023-10-18,127
20005916,E78.5,ICD-10-CM,2025-07-11,98
20005916,K21.9,ICD-10-CM,2025-09-19,168
20005916,E78.5,ICD-10-CM,2026-05-31,422
20005916,L50.9,ICD-10-CM,2025-10-06,185
20005918,E78.5,ICD-10-CM,2026-05-25,3
20005921,G43.909,ICD-10-CM,2022-05-15,31
20005924,E78.5,ICD-10-CM,2022-11-25,217
20005924,K21.9,ICD-10-CM,2022-11-10,202
20005924,I10,ICD-10-CM,2022-09-21,152
20005927,L50.9,ICD-10-CM,2025-11-09,34
20005927,F41.9,ICD-10-CM,2025-12-07,62
20005927,F41.9,ICD-10-CM,2026-01-03,89
20005928,I10,ICD-10-CM,2023-06-16,93
20005928,L50.9,ICD-10-CM,2023-11-05,235
20005928,G43.909,ICD-10-CM,2023-11-22,252
20005928,F41.9,ICD-10-CM,2023-05-17,63
20005928,G43.909,ICD-10-CM,2023-09-10,179
20005935,I10,ICD-10-CM,2023-06-04,13
20005935,R10.9,ICD-10-CM,2023-06-03,12
20005937,F41.9,ICD-10-CM,2026-05-21,17
20005937,L50.9,ICD-10-CM,2026-05-20,16
20005937,R10.9,ICD-10-CM,2026-05-22,18
20005952,L50.9,ICD-10-CM,2023-09-11,275
20005952,G43.909,ICD-10-CM,2023-02-25,77
20005952,J45.909,ICD-10-CM,2023-02-04,56
20005952,I10,ICD-10-CM,2023-03-11,91
20005952,R53.83,ICD-10-CM,2023-08-30,263
20005952,K21.9,ICD-10-CM,2023-09-18,282
20005952,E78.5,ICD-10-CM,2022-12-18,8
20005953,R53.83,ICD-10-CM,2025-06-24,256
20005953,I10,ICD-10-CM,2025-06-02,234
20005953,R53.83,ICD-10-CM,2024-11-11,31
20005953,F41.9,ICD-10-CM,2025-04-16,187
20005953,L50.9,ICD-10-CM,2025-06-15,247
20005953,M79.7,ICD-10-CM,2025-04-13,184
20005953,K21.9,ICD-10-CM,2025-05-09,210
20005953,R53.83,ICD-10-CM,2024-11-26,46
20005974,G43.909,ICD-10-CM,2025-04-02,104
20005974,G43.909,ICD-10-CM,2025-02-20,63
20005974,K21.9,ICD-10-CM,2025-04-17,119
20005974,E78.5,ICD-10-CM,2026-04-27,494
20005974,E78.5,ICD-10-CM,2026-05-04,501
20005974,J45.909,ICD-10-CM,2025-09-05,260
20005983,R10.9,ICD-10-CM,2025-09-06,207
20005983,R53.83,ICD-10-CM,2025-11-13,275
20005983,I10,ICD-10-CM,2025-02-27,16
20005983,K21.9,ICD-10-CM,2025-08-17,187
20005983,F41.9,ICD-10-CM,2025-06-28,137
20005983,K21.9,ICD-10-CM,2025-04-09,57
20005983,E78.5,ICD-10-CM,2025-04-19,67
20005990,R53.83,ICD-10-CM,2026-04-13,48
20005990,R10.9,ICD-10-CM,2026-04-17,52
20005990,M79.7,ICD-10-CM,2026-05-16,81
20005995,K21.9,ICD-10-CM,2023-05-27,61
20005995,R53.83,ICD-10-CM,2023-03-28,1
20005995,R10.9,ICD-10-CM,2023-04-03,7
20005995,I10,ICD-10-CM,2023-05-15,49
20005995,I10,ICD-10-CM,2023-04-22,26
20005995,R53.83,ICD-10-CM,2023-07-18,113
20005995,R53.83,ICD-10-CM,2023-05-07,41
20005998,F41.9,ICD-10-CM,2024-09-14,584
20005998,I10,ICD-10-CM,2025-07-31,904
20005998,R10.9,ICD-10-CM,2024-01-31,357
20005998,F41.9,ICD-10-CM,2024-07-05,513
20005998,L50.9,ICD-10-CM,2025-11-18,1014
20005998,I10,ICD-10-CM,2024-12-10,671
20005998,I10,ICD-10-CM,2023-11-20,285
20006000,G43.909,ICD-10-CM,2026-04-14,48
20006000,K21.9,ICD-10-CM,2026-05-05,69
20006009,G43.909,ICD-10-CM,2023-12-26,268
20006009,K21.9,ICD-10-CM,2026-01-02,1006
20006009,E78.5,ICD-10-CM,2025-07-21,841
20006009,K21.9,ICD-10-CM,2023-10-27,208
20006009,R10.9,ICD-10-CM,2025-04-19,748
20006009,G43.909,ICD-10-CM,2023-09-09,160
20006009,K21.9,ICD-10-CM,2024-04-10,374
20006009,R10.9,ICD-10-CM,2023-12-10,252
20006009,G43.909,ICD-10-CM,2025-12-14,987
20006009,E78.5,ICD-10-CM,2026-05-07,1131
20006009,K21.9,ICD-10-CM,2024-09-08,525
20006016,E78.5,ICD-10-CM,2025-01-09,25
20006016,I10,ICD-10-CM,2025-01-20,36
20006016,R10.9,ICD-10-CM,2025-01-31,47
20006016,I10,ICD-10-CM,2025-01-05,21
20006016,F41.9,ICD-10-CM,2025-02-04,51
20006016,R53.83,ICD-10-CM,2025-02-02,49
20006017,J45.909,ICD-10-CM,2026-04-20,4
20006021,G43.909,ICD-10-CM,2022-10-10,303
20006021,L50.9,ICD-10-CM,2022-02-02,53
20006021,R53.83,ICD-10-CM,2024-01-22,772
20006021,E78.5,ICD-10-CM,2023-03-26,470
20006021,I10,ICD-10-CM,2024-01-22,772
20006021,E78.5,ICD-10-CM,2022-05-18,158
20006021,I10,ICD-10-CM,2023-05-17,522
20006021,I10,ICD-10-CM,2023-09-24,652
20006021,R53.83,ICD-10-CM,2024-01-09,759
20006021,L50.9,ICD-10-CM,2022-11-05,329
20006021,G43.909,ICD-10-CM,2024-03-14,824
20006026,F41.9,ICD-10-CM,2025-07-02,385
20006026,J45.909,ICD-10-CM,2026-05-30,717
20006026,J45.909,ICD-10-CM,2026-04-23,680
20006026,K21.9,ICD-10-CM,2025-09-26,471
20006026,E78.5,ICD-10-CM,2025-03-23,284
20006026,R53.83,ICD-10-CM,2026-04-14,671
20006026,J45.909,ICD-10-CM,2024-12-18,189
20006029,K21.9,ICD-10-CM,2024-06-26,618
20006029,I10,ICD-10-CM,2023-04-22,187
20006029,K21.9,ICD-10-CM,2024-04-24,555
20006029,R53.83,ICD-10-CM,2025-03-31,896
20006029,I10,ICD-10-CM,2023-10-24,372
20006029,G43.909,ICD-10-CM,2023-05-17,212
20006029,L50.9,ICD-10-CM,2024-11-07,752
20006029,K21.9,ICD-10-CM,2025-08-31,1049
20006029,R10.9,ICD-10-CM,2024-03-03,503
20006029,L50.9,ICD-10-CM,2024-03-21,521
20006029,K21.9,ICD-10-CM,2025-04-01,897
20006029,F41.9,ICD-10-CM,2024-04-19,550
20006032,J45.909,ICD-10-CM,2026-05-14,71
20006032,I10,ICD-10-CM,2026-05-16,73
20006034,K21.9,ICD-10-CM,2026-04-10,317
20006034,K21.9,ICD-10-CM,2026-04-03,310
20006034,G43.909,ICD-10-CM,2026-02-21,269
20006034,G43.909,ICD-10-CM,2025-12-17,203
20006034,G43.909,ICD-10-CM,2025-11-13,169
20006040,R53.83,ICD-10-CM,2026-05-05,119
20006040,R53.83,ICD-10-CM,2026-02-23,48
20006040,I10,ICD-10-CM,2026-01-23,17
20006040,R10.9,ICD-10-CM,2026-03-09,62
20006040,G43.909,ICD-10-CM,2026-05-10,124
20006048,R53.83,ICD-10-CM,2025-11-14,8
20006048,I10,ICD-10-CM,2026-02-15,101
20006055,I10,ICD-10-CM,2024-08-02,107
20006055,F41.9,ICD-10-CM,2024-11-10,207
20006055,I10,ICD-10-CM,2024-07-25,99
20006055,F41.9,ICD-10-CM,2024-06-18,62
20006055,G43.909,ICD-10-CM,2024-11-01,198
20006055,E78.5,ICD-10-CM,2024-11-19,216
20006056,R10.9,ICD-10-CM,2025-01-27,177
20006057,I10,ICD-10-CM,2024-08-12,743
20006057,G43.909,ICD-10-CM,2024-08-21,752
20006057,I10,ICD-10-CM,2024-02-04,553
20006057,J45.909,ICD-10-CM,2023-08-09,374
20006057,I10,ICD-10-CM,2024-01-29,547
20006057,F41.9,ICD-10-CM,2024-05-04,643
20006057,F41.9,ICD-10-CM,2024-01-17,535
20006070,M79.7,ICD-10-CM,2025-06-18,110
20006070,G43.909,ICD-10-CM,2025-08-06,159
20006070,L50.9,ICD-10-CM,2025-11-13,258
20006070,R53.83,ICD-10-CM,2025-11-17,262
20006070,I10,ICD-10-CM,2025-04-10,41
20006070,E78.5,ICD-10-CM,2025-04-24,55
20006070,G43.909,ICD-10-CM,2026-02-14,351
20006070,K21.9,ICD-10-CM,2025-10-09,223
20006070,I10,ICD-10-CM,2025-10-01,215
20006070,E78.5,ICD-10-CM,2026-02-05,342
20006072,F41.9,ICD-10-CM,2026-04-10,16
20006072,F41.9,ICD-10-CM,2026-04-05,11
20006072,R10.9,ICD-10-CM,2026-05-14,50
20006075,K21.9,ICD-10-CM,2025-08-25,19
20006075,I10,ICD-10-CM,2025-12-22,138
20006075,F41.9,ICD-10-CM,2025-11-27,113
20006075,F41.9,ICD-10-CM,2026-05-28,295
20006075,M79.7,ICD-10-CM,2025-08-18,12
20006075,R53.83,ICD-10-CM,2025-10-04,59
20006075,E78.5,ICD-10-CM,2026-05-17,284
20006075,K21.9,ICD-10-CM,2025-12-11,127
20006075,F41.9,ICD-10-CM,2026-02-24,202
20006077,R53.83,ICD-10-CM,2025-11-29,50
20006077,F41.9,ICD-10-CM,2026-05-11,213
20006077,G43.909,ICD-10-CM,2026-01-03,85
20006077,R53.83,ICD-10-CM,2026-04-08,180
20006098,G43.909,ICD-10-CM,2024-07-17,38
20006098,R53.83,ICD-10-CM,2024-10-16,129
20006098,R53.83,ICD-10-CM,2024-09-15,98
20006108,J45.909,ICD-10-CM,2024-10-20,317
20006108,F41.9,ICD-10-CM,2025-11-10,703
20006108,J45.909,ICD-10-CM,2025-01-09,398
20006108,F41.9,ICD-10-CM,2025-03-07,455
20006110,F41.9,ICD-10-CM,2022-12-20,47
20006110,M79.7,ICD-10-CM,2023-04-22,170
20006110,I10,ICD-10-CM,2023-07-06,245
20006110,R53.83,ICD-10-CM,2023-09-02,303
20006116,L50.9,ICD-10-CM,2026-01-10,221
20006116,E78.5,ICD-10-CM,2025-11-29,179
20006116,K21.9,ICD-10-CM,2025-09-21,110
20006116,R10.9,ICD-10-CM,2025-06-29,26
20006116,R53.83,ICD-10-CM,2025-11-13,163
20006117,E78.5,ICD-10-CM,2023-08-18,543
20006117,K21.9,ICD-10-CM,2022-07-10,139
20006117,G43.909,ICD-10-CM,2023-05-23,456
20006117,G43.909,ICD-10-CM,2023-06-03,467
20006117,I10,ICD-10-CM,2023-01-13,326
20006117,J45.909,ICD-10-CM,2023-10-28,614
20006117,R10.9,ICD-10-CM,2022-10-11,232
20006117,I10,ICD-10-CM,2024-01-26,704
20006117,F41.9,ICD-10-CM,2024-01-17,695
20006117,E78.5,ICD-10-CM,2022-12-13,295
20006117,E78.5,ICD-10-CM,2022-03-09,16
20006120,E78.5,ICD-10-CM,2026-03-02,755
20006120,G43.909,ICD-10-CM,2024-06-12,127
20006120,K21.9,ICD-10-CM,2025-02-19,379
20006120,R53.83,ICD-10-CM,2025-11-01,634
20006120,F41.9,ICD-10-CM,2024-12-24,322
20006120,G43.909,ICD-10-CM,2025-08-04,545
20006120,R53.83,ICD-10-CM,2024-12-11,309
20006120,E78.5,ICD-10-CM,2025-08-24,565
20006137,R53.83,ICD-10-CM,2026-04-06,37
20006139,E78.5,ICD-10-CM,2026-05-14,190
20006139,G43.909,ICD-10-CM,2025-12-24,49
20006139,R10.9,ICD-10-CM,2026-05-01,177
20006139,L50.9,ICD-10-CM,2026-02-24,111
20006139,I10,ICD-10-CM,2026-05-27,203
20006139,J45.909,ICD-10-CM,2025-11-08,3
20006139,I10,ICD-10-CM,2026-04-18,164
20006139,I10,ICD-10-CM,2026-01-18,74
20006139,J45.909,ICD-10-CM,2026-04-27,173
20006139,K21.9,ICD-10-CM,2025-12-02,27
20006143,L50.9,ICD-10-CM,2023-08-30,137
20006143,I10,ICD-10-CM,2023-05-23,38
20006143,F41.9,ICD-10-CM,2023-04-30,15
20006143,L50.9,ICD-10-CM,2023-09-17,155
20006143,R53.83,ICD-10-CM,2023-09-17,155
20006143,R10.9,ICD-10-CM,2023-05-24,39
20006145,K21.9,ICD-10-CM,2023-10-31,470
20006145,R10.9,ICD-10-CM,2022-11-26,131
20006145,I10,ICD-10-CM,2023-06-20,337
20006145,F41.9,ICD-10-CM,2022-08-17,30
20006153,R53.83,ICD-10-CM,2025-06-20,792
20006153,K21.9,ICD-10-CM,2025-02-25,677
20006153,R10.9,ICD-10-CM,2023-08-28,130
20006156,F41.9,ICD-10-CM,2026-05-23,5
20006168,L50.9,ICD-10-CM,2025-05-16,291
20006168,R53.83,ICD-10-CM,2025-01-12,167
20006168,G43.909,ICD-10-CM,2026-01-14,534
20006168,I10,ICD-10-CM,2024-11-25,119
20006168,J45.909,ICD-10-CM,2025-01-07,162
20006168,K21.9,ICD-10-CM,2025-08-27,394
20006168,E78.5,ICD-10-CM,2025-09-25,423
20006168,R53.83,ICD-10-CM,2025-06-01,307
20006173,E78.5,ICD-10-CM,2026-04-16,462
20006173,F41.9,ICD-10-CM,2026-03-07,422
20006173,I10,ICD-10-CM,2025-09-17,251
20006173,M79.7,ICD-10-CM,2026-03-30,445
20006173,J45.909,ICD-10-CM,2026-02-25,412
20006173,K21.9,ICD-10-CM,2025-08-20,223
20006173,G43.909,ICD-10-CM,2025-06-09,151
20006182,I10,ICD-10-CM,2025-08-25,72
20006182,E78.5,ICD-10-CM,2025-11-18,157
20006188,R10.9,ICD-10-CM,2023-10-22,440
20006188,K21.9,ICD-10-CM,2022-10-12,65
20006188,M79.7,ICD-10-CM,2022-09-12,35
20006188,F41.9,ICD-10-CM,2023-01-05,150
20006188,M79.7,ICD-10-CM,2023-03-13,217
20006188,E78.5,ICD-10-CM,2024-01-29,539
20006188,M79.7,ICD-10-CM,2024-01-10,520
20006190,E78.5,ICD-10-CM,2024-12-22,103
20006190,G43.909,ICD-10-CM,2024-11-27,78
20006190,I10,ICD-10-CM,2024-09-19,9
20006190,R10.9,ICD-10-CM,2026-05-16,613
20006190,K21.9,ICD-10-CM,2026-04-27,594
20006193,F41.9,ICD-10-CM,2026-05-23,6
20006193,R53.83,ICD-10-CM,2026-05-22,5
20006195,E78.5,ICD-10-CM,2025-03-02,97
20006195,G43.909,ICD-10-CM,2024-11-27,2
20006195,K21.9,ICD-10-CM,2026-05-09,530
20006195,G43.909,ICD-10-CM,2025-09-04,283
20006195,I10,ICD-10-CM,2025-04-27,153
20006201,L50.9,ICD-10-CM,2022-12-28,113
20006201,L50.9,ICD-10-CM,2023-01-28,144
20006201,E78.5,ICD-10-CM,2022-11-24,79
20006205,E78.5,ICD-10-CM,2025-06-08,343
20006205,I10,ICD-10-CM,2025-03-14,257
20006205,M79.7,ICD-10-CM,2025-12-29,547
20006205,G43.909,ICD-10-CM,2025-12-09,527
20006205,R10.9,ICD-10-CM,2026-03-27,635
20006205,F41.9,ICD-10-CM,2025-12-13,531
20006205,K21.9,ICD-10-CM,2025-03-30,273
20006205,L50.9,ICD-10-CM,2026-01-30,579
20006205,J45.909,ICD-10-CM,2026-04-05,644
20006205,G43.909,ICD-10-CM,2026-01-11,560
20006209,I10,ICD-10-CM,2026-05-30,990
20006209,F41.9,ICD-10-CM,2024-04-15,215
20006209,E78.5,ICD-10-CM,2023-09-29,16
20006209,R10.9,ICD-10-CM,2024-04-10,210
20006209,K21.9,ICD-10-CM,2024-12-20,464
20006209,K21.9,ICD-10-CM,2025-04-05,570
20006209,G43.909,ICD-10-CM,2025-06-09,635
20006212,R10.9,ICD-10-CM,2023-05-27,513
20006212,R10.9,ICD-10-CM,2024-12-17,1083
20006212,R53.83,ICD-10-CM,2023-03-19,444
20006212,I10,ICD-10-CM,2022-10-02,276
20006212,G43.909,ICD-10-CM,2022-02-16,48
20006212,I10,ICD-10-CM,2023-10-13,652
20006212,G43.909,ICD-10-CM,2022-12-28,363
20006212,R53.83,ICD-10-CM,2022-06-07,159
20006212,R10.9,ICD-10-CM,2022-02-08,40
20006212,E78.5,ICD-10-CM,2022-04-16,107
20006212,R53.83,ICD-10-CM,2022-05-11,132
20006212,K21.9,ICD-10-CM,2023-06-12,529
20006212,E78.5,ICD-10-CM,2022-02-03,35
20006218,E78.5,ICD-10-CM,2026-04-04,84
20006218,R10.9,ICD-10-CM,2026-02-26,47
20006218,R10.9,ICD-10-CM,2026-05-18,128
20006218,I10,ICD-10-CM,2026-04-28,108
20006223,L50.9,ICD-10-CM,2025-08-11,829
20006223,E78.5,ICD-10-CM,2026-01-03,974
20006223,L50.9,ICD-10-CM,2025-02-22,659
20006223,G43.909,ICD-10-CM,2023-11-27,206
20006223,R10.9,ICD-10-CM,2025-02-04,641
20006223,M79.7,ICD-10-CM,2024-08-15,468
20006228,M79.7,ICD-10-CM,2022-02-15,103
20006228,K21.9,ICD-10-CM,2022-04-10,157
20006228,M79.7,ICD-10-CM,2021-11-08,4
20006228,J45.909,ICD-10-CM,2022-02-04,92
20006228,I10,ICD-10-CM,2021-11-09,5
20006228,R53.83,ICD-10-CM,2021-12-23,49
20006228,I10,ICD-10-CM,2022-03-19,135
20006230,R53.83,ICD-10-CM,2024-10-11,160
20006230,J45.909,ICD-10-CM,2025-08-19,472
20006230,K21.9,ICD-10-CM,2025-02-08,280
20006230,G43.909,ICD-10-CM,2025-07-29,451
20006233,R53.83,ICD-10-CM,2026-05-16,55
20006240,R53.83,ICD-10-CM,2026-04-08,22
20006240,F41.9,ICD-10-CM,2026-05-08,52
20006240,R53.83,ICD-10-CM,2026-04-27,41
20006241,F41.9,ICD-10-CM,2026-04-20,432
20006241,M79.7,ICD-10-CM,2025-11-03,264
20006241,I10,ICD-10-CM,2025-12-19,310
20006241,R53.83,ICD-10-CM,2026-02-15,368
20006241,R53.83,ICD-10-CM,2025-04-02,49
20006241,L50.9,ICD-10-CM,2026-01-31,353
20006245,E78.5,ICD-10-CM,2023-02-21,55
20006245,K21.9,ICD-10-CM,2022-12-31,3
20006245,R53.83,ICD-10-CM,2023-10-16,292
20006245,K21.9,ICD-10-CM,2024-09-09,621
20006245,M79.7,ICD-10-CM,2024-02-14,413
20006245,I10,ICD-10-CM,2023-12-09,346
20006246,M79.7,ICD-10-CM,2023-03-27,91
20006246,R53.83,ICD-10-CM,2023-02-01,37
20006246,J45.909,ICD-10-CM,2023-08-13,230
20006246,R10.9,ICD-10-CM,2023-01-17,22
20006246,F41.9,ICD-10-CM,2023-06-19,175
20006246,I10,ICD-10-CM,2023-04-09,104
20006246,R53.83,ICD-10-CM,2023-03-23,87
20006250,R10.9,ICD-10-CM,2024-12-04,36
20006250,R53.83,ICD-10-CM,2025-11-01,368
20006250,G43.909,ICD-10-CM,2025-01-07,70
20006257,J45.909,ICD-10-CM,2022-06-04,80
20006257,R10.9,ICD-10-CM,2022-05-04,49
20006257,K21.9,ICD-10-CM,2022-04-21,36
20006257,E78.5,ICD-10-CM,2022-06-28,104
20006257,E78.5,ICD-10-CM,2022-09-13,181
20006257,F41.9,ICD-10-CM,2022-05-25,70
20006258,L50.9,ICD-10-CM,2026-03-05,35
20006258,R53.83,ICD-10-CM,2026-02-16,18
20006258,G43.909,ICD-10-CM,2026-03-10,40
20006258,R10.9,ICD-10-CM,2026-05-15,106
20006259,J45.909,ICD-10-CM,2025-04-10,2
20006259,I10,ICD-10-CM,2025-07-29,112
20006259,K21.9,ICD-10-CM,2025-08-20,134
20006259,K21.9,ICD-10-CM,2025-07-05,88
20006279,M79.7,ICD-10-CM,2023-09-02,100
20006279,E78.5,ICD-10-CM,2024-07-19,421
20006279,K21.9,ICD-10-CM,2024-01-16,236
20006279,K21.9,ICD-10-CM,2024-01-03,223
20006279,R53.83,ICD-10-CM,2023-06-17,23
20006279,L50.9,ICD-10-CM,2023-12-25,214
20006279,E78.5,ICD-10-CM,2024-06-13,385
20006279,R53.83,ICD-10-CM,2024-01-22,242
20006279,R53.83,ICD-10-CM,2024-02-17,268
20006280,L50.9,ICD-10-CM,2024-12-11,189
20006280,J45.909,ICD-10-CM,2024-08-10,66
20006280,F41.9,ICD-10-CM,2024-12-01,179
20006280,E78.5,ICD-10-CM,2024-12-07,185
20006280,R10.9,ICD-10-CM,2024-10-06,123
20006280,J45.909,ICD-10-CM,2024-10-05,122
20006284,M79.7,ICD-10-CM,2024-07-09,410
20006284,R53.83,ICD-10-CM,2024-08-14,446
20006284,G43.909,ICD-10-CM,2024-09-18,481
20006284,I10,ICD-10-CM,2024-07-27,428
20006284,E78.5,ICD-10-CM,2023-10-30,157
20006290,G43.909,ICD-10-CM,2025-05-09,209
20006290,R53.83,ICD-10-CM,2025-03-29,168
20006290,E78.5,ICD-10-CM,2024-12-27,76
20006290,I10,ICD-10-CM,2025-07-10,271
20006293,F41.9,ICD-10-CM,2024-06-18,26
20006293,F41.9,ICD-10-CM,2024-10-20,150
20006293,R10.9,ICD-10-CM,2024-06-15,23
20006293,K21.9,ICD-10-CM,2024-10-02,132
20006294,I10,ICD-10-CM,2025-07-29,215
20006294,R53.83,ICD-10-CM,2025-02-27,63
20006294,K21.9,ICD-10-CM,2025-05-14,139
20006294,G43.909,ICD-10-CM,2025-12-05,344
20006294,J45.909,ICD-10-CM,2025-07-20,206
20006294,F41.9,ICD-10-CM,2025-09-03,251
20006294,R53.83,ICD-10-CM,2026-02-10,411
20006299,G43.909,ICD-10-CM,2024-11-28,17
20006299,R53.83,ICD-10-CM,2025-02-02,83
20006299,F41.9,ICD-10-CM,2025-01-08,58
20006299,R53.83,ICD-10-CM,2025-02-04,85
20006299,G43.909,ICD-10-CM,2025-04-14,154
20006299,K21.9,ICD-10-CM,2025-03-15,124
20006299,J45.909,ICD-10-CM,2024-11-28,17
20006319,K21.9,ICD-10-CM,2024-01-05,75
20006319,R53.83,ICD-10-CM,2024-07-23,275
20006319,G43.909,ICD-10-CM,2025-08-27,675
20006319,R10.9,ICD-10-CM,2025-07-27,644
20006319,E78.5,ICD-10-CM,2024-07-10,262
20006319,E78.5,ICD-10-CM,2024-01-01,71
20006319,I10,ICD-10-CM,2025-08-10,658
20006319,M79.7,ICD-10-CM,2024-03-12,142
20006319,E78.5,ICD-10-CM,2024-12-23,428
20006349,G43.909,ICD-10-CM,2026-03-25,8
20006349,G43.909,ICD-10-CM,2026-04-07,21
20006350,F41.9,ICD-10-CM,2022-06-18,66
20006350,R53.83,ICD-10-CM,2022-07-11,89
20006359,I10,ICD-10-CM,2023-03-12,506
20006359,I10,ICD-10-CM,2022-05-10,200
20006359,G43.909,ICD-10-CM,2022-04-27,187
20006359,G43.909,ICD-10-CM,2022-06-05,226
20006359,E78.5,ICD-10-CM,2023-03-17,511
20006359,I10,ICD-10-CM,2021-11-22,31
20006359,E78.5,ICD-10-CM,2023-02-07,473
20006359,R10.9,ICD-10-CM,2022-09-06,319
20006359,R10.9,ICD-10-CM,2022-02-20,121
20006361,K21.9,ICD-10-CM,2026-04-01,13
20006361,J45.909,ICD-10-CM,2026-04-15,27
20006361,I10,ICD-10-CM,2026-04-29,41
20006364,R53.83,ICD-10-CM,2022-07-07,39
20006364,F41.9,ICD-10-CM,2022-09-03,97
20006364,G43.909,ICD-10-CM,2023-07-16,413
20006364,R53.83,ICD-10-CM,2023-03-26,301
20006364,G43.909,ICD-10-CM,2022-10-29,153
20006364,E78.5,ICD-10-CM,2023-06-08,375
20006364,K21.9,ICD-10-CM,2022-09-06,100
20006364,F41.9,ICD-10-CM,2022-07-13,45
20006364,I10,ICD-10-CM,2023-08-01,429
20006369,I10,ICD-10-CM,2026-01-25,60
20006369,J45.909,ICD-10-CM,2026-01-23,58
20006369,I10,ICD-10-CM,2025-12-20,24
20006370,R53.83,ICD-10-CM,2023-05-28,32
20006370,G43.909,ICD-10-CM,2023-05-26,30
20006371,K21.9,ICD-10-CM,2024-12-30,95
20006371,M79.7,ICD-10-CM,2024-10-07,11
20006376,J45.909,ICD-10-CM,2024-09-12,373
20006376,L50.9,ICD-10-CM,2024-10-27,418
20006376,J45.909,ICD-10-CM,2025-08-08,703
20006376,L50.9,ICD-10-CM,2024-10-24,415
20006376,L50.9,ICD-10-CM,2024-03-29,206
20006377,R53.83,ICD-10-CM,2025-04-18,63
20006377,R53.83,ICD-10-CM,2025-09-29,227
20006377,L50.9,ICD-10-CM,2026-02-04,355
20006377,E78.5,ICD-10-CM,2025-09-17,215
20006377,R10.9,ICD-10-CM,2025-04-08,53
20006377,G43.909,ICD-10-CM,2025-04-05,50
20006377,J45.909,ICD-10-CM,2026-02-13,364
20006377,R10.9,ICD-10-CM,2025-10-28,256
20006377,R10.9,ICD-10-CM,2026-01-05,325
20006377,R53.83,ICD-10-CM,2025-06-21,127
20006379,R10.9,ICD-10-CM,2023-07-02,2
20006379,I10,ICD-10-CM,2023-09-08,70
20006379,J45.909,ICD-10-CM,2023-09-10,72
20006379,J45.909,ICD-10-CM,2024-10-11,469
20006379,K21.9,ICD-10-CM,2023-12-21,174
20006379,F41.9,ICD-10-CM,2024-01-18,202
20006380,K21.9,ICD-10-CM,2026-05-18,1
20006388,I10,ICD-10-CM,2023-08-28,266
20006388,R10.9,ICD-10-CM,2023-03-16,101
20006388,J45.909,ICD-10-CM,2023-09-29,298
20006388,L50.9,ICD-10-CM,2024-06-05,548
20006395,R53.83,ICD-10-CM,2025-03-11,1221
20006395,G43.909,ICD-10-CM,2022-01-11,66
20006395,R53.83,ICD-10-CM,2022-01-30,85
20006395,J45.909,ICD-10-CM,2022-12-02,391
20006395,M79.7,ICD-10-CM,2024-11-24,1114
20006395,I10,ICD-10-CM,2023-03-23,502
20006395,J45.909,ICD-10-CM,2024-09-11,1040
20006395,G43.909,ICD-10-CM,2022-08-15,282
20006395,R10.9,ICD-10-CM,2025-03-13,1223
20006395,L50.9,ICD-10-CM,2025-02-07,1189
20006395,G43.909,ICD-10-CM,2023-12-17,771
20006395,K21.9,ICD-10-CM,2024-10-23,1082
20006395,G43.909,ICD-10-CM,2024-12-14,1134
20006395,R53.83,ICD-10-CM,2023-06-06,577
20006396,F41.9,ICD-10-CM,2022-05-08,5
20006396,R53.83,ICD-10-CM,2023-01-24,266
20006396,K21.9,ICD-10-CM,2024-01-24,631
20006396,I10,ICD-10-CM,2023-07-20,443
20006396,G43.909,ICD-10-CM,2022-05-22,19
20006396,I10,ICD-10-CM,2022-10-22,172
20006396,I10,ICD-10-CM,2023-11-30,576
20006396,G43.909,ICD-10-CM,2023-02-06,279
20006396,J45.909,ICD-10-CM,2023-05-20,382
20006396,R53.83,ICD-10-CM,2022-10-20,170
20006399,E78.5,ICD-10-CM,2025-02-03,251
20006399,G43.909,ICD-10-CM,2024-07-26,59
20006399,K21.9,ICD-10-CM,2026-01-21,603
20006399,J45.909,ICD-10-CM,2024-06-12,15
20006399,G43.909,ICD-10-CM,2024-07-27,60
20006399,G43.909,ICD-10-CM,2024-12-13,199
20006399,F41.9,ICD-10-CM,2025-12-24,575
20006399,F41.9,ICD-10-CM,2025-12-11,562
20006399,R53.83,ICD-10-CM,2025-06-01,369
20006399,K21.9,ICD-10-CM,2025-06-11,379
20006404,K21.9,ICD-10-CM,2024-07-22,427
20006404,R10.9,ICD-10-CM,2024-02-27,281
20006404,E78.5,ICD-10-CM,2023-06-16,25
20006404,J45.909,ICD-10-CM,2024-10-04,501
20006404,J45.909,ICD-10-CM,2023-05-26,4
20006404,R53.83,ICD-10-CM,2024-09-13,480
20006424,R10.9,ICD-10-CM,2024-05-07,44
20006424,J45.909,ICD-10-CM,2025-04-24,396
20006424,R53.83,ICD-10-CM,2024-04-12,19
20006432,I10,ICD-10-CM,2024-06-16,50
20006432,R10.9,ICD-10-CM,2024-11-23,210
20006432,E78.5,ICD-10-CM,2025-05-08,376
20006434,G43.909,ICD-10-CM,2022-09-19,43
20006440,L50.9,ICD-10-CM,2026-03-11,983
20006440,E78.5,ICD-10-CM,2026-02-05,949
20006440,K21.9,ICD-10-CM,2023-08-14,43
20006440,F41.9,ICD-10-CM,2025-02-10,589
20006440,M79.7,ICD-10-CM,2025-01-07,555
20006440,R53.83,ICD-10-CM,2026-05-07,1040
20006440,L50.9,ICD-10-CM,2023-11-13,134
20006440,K21.9,ICD-10-CM,2024-10-16,472
20006440,J45.909,ICD-10-CM,2025-08-13,773
20006457,J45.909,ICD-10-CM,2026-05-01,20
20006457,G43.909,ICD-10-CM,2026-05-21,40
20006457,R53.83,ICD-10-CM,2026-05-28,47
20006458,L50.9,ICD-10-CM,2026-04-21,190
20006458,F41.9,ICD-10-CM,2026-01-06,85
20006458,R53.83,ICD-10-CM,2026-02-13,123
20006460,M79.7,ICD-10-CM,2024-12-11,92
20006460,L50.9,ICD-10-CM,2025-11-27,443
20006460,R10.9,ICD-10-CM,2025-11-04,420
20006460,G43.909,ICD-10-CM,2025-02-23,166
20006460,G43.909,ICD-10-CM,2024-10-16,36
20006461,E78.5,ICD-10-CM,2025-12-23,47
20006461,R53.83,ICD-10-CM,2025-12-10,34
20006461,E78.5,ICD-10-CM,2026-05-05,180
20006461,L50.9,ICD-10-CM,2026-01-14,69
20006461,F41.9,ICD-10-CM,2026-04-17,162
20006461,R10.9,ICD-10-CM,2026-02-16,102
20006462,L50.9,ICD-10-CM,2024-02-13,316
20006462,R10.9,ICD-10-CM,2023-10-04,184
20006462,L50.9,ICD-10-CM,2023-10-02,182
20006462,G43.909,ICD-10-CM,2023-11-12,223
20006462,E78.5,ICD-10-CM,2023-11-27,238
20006462,I10,ICD-10-CM,2023-04-22,19
20006462,L50.9,ICD-10-CM,2023-10-18,198
20006474,L50.9,ICD-10-CM,2022-06-07,27
20006474,E78.5,ICD-10-CM,2022-06-12,32
20006477,I10,ICD-10-CM,2021-12-22,43
20006477,K21.9,ICD-10-CM,2022-01-05,57
20006479,I10,ICD-10-CM,2025-03-24,124
20006479,R53.83,ICD-10-CM,2025-01-02,43
20006479,R10.9,ICD-10-CM,2025-01-11,52
20006479,F41.9,ICD-10-CM,2025-03-24,124
20006479,I10,ICD-10-CM,2025-10-29,343
20006479,I10,ICD-10-CM,2025-07-21,243
20006479,E78.5,ICD-10-CM,2026-02-18,455
20006494,K21.9,ICD-10-CM,2025-05-21,422
20006494,I10,ICD-10-CM,2025-10-10,564
20006494,E78.5,ICD-10-CM,2025-10-28,582
20006494,G43.909,ICD-10-CM,2025-02-07,319
20006494,M79.7,ICD-10-CM,2025-03-06,346
20006494,K21.9,ICD-10-CM,2024-10-14,203
20006494,G43.909,ICD-10-CM,2026-05-14,780
20006496,I10,ICD-10-CM,2025-03-24,194
20006496,E78.5,ICD-10-CM,2024-10-30,49
20006496,L50.9,ICD-10-CM,2025-03-27,197
20006510,K21.9,ICD-10-CM,2024-10-08,101
20006510,F41.9,ICD-10-CM,2025-07-24,390
20006510,F41.9,ICD-10-CM,2025-08-20,417
20006510,E78.5,ICD-10-CM,2025-09-16,444
20006510,F41.9,ICD-10-CM,2024-11-17,141
20006510,F41.9,ICD-10-CM,2024-09-28,91
20006510,J45.909,ICD-10-CM,2024-11-11,135
20006518,R53.83,ICD-10-CM,2024-03-28,791
20006518,L50.9,ICD-10-CM,2022-04-23,86
20006518,F41.9,ICD-10-CM,2022-06-11,135
20006518,R53.83,ICD-10-CM,2022-03-21,53
20006518,G43.909,ICD-10-CM,2024-05-13,837
20006518,E78.5,ICD-10-CM,2023-02-07,376
20006518,E78.5,ICD-10-CM,2024-02-19,753
20006518,L50.9,ICD-10-CM,2025-09-10,1322
20006518,K21.9,ICD-10-CM,2022-11-08,285
20006518,J45.909,ICD-10-CM,2023-03-23,420
20006518,R10.9,ICD-10-CM,2024-04-10,804
20006518,K21.9,ICD-10-CM,2023-05-20,478
20006520,G43.909,ICD-10-CM,2025-03-25,436
20006520,K21.9,ICD-10-CM,2024-08-22,221
20006520,G43.909,ICD-10-CM,2026-04-21,828
20006520,R53.83,ICD-10-CM,2025-05-01,473
20006520,K21.9,ICD-10-CM,2025-12-29,715
20006527,R10.9,ICD-10-CM,2026-02-23,649
20006527,E78.5,ICD-10-CM,2024-09-26,134
20006527,G43.909,ICD-10-CM,2025-04-19,339
20006527,K21.9,ICD-10-CM,2025-10-17,520
20006527,F41.9,ICD-10-CM,2025-09-22,495
20006527,F41.9,ICD-10-CM,2025-01-02,232
20006527,K21.9,ICD-10-CM,2025-09-06,479
20006527,L50.9,ICD-10-CM,2024-12-28,227
20006532,K21.9,ICD-10-CM,2024-09-30,151
20006532,R53.83,ICD-10-CM,2024-08-06,96
20006532,K21.9,ICD-10-CM,2024-07-21,80
20006532,E78.5,ICD-10-CM,2024-06-22,51
20006532,G43.909,ICD-10-CM,2024-05-12,10
20006535,K21.9,ICD-10-CM,2026-03-26,98
20006535,J45.909,ICD-10-CM,2026-04-12,115
20006535,L50.9,ICD-10-CM,2026-02-13,57
20006548,K21.9,ICD-10-CM,2026-03-13,60
20006548,K21.9,ICD-10-CM,2026-05-04,112
20006548,R53.83,ICD-10-CM,2026-03-01,48
20006558,R10.9,ICD-10-CM,2023-02-16,94
20006561,R10.9,ICD-10-CM,2024-07-05,361
20006561,I10,ICD-10-CM,2025-03-28,627
20006561,F41.9,ICD-10-CM,2025-07-30,751
20006561,K21.9,ICD-10-CM,2025-04-08,638
20006561,I10,ICD-10-CM,2023-07-11,1
20006561,I10,ICD-10-CM,2023-09-10,62
20006561,G43.909,ICD-10-CM,2025-10-23,836
20006561,R53.83,ICD-10-CM,2024-06-05,331
20006561,E78.5,ICD-10-CM,2025-02-21,592
20006561,F41.9,ICD-10-CM,2024-07-21,377
20006571,F41.9,ICD-10-CM,2022-10-19,42
20006573,F41.9,ICD-10-CM,2024-03-31,167
20006573,K21.9,ICD-10-CM,2023-10-29,13
20006573,I10,ICD-10-CM,2024-05-10,207
20006573,R53.83,ICD-10-CM,2024-01-23,99
20006573,K21.9,ICD-10-CM,2023-11-11,26
20006581,L50.9,ICD-10-CM,2022-10-21,140
20006581,R53.83,ICD-10-CM,2022-10-02,121
20006581,R53.83,ICD-10-CM,2023-01-28,239
20006581,J45.909,ICD-10-CM,2022-12-15,195
20006583,I10,ICD-10-CM,2025-09-09,14
20006583,E78.5,ICD-10-CM,2025-09-29,34
20006583,G43.909,ICD-10-CM,2025-09-30,35
20006583,J45.909,ICD-10-CM,2025-10-08,43
20006590,E78.5,ICD-10-CM,2024-08-11,389
20006590,M79.7,ICD-10-CM,2025-01-28,559
20006590,R10.9,ICD-10-CM,2023-12-30,164
20006590,L50.9,ICD-10-CM,2024-11-25,495
20006590,E78.5,ICD-10-CM,2023-12-19,153
20006590,R10.9,ICD-10-CM,2023-08-31,43
20006590,I10,ICD-10-CM,2024-01-25,190
20006590,E78.5,ICD-10-CM,2024-09-15,424
20006590,F41.9,ICD-10-CM,2023-09-21,64
20006593,R53.83,ICD-10-CM,2026-05-07,97
20006593,I10,ICD-10-CM,2026-05-23,113
20006593,I10,ICD-10-CM,2026-05-04,94
20006593,F41.9,ICD-10-CM,2026-04-21,81
20006596,I10,ICD-10-CM,2024-10-19,280
20006596,M79.7,ICD-10-CM,2024-08-16,216
20006596,K21.9,ICD-10-CM,2025-01-11,364
20006596,R53.83,ICD-10-CM,2024-05-11,119
20006596,L50.9,ICD-10-CM,2025-01-23,376
20006599,I10,ICD-10-CM,2026-01-04,302
20006599,E78.5,ICD-10-CM,2025-03-30,22
20006599,R53.83,ICD-10-CM,2026-01-07,305
20006599,F41.9,ICD-10-CM,2025-09-01,177
20006603,L50.9,ICD-10-CM,2026-03-07,3
20006603,G43.909,ICD-10-CM,2026-05-24,81
20006603,E78.5,ICD-10-CM,2026-05-25,82
20006603,L50.9,ICD-10-CM,2026-05-30,87
20006603,I10,ICD-10-CM,2026-03-29,25
20006603,G43.909,ICD-10-CM,2026-03-27,23
20006611,J45.909,ICD-10-CM,2025-06-25,41
20006611,R53.83,ICD-10-CM,2026-02-11,272
20006611,I10,ICD-10-CM,2025-10-17,155
20006611,F41.9,ICD-10-CM,2026-01-27,257
20006611,J45.909,ICD-10-CM,2026-03-26,315
20006612,J45.909,ICD-10-CM,2023-07-02,26
20006617,E78.5,ICD-10-CM,2026-01-12,123
20006624,R53.83,ICD-10-CM,2025-01-11,384
20006624,E78.5,ICD-10-CM,2025-03-31,463
20006624,I10,ICD-10-CM,2025-02-16,420
20006624,G43.909,ICD-10-CM,2026-01-20,758
20006624,R53.83,ICD-10-CM,2024-04-29,127
20006624,G43.909,ICD-10-CM,2026-05-11,869
20006624,R10.9,ICD-10-CM,2024-02-12,50
20006624,F41.9,ICD-10-CM,2025-09-14,630
20006624,F41.9,ICD-10-CM,2025-10-30,676
20006624,G43.909,ICD-10-CM,2025-10-12,658
20006624,I10,ICD-10-CM,2024-06-21,180
20006624,J45.909,ICD-10-CM,2024-03-08,75
20006624,G43.909,ICD-10-CM,2025-10-03,649
20006624,R53.83,ICD-10-CM,2025-07-04,558
20006624,E78.5,ICD-10-CM,2026-03-27,824
20006624,K21.9,ICD-10-CM,2025-09-13,629
20006624,L50.9,ICD-10-CM,2025-07-18,572
20006625,I10,ICD-10-CM,2023-08-17,273
20006625,R53.83,ICD-10-CM,2024-09-28,681
20006625,R53.83,ICD-10-CM,2023-06-25,220
20006625,R10.9,ICD-10-CM,2023-04-22,156
20006625,R53.83,ICD-10-CM,2025-09-22,1040
20006625,R53.83,ICD-10-CM,2025-05-18,913
20006625,I10,ICD-10-CM,2023-03-09,112
20006625,M79.7,ICD-10-CM,2023-05-22,186
20006625,K21.9,ICD-10-CM,2026-03-15,1214
20006626,K21.9,ICD-10-CM,2026-05-24,5
20006642,E78.5,ICD-10-CM,2025-10-19,274
20006642,F41.9,ICD-10-CM,2025-09-11,236
20006642,R10.9,ICD-10-CM,2026-03-12,418
20006642,R10.9,ICD-10-CM,2026-03-11,417
20006642,G43.909,ICD-10-CM,2025-10-31,286
20006644,I10,ICD-10-CM,2026-04-19,58
20006644,J45.909,ICD-10-CM,2026-04-10,49
20006650,M79.7,ICD-10-CM,2026-03-05,84
20006650,E78.5,ICD-10-CM,2026-02-17,68
20006661,I10,ICD-10-CM,2024-09-15,207
20006661,K21.9,ICD-10-CM,2024-10-04,226
20006661,F41.9,ICD-10-CM,2024-12-14,297
20006661,F41.9,ICD-10-CM,2024-03-22,30
20006661,K21.9,ICD-10-CM,2025-03-15,388
20006661,K21.9,ICD-10-CM,2025-09-13,570
20006661,G43.909,ICD-10-CM,2024-10-23,245
20006661,K21.9,ICD-10-CM,2025-04-25,429
20006661,J45.909,ICD-10-CM,2024-09-05,197
20006664,I10,ICD-10-CM,2024-11-17,577
20006664,G43.909,ICD-10-CM,2024-05-17,393
20006664,J45.909,ICD-10-CM,2025-02-14,666
20006664,G43.909,ICD-10-CM,2024-04-24,370
20006664,I10,ICD-10-CM,2023-05-25,35
20006664,G43.909,ICD-10-CM,2023-05-28,38
20006664,I10,ICD-10-CM,2024-02-15,301
20006664,R53.83,ICD-10-CM,2024-07-13,450
20006664,E78.5,ICD-10-CM,2023-11-01,195
20006664,E78.5,ICD-10-CM,2023-10-16,179
20006665,F41.9,ICD-10-CM,2026-01-16,75
20006665,I10,ICD-10-CM,2026-03-29,147
20006665,E78.5,ICD-10-CM,2025-11-05,3
20006665,I10,ICD-10-CM,2026-05-19,198
20006665,R53.83,ICD-10-CM,2026-02-13,103
20006681,R10.9,ICD-10-CM,2022-03-26,106
20006681,R10.9,ICD-10-CM,2022-03-30,110
20006681,R10.9,ICD-10-CM,2022-01-30,51
20006681,K21.9,ICD-10-CM,2022-02-25,77
20006684,K21.9,ICD-10-CM,2026-05-20,72
20006684,I10,ICD-10-CM,2026-05-14,66
20006684,I10,ICD-10-CM,2026-04-27,49
20006684,F41.9,ICD-10-CM,2026-03-20,11
20006685,J45.909,ICD-10-CM,2024-04-25,50
20006685,F41.9,ICD-10-CM,2024-07-01,117
20006685,L50.9,ICD-10-CM,2024-06-06,92
20006685,R10.9,ICD-10-CM,2024-10-15,223
20006685,R53.83,ICD-10-CM,2025-01-04,304
20006698,M79.7,ICD-10-CM,2025-06-02,127
20006698,E78.5,ICD-10-CM,2025-04-03,67
20006698,M79.7,ICD-10-CM,2025-03-11,44
20006709,E78.5,ICD-10-CM,2025-05-03,166
20006709,K21.9,ICD-10-CM,2025-04-28,161
20006709,I10,ICD-10-CM,2026-01-06,414
20006709,I10,ICD-10-CM,2026-05-29,557
20006709,I10,ICD-10-CM,2026-01-02,410
20006709,R53.83,ICD-10-CM,2025-09-27,313
20006709,F41.9,ICD-10-CM,2026-01-16,424
20006709,K21.9,ICD-10-CM,2025-07-05,229
20006723,R10.9,ICD-10-CM,2026-01-20,46
20006744,K21.9,ICD-10-CM,2022-12-12,134
20006744,K21.9,ICD-10-CM,2023-02-16,200
20006744,R53.83,ICD-10-CM,2022-09-29,60
20006745,R10.9,ICD-10-CM,2026-04-20,95
20006747,R53.83,ICD-10-CM,2025-07-15,81
20006747,K21.9,ICD-10-CM,2025-07-15,81
20006747,R10.9,ICD-10-CM,2025-10-06,164
20006752,R10.9,ICD-10-CM,2025-08-28,399
20006752,I10,ICD-10-CM,2024-08-25,31
20006752,K21.9,ICD-10-CM,2026-04-01,615
20006752,K21.9,ICD-10-CM,2024-12-20,148
20006752,J45.909,ICD-10-CM,2024-11-20,118
20006752,I10,ICD-10-CM,2025-10-11,443
20006752,J45.909,ICD-10-CM,2025-06-11,321
20006759,J45.909,ICD-10-CM,2025-04-15,159
20006759,I10,ICD-10-CM,2025-01-11,65
20006759,L50.9,ICD-10-CM,2024-12-06,29
20006759,E78.5,ICD-10-CM,2024-12-16,39
20006769,J45.909,ICD-10-CM,2025-07-04,402
20006769,G43.909,ICD-10-CM,2024-05-31,3
20006769,I10,ICD-10-CM,2025-04-11,318
20006769,M79.7,ICD-10-CM,2025-06-11,379
20006769,I10,ICD-10-CM,2025-01-14,231
20006769,I10,ICD-10-CM,2024-09-17,112
20006779,F41.9,ICD-10-CM,2024-04-18,395
20006779,I10,ICD-10-CM,2023-10-24,218
20006779,L50.9,ICD-10-CM,2024-01-04,290
20006779,R10.9,ICD-10-CM,2023-06-07,79
20006779,F41.9,ICD-10-CM,2023-12-16,271
20006783,I10,ICD-10-CM,2026-05-02,7
20006784,E78.5,ICD-10-CM,2024-04-29,488
20006784,L50.9,ICD-10-CM,2024-01-01,369
20006784,R10.9,ICD-10-CM,2024-07-28,578
20006784,R10.9,ICD-10-CM,2024-08-31,612
20006784,E78.5,ICD-10-CM,2024-01-10,378
20006784,F41.9,ICD-10-CM,2024-07-02,552
20006784,E78.5,ICD-10-CM,2023-01-29,32
20006788,K21.9,ICD-10-CM,2026-05-31,43
20006788,R10.9,ICD-10-CM,2026-05-09,21
20006788,F41.9,ICD-10-CM,2026-05-02,14
20006793,J45.909,ICD-10-CM,2025-08-10,66
20006793,F41.9,ICD-10-CM,2026-05-04,333
20006793,R53.83,ICD-10-CM,2025-11-17,165
20006793,E78.5,ICD-10-CM,2025-12-10,188
20006793,E78.5,ICD-10-CM,2025-10-03,120
20006793,F41.9,ICD-10-CM,2026-01-07,216
20006796,I10,ICD-10-CM,2026-05-15,354
20006796,K21.9,ICD-10-CM,2025-09-18,115
20006796,E78.5,ICD-10-CM,2026-05-14,353
20006824,K21.9,ICD-10-CM,2023-07-24,47
20006824,I10,ICD-10-CM,2023-06-27,20
20006824,I10,ICD-10-CM,2023-06-09,2
20006824,K21.9,ICD-10-CM,2023-11-03,149
20006828,K21.9,ICD-10-CM,2023-05-14,444
20006828,G43.909,ICD-10-CM,2022-10-28,246
20006828,I10,ICD-10-CM,2022-04-10,45
20006828,R53.83,ICD-10-CM,2022-11-30,279
20006828,I10,ICD-10-CM,2023-07-19,510
20006828,K21.9,ICD-10-CM,2022-12-21,300
20006828,R53.83,ICD-10-CM,2023-02-23,364
20006835,K21.9,ICD-10-CM,2026-05-26,115
20006835,F41.9,ICD-10-CM,2026-04-12,71
20006835,R10.9,ICD-10-CM,2026-03-08,36
20006835,R10.9,ICD-10-CM,2026-03-12,40
20006842,G43.909,ICD-10-CM,2025-07-01,178
20006842,E78.5,ICD-10-CM,2025-04-27,113
20006842,J45.909,ICD-10-CM,2025-11-21,321
20006842,K21.9,ICD-10-CM,2026-03-03,423
20006842,R53.83,ICD-10-CM,2025-01-13,9
20006843,G43.909,ICD-10-CM,2025-03-08,135
20006843,R53.83,ICD-10-CM,2026-03-05,497
20006843,J45.909,ICD-10-CM,2025-07-28,277
20006843,I10,ICD-10-CM,2025-12-18,420
20006843,R53.83,ICD-10-CM,2025-09-05,316
20006843,L50.9,ICD-10-CM,2026-05-23,576
20006843,I10,ICD-10-CM,2025-03-17,144
20006848,F41.9,ICD-10-CM,2024-11-01,38
20006848,E78.5,ICD-10-CM,2025-04-21,209
20006848,E78.5,ICD-10-CM,2025-01-14,112
20006848,J45.909,ICD-10-CM,2025-12-22,454
20006848,R53.83,ICD-10-CM,2024-10-06,12
20006848,L50.9,ICD-10-CM,2025-12-02,434
20006848,G43.909,ICD-10-CM,2025-05-01,219
20006848,G43.909,ICD-10-CM,2025-01-28,126
20006848,F41.9,ICD-10-CM,2024-12-14,81
20006848,R53.83,ICD-10-CM,2026-01-17,480
20006848,F41.9,ICD-10-CM,2025-09-02,343
20006861,R53.83,ICD-10-CM,2025-11-03,1218
20006861,R10.9,ICD-10-CM,2025-07-11,1103
20006861,I10,ICD-10-CM,2023-04-07,277
20006861,I10,ICD-10-CM,2025-12-08,1253
20006861,R10.9,ICD-10-CM,2025-01-24,935
20006861,F41.9,ICD-10-CM,2025-05-02,1033
20006861,I10,ICD-10-CM,2024-03-01,606
20006861,G43.909,ICD-10-CM,2023-01-29,209
20006861,E78.5,ICD-10-CM,2022-11-23,142
20006861,G43.909,ICD-10-CM,2022-12-06,155
20006861,J45.909,ICD-10-CM,2025-12-02,1247
20006861,K21.9,ICD-10-CM,2024-04-13,649
20006861,K21.9,ICD-10-CM,2025-01-23,934
20006861,K21.9,ICD-10-CM,2023-02-04,215
20006861,L50.9,ICD-10-CM,2023-05-27,327
20006861,I10,ICD-10-CM,2023-07-07,368
20006861,L50.9,ICD-10-CM,2024-04-01,637
20006861,G43.909,ICD-10-CM,2023-02-24,235
20006861,I10,ICD-10-CM,2025-08-17,1140
20006881,K21.9,ICD-10-CM,2023-08-13,8
20006881,G43.909,ICD-10-CM,2024-01-16,164
20006881,K21.9,ICD-10-CM,2024-01-20,168
20006881,F41.9,ICD-10-CM,2024-02-06,185
20006881,E78.5,ICD-10-CM,2023-08-28,23
20006891,J45.909,ICD-10-CM,2022-08-24,199
20006891,I10,ICD-10-CM,2022-11-01,268
20006892,F41.9,ICD-10-CM,2025-04-19,2
20006892,E78.5,ICD-10-CM,2025-08-11,116
20006892,I10,ICD-10-CM,2026-03-18,335
20006892,E78.5,ICD-10-CM,2025-07-07,81
20006892,I10,ICD-10-CM,2025-06-09,53
20006892,K21.9,ICD-10-CM,2026-01-30,288
20006896,R53.83,ICD-10-CM,2023-10-03,448
20006896,F41.9,ICD-10-CM,2023-07-03,356
20006896,G43.909,ICD-10-CM,2024-09-09,790
20006896,J45.909,ICD-10-CM,2023-05-12,304
20006896,F41.9,ICD-10-CM,2024-09-22,803
20006896,G43.909,ICD-10-CM,2023-08-17,401
20006896,K21.9,ICD-10-CM,2023-03-21,252
20006896,F41.9,ICD-10-CM,2023-06-16,339
20006896,R53.83,ICD-10-CM,2023-04-20,282
20006896,R53.83,ICD-10-CM,2023-12-11,517
20006896,R53.83,ICD-10-CM,2024-07-03,722
20006896,F41.9,ICD-10-CM,2024-08-28,778
20006896,R53.83,ICD-10-CM,2024-02-10,578
20006906,I10,ICD-10-CM,2024-03-28,55
20006906,G43.909,ICD-10-CM,2024-07-23,172
20006906,F41.9,ICD-10-CM,2025-02-13,377
20006906,K21.9,ICD-10-CM,2025-02-05,369
20006906,R53.83,ICD-10-CM,2024-03-04,31
20006913,L50.9,ICD-10-CM,2024-09-24,56
20006913,F41.9,ICD-10-CM,2025-11-27,485
20006913,I10,ICD-10-CM,2024-08-26,27
20006913,K21.9,ICD-10-CM,2025-07-12,347
20006913,K21.9,ICD-10-CM,2026-01-02,521
20006913,E78.5,ICD-10-CM,2025-01-16,170
20006917,K21.9,ICD-10-CM,2022-10-05,113
20006917,E78.5,ICD-10-CM,2024-02-17,613
20006917,E78.5,ICD-10-CM,2023-09-03,446
20006917,R10.9,ICD-10-CM,2022-08-23,70
20006917,I10,ICD-10-CM,2023-08-15,427
20006917,R10.9,ICD-10-CM,2023-08-31,443
20006917,E78.5,ICD-10-CM,2022-08-10,57
20006934,G43.909,ICD-10-CM,2025-02-17,673
20006934,K21.9,ICD-10-CM,2024-10-24,557
20006934,L50.9,ICD-10-CM,2023-12-02,230
20006934,E78.5,ICD-10-CM,2024-05-21,401
20006934,R53.83,ICD-10-CM,2025-06-19,795
20006934,I10,ICD-10-CM,2024-05-10,390
20006934,G43.909,ICD-10-CM,2025-10-09,907
20006934,F41.9,ICD-10-CM,2024-11-12,576
20006939,L50.9,ICD-10-CM,2026-05-05,19
20006939,I10,ICD-10-CM,2026-04-21,5
20006939,R53.83,ICD-10-CM,2026-05-12,26
20006939,G43.909,ICD-10-CM,2026-05-12,26
20006942,J45.909,ICD-10-CM,2024-11-07,343
20006942,F41.9,ICD-10-CM,2024-12-28,394
20006942,G43.909,ICD-10-CM,2024-07-16,229
20006942,J45.909,ICD-10-CM,2023-12-25,25
20006942,I10,ICD-10-CM,2024-05-03,155
20006942,E78.5,ICD-10-CM,2024-09-13,288
20006949,M79.7,ICD-10-CM,2024-12-30,12
20006949,J45.909,ICD-10-CM,2025-04-10,113
20006949,I10,ICD-10-CM,2026-02-25,434
20006949,J45.909,ICD-10-CM,2025-01-14,27
20006950,R53.83,ICD-10-CM,2023-06-19,22
20006950,E78.5,ICD-10-CM,2023-06-06,9
20006950,R53.83,ICD-10-CM,2024-04-05,313
20006950,I10,ICD-10-CM,2023-12-08,194
20006950,R53.83,ICD-10-CM,2024-04-12,320
20006950,R53.83,ICD-10-CM,2023-11-14,170
20006954,I10,ICD-10-CM,2024-01-30,252
20006954,J45.909,ICD-10-CM,2025-01-28,616
20006954,G43.909,ICD-10-CM,2025-03-26,673
20006954,G43.909,ICD-10-CM,2025-07-05,774
20006954,I10,ICD-10-CM,2024-01-16,238
20006954,G43.909,ICD-10-CM,2024-10-21,517
20006954,G43.909,ICD-10-CM,2025-06-20,759
20006954,I10,ICD-10-CM,2025-08-16,816
20006954,E78.5,ICD-10-CM,2023-08-06,75
20006954,I10,ICD-10-CM,2025-05-19,727
20006954,R53.83,ICD-10-CM,2025-09-26,857
20006954,K21.9,ICD-10-CM,2023-11-14,175
20006971,E78.5,ICD-10-CM,2026-01-14,82
20006971,R53.83,ICD-10-CM,2026-03-03,130
20006984,R10.9,ICD-10-CM,2022-10-24,113
20006984,R53.83,ICD-10-CM,2022-11-06,126
20006984,K21.9,ICD-10-CM,2022-10-13,102
20006984,K21.9,ICD-10-CM,2022-09-23,82
20006984,I10,ICD-10-CM,2022-10-07,96
20006995,I10,ICD-10-CM,2022-05-15,136
20006995,E78.5,ICD-10-CM,2022-07-03,185
20006995,J45.909,ICD-10-CM,2022-10-02,276
20006995,L50.9,ICD-10-CM,2022-12-07,342
20006995,R53.83,ICD-10-CM,2022-11-28,333
20006995,R53.83,ICD-10-CM,2022-11-11,316
20006995,K21.9,ICD-10-CM,2022-09-02,246
20007000,F41.9,ICD-10-CM,2026-05-24,49
20007000,I10,ICD-10-CM,2026-04-11,6
20007003,J45.909,ICD-10-CM,2026-03-24,341
20007003,K21.9,ICD-10-CM,2026-02-14,303
20007003,R53.83,ICD-10-CM,2025-08-02,107
20007003,L50.9,ICD-10-CM,2025-11-22,219
20007012,F41.9,ICD-10-CM,2022-10-03,86
20007012,K21.9,ICD-10-CM,2022-12-12,156
20007012,I10,ICD-10-CM,2023-06-27,353
20007012,E78.5,ICD-10-CM,2022-09-03,56
20007022,G43.909,ICD-10-CM,2025-07-15,34
20007022,I10,ICD-10-CM,2026-04-24,317
20007033,R53.83,ICD-10-CM,2026-05-04,288
20007033,J45.909,ICD-10-CM,2026-04-06,260
20007033,R10.9,ICD-10-CM,2026-01-22,186
20007033,I10,ICD-10-CM,2026-03-07,230
20007034,I10,ICD-10-CM,2025-11-21,146
20007034,R10.9,ICD-10-CM,2025-12-17,172
20007034,K21.9,ICD-10-CM,2025-08-28,61
20007041,R53.83,ICD-10-CM,2022-10-03,87
20007041,I10,ICD-10-CM,2022-12-27,172
20007041,E78.5,ICD-10-CM,2022-11-12,127
20007041,R10.9,ICD-10-CM,2023-08-26,414
20007041,E78.5,ICD-10-CM,2024-03-31,632
20007041,R53.83,ICD-10-CM,2023-10-15,464
20007041,J45.909,ICD-10-CM,2023-11-22,502
20007045,E78.5,ICD-10-CM,2025-05-03,50
20007045,R10.9,ICD-10-CM,2025-05-08,55
20007045,E78.5,ICD-10-CM,2025-06-10,88
20007050,M79.7,ICD-10-CM,2024-03-24,505
20007050,J45.909,ICD-10-CM,2025-01-01,788
20007050,K21.9,ICD-10-CM,2023-06-19,226
20007050,J45.909,ICD-10-CM,2025-04-02,879
20007050,I10,ICD-10-CM,2025-01-10,797
20007050,E78.5,ICD-10-CM,2023-08-16,284
20007050,J45.909,ICD-10-CM,2024-05-03,545
20007050,R10.9,ICD-10-CM,2025-06-25,963
20007050,G43.909,ICD-10-CM,2023-05-08,184
20007050,G43.909,ICD-10-CM,2025-07-24,992
20007050,K21.9,ICD-10-CM,2025-03-23,869
20007050,K21.9,ICD-10-CM,2025-10-01,1061
20007050,G43.909,ICD-10-CM,2025-06-13,951
20007050,J45.909,ICD-10-CM,2025-06-27,965
20007050,K21.9,ICD-10-CM,2023-09-19,318
20007082,I10,ICD-10-CM,2023-08-29,49
20007082,G43.909,ICD-10-CM,2024-07-22,377
20007082,E78.5,ICD-10-CM,2023-07-21,10
20007082,F41.9,ICD-10-CM,2023-09-28,79
20007082,K21.9,ICD-10-CM,2024-06-05,330
20007084,J45.909,ICD-10-CM,2026-05-19,612
20007084,R10.9,ICD-10-CM,2025-08-25,345
20007084,I10,ICD-10-CM,2025-03-27,194
20007084,F41.9,ICD-10-CM,2025-12-17,459
20007084,E78.5,ICD-10-CM,2026-03-18,550
20007084,L50.9,ICD-10-CM,2026-05-01,594
20007084,F41.9,ICD-10-CM,2024-11-19,66
20007089,I10,ICD-10-CM,2023-11-01,330
20007089,G43.909,ICD-10-CM,2023-04-30,145
20007090,F41.9,ICD-10-CM,2022-09-03,13
20007090,I10,ICD-10-CM,2023-05-09,261
20007090,K21.9,ICD-10-CM,2022-09-23,33
20007092,R10.9,ICD-10-CM,2023-03-24,141
20007092,J45.909,ICD-10-CM,2023-06-13,222
20007092,L50.9,ICD-10-CM,2023-07-05,244
20007092,R10.9,ICD-10-CM,2023-06-15,224
20007118,K21.9,ICD-10-CM,2025-12-24,222
20007118,G43.909,ICD-10-CM,2026-05-03,352
20007118,I10,ICD-10-CM,2025-12-19,217
20007118,I10,ICD-10-CM,2025-10-07,144
20007123,J45.909,ICD-10-CM,2023-01-07,33
20007123,K21.9,ICD-10-CM,2025-01-01,758
20007123,G43.909,ICD-10-CM,2024-12-06,732
20007123,R10.9,ICD-10-CM,2023-10-04,303
20007123,G43.909,ICD-10-CM,2025-03-28,844
20007123,K21.9,ICD-10-CM,2025-04-28,875
20007123,J45.909,ICD-10-CM,2025-03-15,831
20007123,R53.83,ICD-10-CM,2024-04-17,499
20007123,E78.5,ICD-10-CM,2023-09-12,281
20007123,L50.9,ICD-10-CM,2024-06-07,550
20007145,J45.909,ICD-10-CM,2026-05-14,22
20007145,M79.7,ICD-10-CM,2026-05-24,32
20007147,M79.7,ICD-10-CM,2026-01-20,231
20007147,G43.909,ICD-10-CM,2026-01-06,217
20007147,M79.7,ICD-10-CM,2025-09-24,113
20007156,R53.83,ICD-10-CM,2024-07-17,521
20007156,F41.9,ICD-10-CM,2023-04-09,56
20007156,G43.909,ICD-10-CM,2023-04-30,77
20007156,E78.5,ICD-10-CM,2023-09-22,222
20007156,J45.909,ICD-10-CM,2023-09-17,217
20007156,E78.5,ICD-10-CM,2025-06-10,849
20007156,G43.909,ICD-10-CM,2023-05-28,105
20007156,G43.909,ICD-10-CM,2024-04-06,419
20007156,J45.909,ICD-10-CM,2023-10-21,251
20007156,R53.83,ICD-10-CM,2025-03-17,764
20007157,G43.909,ICD-10-CM,2025-11-20,42
20007157,G43.909,ICD-10-CM,2025-11-02,24
20007157,G43.909,ICD-10-CM,2025-11-18,40
20007157,F41.9,ICD-10-CM,2025-11-05,27
20007157,E78.5,ICD-10-CM,2025-12-28,80
20007158,I10,ICD-10-CM,2025-12-02,221
20007158,E78.5,ICD-10-CM,2025-06-08,44
20007158,J45.909,ICD-10-CM,2026-03-28,337
20007158,G43.909,ICD-10-CM,2025-12-12,231
20007158,G43.909,ICD-10-CM,2026-03-03,312
20007158,R53.83,ICD-10-CM,2025-12-18,237
20007158,K21.9,ICD-10-CM,2025-06-29,65
20007158,L50.9,ICD-10-CM,2025-06-16,52
20007159,G43.909,ICD-10-CM,2021-12-25,19
20007159,G43.909,ICD-10-CM,2021-12-28,22
20007159,E78.5,ICD-10-CM,2022-01-03,28
20007159,I10,ICD-10-CM,2022-07-21,227
20007159,G43.909,ICD-10-CM,2022-10-30,328
20007159,L50.9,ICD-10-CM,2022-09-29,297
20007159,M79.7,ICD-10-CM,2022-04-16,131
20007162,G43.909,ICD-10-CM,2026-05-12,62
20007162,K21.9,ICD-10-CM,2026-04-25,45
20007162,R53.83,ICD-10-CM,2026-05-09,59
20007167,J45.909,ICD-10-CM,2025-12-12,326
20007167,E78.5,ICD-10-CM,2025-11-13,297
20007167,J45.909,ICD-10-CM,2025-04-20,90
20007167,I10,ICD-10-CM,2025-11-07,291
20007170,R53.83,ICD-10-CM,2022-06-26,86
20007170,R10.9,ICD-10-CM,2022-09-10,162
20007170,L50.9,ICD-10-CM,2022-09-21,173
20007170,F41.9,ICD-10-CM,2022-11-16,229
20007170,G43.909,ICD-10-CM,2022-06-10,70
20007176,F41.9,ICD-10-CM,2025-01-03,29
20007176,R53.83,ICD-10-CM,2025-06-30,207
20007176,E78.5,ICD-10-CM,2025-11-28,358
20007176,M79.7,ICD-10-CM,2025-04-23,139
20007176,E78.5,ICD-10-CM,2025-10-24,323
20007176,F41.9,ICD-10-CM,2025-04-03,119
20007176,I10,ICD-10-CM,2025-06-15,192
20007176,G43.909,ICD-10-CM,2025-08-01,239
20007187,I10,ICD-10-CM,2026-05-01,152
20007187,G43.909,ICD-10-CM,2026-03-28,118
20007187,K21.9,ICD-10-CM,2026-01-25,56
20007187,I10,ICD-10-CM,2025-12-18,18
20007187,E78.5,ICD-10-CM,2026-02-12,74
20007187,I10,ICD-10-CM,2026-02-13,75
20007188,K21.9,ICD-10-CM,2026-03-14,52
20007188,G43.909,ICD-10-CM,2026-05-04,103
20007188,G43.909,ICD-10-CM,2026-03-11,49
20007192,G43.909,ICD-10-CM,2026-01-12,532
20007192,R53.83,ICD-10-CM,2026-02-16,567
20007192,L50.9,ICD-10-CM,2025-05-16,291
20007192,I10,ICD-10-CM,2025-12-01,490
20007192,L50.9,ICD-10-CM,2025-12-08,497
20007192,E78.5,ICD-10-CM,2025-11-02,461
20007192,I10,ICD-10-CM,2024-08-27,29
20007192,K21.9,ICD-10-CM,2024-10-03,66
20007192,R53.83,ICD-10-CM,2025-09-01,399
20007196,L50.9,ICD-10-CM,2026-04-25,44
20007196,R53.83,ICD-10-CM,2026-04-15,34
20007200,K21.9,ICD-10-CM,2023-10-18,206
20007200,I10,ICD-10-CM,2026-03-19,1089
20007200,L50.9,ICD-10-CM,2025-10-07,926
20007200,L50.9,ICD-10-CM,2025-07-01,828
20007200,I10,ICD-10-CM,2023-07-19,115
20007200,I10,ICD-10-CM,2025-09-03,892
20007200,J45.909,ICD-10-CM,2024-10-26,580
20007200,L50.9,ICD-10-CM,2024-02-16,327
20007200,G43.909,ICD-10-CM,2024-06-25,457
20007208,I10,ICD-10-CM,2024-09-01,278
20007208,R53.83,ICD-10-CM,2024-04-19,143
20007208,J45.909,ICD-10-CM,2024-05-16,170
20007208,I10,ICD-10-CM,2024-02-02,66
20007218,F41.9,ICD-10-CM,2025-12-17,991
20007218,I10,ICD-10-CM,2024-11-30,609
20007218,G43.909,ICD-10-CM,2023-06-26,86
20007218,F41.9,ICD-10-CM,2024-10-28,576
20007218,E78.5,ICD-10-CM,2025-04-02,732
20007218,G43.909,ICD-10-CM,2026-04-18,1113
20007218,E78.5,ICD-10-CM,2025-01-28,668
20007218,M79.7,ICD-10-CM,2023-11-20,233
20007218,I10,ICD-10-CM,2024-03-16,350
20007218,L50.9,ICD-10-CM,2024-04-05,370
20007219,I10,ICD-10-CM,2024-10-03,10
20007219,L50.9,ICD-10-CM,2024-10-08,15
20007219,J45.909,ICD-10-CM,2024-10-02,9
20007221,K21.9,ICD-10-CM,2023-09-01,55
20007221,G43.909,ICD-10-CM,2023-07-30,22
20007221,K21.9,ICD-10-CM,2023-11-28,143
20007221,I10,ICD-10-CM,2024-03-17,253
20007230,G43.909,ICD-10-CM,2026-02-06,36
20007230,F41.9,ICD-10-CM,2026-01-24,23
20007235,R10.9,ICD-10-CM,2026-05-01,117
20007241,J45.909,ICD-10-CM,2026-01-08,414
20007241,I10,ICD-10-CM,2026-01-21,427
20007241,R10.9,ICD-10-CM,2026-02-28,465
20007241,K21.9,ICD-10-CM,2026-02-23,460
20007241,F41.9,ICD-10-CM,2025-01-25,66
20007249,R10.9,ICD-10-CM,2024-03-15,15
20007253,E78.5,ICD-10-CM,2025-05-30,85
20007253,I10,ICD-10-CM,2025-10-08,216
20007255,I10,ICD-10-CM,2025-11-27,47
20007255,G43.909,ICD-10-CM,2025-12-08,58
20007255,R10.9,ICD-10-CM,2026-03-06,146
20007255,L50.9,ICD-10-CM,2026-04-26,197
20007269,E78.5,ICD-10-CM,2023-01-30,52
20007269,R10.9,ICD-10-CM,2023-09-01,266
20007269,J45.909,ICD-10-CM,2023-04-03,115
20007269,I10,ICD-10-CM,2023-10-22,317
20007269,L50.9,ICD-10-CM,2023-01-10,32
20007269,G43.909,ICD-10-CM,2023-09-23,288
20007282,R53.83,ICD-10-CM,2024-08-04,287
20007286,I10,ICD-10-CM,2023-04-21,78
20007286,I10,ICD-10-CM,2023-05-18,105
20007286,R10.9,ICD-10-CM,2023-02-06,4
20007288,F41.9,ICD-10-CM,2026-01-01,84
20007288,R53.83,ICD-10-CM,2026-03-22,164
20007288,K21.9,ICD-10-CM,2026-01-18,101
20007289,K21.9,ICD-10-CM,2023-01-30,242
20007289,G43.909,ICD-10-CM,2022-09-20,110
20007289,G43.909,ICD-10-CM,2023-09-17,472
20007289,G43.909,ICD-10-CM,2023-05-19,351
20007289,E78.5,ICD-10-CM,2022-12-24,205
20007289,I10,ICD-10-CM,2022-10-18,138
20007290,L50.9,ICD-10-CM,2025-08-18,113
20007290,R53.83,ICD-10-CM,2025-09-07,133
20007290,E78.5,ICD-10-CM,2026-05-28,396
20007290,R53.83,ICD-10-CM,2025-10-23,179
20007302,K21.9,ICD-10-CM,2026-05-22,48
20007305,M79.7,ICD-10-CM,2025-11-02,107
20007310,J45.909,ICD-10-CM,2025-08-12,177
20007310,L50.9,ICD-10-CM,2025-07-19,153
20007310,R53.83,ICD-10-CM,2026-04-19,427
20007310,K21.9,ICD-10-CM,2025-08-08,173
20007310,R53.83,ICD-10-CM,2025-03-25,37
20007310,R10.9,ICD-10-CM,2025-06-16,120
20007310,I10,ICD-10-CM,2026-01-27,345
20007310,K21.9,ICD-10-CM,2026-03-17,394
20007310,K21.9,ICD-10-CM,2025-11-17,274
20007310,R10.9,ICD-10-CM,2026-03-16,393
20007310,F41.9,ICD-10-CM,2025-07-06,140
20007314,G43.909,ICD-10-CM,2023-04-11,53
20007314,R53.83,ICD-10-CM,2024-05-04,442
20007314,K21.9,ICD-10-CM,2024-01-10,327
20007314,E78.5,ICD-10-CM,2023-05-07,79
20007314,R10.9,ICD-10-CM,2023-05-23,95
20007314,I10,ICD-10-CM,2023-10-06,231
20007314,G43.909,ICD-10-CM,2024-07-15,514
20007314,R53.83,ICD-10-CM,2023-08-24,188
20007314,R10.9,ICD-10-CM,2023-05-20,92
20007319,E78.5,ICD-10-CM,2025-12-31,5
20007319,F41.9,ICD-10-CM,2026-03-14,78
20007321,I10,ICD-10-CM,2026-02-24,165
20007321,F41.9,ICD-10-CM,2026-03-13,182
20007321,R10.9,ICD-10-CM,2025-10-11,29
20007321,E78.5,ICD-10-CM,2025-10-06,24
20007321,I10,ICD-10-CM,2026-05-16,246
20007322,J45.909,ICD-10-CM,2026-05-30,13
20007322,J45.909,ICD-10-CM,2026-05-24,7
20007330,F41.9,ICD-10-CM,2023-07-27,269
20007330,F41.9,ICD-10-CM,2023-06-22,234
20007330,K21.9,ICD-10-CM,2023-01-24,85
20007330,E78.5,ICD-10-CM,2023-07-08,250
20007342,R10.9,ICD-10-CM,2026-05-10,61
20007342,R10.9,ICD-10-CM,2026-05-04,55
20007342,E78.5,ICD-10-CM,2026-05-31,82
20007342,R53.83,ICD-10-CM,2026-04-05,26
20007353,E78.5,ICD-10-CM,2024-07-23,22
20007353,R10.9,ICD-10-CM,2024-07-06,5
20007353,J45.909,ICD-10-CM,2024-07-11,10
20007353,R53.83,ICD-10-CM,2024-10-19,110
20007357,G43.909,ICD-10-CM,2023-03-15,148
20007357,J45.909,ICD-10-CM,2023-05-09,203
20007357,I10,ICD-10-CM,2023-06-30,255
20007357,G43.909,ICD-10-CM,2022-12-11,54
20007357,F41.9,ICD-10-CM,2023-08-05,291
20007369,K21.9,ICD-10-CM,2025-05-13,179
20007369,L50.9,ICD-10-CM,2025-12-27,407
20007369,M79.7,ICD-10-CM,2025-11-06,356
20007369,L50.9,ICD-10-CM,2025-09-08,297
20007369,K21.9,ICD-10-CM,2026-01-12,423
20007369,E78.5,ICD-10-CM,2025-12-08,388
20007369,M79.7,ICD-10-CM,2024-12-23,38
20007369,R53.83,ICD-10-CM,2026-01-03,414
20007369,I10,ICD-10-CM,2025-05-10,176
20007369,E78.5,ICD-10-CM,2025-02-16,93
20007380,R10.9,ICD-10-CM,2024-01-27,506
20007380,E78.5,ICD-10-CM,2022-12-04,87
20007380,I10,ICD-10-CM,2023-09-17,374
20007380,G43.909,ICD-10-CM,2023-07-06,301
20007380,E78.5,ICD-10-CM,2023-10-21,408
20007380,L50.9,ICD-10-CM,2022-09-09,1
20007384,I10,ICD-10-CM,2026-01-26,451
20007384,K21.9,ICD-10-CM,2026-03-26,510
20007384,G43.909,ICD-10-CM,2025-10-06,339
20007384,J45.909,ICD-10-CM,2025-06-12,223
20007384,L50.9,ICD-10-CM,2025-03-24,143
20007384,K21.9,ICD-10-CM,2024-11-26,25
20007402,I10,ICD-10-CM,2026-05-20,54
20007402,L50.9,ICD-10-CM,2026-05-16,50
20007402,G43.909,ICD-10-CM,2026-04-07,11
20007402,K21.9,ICD-10-CM,2026-04-13,17
20007402,J45.909,ICD-10-CM,2026-05-30,64
20007402,R10.9,ICD-10-CM,2026-04-17,21
20007402,J45.909,ICD-10-CM,2026-04-03,7
20007411,R53.83,ICD-10-CM,2025-06-26,1026
20007411,J45.909,ICD-10-CM,2026-05-05,1339
20007411,G43.909,ICD-10-CM,2024-12-24,842
20007411,L50.9,ICD-10-CM,2025-03-10,918
20007411,I10,ICD-10-CM,2022-10-01,27
20007411,G43.909,ICD-10-CM,2022-12-07,94
20007411,I10,ICD-10-CM,2024-06-07,642
20007411,R53.83,ICD-10-CM,2025-05-06,975
20007411,E78.5,ICD-10-CM,2025-12-18,1201
20007411,F41.9,ICD-10-CM,2023-12-15,467
20007418,R10.9,ICD-10-CM,2026-02-10,52
20007418,R53.83,ICD-10-CM,2026-05-06,137
20007418,R53.83,ICD-10-CM,2026-04-07,108
20007425,I10,ICD-10-CM,2024-12-25,82
20007425,I10,ICD-10-CM,2026-02-09,493
20007425,M79.7,ICD-10-CM,2026-04-13,556
20007425,R53.83,ICD-10-CM,2024-12-31,88
20007425,G43.909,ICD-10-CM,2025-12-04,426
20007427,R53.83,ICD-10-CM,2026-05-14,442
20007427,E78.5,ICD-10-CM,2026-04-13,411
20007427,F41.9,ICD-10-CM,2025-10-07,223
20007427,J45.909,ICD-10-CM,2026-01-30,338
20007427,I10,ICD-10-CM,2025-08-09,164
20007427,L50.9,ICD-10-CM,2026-04-22,420
20007427,R53.83,ICD-10-CM,2026-05-21,449
20007432,E78.5,ICD-10-CM,2023-10-15,292
20007432,I10,ICD-10-CM,2023-12-05,343
20007432,I10,ICD-10-CM,2023-02-23,58
20007432,G43.909,ICD-10-CM,2024-03-21,450
20007432,E78.5,ICD-10-CM,2023-02-06,41
20007432,E78.5,ICD-10-CM,2023-06-09,164
20007432,R53.83,ICD-10-CM,2024-04-27,487
20007435,J45.909,ICD-10-CM,2026-05-25,79
20007435,I10,ICD-10-CM,2026-04-03,27
20007435,G43.909,ICD-10-CM,2026-04-03,27
20007436,K21.9,ICD-10-CM,2024-09-16,557
20007436,F41.9,ICD-10-CM,2025-01-05,668
20007436,I10,ICD-10-CM,2023-11-02,238
20007438,E78.5,ICD-10-CM,2025-03-15,758
20007438,K21.9,ICD-10-CM,2024-08-25,556
20007438,J45.909,ICD-10-CM,2023-10-17,243
20007438,J45.909,ICD-10-CM,2023-03-04,16
20007438,I10,ICD-10-CM,2025-10-25,982
20007438,K21.9,ICD-10-CM,2025-05-12,816
20007438,F41.9,ICD-10-CM,2023-03-31,43
20007438,F41.9,ICD-10-CM,2023-08-06,171
20007438,E78.5,ICD-10-CM,2024-10-19,611
20007438,R53.83,ICD-10-CM,2024-11-05,628
20007439,G43.909,ICD-10-CM,2026-04-16,64
20007439,L50.9,ICD-10-CM,2026-03-31,48
20007439,K21.9,ICD-10-CM,2026-04-16,64
20007447,J45.909,ICD-10-CM,2024-09-14,404
20007447,E78.5,ICD-10-CM,2023-09-06,30
20007447,K21.9,ICD-10-CM,2024-01-31,177
20007447,K21.9,ICD-10-CM,2023-10-15,69
20007447,I10,ICD-10-CM,2024-12-23,504
20007447,M79.7,ICD-10-CM,2024-03-22,228
20007447,E78.5,ICD-10-CM,2024-07-21,349
20007447,L50.9,ICD-10-CM,2025-05-14,646
20007447,R10.9,ICD-10-CM,2024-06-14,312
20007453,G43.909,ICD-10-CM,2026-03-27,3
20007459,I10,ICD-10-CM,2025-07-12,1058
20007459,K21.9,ICD-10-CM,2023-10-13,420
20007459,E78.5,ICD-10-CM,2022-08-21,2
20007459,R10.9,ICD-10-CM,2024-05-14,634
20007459,K21.9,ICD-10-CM,2024-06-02,653
20007459,R10.9,ICD-10-CM,2025-11-04,1173
20007459,J45.909,ICD-10-CM,2026-02-18,1279
20007459,F41.9,ICD-10-CM,2025-07-28,1074
20007459,L50.9,ICD-10-CM,2025-04-04,959
20007459,J45.909,ICD-10-CM,2024-09-02,745
20007459,G43.909,ICD-10-CM,2025-06-01,1017
20007459,R53.83,ICD-10-CM,2025-03-09,933
20007459,I10,ICD-10-CM,2024-06-19,670
20007459,K21.9,ICD-10-CM,2023-09-13,390
20007459,F41.9,ICD-10-CM,2026-03-11,1300
20007459,L50.9,ICD-10-CM,2024-11-16,820
20007473,J45.909,ICD-10-CM,2026-05-20,31
20007473,R10.9,ICD-10-CM,2026-04-27,8
20007477,E78.5,ICD-10-CM,2025-03-24,36
20007482,I10,ICD-10-CM,2026-05-31,87
20007482,E78.5,ICD-10-CM,2026-03-25,20
20007483,R53.83,ICD-10-CM,2022-08-28,121
20007483,G43.909,ICD-10-CM,2023-02-22,299
20007483,R10.9,ICD-10-CM,2023-05-07,373
20007496,E78.5,ICD-10-CM,2024-04-02,170
20007496,R53.83,ICD-10-CM,2024-05-17,215
20007496,R10.9,ICD-10-CM,2023-12-29,75
20007496,R53.83,ICD-10-CM,2024-07-06,265
20007496,R53.83,ICD-10-CM,2024-03-15,152
20007496,K21.9,ICD-10-CM,2023-10-30,15
20007498,E78.5,ICD-10-CM,2026-03-02,277
20007498,J45.909,ICD-10-CM,2026-05-22,358
20007498,R10.9,ICD-10-CM,2025-11-10,165
20007498,K21.9,ICD-10-CM,2026-02-01,248
20007501,L50.9,ICD-10-CM,2026-05-15,31
20007501,R10.9,ICD-10-CM,2026-04-18,4
20007501,R53.83,ICD-10-CM,2026-05-24,40
20007505,E78.5,ICD-10-CM,2024-06-05,233
20007505,R10.9,ICD-10-CM,2024-05-05,202
20007505,E78.5,ICD-10-CM,2024-05-29,226
20007509,F41.9,ICD-10-CM,2024-09-05,490
20007509,R53.83,ICD-10-CM,2023-11-10,190
20007509,F41.9,ICD-10-CM,2024-05-14,376
20007509,K21.9,ICD-10-CM,2023-11-26,206
20007509,J45.909,ICD-10-CM,2023-05-29,25
20007509,K21.9,ICD-10-CM,2024-01-21,262
20007509,F41.9,ICD-10-CM,2023-10-13,162
20007514,R53.83,ICD-10-CM,2025-06-23,384
20007514,I10,ICD-10-CM,2025-05-23,353
20007514,I10,ICD-10-CM,2025-06-18,379
20007514,L50.9,ICD-10-CM,2025-01-13,223
20007514,M79.7,ICD-10-CM,2025-03-02,271
20007514,G43.909,ICD-10-CM,2025-05-30,360
20007514,R10.9,ICD-10-CM,2026-01-08,583
20007514,I10,ICD-10-CM,2025-12-03,547
20007541,L50.9,ICD-10-CM,2025-10-03,127
20007541,L50.9,ICD-10-CM,2025-06-12,14
20007541,E78.5,ICD-10-CM,2025-06-23,25
20007541,R53.83,ICD-10-CM,2025-07-28,60
20007546,R10.9,ICD-10-CM,2022-04-14,178
20007546,I10,ICD-10-CM,2022-12-17,425
20007546,E78.5,ICD-10-CM,2022-11-13,391
20007546,R53.83,ICD-10-CM,2023-01-13,452
20007546,E78.5,ICD-10-CM,2022-03-01,134
20007546,L50.9,ICD-10-CM,2021-12-07,50
20007550,R53.83,ICD-10-CM,2026-04-02,157
20007555,I10,ICD-10-CM,2023-07-03,193
20007555,L50.9,ICD-10-CM,2023-01-29,38
20007555,K21.9,ICD-10-CM,2023-01-01,10
20007571,M79.7,ICD-10-CM,2026-02-23,29
20007574,R53.83,ICD-10-CM,2026-05-24,16
20007574,I10,ICD-10-CM,2026-05-19,11
20007574,I10,ICD-10-CM,2026-05-20,12
20007579,E78.5,ICD-10-CM,2023-11-25,293
20007579,I10,ICD-10-CM,2023-05-03,87
20007579,G43.909,ICD-10-CM,2023-07-06,151
20007579,E78.5,ICD-10-CM,2024-02-14,374
20007579,R53.83,ICD-10-CM,2024-02-01,361
20007579,R10.9,ICD-10-CM,2024-03-08,397
20007579,M79.7,ICD-10-CM,2023-11-28,296
20007579,K21.9,ICD-10-CM,2023-05-02,86
20007585,R10.9,ICD-10-CM,2023-12-27,222
20007585,L50.9,ICD-10-CM,2024-02-19,276
20007585,R53.83,ICD-10-CM,2023-07-19,61
20007585,K21.9,ICD-10-CM,2023-09-07,111
20007585,I10,ICD-10-CM,2023-06-29,41
20007585,I10,ICD-10-CM,2023-10-11,145
20007585,I10,ICD-10-CM,2023-07-09,51
20007585,R53.83,ICD-10-CM,2024-01-07,233
20007585,K21.9,ICD-10-CM,2024-01-05,231
20007589,I10,ICD-10-CM,2024-04-29,410
20007589,K21.9,ICD-10-CM,2024-06-03,445
20007592,R53.83,ICD-10-CM,2025-12-03,169
20007595,R10.9,ICD-10-CM,2025-07-12,65
20007595,G43.909,ICD-10-CM,2025-05-25,17
20007595,I10,ICD-10-CM,2025-08-18,102
20007598,J45.909,ICD-10-CM,2026-02-20,18
20007598,L50.9,ICD-10-CM,2026-04-30,87
20007598,J45.909,ICD-10-CM,2026-04-03,60
20007601,M79.7,ICD-10-CM,2022-09-06,212
20007601,K21.9,ICD-10-CM,2023-03-04,391
20007601,K21.9,ICD-10-CM,2022-05-14,97
20007601,R53.83,ICD-10-CM,2022-08-03,178
20007601,I10,ICD-10-CM,2022-12-25,322
20007601,G43.909,ICD-10-CM,2023-03-07,394
20007601,K21.9,ICD-10-CM,2022-03-24,46
20007601,J45.909,ICD-10-CM,2022-06-06,120
20007604,M79.7,ICD-10-CM,2024-04-21,274
20007604,M79.7,ICD-10-CM,2024-06-11,325
20007604,R10.9,ICD-10-CM,2024-05-07,290
20007606,F41.9,ICD-10-CM,2025-08-15,94
20007606,L50.9,ICD-10-CM,2025-07-19,67
20007606,F41.9,ICD-10-CM,2026-01-21,253
20007606,K21.9,ICD-10-CM,2025-12-06,207
20007606,R53.83,ICD-10-CM,2025-12-13,214
20007607,G43.909,ICD-10-CM,2024-10-16,216
20007607,R10.9,ICD-10-CM,2025-10-23,588
20007607,F41.9,ICD-10-CM,2025-11-14,610
20007607,K21.9,ICD-10-CM,2025-03-30,381
20007608,R53.83,ICD-10-CM,2025-10-30,813
20007608,E78.5,ICD-10-CM,2025-05-05,635
20007608,F41.9,ICD-10-CM,2026-01-22,897
20007608,G43.909,ICD-10-CM,2023-11-09,92
20007608,R10.9,ICD-10-CM,2024-03-30,234
20007608,F41.9,ICD-10-CM,2025-10-25,808
20007608,G43.909,ICD-10-CM,2025-08-02,724
20007608,K21.9,ICD-10-CM,2026-05-13,1008
20007608,E78.5,ICD-10-CM,2023-11-05,88
20007608,R53.83,ICD-10-CM,2024-05-25,290
20007609,I10,ICD-10-CM,2023-10-22,21
20007609,I10,ICD-10-CM,2024-01-04,95
20007609,I10,ICD-10-CM,2024-01-13,104
20007615,F41.9,ICD-10-CM,2024-06-23,54
20007615,J45.909,ICD-10-CM,2024-07-19,80
20007615,M79.7,ICD-10-CM,2024-05-29,29
20007615,F41.9,ICD-10-CM,2024-10-14,167
20007615,E78.5,ICD-10-CM,2024-09-06,129
20007615,K21.9,ICD-10-CM,2024-09-26,149
20007615,E78.5,ICD-10-CM,2024-11-16,200
20007619,G43.909,ICD-10-CM,2023-12-30,13
20007619,I10,ICD-10-CM,2024-04-28,133
20007619,M79.7,ICD-10-CM,2024-03-27,101
20007619,J45.909,ICD-10-CM,2024-06-26,192
20007619,E78.5,ICD-10-CM,2024-12-23,372
20007619,F41.9,ICD-10-CM,2025-01-28,408
20007619,R10.9,ICD-10-CM,2024-04-19,124
20007619,R10.9,ICD-10-CM,2024-07-04,200
20007619,J45.909,ICD-10-CM,2024-09-19,277
20007645,I10,ICD-10-CM,2026-05-23,288
20007645,K21.9,ICD-10-CM,2026-04-16,251
20007645,I10,ICD-10-CM,2026-01-28,173
20007645,J45.909,ICD-10-CM,2025-09-20,43
20007645,R10.9,ICD-10-CM,2026-05-07,272
20007652,R53.83,ICD-10-CM,2026-05-06,5
20007652,M79.7,ICD-10-CM,2026-05-12,11
20007652,F41.9,ICD-10-CM,2026-05-21,20
20007655,J45.909,ICD-10-CM,2023-08-13,96
20007655,M79.7,ICD-10-CM,2024-12-16,587
20007655,E78.5,ICD-10-CM,2023-06-28,50
20007655,R53.83,ICD-10-CM,2025-01-08,610
20007655,F41.9,ICD-10-CM,2023-09-24,138
20007655,L50.9,ICD-10-CM,2025-01-22,624
20007655,F41.9,ICD-10-CM,2025-02-12,645
20007655,R53.83,ICD-10-CM,2024-03-11,307
20007655,R53.83,ICD-10-CM,2024-02-06,273
20007655,I10,ICD-10-CM,2025-05-27,749
20007657,E78.5,ICD-10-CM,2025-07-24,116
20007657,F41.9,ICD-10-CM,2026-01-26,302
20007657,K21.9,ICD-10-CM,2025-12-23,268
20007657,J45.909,ICD-10-CM,2025-09-30,184
20007657,I10,ICD-10-CM,2025-11-15,230
20007664,R10.9,ICD-10-CM,2024-11-11,316
20007664,K21.9,ICD-10-CM,2024-08-09,222
20007664,E78.5,ICD-10-CM,2024-03-01,61
20007664,E78.5,ICD-10-CM,2024-06-27,179
20007680,F41.9,ICD-10-CM,2023-12-27,504
20007680,E78.5,ICD-10-CM,2023-05-14,277
20007680,E78.5,ICD-10-CM,2023-12-12,489
20007680,K21.9,ICD-10-CM,2023-11-25,472
20007680,L50.9,ICD-10-CM,2023-12-13,490
20007682,L50.9,ICD-10-CM,2026-01-12,37
20007682,R53.83,ICD-10-CM,2026-02-22,78
20007695,K21.9,ICD-10-CM,2026-04-02,70
20007695,F41.9,ICD-10-CM,2026-03-18,55
20007696,R53.83,ICD-10-CM,2024-11-30,30
20007696,F41.9,ICD-10-CM,2025-04-16,167
20007696,R10.9,ICD-10-CM,2025-02-04,96
20007696,J45.909,ICD-10-CM,2025-03-12,132
20007696,R10.9,ICD-10-CM,2025-02-23,115
20007696,G43.909,ICD-10-CM,2025-08-27,300
20007696,L50.9,ICD-10-CM,2025-06-17,229
20007697,R10.9,ICD-10-CM,2026-05-29,2
20007697,E78.5,ICD-10-CM,2026-05-31,4
20007701,K21.9,ICD-10-CM,2025-09-30,181
20007720,I10,ICD-10-CM,2025-06-05,137
20007720,R10.9,ICD-10-CM,2025-08-12,205
20007720,I10,ICD-10-CM,2025-06-22,154
20007727,K21.9,ICD-10-CM,2023-09-16,497
20007727,F41.9,ICD-10-CM,2023-01-01,239
20007727,R10.9,ICD-10-CM,2023-09-12,493
20007727,E78.5,ICD-10-CM,2023-12-12,584
20007727,G43.909,ICD-10-CM,2022-06-22,46
20007727,E78.5,ICD-10-CM,2023-05-12,370
20007727,R10.9,ICD-10-CM,2022-08-14,99
20007727,R53.83,ICD-10-CM,2023-09-23,504
20007727,R53.83,ICD-10-CM,2022-10-26,172
20007733,R10.9,ICD-10-CM,2025-01-24,298
20007733,K21.9,ICD-10-CM,2024-10-13,195
20007733,K21.9,ICD-10-CM,2024-04-11,10
20007733,R10.9,ICD-10-CM,2024-07-26,116
20007733,I10,ICD-10-CM,2024-05-31,60
20007736,L50.9,ICD-10-CM,2025-09-21,67
20007736,E78.5,ICD-10-CM,2026-03-09,236
20007736,I10,ICD-10-CM,2026-05-15,303
20007736,I10,ICD-10-CM,2026-04-26,284
20007736,R53.83,ICD-10-CM,2026-04-22,280
20007736,J45.909,ICD-10-CM,2025-10-28,104
20007736,K21.9,ICD-10-CM,2025-11-16,123
20007737,K21.9,ICD-10-CM,2025-11-09,141
20007737,K21.9,ICD-10-CM,2026-04-20,303
20007737,J45.909,ICD-10-CM,2025-07-08,17
20007737,M79.7,ICD-10-CM,2026-03-16,268
20007737,E78.5,ICD-10-CM,2026-03-09,261
20007752,R10.9,ICD-10-CM,2026-05-02,718
20007752,K21.9,ICD-10-CM,2025-11-21,556
20007752,R10.9,ICD-10-CM,2026-05-03,719
20007752,G43.909,ICD-10-CM,2026-04-01,687
20007752,R10.9,ICD-10-CM,2025-05-16,367
20007752,G43.909,ICD-10-CM,2026-01-05,601
20007752,E78.5,ICD-10-CM,2025-06-01,383
20007752,I10,ICD-10-CM,2025-12-30,595
20007762,R53.83,ICD-10-CM,2022-03-17,144
20007762,M79.7,ICD-10-CM,2022-06-13,232
20007762,F41.9,ICD-10-CM,2022-02-07,106
20007762,M79.7,ICD-10-CM,2022-01-21,89
20007775,R10.9,ICD-10-CM,2025-11-02,59
20007775,I10,ICD-10-CM,2025-11-10,67
20007775,K21.9,ICD-10-CM,2025-11-16,73
20007775,K21.9,ICD-10-CM,2025-09-11,7
20007781,I10,ICD-10-CM,2024-02-22,555
20007781,G43.909,ICD-10-CM,2024-01-11,513
20007781,I10,ICD-10-CM,2022-11-03,79
20007781,J45.909,ICD-10-CM,2024-08-21,736
20007781,F41.9,ICD-10-CM,2025-05-19,1007
20007781,R10.9,ICD-10-CM,2023-06-19,307
20007781,M79.7,ICD-10-CM,2024-08-19,734
20007781,K21.9,ICD-10-CM,2023-09-04,384
20007781,J45.909,ICD-10-CM,2024-04-26,619
20007781,M79.7,ICD-10-CM,2024-06-12,666
20007781,J45.909,ICD-10-CM,2023-12-07,478
20007781,R53.83,ICD-10-CM,2022-11-06,82
20007781,I10,ICD-10-CM,2024-03-04,566
20007781,E78.5,ICD-10-CM,2023-01-12,149
20007781,I10,ICD-10-CM,2024-02-25,558
20007788,I10,ICD-10-CM,2024-05-20,39
20007788,J45.909,ICD-10-CM,2025-01-31,295
20007788,K21.9,ICD-10-CM,2024-06-12,62
20007788,E78.5,ICD-10-CM,2024-11-12,215
20007788,I10,ICD-10-CM,2024-04-30,19
20007788,R10.9,ICD-10-CM,2024-08-12,123
20007788,M79.7,ICD-10-CM,2025-05-25,409
20007788,E78.5,ICD-10-CM,2024-05-16,35
20007792,I10,ICD-10-CM,2022-07-18,2
20007792,G43.909,ICD-10-CM,2022-08-07,22
20007792,F41.9,ICD-10-CM,2022-11-26,133
20007792,E78.5,ICD-10-CM,2022-12-06,143
20007792,R53.83,ICD-10-CM,2022-09-17,63
20007802,F41.9,ICD-10-CM,2023-08-03,228
20007802,G43.909,ICD-10-CM,2023-05-22,155
20007802,G43.909,ICD-10-CM,2023-08-30,255
20007802,G43.909,ICD-10-CM,2023-08-13,238
20007802,K21.9,ICD-10-CM,2023-09-11,267
20007806,I10,ICD-10-CM,2025-06-19,392
20007806,J45.909,ICD-10-CM,2025-03-30,311
20007806,G43.909,ICD-10-CM,2025-04-20,332
20007809,R10.9,ICD-10-CM,2026-01-17,77
20007809,G43.909,ICD-10-CM,2026-05-11,191
20007812,E78.5,ICD-10-CM,2025-12-03,12
20007812,K21.9,ICD-10-CM,2026-05-16,176
20007812,R10.9,ICD-10-CM,2026-04-11,141
20007812,E78.5,ICD-10-CM,2026-01-11,51
20007812,K21.9,ICD-10-CM,2026-05-07,167
20007812,L50.9,ICD-10-CM,2026-04-29,159
20007816,R10.9,ICD-10-CM,2023-05-31,165
20007816,K21.9,ICD-10-CM,2023-01-11,25
20007816,G43.909,ICD-10-CM,2023-07-03,198
20007825,E78.5,ICD-10-CM,2025-03-02,306
20007825,M79.7,ICD-10-CM,2025-02-16,292
20007825,I10,ICD-10-CM,2024-05-20,20
20007825,I10,ICD-10-CM,2024-07-23,84
20007825,F41.9,ICD-10-CM,2024-09-12,135
20007830,G43.909,ICD-10-CM,2026-01-27,230
20007837,F41.9,ICD-10-CM,2025-11-06,381
20007837,R10.9,ICD-10-CM,2026-01-25,461
20007837,M79.7,ICD-10-CM,2025-03-18,148
20007837,G43.909,ICD-10-CM,2025-08-18,301
20007837,I10,ICD-10-CM,2025-02-02,104
20007837,R10.9,ICD-10-CM,2025-07-09,261
20007837,R10.9,ICD-10-CM,2026-03-26,521
20007837,G43.909,ICD-10-CM,2025-03-11,141
20007837,I10,ICD-10-CM,2026-03-27,522
20007837,J45.909,ICD-10-CM,2024-11-29,39
20007837,L50.9,ICD-10-CM,2025-03-07,137
20007837,J45.909,ICD-10-CM,2025-08-11,294
20007842,K21.9,ICD-10-CM,2025-11-16,183
20007842,K21.9,ICD-10-CM,2025-11-10,177
20007842,M79.7,ICD-10-CM,2025-12-14,211
20007842,M79.7,ICD-10-CM,2026-02-22,281
20007844,F41.9,ICD-10-CM,2024-12-29,318
20007844,I10,ICD-10-CM,2025-04-03,413
20007844,R53.83,ICD-10-CM,2025-01-31,351
20007844,I10,ICD-10-CM,2024-09-06,204
20007844,I10,ICD-10-CM,2024-03-19,33
20007844,R53.83,ICD-10-CM,2024-09-10,208
20007844,G43.909,ICD-10-CM,2026-05-27,832
20007844,J45.909,ICD-10-CM,2025-10-22,615
20007844,R53.83,ICD-10-CM,2024-05-27,102
20007851,E78.5,ICD-10-CM,2026-05-31,3
20007853,J45.909,ICD-10-CM,2025-04-10,327
20007853,R53.83,ICD-10-CM,2024-06-21,34
20007853,J45.909,ICD-10-CM,2025-06-20,398
20007853,F41.9,ICD-10-CM,2024-11-19,185
20007853,G43.909,ICD-10-CM,2025-08-02,441
20007853,J45.909,ICD-10-CM,2025-07-17,425
20007853,E78.5,ICD-10-CM,2024-08-02,76
20007853,I10,ICD-10-CM,2025-12-01,562
20007859,R53.83,ICD-10-CM,2024-02-19,68
20007859,I10,ICD-10-CM,2024-02-28,77
20007863,G43.909,ICD-10-CM,2023-05-15,15
20007863,K21.9,ICD-10-CM,2024-05-18,384
20007863,I10,ICD-10-CM,2024-01-05,250
20007863,F41.9,ICD-10-CM,2024-02-06,282
20007863,L50.9,ICD-10-CM,2024-02-21,297
20007868,K21.9,ICD-10-CM,2025-07-20,637
20007868,G43.909,ICD-10-CM,2025-01-17,453
20007868,E78.5,ICD-10-CM,2025-07-16,633
20007868,R10.9,ICD-10-CM,2024-06-27,249
20007868,E78.5,ICD-10-CM,2025-12-29,799
20007868,E78.5,ICD-10-CM,2026-05-21,942
20007879,G43.909,ICD-10-CM,2023-03-01,1
20007879,R10.9,ICD-10-CM,2023-07-07,129
20007879,F41.9,ICD-10-CM,2023-05-10,71
20007887,R10.9,ICD-10-CM,2023-05-25,81
20007887,K21.9,ICD-10-CM,2023-07-15,132
20007887,K21.9,ICD-10-CM,2023-04-04,30
20007887,M79.7,ICD-10-CM,2023-04-03,29
20007887,R10.9,ICD-10-CM,2023-03-22,17
20007894,E78.5,ICD-10-CM,2025-12-26,22
20007894,K21.9,ICD-10-CM,2026-04-21,138
20007894,G43.909,ICD-10-CM,2026-01-19,46
20007899,R53.83,ICD-10-CM,2024-04-13,498
20007899,E78.5,ICD-10-CM,2023-08-15,256
20007899,I10,ICD-10-CM,2023-02-26,86
20007906,R53.83,ICD-10-CM,2026-04-01,97
20007906,I10,ICD-10-CM,2026-03-22,87
20007906,I10,ICD-10-CM,2026-02-26,63
20007906,J45.909,ICD-10-CM,2026-02-23,60
20007906,I10,ICD-10-CM,2026-05-22,148
20007910,K21.9,ICD-10-CM,2022-07-23,247
20007910,K21.9,ICD-10-CM,2022-05-07,170
20007910,E78.5,ICD-10-CM,2022-03-20,122
20007910,J45.909,ICD-10-CM,2022-04-09,142
20007910,E78.5,ICD-10-CM,2022-03-21,123
20007910,R10.9,ICD-10-CM,2022-10-23,339
20007928,E78.5,ICD-10-CM,2024-11-23,157
20007928,E78.5,ICD-10-CM,2024-11-08,142
20007928,R53.83,ICD-10-CM,2025-01-17,212
20007928,G43.909,ICD-10-CM,2024-11-09,143
20007928,J45.909,ICD-10-CM,2024-06-21,2
20007928,E78.5,ICD-10-CM,2024-08-12,54
20007928,R53.83,ICD-10-CM,2025-01-26,221
20007928,F41.9,ICD-10-CM,2024-12-24,188
20007930,G43.909,ICD-10-CM,2022-11-29,110
20007930,J45.909,ICD-10-CM,2022-12-07,118
20007930,G43.909,ICD-10-CM,2022-11-26,107
20007933,R53.83,ICD-10-CM,2024-10-14,723
20007933,I10,ICD-10-CM,2024-10-05,714
20007933,J45.909,ICD-10-CM,2024-04-15,541
20007933,F41.9,ICD-10-CM,2024-01-29,464
20007933,R10.9,ICD-10-CM,2023-02-01,102
20007933,I10,ICD-10-CM,2025-02-23,855
20007933,M79.7,ICD-10-CM,2024-07-09,626
20007933,K21.9,ICD-10-CM,2023-06-09,230
20007933,G43.909,ICD-10-CM,2024-11-07,747
20007933,R53.83,ICD-10-CM,2024-01-17,452
20007942,L50.9,ICD-10-CM,2026-03-16,40
20007942,R53.83,ICD-10-CM,2026-03-11,35
20007942,I10,ICD-10-CM,2026-04-12,67
20007960,J45.909,ICD-10-CM,2025-06-13,271
20007960,E78.5,ICD-10-CM,2025-05-15,242
20007960,R10.9,ICD-10-CM,2025-03-12,178
20007960,E78.5,ICD-10-CM,2026-01-23,495
20007960,I10,ICD-10-CM,2026-04-14,576
20007960,J45.909,ICD-10-CM,2026-03-30,561
20007960,R10.9,ICD-10-CM,2026-05-14,606
20007960,K21.9,ICD-10-CM,2025-03-04,170
20007960,M79.7,ICD-10-CM,2024-10-09,24
20007960,K21.9,ICD-10-CM,2026-03-15,546
20007964,J45.909,ICD-10-CM,2026-02-14,185
20007964,K21.9,ICD-10-CM,2025-09-14,32
20007964,G43.909,ICD-10-CM,2025-09-14,32
20007964,J45.909,ICD-10-CM,2026-03-27,226
20007964,R10.9,ICD-10-CM,2025-11-10,89
20007967,R10.9,ICD-10-CM,2026-04-25,907
20007967,F41.9,ICD-10-CM,2024-11-24,390
20007967,K21.9,ICD-10-CM,2024-05-30,212
20007967,E78.5,ICD-10-CM,2025-06-20,598
20007967,L50.9,ICD-10-CM,2026-04-26,908
20007967,I10,ICD-10-CM,2025-01-15,442
20007967,I10,ICD-10-CM,2025-07-23,631
20007967,R53.83,ICD-10-CM,2025-06-16,594
20007967,J45.909,ICD-10-CM,2024-11-29,395
20007967,J45.909,ICD-10-CM,2024-06-10,223
20007967,R10.9,ICD-10-CM,2025-01-03,430
20007967,R10.9,ICD-10-CM,2024-06-07,220
20007967,K21.9,ICD-10-CM,2023-11-08,8
20007967,K21.9,ICD-10-CM,2024-04-21,173
20007971,J45.909,ICD-10-CM,2024-09-11,457
20007971,I10,ICD-10-CM,2024-01-25,227
20007971,R53.83,ICD-10-CM,2024-11-05,512
20007971,I10,ICD-10-CM,2023-10-02,112
20007971,L50.9,ICD-10-CM,2024-06-14,368
20007971,F41.9,ICD-10-CM,2024-05-10,333
20007971,J45.909,ICD-10-CM,2025-11-02,874
20007971,R10.9,ICD-10-CM,2024-10-18,494
20007971,L50.9,ICD-10-CM,2024-03-08,270
20007971,L50.9,ICD-10-CM,2025-01-19,587
20007971,J45.909,ICD-10-CM,2025-03-23,650
20007971,I10,ICD-10-CM,2024-11-05,512
20007971,E78.5,ICD-10-CM,2024-08-22,437
20007971,I10,ICD-10-CM,2023-08-07,56
20007973,L50.9,ICD-10-CM,2023-11-28,756
20007973,M79.7,ICD-10-CM,2022-01-10,69
20007973,R10.9,ICD-10-CM,2023-02-19,474
20007973,F41.9,ICD-10-CM,2023-04-29,543
20007973,M79.7,ICD-10-CM,2023-10-14,711
20007973,E78.5,ICD-10-CM,2021-12-03,31
20007990,G43.909,ICD-10-CM,2026-05-19,54
20008002,F41.9,ICD-10-CM,2025-06-09,394
20008002,F41.9,ICD-10-CM,2026-03-23,681
20008002,K21.9,ICD-10-CM,2024-10-08,150
20008002,G43.909,ICD-10-CM,2024-12-27,230
20008002,I10,ICD-10-CM,2025-01-19,253
20008002,J45.909,ICD-10-CM,2025-01-06,240
20008002,E78.5,ICD-10-CM,2026-05-26,745
20008002,J45.909,ICD-10-CM,2024-05-15,4
20008002,K21.9,ICD-10-CM,2025-08-02,448
20008002,G43.909,ICD-10-CM,2026-01-21,620
20008002,F41.9,ICD-10-CM,2026-02-26,656
20008016,R53.83,ICD-10-CM,2025-04-22,48
20008016,F41.9,ICD-10-CM,2025-04-06,32
20008017,I10,ICD-10-CM,2023-09-02,645
20008017,K21.9,ICD-10-CM,2023-08-15,627
20008017,E78.5,ICD-10-CM,2022-03-30,124
20008017,I10,ICD-10-CM,2023-08-26,638
20008017,R53.83,ICD-10-CM,2022-12-11,380
20008017,I10,ICD-10-CM,2023-03-18,477
20008024,J45.909,ICD-10-CM,2025-12-25,52
20008024,E78.5,ICD-10-CM,2026-05-20,198
20008024,G43.909,ICD-10-CM,2026-01-18,76
20008024,K21.9,ICD-10-CM,2026-01-20,78
20008024,I10,ICD-10-CM,2026-03-06,123
20008024,I10,ICD-10-CM,2025-11-13,10
20008024,J45.909,ICD-10-CM,2025-12-22,49
20008025,J45.909,ICD-10-CM,2023-05-31,237
20008025,E78.5,ICD-10-CM,2023-02-25,142
20008025,J45.909,ICD-10-CM,2022-12-04,59
20008025,E78.5,ICD-10-CM,2023-07-18,285
20008025,J45.909,ICD-10-CM,2023-05-28,234
20008025,I10,ICD-10-CM,2022-12-20,75
20008025,F41.9,ICD-10-CM,2023-02-21,138
20008025,E78.5,ICD-10-CM,2023-07-23,290
20008031,R10.9,ICD-10-CM,2024-11-03,188
20008038,I10,ICD-10-CM,2023-06-11,278
20008038,R53.83,ICD-10-CM,2023-10-03,392
20008038,K21.9,ICD-10-CM,2022-11-22,77
20008038,R53.83,ICD-10-CM,2025-09-10,1100
20008038,R53.83,ICD-10-CM,2026-02-05,1248
20008038,R53.83,ICD-10-CM,2025-01-25,872
20008038,E78.5,ICD-10-CM,2023-08-08,336
20008038,F41.9,ICD-10-CM,2024-07-08,671
20008038,G43.909,ICD-10-CM,2023-06-28,295
20008038,R53.83,ICD-10-CM,2022-10-30,54
20008038,M79.7,ICD-10-CM,2026-05-24,1356
20008038,K21.9,ICD-10-CM,2022-09-12,6
20008038,R53.83,ICD-10-CM,2025-06-19,1017
20008061,I10,ICD-10-CM,2026-05-11,184
20008061,R53.83,ICD-10-CM,2026-03-16,128
20008064,R53.83,ICD-10-CM,2026-02-09,310
20008064,R10.9,ICD-10-CM,2026-05-07,397
20008064,I10,ICD-10-CM,2025-07-13,99
20008073,E78.5,ICD-10-CM,2025-01-26,78
20008073,R53.83,ICD-10-CM,2025-02-14,97
20008073,G43.909,ICD-10-CM,2024-12-11,32
20008073,R10.9,ICD-10-CM,2025-02-05,88
20008073,L50.9,ICD-10-CM,2025-02-04,87
20008076,I10,ICD-10-CM,2026-01-26,304
20008076,G43.909,ICD-10-CM,2026-05-07,405
20008076,I10,ICD-10-CM,2025-07-09,103
20008076,K21.9,ICD-10-CM,2026-01-16,294
20008076,G43.909,ICD-10-CM,2026-04-24,392
20008076,K21.9,ICD-10-CM,2026-05-17,415
20008076,E78.5,ICD-10-CM,2025-09-23,179
20008076,R53.83,ICD-10-CM,2026-05-13,411
20008076,R10.9,ICD-10-CM,2025-06-11,75
20008081,J45.909,ICD-10-CM,2022-05-20,50
20008081,J45.909,ICD-10-CM,2023-03-21,355
20008081,J45.909,ICD-10-CM,2022-08-08,130
20008081,E78.5,ICD-10-CM,2025-01-07,1013
20008081,L50.9,ICD-10-CM,2023-10-02,550
20008081,J45.909,ICD-10-CM,2024-09-26,910
20008081,I10,ICD-10-CM,2025-10-19,1298
20008081,J45.909,ICD-10-CM,2022-11-18,232
20008081,R53.83,ICD-10-CM,2025-09-01,1250
20008081,G43.909,ICD-10-CM,2022-09-10,163
20008081,E78.5,ICD-10-CM,2024-05-15,776
20008084,F41.9,ICD-10-CM,2025-11-28,191
20008084,K21.9,ICD-10-CM,2026-04-04,318
20008084,E78.5,ICD-10-CM,2025-10-29,161
20008084,J45.909,ICD-10-CM,2025-06-16,26
20008084,L50.9,ICD-10-CM,2026-02-22,277
20008084,M79.7,ICD-10-CM,2025-10-17,149
20008084,M79.7,ICD-10-CM,2026-05-15,359
20008084,E78.5,ICD-10-CM,2025-10-06,138
20008084,I10,ICD-10-CM,2025-06-29,39
20008084,I10,ICD-10-CM,2025-08-15,86
20008085,E78.5,ICD-10-CM,2025-05-10,29
20008085,J45.909,ICD-10-CM,2026-01-31,295
20008085,E78.5,ICD-10-CM,2025-04-28,17
20008085,R10.9,ICD-10-CM,2026-05-11,395
20008089,I10,ICD-10-CM,2023-07-16,7
20008089,L50.9,ICD-10-CM,2023-07-18,9
20008091,G43.909,ICD-10-CM,2023-08-24,428
20008091,I10,ICD-10-CM,2026-02-23,1342
20008091,E78.5,ICD-10-CM,2022-09-12,82
20008091,J45.909,ICD-10-CM,2025-09-05,1171
20008091,L50.9,ICD-10-CM,2023-11-30,526
20008091,L50.9,ICD-10-CM,2022-07-21,29
20008091,R53.83,ICD-10-CM,2022-10-20,120
20008091,G43.909,ICD-10-CM,2023-11-16,512
20008091,J45.909,ICD-10-CM,2025-01-20,943
20008094,G43.909,ICD-10-CM,2024-06-11,334
20008094,R53.83,ICD-10-CM,2023-07-21,8
20008094,E78.5,ICD-10-CM,2024-07-09,362
20008094,R53.83,ICD-10-CM,2024-06-27,350
20008094,I10,ICD-10-CM,2023-10-05,84
20008094,G43.909,ICD-10-CM,2024-07-07,360
20008097,K21.9,ICD-10-CM,2024-02-21,274
20008097,R53.83,ICD-10-CM,2024-04-11,324
20008097,R10.9,ICD-10-CM,2024-07-17,421
20008097,M79.7,ICD-10-CM,2023-10-07,137
20008097,R10.9,ICD-10-CM,2023-07-16,54
20008097,E78.5,ICD-10-CM,2024-08-02,437
20008098,R53.83,ICD-10-CM,2024-10-13,351
20008098,I10,ICD-10-CM,2024-08-18,295
20008098,F41.9,ICD-10-CM,2024-02-17,112
20008098,G43.909,ICD-10-CM,2024-05-18,203
20008098,R53.83,ICD-10-CM,2024-05-01,186
20008098,R53.83,ICD-10-CM,2023-11-27,30
20008098,K21.9,ICD-10-CM,2024-02-07,102
20008102,F41.9,ICD-10-CM,2026-03-28,854
20008102,L50.9,ICD-10-CM,2024-01-21,57
20008102,F41.9,ICD-10-CM,2025-09-15,660
20008102,K21.9,ICD-10-CM,2025-05-25,547
20008102,I10,ICD-10-CM,2024-07-22,240
20008102,K21.9,ICD-10-CM,2024-09-02,282
20008102,I10,ICD-10-CM,2025-03-28,489
20008102,I10,ICD-10-CM,2024-07-15,233
20008102,G43.909,ICD-10-CM,2024-08-08,257
20008102,E78.5,ICD-10-CM,2025-08-18,632
20008102,R53.83,ICD-10-CM,2025-09-06,651
20008124,F41.9,ICD-10-CM,2023-08-28,42
20008124,I10,ICD-10-CM,2023-12-09,145
20008126,G43.909,ICD-10-CM,2026-01-28,159
20008126,R10.9,ICD-10-CM,2026-04-10,231
20008126,E78.5,ICD-10-CM,2026-05-19,270
20008141,R53.83,ICD-10-CM,2022-11-20,11
20008141,I10,ICD-10-CM,2023-10-11,336
20008141,L50.9,ICD-10-CM,2022-11-19,10
20008141,R10.9,ICD-10-CM,2023-10-03,328
20008141,J45.909,ICD-10-CM,2023-08-30,294
20008141,G43.909,ICD-10-CM,2023-08-30,294
20008157,K21.9,ICD-10-CM,2025-04-21,370
20008157,E78.5,ICD-10-CM,2025-05-07,386
20008157,R53.83,ICD-10-CM,2024-10-26,193
20008157,K21.9,ICD-10-CM,2025-06-15,425
20008157,K21.9,ICD-10-CM,2025-03-11,329
20008157,R53.83,ICD-10-CM,2024-04-17,1
20008157,R10.9,ICD-10-CM,2024-06-01,46
20008157,F41.9,ICD-10-CM,2025-04-20,369
20008157,I10,ICD-10-CM,2025-01-16,275
20008157,F41.9,ICD-10-CM,2025-01-29,288
20008161,R53.83,ICD-10-CM,2023-06-15,10
20008161,L50.9,ICD-10-CM,2023-06-07,2
20008161,G43.909,ICD-10-CM,2023-06-14,9
20008181,K21.9,ICD-10-CM,2023-01-25,81
20008181,M79.7,ICD-10-CM,2023-01-05,61
20008181,R53.83,ICD-10-CM,2023-02-23,110
20008181,R53.83,ICD-10-CM,2023-02-11,98
20008181,F41.9,ICD-10-CM,2023-02-10,97
20008181,I10,ICD-10-CM,2023-01-20,76
20008181,M79.7,ICD-10-CM,2023-03-06,121
20008181,K21.9,ICD-10-CM,2022-12-01,26
20008181,G43.909,ICD-10-CM,2023-01-23,79
20008195,E78.5,ICD-10-CM,2024-10-03,525
20008195,R10.9,ICD-10-CM,2024-11-30,583
20008195,M79.7,ICD-10-CM,2024-02-01,280
20008204,K21.9,ICD-10-CM,2022-03-22,52
20008204,K21.9,ICD-10-CM,2022-06-08,130
20008204,J45.909,ICD-10-CM,2022-04-26,87
20008204,I10,ICD-10-CM,2022-05-23,114
20008204,E78.5,ICD-10-CM,2022-06-10,132
20008204,G43.909,ICD-10-CM,2022-04-22,83
20008204,F41.9,ICD-10-CM,2022-05-13,104
20008218,I10,ICD-10-CM,2023-12-18,147
20008218,G43.909,ICD-10-CM,2023-11-24,123
20008218,R53.83,ICD-10-CM,2023-10-17,85
20008218,I10,ICD-10-CM,2024-01-15,175
20008218,G43.909,ICD-10-CM,2024-03-17,237
20008226,K21.9,ICD-10-CM,2023-04-14,201
20008226,M79.7,ICD-10-CM,2023-01-13,110
20008226,E78.5,ICD-10-CM,2023-04-18,205
20008227,L50.9,ICD-10-CM,2023-01-20,365
20008227,R53.83,ICD-10-CM,2022-08-16,208
20008227,K21.9,ICD-10-CM,2023-12-01,680
20008227,L50.9,ICD-10-CM,2024-09-05,959
20008227,G43.909,ICD-10-CM,2023-01-24,369
20008227,E78.5,ICD-10-CM,2024-07-06,898
20008227,I10,ICD-10-CM,2023-11-22,671
20008242,I10,ICD-10-CM,2022-09-30,2
20008242,R10.9,ICD-10-CM,2022-11-06,39
20008242,J45.909,ICD-10-CM,2022-12-28,91
20008247,F41.9,ICD-10-CM,2025-10-24,16
20008247,K21.9,ICD-10-CM,2026-03-15,158
20008259,I10,ICD-10-CM,2024-06-03,399
20008259,J45.909,ICD-10-CM,2024-06-02,398
20008259,M79.7,ICD-10-CM,2023-10-30,182
20008259,I10,ICD-10-CM,2025-07-18,809
20008269,R53.83,ICD-10-CM,2026-04-15,117
20008274,L50.9,ICD-10-CM,2024-06-02,5
20008274,K21.9,ICD-10-CM,2024-10-13,138
20008274,E78.5,ICD-10-CM,2024-08-16,80
20008282,I10,ICD-10-CM,2026-05-13,294
20008282,R10.9,ICD-10-CM,2025-10-29,98
20008282,E78.5,ICD-10-CM,2026-03-18,238
20008282,L50.9,ICD-10-CM,2025-08-17,25
20008301,R53.83,ICD-10-CM,2025-12-27,39
20008301,F41.9,ICD-10-CM,2026-05-16,179
20008305,G43.909,ICD-10-CM,2024-03-04,667
20008305,R10.9,ICD-10-CM,2026-04-27,1451
20008305,M79.7,ICD-10-CM,2023-01-02,240
20008305,E78.5,ICD-10-CM,2025-09-15,1227
20008305,R53.83,ICD-10-CM,2026-01-10,1344
20008305,F41.9,ICD-10-CM,2023-02-28,297
20008305,K21.9,ICD-10-CM,2025-03-03,1031
20008305,R10.9,ICD-10-CM,2026-04-28,1452
20008305,J45.909,ICD-10-CM,2025-07-22,1172
20008305,I10,ICD-10-CM,2023-09-20,501
20008305,K21.9,ICD-10-CM,2023-01-16,254
20008305,I10,ICD-10-CM,2022-05-10,3
20008305,G43.909,ICD-10-CM,2024-05-12,736
20008305,G43.909,ICD-10-CM,2022-05-27,20
20008305,I10,ICD-10-CM,2024-10-20,897
20008305,K21.9,ICD-10-CM,2023-10-28,539
20008305,I10,ICD-10-CM,2022-11-24,201
20008305,K21.9,ICD-10-CM,2025-10-10,1252
20008305,R10.9,ICD-10-CM,2025-03-23,1051
20008305,F41.9,ICD-10-CM,2025-07-02,1152
20008306,G43.909,ICD-10-CM,2025-09-16,440
20008306,L50.9,ICD-10-CM,2026-02-15,592
20008306,I10,ICD-10-CM,2025-07-11,373
20008306,I10,ICD-10-CM,2025-06-04,336
20008306,K21.9,ICD-10-CM,2025-04-05,276
20008306,G43.909,ICD-10-CM,2024-09-07,66
20008326,R10.9,ICD-10-CM,2026-01-19,7
20008326,E78.5,ICD-10-CM,2026-02-14,33
20008326,I10,ICD-10-CM,2026-05-28,136
20008354,R53.83,ICD-10-CM,2024-03-23,344
20008354,R53.83,ICD-10-CM,2024-02-14,306
20008354,I10,ICD-10-CM,2024-03-01,322
20008354,I10,ICD-10-CM,2024-07-04,447
20008354,G43.909,ICD-10-CM,2023-05-15,31
20008361,R53.83,ICD-10-CM,2024-01-18,145
20008361,I10,ICD-10-CM,2024-07-22,331
20008361,L50.9,ICD-10-CM,2024-06-23,302
20008361,I10,ICD-10-CM,2024-03-12,199
20008361,E78.5,ICD-10-CM,2023-08-31,5
20008382,F41.9,ICD-10-CM,2023-05-12,94
20008382,E78.5,ICD-10-CM,2023-11-15,281
20008382,I10,ICD-10-CM,2023-06-18,131
20008382,K21.9,ICD-10-CM,2023-09-24,229
20008382,I10,ICD-10-CM,2023-08-28,202
20008382,K21.9,ICD-10-CM,2023-04-20,72
20008382,K21.9,ICD-10-CM,2023-04-17,69
20008383,F41.9,ICD-10-CM,2025-06-20,585
20008383,F41.9,ICD-10-CM,2024-01-07,55
20008383,G43.909,ICD-10-CM,2025-02-09,454
20008383,M79.7,ICD-10-CM,2024-06-12,212
20008383,G43.909,ICD-10-CM,2024-12-24,407
20008383,R53.83,ICD-10-CM,2024-09-28,320
20008383,K21.9,ICD-10-CM,2024-05-03,172
20008383,I10,ICD-10-CM,2024-01-21,69
20008383,J45.909,ICD-10-CM,2024-05-12,181
20008383,E78.5,ICD-10-CM,2024-04-23,162
20008383,L50.9,ICD-10-CM,2024-01-24,72
20008383,F41.9,ICD-10-CM,2023-12-15,32
20008383,G43.909,ICD-10-CM,2025-04-29,533
20008383,R53.83,ICD-10-CM,2024-08-28,289
20008385,F41.9,ICD-10-CM,2026-01-09,1
20008385,G43.909,ICD-10-CM,2026-05-11,123
20008385,E78.5,ICD-10-CM,2026-05-17,129
20008385,L50.9,ICD-10-CM,2026-03-04,55
20008385,K21.9,ICD-10-CM,2026-04-19,101
20008392,I10,ICD-10-CM,2026-01-14,99
20008396,R10.9,ICD-10-CM,2026-02-11,494
20008396,F41.9,ICD-10-CM,2024-10-16,11
20008396,F41.9,ICD-10-CM,2026-02-24,507
20008396,R53.83,ICD-10-CM,2025-02-07,125
20008396,M79.7,ICD-10-CM,2026-02-16,499
20008396,L50.9,ICD-10-CM,2025-11-27,418
20008396,F41.9,ICD-10-CM,2025-05-23,230
20008396,R53.83,ICD-10-CM,2026-04-11,553
20008396,J45.909,ICD-10-CM,2025-11-30,421
20008396,R10.9,ICD-10-CM,2025-06-17,255
20008396,L50.9,ICD-10-CM,2025-05-18,225
20008396,L50.9,ICD-10-CM,2025-06-16,254
20008399,I10,ICD-10-CM,2026-04-09,71
20008399,R10.9,ICD-10-CM,2026-02-11,14
20008399,M79.7,ICD-10-CM,2026-02-02,5
20008402,E78.5,ICD-10-CM,2025-12-12,682
20008402,K21.9,ICD-10-CM,2024-07-02,154
20008402,F41.9,ICD-10-CM,2024-12-25,330
20008402,G43.909,ICD-10-CM,2024-09-08,222
20008402,E78.5,ICD-10-CM,2024-05-06,97
20008402,G43.909,ICD-10-CM,2026-02-01,733
20008407,E78.5,ICD-10-CM,2024-07-15,603
20008407,K21.9,ICD-10-CM,2023-10-13,327
20008407,F41.9,ICD-10-CM,2025-06-05,928
20008407,G43.909,ICD-10-CM,2024-09-30,680
20008407,I10,ICD-10-CM,2023-05-05,166
20008407,E78.5,ICD-10-CM,2023-06-23,215
20008407,L50.9,ICD-10-CM,2024-08-26,645
20008407,G43.909,ICD-10-CM,2024-12-30,771
20008407,R53.83,ICD-10-CM,2024-04-28,525
20008409,G43.909,ICD-10-CM,2024-07-18,200
20008409,K21.9,ICD-10-CM,2026-02-28,790
20008409,F41.9,ICD-10-CM,2025-11-29,699
20008409,I10,ICD-10-CM,2024-10-01,275
20008409,K21.9,ICD-10-CM,2025-07-11,558
20008409,R10.9,ICD-10-CM,2025-04-29,485
20008409,J45.909,ICD-10-CM,2024-06-06,158
20008409,J45.909,ICD-10-CM,2026-03-23,813
20008409,I10,ICD-10-CM,2025-03-29,454
20008417,K21.9,ICD-10-CM,2021-12-24,55
20008417,K21.9,ICD-10-CM,2023-03-05,491
20008417,G43.909,ICD-10-CM,2023-09-27,697
20008417,J45.909,ICD-10-CM,2023-07-04,612
20008417,I10,ICD-10-CM,2023-08-25,664
20008417,M79.7,ICD-10-CM,2023-05-14,561
20008417,E78.5,ICD-10-CM,2023-06-07,585
20008417,R10.9,ICD-10-CM,2023-08-01,640
20008417,E78.5,ICD-10-CM,2025-08-28,1398
20008417,I10,ICD-10-CM,2023-06-06,584
20008417,E78.5,ICD-10-CM,2022-10-15,350
20008417,F41.9,ICD-10-CM,2021-12-20,51
20008417,K21.9,ICD-10-CM,2024-06-12,956
20008417,E78.5,ICD-10-CM,2022-11-08,374
20008417,G43.909,ICD-10-CM,2025-07-17,1356
20008417,G43.909,ICD-10-CM,2024-09-30,1066
20008417,K21.9,ICD-10-CM,2022-02-28,121
20008417,I10,ICD-10-CM,2025-07-20,1359
20008417,K21.9,ICD-10-CM,2024-03-16,868
20008417,E78.5,ICD-10-CM,2025-04-25,1273
20008422,K21.9,ICD-10-CM,2024-10-23,552
20008422,R10.9,ICD-10-CM,2024-03-27,342
20008422,J45.909,ICD-10-CM,2025-06-14,786
20008422,M79.7,ICD-10-CM,2025-06-24,796
20008422,J45.909,ICD-10-CM,2024-12-31,621
20008422,R10.9,ICD-10-CM,2026-02-10,1027
20008422,L50.9,ICD-10-CM,2024-01-13,268
20008422,I10,ICD-10-CM,2026-02-22,1039
20008422,M79.7,ICD-10-CM,2023-12-28,252
20008422,E78.5,ICD-10-CM,2026-01-31,1017
20008422,R10.9,ICD-10-CM,2025-01-26,647
20008422,R53.83,ICD-10-CM,2024-10-01,530
20008423,L50.9,ICD-10-CM,2026-05-31,2
20008431,L50.9,ICD-10-CM,2026-05-03,20
20008431,F41.9,ICD-10-CM,2026-05-29,46
20008431,E78.5,ICD-10-CM,2026-04-26,13
20008432,E78.5,ICD-10-CM,2026-04-19,593
20008432,L50.9,ICD-10-CM,2025-08-01,332
20008432,I10,ICD-10-CM,2024-10-13,40
20008432,R10.9,ICD-10-CM,2025-12-15,468
20008432,R10.9,ICD-10-CM,2025-08-30,361
20008432,R10.9,ICD-10-CM,2024-11-29,87
20008432,I10,ICD-10-CM,2024-10-03,30
20008432,J45.909,ICD-10-CM,2025-06-07,277
20008432,F41.9,ICD-10-CM,2025-04-12,221
20008432,G43.909,ICD-10-CM,2026-03-08,551
20008444,F41.9,ICD-10-CM,2025-10-05,288
20008444,K21.9,ICD-10-CM,2024-12-24,3
20008444,E78.5,ICD-10-CM,2025-11-24,338
20008444,E78.5,ICD-10-CM,2026-02-01,407
20008444,K21.9,ICD-10-CM,2025-04-07,107
20008444,G43.909,ICD-10-CM,2025-06-14,175
20008444,E78.5,ICD-10-CM,2025-11-18,332
20008444,F41.9,ICD-10-CM,2025-05-07,137
20008444,J45.909,ICD-10-CM,2025-05-31,161
20008458,R53.83,ICD-10-CM,2023-09-27,335
20008458,R10.9,ICD-10-CM,2023-04-01,156
20008458,G43.909,ICD-10-CM,2023-04-21,176
20008458,K21.9,ICD-10-CM,2023-03-17,141
20008464,M79.7,ICD-10-CM,2023-03-03,211
20008464,L50.9,ICD-10-CM,2022-08-09,5
20008464,R53.83,ICD-10-CM,2023-06-16,316
20008464,E78.5,ICD-10-CM,2022-12-22,140
20008466,M79.7,ICD-10-CM,2023-09-08,72
20008466,E78.5,ICD-10-CM,2024-03-14,260
20008466,I10,ICD-10-CM,2026-02-15,963
20008466,R10.9,ICD-10-CM,2025-10-25,850
20008466,I10,ICD-10-CM,2026-02-10,958
20008466,G43.909,ICD-10-CM,2026-01-04,921
20008466,K21.9,ICD-10-CM,2023-10-08,102
20008468,G43.909,ICD-10-CM,2025-07-10,496
20008468,K21.9,ICD-10-CM,2025-04-18,413
20008468,L50.9,ICD-10-CM,2024-07-18,139
20008468,L50.9,ICD-10-CM,2025-04-06,401
20008468,K21.9,ICD-10-CM,2025-07-31,517
20008468,E78.5,ICD-10-CM,2025-08-15,532
20008468,J45.909,ICD-10-CM,2024-12-30,304
20008490,E78.5,ICD-10-CM,2026-03-08,12
20008490,L50.9,ICD-10-CM,2026-04-29,64
20008492,E78.5,ICD-10-CM,2024-07-14,45
20008492,F41.9,ICD-10-CM,2025-06-11,377
20008492,K21.9,ICD-10-CM,2025-05-21,356
20008492,K21.9,ICD-10-CM,2024-12-20,204
20008492,J45.909,ICD-10-CM,2024-08-22,84
20008492,F41.9,ICD-10-CM,2025-03-06,280
20008495,M79.7,ICD-10-CM,2025-03-30,696
20008495,M79.7,ICD-10-CM,2023-07-17,74
20008495,E78.5,ICD-10-CM,2025-08-15,834
20008495,R10.9,ICD-10-CM,2025-06-13,771
20008495,M79.7,ICD-10-CM,2026-05-23,1115
20008495,J45.909,ICD-10-CM,2026-03-15,1046
20008495,M79.7,ICD-10-CM,2025-12-16,957
20008495,J45.909,ICD-10-CM,2023-06-08,35
20008495,K21.9,ICD-10-CM,2025-09-14,864
20008495,R53.83,ICD-10-CM,2024-06-14,407
20008495,G43.909,ICD-10-CM,2025-12-20,961
20008495,F41.9,ICD-10-CM,2026-01-18,990
20008500,I10,ICD-10-CM,2026-05-14,326
20008500,I10,ICD-10-CM,2026-01-17,209
20008500,J45.909,ICD-10-CM,2026-01-10,202
20008500,K21.9,ICD-10-CM,2026-01-12,204
20008500,K21.9,ICD-10-CM,2026-03-26,277
20008500,K21.9,ICD-10-CM,2026-05-31,343
20008500,E78.5,ICD-10-CM,2026-01-03,195
20008500,G43.909,ICD-10-CM,2025-06-24,2
20008500,G43.909,ICD-10-CM,2025-10-23,123
20008500,J45.909,ICD-10-CM,2025-08-18,57
20008503,E78.5,ICD-10-CM,2026-05-11,79
20008503,I10,ICD-10-CM,2026-02-26,5
20008503,E78.5,ICD-10-CM,2026-05-09,77
20008508,J45.909,ICD-10-CM,2025-12-22,8
20008508,G43.909,ICD-10-CM,2026-01-18,35
20008508,R53.83,ICD-10-CM,2026-05-25,162
20008508,I10,ICD-10-CM,2026-03-04,80
20008508,J45.909,ICD-10-CM,2026-05-16,153
20008509,J45.909,ICD-10-CM,2023-05-15,46
20008510,G43.909,ICD-10-CM,2026-02-24,394
20008510,I10,ICD-10-CM,2025-11-19,297
20008510,R10.9,ICD-10-CM,2025-08-04,190
20008514,K21.9,ICD-10-CM,2025-11-16,16
20008514,K21.9,ICD-10-CM,2026-05-31,212
20008514,G43.909,ICD-10-CM,2026-05-22,203
20008514,I10,ICD-10-CM,2025-12-28,58
20008517,J45.909,ICD-10-CM,2026-02-15,21
20008517,J45.909,ICD-10-CM,2026-04-14,79
20008517,I10,ICD-10-CM,2026-03-23,57
20008525,G43.909,ICD-10-CM,2026-03-28,153
20008525,K21.9,ICD-10-CM,2025-12-05,40
20008525,L50.9,ICD-10-CM,2025-12-31,66
20008526,J45.909,ICD-10-CM,2025-09-17,976
20008526,I10,ICD-10-CM,2025-09-26,985
20008526,M79.7,ICD-10-CM,2025-10-28,1017
20008526,I10,ICD-10-CM,2026-03-23,1163
20008526,R53.83,ICD-10-CM,2025-07-24,921
20008526,I10,ICD-10-CM,2024-05-11,482
20008526,G43.909,ICD-10-CM,2023-06-22,158
20008526,G43.909,ICD-10-CM,2026-02-12,1124
20008526,R10.9,ICD-10-CM,2025-09-23,982
20008526,I10,ICD-10-CM,2024-11-08,663
20008530,R53.83,ICD-10-CM,2026-01-08,209
20008530,G43.909,ICD-10-CM,2026-04-16,307
20008530,I10,ICD-10-CM,2025-11-27,167
20008530,L50.9,ICD-10-CM,2026-03-19,279
20008533,R53.83,ICD-10-CM,2025-11-11,16
20008533,I10,ICD-10-CM,2025-12-19,54
20008535,L50.9,ICD-10-CM,2025-11-12,248
20008535,L50.9,ICD-10-CM,2025-09-21,196
20008535,I10,ICD-10-CM,2025-07-20,133
20008535,G43.909,ICD-10-CM,2025-11-17,253
20008535,I10,ICD-10-CM,2025-07-29,142
20008537,J45.909,ICD-10-CM,2025-01-19,184
20008537,F41.9,ICD-10-CM,2025-05-28,313
20008537,K21.9,ICD-10-CM,2024-12-03,137
20008537,E78.5,ICD-10-CM,2024-09-26,69
20008537,K21.9,ICD-10-CM,2025-07-04,350
20008537,G43.909,ICD-10-CM,2025-06-13,329
20008537,J45.909,ICD-10-CM,2025-06-26,342
20008537,M79.7,ICD-10-CM,2025-01-17,182
20008537,E78.5,ICD-10-CM,2025-04-08,263
20008537,I10,ICD-10-CM,2025-02-14,210
20008537,K21.9,ICD-10-CM,2025-06-25,341
20008537,M79.7,ICD-10-CM,2024-08-09,21
20008537,K21.9,ICD-10-CM,2025-03-21,245
20008549,G43.909,ICD-10-CM,2024-10-05,21
20008549,L50.9,ICD-10-CM,2025-12-28,470
20008549,R53.83,ICD-10-CM,2025-11-06,418
20008549,R53.83,ICD-10-CM,2026-02-11,515
20008549,G43.909,ICD-10-CM,2024-12-02,79
20008553,G43.909,ICD-10-CM,2024-01-31,174
20008553,F41.9,ICD-10-CM,2024-02-15,189
20008553,R53.83,ICD-10-CM,2023-10-30,81
20008553,F41.9,ICD-10-CM,2023-11-21,103
20008553,L50.9,ICD-10-CM,2023-10-20,71
20008554,I10,ICD-10-CM,2026-02-05,14
20008563,R10.9,ICD-10-CM,2025-03-14,66
20008563,K21.9,ICD-10-CM,2025-11-30,327
20008563,J45.909,ICD-10-CM,2026-02-12,401
20008563,K21.9,ICD-10-CM,2026-01-16,374
20008563,L50.9,ICD-10-CM,2025-10-20,286
20008564,K21.9,ICD-10-CM,2026-05-05,157
20008564,L50.9,ICD-10-CM,2026-01-30,62
20008577,E78.5,ICD-10-CM,2025-07-29,48
20008577,R53.83,ICD-10-CM,2025-11-14,156
20008577,J45.909,ICD-10-CM,2026-05-12,335
20008577,J45.909,ICD-10-CM,2026-05-30,353
20008577,R10.9,ICD-10-CM,2026-05-12,335
20008578,G43.909,ICD-10-CM,2024-07-22,180
20008578,R10.9,ICD-10-CM,2024-08-12,201
20008578,F41.9,ICD-10-CM,2024-08-03,192
20008578,R53.83,ICD-10-CM,2024-04-06,73
20008578,K21.9,ICD-10-CM,2024-09-04,224
20008578,E78.5,ICD-10-CM,2024-03-11,47
20008578,K21.9,ICD-10-CM,2024-08-28,217
20008578,K21.9,ICD-10-CM,2024-08-24,213
20008578,R10.9,ICD-10-CM,2024-06-30,158
20008578,J45.909,ICD-10-CM,2024-09-08,228
20008578,J45.909,ICD-10-CM,2024-04-21,88
20008602,J45.909,ICD-10-CM,2026-05-15,68
20008602,F41.9,ICD-10-CM,2026-04-20,43
20008602,I10,ICD-10-CM,2026-03-18,10
20008602,F41.9,ICD-10-CM,2026-05-11,64
20008603,G43.909,ICD-10-CM,2022-07-09,45
20008603,L50.9,ICD-10-CM,2024-07-31,798
20008603,M79.7,ICD-10-CM,2023-02-26,277
20008603,R10.9,ICD-10-CM,2022-12-12,201
20008603,F41.9,ICD-10-CM,2023-04-11,321
20008603,J45.909,ICD-10-CM,2022-09-22,120
20008603,M79.7,ICD-10-CM,2024-05-27,733
20008603,M79.7,ICD-10-CM,2022-08-07,74
20008603,K21.9,ICD-10-CM,2022-06-05,11
20008607,E78.5,ICD-10-CM,2024-07-20,145
20008607,J45.909,ICD-10-CM,2024-05-27,91
20008607,R53.83,ICD-10-CM,2024-05-07,71
20008607,R53.83,ICD-10-CM,2024-07-27,152
20008607,I10,ICD-10-CM,2024-08-06,162
20008607,E78.5,ICD-10-CM,2025-01-18,327
20008616,F41.9,ICD-10-CM,2026-05-15,40
20008616,K21.9,ICD-10-CM,2026-05-22,47
20008616,K21.9,ICD-10-CM,2026-04-19,14
20008634,I10,ICD-10-CM,2024-09-23,143
20008634,R53.83,ICD-10-CM,2025-05-13,375
20008634,F41.9,ICD-10-CM,2025-03-20,321
20008634,L50.9,ICD-10-CM,2024-06-06,34
20008634,I10,ICD-10-CM,2024-10-13,163
20008638,R10.9,ICD-10-CM,2023-10-03,184
20008638,E78.5,ICD-10-CM,2023-05-15,43
20008645,G43.909,ICD-10-CM,2023-11-11,65
20008645,G43.909,ICD-10-CM,2024-04-22,228
20008645,E78.5,ICD-10-CM,2023-11-15,69
20008645,R53.83,ICD-10-CM,2024-01-26,141
20008645,G43.909,ICD-10-CM,2024-04-18,224
20008657,K21.9,ICD-10-CM,2025-02-25,247
20008657,R10.9,ICD-10-CM,2026-05-11,687
20008657,E78.5,ICD-10-CM,2024-09-16,85
20008657,M79.7,ICD-10-CM,2025-12-28,553
20008657,J45.909,ICD-10-CM,2025-10-31,495
20008657,I10,ICD-10-CM,2025-11-19,514
20008661,I10,ICD-10-CM,2024-05-11,43
20008661,M79.7,ICD-10-CM,2026-05-16,778
20008661,K21.9,ICD-10-CM,2026-05-12,774
20008661,J45.909,ICD-10-CM,2024-09-21,176
20008667,F41.9,ICD-10-CM,2026-05-31,357
20008667,F41.9,ICD-10-CM,2025-08-07,60
20008667,K21.9,ICD-10-CM,2026-04-21,317
20008667,L50.9,ICD-10-CM,2026-04-08,304
20008680,J45.909,ICD-10-CM,2022-04-09,52
20008680,K21.9,ICD-10-CM,2023-07-05,504
20008680,F41.9,ICD-10-CM,2023-04-24,432
20008690,K21.9,ICD-10-CM,2025-05-23,112
20008690,R53.83,ICD-10-CM,2025-05-14,103
20008690,R53.83,ICD-10-CM,2025-03-06,34
20008690,E78.5,ICD-10-CM,2025-12-06,309
20008690,R53.83,ICD-10-CM,2025-12-18,321
20008690,R10.9,ICD-10-CM,2025-11-02,275
20008690,I10,ICD-10-CM,2025-10-30,272
20008690,L50.9,ICD-10-CM,2025-05-27,116
20008691,R10.9,ICD-10-CM,2024-11-13,103
20008691,J45.909,ICD-10-CM,2024-11-10,100
20008691,R10.9,ICD-10-CM,2025-01-01,152
20008691,I10,ICD-10-CM,2024-12-05,125
20008691,I10,ICD-10-CM,2025-01-15,166
20008691,F41.9,ICD-10-CM,2025-04-08,249
20008702,E78.5,ICD-10-CM,2023-09-08,299
20008702,K21.9,ICD-10-CM,2023-04-01,139
20008702,E78.5,ICD-10-CM,2023-05-25,193
20008702,E78.5,ICD-10-CM,2023-10-05,326
20008702,R10.9,ICD-10-CM,2023-05-05,173
20008702,E78.5,ICD-10-CM,2023-05-05,173
20008702,I10,ICD-10-CM,2023-04-04,142
20008702,R10.9,ICD-10-CM,2024-08-05,631
20008702,F41.9,ICD-10-CM,2024-07-21,616
20008712,E78.5,ICD-10-CM,2025-08-12,557
20008712,G43.909,ICD-10-CM,2025-08-23,568
20008712,I10,ICD-10-CM,2025-06-10,494
20008712,F41.9,ICD-10-CM,2024-06-04,123
20008712,F41.9,ICD-10-CM,2026-01-14,712
20008712,I10,ICD-10-CM,2025-11-02,639
20008717,G43.909,ICD-10-CM,2025-11-21,1
20008717,R53.83,ICD-10-CM,2026-02-02,74
20008717,R53.83,ICD-10-CM,2025-11-28,8
20008717,G43.909,ICD-10-CM,2025-12-09,19
20008717,R10.9,ICD-10-CM,2026-03-08,108
20008732,I10,ICD-10-CM,2024-01-02,45
20008732,I10,ICD-10-CM,2024-08-25,281
20008732,K21.9,ICD-10-CM,2025-03-16,484
20008732,G43.909,ICD-10-CM,2024-01-31,74
20008732,R10.9,ICD-10-CM,2026-04-19,883
20008732,M79.7,ICD-10-CM,2024-08-30,286
20008732,I10,ICD-10-CM,2024-10-01,318
20008732,I10,ICD-10-CM,2025-09-19,671
20008732,J45.909,ICD-10-CM,2025-12-19,762
20008732,R53.83,ICD-10-CM,2024-08-16,272
20008732,E78.5,ICD-10-CM,2025-09-02,654
20008732,K21.9,ICD-10-CM,2024-01-01,44
20008732,R53.83,ICD-10-CM,2024-07-14,239
20008732,R53.83,ICD-10-CM,2024-02-23,97
20008732,K21.9,ICD-10-CM,2026-02-13,818
20008732,E78.5,ICD-10-CM,2025-02-04,444
20008739,K21.9,ICD-10-CM,2026-05-16,23
20008739,E78.5,ICD-10-CM,2026-05-26,33
20008740,K21.9,ICD-10-CM,2025-10-17,330
20008740,K21.9,ICD-10-CM,2025-12-03,377
20008740,F41.9,ICD-10-CM,2025-09-25,308
20008757,K21.9,ICD-10-CM,2024-02-28,678
20008757,R53.83,ICD-10-CM,2024-05-15,755
20008757,R10.9,ICD-10-CM,2024-10-04,897
20008757,R10.9,ICD-10-CM,2022-11-16,209
20008757,M79.7,ICD-10-CM,2024-04-25,735
20008757,R53.83,ICD-10-CM,2023-09-04,501
20008757,J45.909,ICD-10-CM,2025-12-23,1342
20008757,J45.909,ICD-10-CM,2026-04-30,1470
20008757,K21.9,ICD-10-CM,2025-08-19,1216
20008757,G43.909,ICD-10-CM,2026-02-27,1408
20008757,K21.9,ICD-10-CM,2023-03-02,315
20008757,I10,ICD-10-CM,2022-12-22,245
20008757,R53.83,ICD-10-CM,2024-12-17,971
20008757,R10.9,ICD-10-CM,2023-12-22,610
20008757,F41.9,ICD-10-CM,2023-08-03,469
20008757,R10.9,ICD-10-CM,2022-09-21,153
20008757,R53.83,ICD-10-CM,2025-03-12,1056
20008757,J45.909,ICD-10-CM,2025-02-15,1031
20008757,R10.9,ICD-10-CM,2025-05-10,1115
20008759,L50.9,ICD-10-CM,2024-10-14,312
20008759,G43.909,ICD-10-CM,2025-04-07,487
20008759,I10,ICD-10-CM,2025-02-20,441
20008759,G43.909,ICD-10-CM,2025-01-31,421
20008759,K21.9,ICD-10-CM,2024-05-09,154
20008759,K21.9,ICD-10-CM,2024-11-30,359
20008759,R53.83,ICD-10-CM,2025-12-23,747
20008759,R10.9,ICD-10-CM,2025-09-02,635
20008762,L50.9,ICD-10-CM,2025-11-28,55
20008762,F41.9,ICD-10-CM,2026-02-18,137
20008762,F41.9,ICD-10-CM,2025-11-08,35
20008762,R53.83,ICD-10-CM,2026-05-09,217
20008762,G43.909,ICD-10-CM,2025-11-23,50
20008772,F41.9,ICD-10-CM,2025-02-17,547
20008772,I10,ICD-10-CM,2024-09-29,406
20008772,E78.5,ICD-10-CM,2025-05-28,647
20008772,F41.9,ICD-10-CM,2024-11-30,468
20008772,E78.5,ICD-10-CM,2025-02-12,542
20008772,F41.9,ICD-10-CM,2024-06-26,311
20008772,G43.909,ICD-10-CM,2024-05-27,281
20008772,I10,ICD-10-CM,2024-03-08,201
20008772,F41.9,ICD-10-CM,2025-02-12,542
20008772,G43.909,ICD-10-CM,2024-09-21,398
20008773,E78.5,ICD-10-CM,2023-06-07,227
20008773,F41.9,ICD-10-CM,2023-03-04,132
20008773,K21.9,ICD-10-CM,2023-03-11,139
20008773,I10,ICD-10-CM,2023-11-26,399
20008773,R10.9,ICD-10-CM,2023-03-09,137
20008773,L50.9,ICD-10-CM,2023-01-18,87
20008773,I10,ICD-10-CM,2023-06-08,228
20008786,J45.909,ICD-10-CM,2025-08-14,354
20008786,L50.9,ICD-10-CM,2025-03-16,203
20008786,K21.9,ICD-10-CM,2024-10-22,58
20008786,I10,ICD-10-CM,2024-09-20,26
20008786,G43.909,ICD-10-CM,2025-05-09,257
20008786,I10,ICD-10-CM,2026-04-29,612
20008786,J45.909,ICD-10-CM,2024-09-13,19
20008786,R53.83,ICD-10-CM,2026-03-21,573
20008786,K21.9,ICD-10-CM,2024-10-09,45
20008794,E78.5,ICD-10-CM,2026-03-04,131
20008797,I10,ICD-10-CM,2022-09-07,314
20008797,R10.9,ICD-10-CM,2021-11-26,29
20008797,I10,ICD-10-CM,2022-05-25,209
20008797,J45.909,ICD-10-CM,2023-05-24,573
20008797,K21.9,ICD-10-CM,2023-08-27,668
20008797,E78.5,ICD-10-CM,2022-03-04,127
20008797,M79.7,ICD-10-CM,2024-09-09,1047
20008797,R53.83,ICD-10-CM,2023-03-31,519
20008797,L50.9,ICD-10-CM,2025-01-03,1163
20008798,E78.5,ICD-10-CM,2025-10-16,157
20008798,E78.5,ICD-10-CM,2025-06-23,42
20008798,I10,ICD-10-CM,2026-05-02,355
20008798,E78.5,ICD-10-CM,2025-11-04,176
20008802,K21.9,ICD-10-CM,2024-02-29,69
20008802,J45.909,ICD-10-CM,2024-03-06,75
20008802,G43.909,ICD-10-CM,2024-02-21,61
20008812,I10,ICD-10-CM,2024-07-03,249
20008812,K21.9,ICD-10-CM,2024-04-26,181
20008829,J45.909,ICD-10-CM,2026-05-17,334
20008829,E78.5,ICD-10-CM,2025-06-27,10
20008829,E78.5,ICD-10-CM,2026-05-09,326
20008829,M79.7,ICD-10-CM,2026-04-11,298
20008829,J45.909,ICD-10-CM,2026-05-26,343
20008839,G43.909,ICD-10-CM,2024-10-07,490
20008839,R10.9,ICD-10-CM,2023-07-24,49
20008839,R53.83,ICD-10-CM,2025-10-07,855
20008839,K21.9,ICD-10-CM,2023-11-06,154
20008839,I10,ICD-10-CM,2023-10-08,125
20008839,I10,ICD-10-CM,2023-10-12,129
20008839,K21.9,ICD-10-CM,2025-12-24,933
20008839,J45.909,ICD-10-CM,2024-09-04,457
20008839,M79.7,ICD-10-CM,2023-08-18,74
20008839,R53.83,ICD-10-CM,2023-07-17,42
20008839,E78.5,ICD-10-CM,2024-11-22,536
20008852,I10,ICD-10-CM,2024-05-17,276
20008852,F41.9,ICD-10-CM,2023-12-31,138
20008857,R10.9,ICD-10-CM,2022-10-02,51
20008857,I10,ICD-10-CM,2022-08-31,19
20008857,K21.9,ICD-10-CM,2022-10-14,63
20008857,F41.9,ICD-10-CM,2022-10-07,56
20008860,L50.9,ICD-10-CM,2026-05-30,19
20008865,L50.9,ICD-10-CM,2024-11-29,630
20008865,E78.5,ICD-10-CM,2025-03-29,750
20008865,G43.909,ICD-10-CM,2024-12-18,649
20008865,J45.909,ICD-10-CM,2025-05-11,793
20008865,M79.7,ICD-10-CM,2026-01-21,1048
20008865,R10.9,ICD-10-CM,2025-12-04,1000
20008865,R53.83,ICD-10-CM,2025-03-05,726
20008865,G43.909,ICD-10-CM,2025-05-04,786
20008865,K21.9,ICD-10-CM,2025-06-06,819
20008865,F41.9,ICD-10-CM,2025-01-25,687
20008865,R10.9,ICD-10-CM,2023-07-13,125
20008865,F41.9,ICD-10-CM,2026-05-13,1160
20008867,G43.909,ICD-10-CM,2024-04-27,207
20008867,E78.5,ICD-10-CM,2025-11-06,765
20008867,G43.909,ICD-10-CM,2024-01-09,98
20008867,E78.5,ICD-10-CM,2026-02-23,874
20008867,G43.909,ICD-10-CM,2025-06-26,632
20008867,K21.9,ICD-10-CM,2024-12-20,444
20008867,E78.5,ICD-10-CM,2024-03-22,171
20008867,K21.9,ICD-10-CM,2024-03-07,156
20008867,E78.5,ICD-10-CM,2024-03-09,158
20008867,R53.83,ICD-10-CM,2025-10-13,741
20008867,E78.5,ICD-10-CM,2025-08-05,672
20008867,I10,ICD-10-CM,2026-02-04,855
20008873,R53.83,ICD-10-CM,2025-10-29,2
20008873,R10.9,ICD-10-CM,2026-02-14,110
20008873,G43.909,ICD-10-CM,2026-01-03,68
20008873,F41.9,ICD-10-CM,2025-12-27,61
20008875,I10,ICD-10-CM,2023-05-31,150
20008875,I10,ICD-10-CM,2023-02-09,39
20008875,R53.83,ICD-10-CM,2023-04-25,114
20008875,K21.9,ICD-10-CM,2023-09-26,268
20008883,J45.909,ICD-10-CM,2022-12-16,28
20008883,F41.9,ICD-10-CM,2023-11-04,351
20008883,R10.9,ICD-10-CM,2023-04-24,157
20008883,J45.909,ICD-10-CM,2023-02-11,85
20008883,E78.5,ICD-10-CM,2023-03-10,112
20008890,J45.909,ICD-10-CM,2025-08-11,42
20008890,K21.9,ICD-10-CM,2025-07-15,15
20008890,R53.83,ICD-10-CM,2025-07-17,17
20008890,F41.9,ICD-10-CM,2025-09-23,85
20008904,E78.5,ICD-10-CM,2022-12-28,48
20008904,K21.9,ICD-10-CM,2023-03-25,135
20008904,K21.9,ICD-10-CM,2023-05-14,185
20008904,J45.909,ICD-10-CM,2023-01-16,67
20008909,F41.9,ICD-10-CM,2023-06-01,69
20008909,I10,ICD-10-CM,2023-06-30,98
20008909,E78.5,ICD-10-CM,2023-04-06,13
20008922,G43.909,ICD-10-CM,2026-05-15,4
20008923,R53.83,ICD-10-CM,2023-01-31,326
20008923,J45.909,ICD-10-CM,2023-10-23,591
20008923,I10,ICD-10-CM,2022-05-01,51
20008923,R53.83,ICD-10-CM,2023-12-17,646
20008923,I10,ICD-10-CM,2024-08-14,887
20008923,M79.7,ICD-10-CM,2023-12-07,636
20008923,K21.9,ICD-10-CM,2022-12-03,267
20008923,K21.9,ICD-10-CM,2023-07-11,487
20008923,I10,ICD-10-CM,2024-03-10,730
20008923,G43.909,ICD-10-CM,2022-04-28,48
20008923,R10.9,ICD-10-CM,2022-05-12,62
20008923,L50.9,ICD-10-CM,2023-12-12,641
20008923,R53.83,ICD-10-CM,2024-08-22,895
20008926,L50.9,ICD-10-CM,2025-08-29,863
20008926,I10,ICD-10-CM,2024-04-03,350
20008926,L50.9,ICD-10-CM,2025-10-08,903
20008926,L50.9,ICD-10-CM,2026-02-07,1025
20008926,I10,ICD-10-CM,2025-05-11,753
20008936,J45.909,ICD-10-CM,2024-10-28,392
20008936,G43.909,ICD-10-CM,2023-10-19,17
20008936,K21.9,ICD-10-CM,2024-10-18,382
20008936,R53.83,ICD-10-CM,2026-05-18,959
20008936,G43.909,ICD-10-CM,2024-06-14,256
20008936,R53.83,ICD-10-CM,2024-11-10,405
20008936,M79.7,ICD-10-CM,2026-04-06,917
20008939,R53.83,ICD-10-CM,2026-03-14,102
20008939,L50.9,ICD-10-CM,2026-02-27,87
20008939,R10.9,ICD-10-CM,2026-02-24,84
20008939,R10.9,ICD-10-CM,2026-01-25,54
20008953,I10,ICD-10-CM,2025-12-06,917
20008953,L50.9,ICD-10-CM,2023-06-08,5
20008953,I10,ICD-10-CM,2023-08-09,67
20008953,R10.9,ICD-10-CM,2023-06-18,15
20008953,G43.909,ICD-10-CM,2024-05-17,349
20008953,R53.83,ICD-10-CM,2025-01-05,582
20008953,M79.7,ICD-10-CM,2026-02-02,975
20008953,K21.9,ICD-10-CM,2024-11-26,542
20008956,G43.909,ICD-10-CM,2023-08-22,121
20008956,L50.9,ICD-10-CM,2023-08-18,117
20008956,G43.909,ICD-10-CM,2023-06-27,65
20008958,R10.9,ICD-10-CM,2022-11-18,60
20008958,M79.7,ICD-10-CM,2022-10-30,41
20008958,F41.9,ICD-10-CM,2022-10-26,37
20008958,R10.9,ICD-10-CM,2022-10-06,17
20008969,I10,ICD-10-CM,2022-01-25,96
20008969,F41.9,ICD-10-CM,2022-02-11,113
20008969,K21.9,ICD-10-CM,2022-02-23,125
20008969,R10.9,ICD-10-CM,2021-11-09,19
20008978,K21.9,ICD-10-CM,2026-03-20,62
20008978,M79.7,ICD-10-CM,2026-04-07,80
20008978,E78.5,ICD-10-CM,2026-03-19,61
20008978,K21.9,ICD-10-CM,2026-04-28,101
20008978,I10,ICD-10-CM,2026-05-26,129
20008978,G43.909,ICD-10-CM,2026-05-15,118
20008978,R10.9,ICD-10-CM,2026-04-28,101
20008982,L50.9,ICD-10-CM,2026-04-22,12
20008982,L50.9,ICD-10-CM,2026-05-24,44
20008982,R10.9,ICD-10-CM,2026-04-16,6
20008984,L50.9,ICD-10-CM,2026-03-14,171
20008984,J45.909,ICD-10-CM,2025-11-20,57
20008984,L50.9,ICD-10-CM,2025-12-06,73
20008986,R10.9,ICD-10-CM,2025-11-24,253
20008986,R10.9,ICD-10-CM,2026-03-26,375
20008986,R10.9,ICD-10-CM,2025-10-05,203
20008986,L50.9,ICD-10-CM,2026-01-02,292
20008986,E78.5,ICD-10-CM,2025-05-11,56
20008986,J45.909,ICD-10-CM,2026-04-08,388
20008988,E78.5,ICD-10-CM,2026-04-13,54
20008991,E78.5,ICD-10-CM,2024-12-24,97
20008991,G43.909,ICD-10-CM,2024-12-20,93
20008991,J45.909,ICD-10-CM,2024-10-01,13
20008991,I10,ICD-10-CM,2025-08-01,317
20008991,E78.5,ICD-10-CM,2025-03-30,193
20008991,G43.909,ICD-10-CM,2024-12-19,92
20009001,F41.9,ICD-10-CM,2026-05-24,21
20009012,R10.9,ICD-10-CM,2025-04-16,913
20009012,G43.909,ICD-10-CM,2022-11-20,35
20009012,F41.9,ICD-10-CM,2024-10-27,742
20009012,K21.9,ICD-10-CM,2024-12-05,781
20009012,R53.83,ICD-10-CM,2023-08-15,303
20009012,R53.83,ICD-10-CM,2024-05-15,577
20009012,R53.83,ICD-10-CM,2024-08-24,678
20009012,M79.7,ICD-10-CM,2023-04-05,171
20009012,I10,ICD-10-CM,2023-05-13,209
20009012,E78.5,ICD-10-CM,2025-08-16,1035
20009012,I10,ICD-10-CM,2024-02-26,498
20009012,G43.909,ICD-10-CM,2023-01-08,84
20009012,K21.9,ICD-10-CM,2023-09-28,347
20009012,R10.9,ICD-10-CM,2025-01-11,818
20009012,I10,ICD-10-CM,2024-06-09,602
20009017,F41.9,ICD-10-CM,2025-05-18,317
20009017,R53.83,ICD-10-CM,2024-08-17,43
20009017,E78.5,ICD-10-CM,2025-04-18,287
20009017,I10,ICD-10-CM,2024-07-17,12
20009017,I10,ICD-10-CM,2024-10-25,112
20009017,I10,ICD-10-CM,2025-11-20,503
20009017,I10,ICD-10-CM,2025-06-13,343
20009017,R53.83,ICD-10-CM,2024-11-15,133
20009017,G43.909,ICD-10-CM,2025-07-22,382
20009017,R10.9,ICD-10-CM,2025-07-23,383
20009021,I10,ICD-10-CM,2026-05-01,22
20009023,I10,ICD-10-CM,2025-09-15,185
20009023,M79.7,ICD-10-CM,2026-04-10,392
20009023,J45.909,ICD-10-CM,2025-06-13,91
20009023,J45.909,ICD-10-CM,2025-12-02,263
20009023,R53.83,ICD-10-CM,2025-12-07,268
20009023,E78.5,ICD-10-CM,2025-07-25,133
20009023,M79.7,ICD-10-CM,2025-06-17,95
20009023,K21.9,ICD-10-CM,2025-12-01,262
20009023,G43.909,ICD-10-CM,2025-07-12,120
20009023,F41.9,ICD-10-CM,2025-07-23,131
20009023,I10,ICD-10-CM,2025-09-22,192
20009023,G43.909,ICD-10-CM,2025-08-02,141
20009024,K21.9,ICD-10-CM,2025-04-25,95
20009024,I10,ICD-10-CM,2025-02-04,15
20009024,G43.909,ICD-10-CM,2025-10-16,269
20009024,J45.909,ICD-10-CM,2025-07-03,164
20009024,R10.9,ICD-10-CM,2025-03-14,53
20009024,E78.5,ICD-10-CM,2025-05-08,108
20009024,R10.9,ICD-10-CM,2026-03-01,405
20009024,E78.5,ICD-10-CM,2025-05-29,129
20009024,L50.9,ICD-10-CM,2025-03-02,41
20009036,F41.9,ICD-10-CM,2026-02-17,393
20009036,I10,ICD-10-CM,2025-05-11,111
20009036,J45.909,ICD-10-CM,2025-11-29,313
20009036,I10,ICD-10-CM,2025-02-22,33
20009036,I10,ICD-10-CM,2025-02-26,37
20009036,E78.5,ICD-10-CM,2025-08-23,215
20009036,I10,ICD-10-CM,2026-04-24,459
20009036,R53.83,ICD-10-CM,2025-04-29,99
20009036,R10.9,ICD-10-CM,2025-05-31,131
20009038,E78.5,ICD-10-CM,2022-02-14,20
20009038,E78.5,ICD-10-CM,2022-06-21,147
20009038,R53.83,ICD-10-CM,2022-07-09,165
20009038,R10.9,ICD-10-CM,2022-04-28,93
20009038,L50.9,ICD-10-CM,2022-05-08,103
20009038,J45.909,ICD-10-CM,2022-04-20,85
20009040,R10.9,ICD-10-CM,2026-03-19,291
20009040,L50.9,ICD-10-CM,2025-09-25,116
20009040,M79.7,ICD-10-CM,2025-06-30,29
20009040,K21.9,ICD-10-CM,2025-08-16,76
20009041,K21.9,ICD-10-CM,2026-01-12,48
20009041,I10,ICD-10-CM,2026-01-02,38
20009041,E78.5,ICD-10-CM,2026-04-25,151
20009041,E78.5,ICD-10-CM,2026-04-27,153
20009043,G43.909,ICD-10-CM,2026-05-04,4
20009043,K21.9,ICD-10-CM,2026-05-04,4
20009049,I10,ICD-10-CM,2025-07-22,162
20009049,R53.83,ICD-10-CM,2025-04-10,59
20009049,F41.9,ICD-10-CM,2025-02-15,5
20009049,R53.83,ICD-10-CM,2026-02-25,380
20009050,E78.5,ICD-10-CM,2023-06-10,264
20009050,R53.83,ICD-10-CM,2025-01-26,860
20009050,R53.83,ICD-10-CM,2023-04-30,223
20009050,E78.5,ICD-10-CM,2024-08-01,682
20009050,I10,ICD-10-CM,2022-12-15,87
20009050,L50.9,ICD-10-CM,2024-09-05,717
20009050,I10,ICD-10-CM,2024-04-10,569
20009050,E78.5,ICD-10-CM,2023-05-13,236
20009050,J45.909,ICD-10-CM,2023-11-09,416
20009050,G43.909,ICD-10-CM,2022-12-05,77
20009050,F41.9,ICD-10-CM,2024-12-14,817
20009060,K21.9,ICD-10-CM,2025-12-12,150
20009060,M79.7,ICD-10-CM,2026-02-17,217
20009060,F41.9,ICD-10-CM,2025-12-12,150
20009060,J45.909,ICD-10-CM,2026-05-17,306
20009060,F41.9,ICD-10-CM,2025-10-24,101
20009060,R10.9,ICD-10-CM,2026-01-06,175
20009060,R10.9,ICD-10-CM,2026-04-14,273
20009060,E78.5,ICD-10-CM,2026-01-02,171
20009060,G43.909,ICD-10-CM,2025-07-17,2
20009060,R10.9,ICD-10-CM,2026-05-04,293
20009062,R10.9,ICD-10-CM,2023-08-25,373
20009062,I10,ICD-10-CM,2022-08-27,10
20009062,R53.83,ICD-10-CM,2024-03-04,565
20009062,R53.83,ICD-10-CM,2023-10-03,412
20009062,I10,ICD-10-CM,2023-02-28,195
20009062,F41.9,ICD-10-CM,2022-11-27,102
20009062,G43.909,ICD-10-CM,2023-04-12,238
20009062,J45.909,ICD-10-CM,2022-10-24,68
20009066,L50.9,ICD-10-CM,2026-04-27,9
20009066,M79.7,ICD-10-CM,2026-04-22,4
20009079,I10,ICD-10-CM,2026-03-18,113
20009079,K21.9,ICD-10-CM,2025-12-17,22
20009079,K21.9,ICD-10-CM,2026-02-06,73
20009079,J45.909,ICD-10-CM,2026-05-19,175
20009079,R10.9,ICD-10-CM,2026-01-06,42
20009079,L50.9,ICD-10-CM,2026-03-28,123
20009079,K21.9,ICD-10-CM,2025-12-25,30
20009079,R10.9,ICD-10-CM,2026-05-17,173
20009088,F41.9,ICD-10-CM,2025-03-01,239
20009088,I10,ICD-10-CM,2025-07-18,378
20009089,K21.9,ICD-10-CM,2025-09-30,966
20009089,M79.7,ICD-10-CM,2023-10-03,238
20009089,R53.83,ICD-10-CM,2023-08-28,202
20009089,G43.909,ICD-10-CM,2024-07-05,514
20009089,L50.9,ICD-10-CM,2025-09-19,955
20009093,K21.9,ICD-10-CM,2023-09-23,388
20009093,K21.9,ICD-10-CM,2023-01-17,139
20009093,K21.9,ICD-10-CM,2023-05-30,272
20009093,I10,ICD-10-CM,2023-10-28,423
20009093,K21.9,ICD-10-CM,2022-10-18,48
20009102,R53.83,ICD-10-CM,2026-04-26,150
20009102,G43.909,ICD-10-CM,2025-12-24,27
20009102,E78.5,ICD-10-CM,2026-02-24,89
20009107,E78.5,ICD-10-CM,2026-01-14,455
20009107,K21.9,ICD-10-CM,2025-10-12,361
20009107,R10.9,ICD-10-CM,2026-01-25,466
20009107,R10.9,ICD-10-CM,2025-03-22,157
20009107,K21.9,ICD-10-CM,2025-11-13,393
20009107,E78.5,ICD-10-CM,2025-01-19,95
20009110,E78.5,ICD-10-CM,2024-02-25,128
20009110,G43.909,ICD-10-CM,2024-03-16,148
20009114,L50.9,ICD-10-CM,2021-12-30,89
20009114,R10.9,ICD-10-CM,2022-02-12,133
20009138,M79.7,ICD-10-CM,2024-07-27,533
20009138,R10.9,ICD-10-CM,2024-06-14,490
20009138,J45.909,ICD-10-CM,2024-03-10,394
20009138,I10,ICD-10-CM,2023-10-15,247
20009138,G43.909,ICD-10-CM,2024-02-02,357
20009138,G43.909,ICD-10-CM,2024-05-30,475
20009138,M79.7,ICD-10-CM,2024-05-28,473
20009139,K21.9,ICD-10-CM,2024-08-21,35
20009139,K21.9,ICD-10-CM,2024-09-25,70
20009144,I10,ICD-10-CM,2026-04-16,143
20009144,J45.909,ICD-10-CM,2026-03-04,100
20009144,F41.9,ICD-10-CM,2026-02-24,92
20009144,E78.5,ICD-10-CM,2026-05-18,175
20009145,K21.9,ICD-10-CM,2025-01-15,413
20009145,J45.909,ICD-10-CM,2025-04-19,507
20009145,K21.9,ICD-10-CM,2025-01-03,401
20009145,E78.5,ICD-10-CM,2024-01-03,35
20009145,I10,ICD-10-CM,2025-03-30,487
20009145,I10,ICD-10-CM,2024-07-13,227
20009149,J45.909,ICD-10-CM,2025-03-14,312
20009149,G43.909,ICD-10-CM,2025-02-08,278
20009154,E78.5,ICD-10-CM,2025-12-07,1
20009154,R10.9,ICD-10-CM,2026-05-23,168
20009154,G43.909,ICD-10-CM,2026-02-13,69
20009160,G43.909,ICD-10-CM,2023-04-04,71
20009160,J45.909,ICD-10-CM,2024-09-08,594
20009160,J45.909,ICD-10-CM,2023-07-19,177
20009160,L50.9,ICD-10-CM,2023-12-21,332
20009160,E78.5,ICD-10-CM,2025-03-03,770
20009160,K21.9,ICD-10-CM,2023-06-09,137
20009160,K21.9,ICD-10-CM,2023-02-22,30
20009160,J45.909,ICD-10-CM,2023-05-22,119
20009160,E78.5,ICD-10-CM,2024-10-01,617
20009160,I10,ICD-10-CM,2023-11-25,306
20009161,R10.9,ICD-10-CM,2026-04-25,102
20009161,I10,ICD-10-CM,2026-03-01,47
20009161,I10,ICD-10-CM,2026-02-08,26
20009161,M79.7,ICD-10-CM,2026-03-22,68
20009163,F41.9,ICD-10-CM,2023-11-05,254
20009163,R53.83,ICD-10-CM,2023-11-18,267
20009163,J45.909,ICD-10-CM,2023-07-08,134
20009163,I10,ICD-10-CM,2023-10-06,224
20009163,I10,ICD-10-CM,2024-03-19,389
20009165,I10,ICD-10-CM,2023-02-04,51
20009169,R53.83,ICD-10-CM,2025-04-17,339
20009169,E78.5,ICD-10-CM,2024-11-03,174
20009169,F41.9,ICD-10-CM,2024-06-28,46
20009169,L50.9,ICD-10-CM,2024-09-30,140
20009169,I10,ICD-10-CM,2025-02-06,269
20009169,I10,ICD-10-CM,2025-05-24,376
20009173,R53.83,ICD-10-CM,2024-08-08,197
20009173,R10.9,ICD-10-CM,2024-02-02,9
20009173,M79.7,ICD-10-CM,2024-08-21,210
20009173,R53.83,ICD-10-CM,2024-09-25,245
20009173,I10,ICD-10-CM,2024-09-11,231
20009173,I10,ICD-10-CM,2024-03-18,54
20009173,J45.909,ICD-10-CM,2024-05-07,104
20009178,J45.909,ICD-10-CM,2023-10-23,229
20009178,L50.9,ICD-10-CM,2023-03-31,23
20009178,G43.909,ICD-10-CM,2023-04-23,46
20009178,I10,ICD-10-CM,2023-03-16,8
20009178,F41.9,ICD-10-CM,2023-04-11,34
20009178,K21.9,ICD-10-CM,2023-11-02,239
20009180,K21.9,ICD-10-CM,2022-12-01,250
20009180,R10.9,ICD-10-CM,2023-01-28,308
20009180,K21.9,ICD-10-CM,2022-12-10,259
20009180,G43.909,ICD-10-CM,2023-08-03,495
20009180,E78.5,ICD-10-CM,2022-09-29,187
20009180,E78.5,ICD-10-CM,2023-05-23,423
20009186,R10.9,ICD-10-CM,2023-08-12,117
20009186,J45.909,ICD-10-CM,2023-06-28,72
20009186,L50.9,ICD-10-CM,2023-08-02,107
20009186,M79.7,ICD-10-CM,2023-10-31,197
20009190,R10.9,ICD-10-CM,2025-05-19,260
20009190,L50.9,ICD-10-CM,2024-10-09,38
20009190,F41.9,ICD-10-CM,2024-11-20,80
20009190,F41.9,ICD-10-CM,2025-05-15,256
20009190,G43.909,ICD-10-CM,2025-10-11,405
20009190,R53.83,ICD-10-CM,2025-08-28,361
20009190,J45.909,ICD-10-CM,2025-02-09,161
20009195,I10,ICD-10-CM,2026-01-09,15
20009195,J45.909,ICD-10-CM,2026-01-27,33
20009195,L50.9,ICD-10-CM,2026-04-07,103
20009214,K21.9,ICD-10-CM,2023-03-29,283
20009214,G43.909,ICD-10-CM,2023-02-14,240
20009218,F41.9,ICD-10-CM,2024-01-19,45
20009218,J45.909,ICD-10-CM,2024-02-11,68
20009227,K21.9,ICD-10-CM,2026-05-04,116
20009227,I10,ICD-10-CM,2026-02-13,36
20009236,R10.9,ICD-10-CM,2025-01-05,14
20009246,R53.83,ICD-10-CM,2026-04-16,152
20009246,R53.83,ICD-10-CM,2026-02-16,93
20009246,L50.9,ICD-10-CM,2025-12-02,17
20009251,E78.5,ICD-10-CM,2025-09-28,254
20009251,K21.9,ICD-10-CM,2025-11-19,306
20009251,E78.5,ICD-10-CM,2026-01-03,351
20009251,I10,ICD-10-CM,2025-06-27,161
20009252,R53.83,ICD-10-CM,2024-01-22,75
20009253,I10,ICD-10-CM,2025-06-25,158
20009253,G43.909,ICD-10-CM,2025-07-13,176
20009253,K21.9,ICD-10-CM,2025-09-02,227
20009253,J45.909,ICD-10-CM,2025-06-23,156
20009253,I10,ICD-10-CM,2025-03-08,49
20009253,G43.909,ICD-10-CM,2025-08-30,224
20009253,E78.5,ICD-10-CM,2025-08-23,217
20009255,G43.909,ICD-10-CM,2026-05-14,373
20009255,R53.83,ICD-10-CM,2025-11-12,190
20009255,F41.9,ICD-10-CM,2026-05-18,377
20009256,J45.909,ICD-10-CM,2025-11-13,18
20009256,J45.909,ICD-10-CM,2025-11-15,20
20009259,R10.9,ICD-10-CM,2023-06-05,282
20009259,J45.909,ICD-10-CM,2022-09-11,15
20009259,J45.909,ICD-10-CM,2023-05-20,266
20009259,E78.5,ICD-10-CM,2023-01-16,142
20009261,J45.909,ICD-10-CM,2025-10-26,378
20009261,M79.7,ICD-10-CM,2025-08-23,314
20009261,G43.909,ICD-10-CM,2026-03-04,507
20009261,I10,ICD-10-CM,2025-07-26,286
20009261,G43.909,ICD-10-CM,2025-11-08,391
20009261,M79.7,ICD-10-CM,2025-03-25,163
20009261,G43.909,ICD-10-CM,2026-02-11,486
20009261,I10,ICD-10-CM,2026-01-31,475
20009261,L50.9,ICD-10-CM,2026-05-31,595
20009261,M79.7,ICD-10-CM,2024-11-19,37
20009261,L50.9,ICD-10-CM,2025-06-14,244
20009266,I10,ICD-10-CM,2022-04-26,105
20009266,J45.909,ICD-10-CM,2022-05-14,123
20009266,K21.9,ICD-10-CM,2023-01-05,359
20009266,M79.7,ICD-10-CM,2022-09-18,250
20009274,L50.9,ICD-10-CM,2023-06-21,529
20009274,R10.9,ICD-10-CM,2023-06-18,526
20009274,E78.5,ICD-10-CM,2022-01-10,2
20009274,F41.9,ICD-10-CM,2023-04-20,467
20009274,F41.9,ICD-10-CM,2022-12-29,355
20009274,K21.9,ICD-10-CM,2023-06-06,514
20009280,G43.909,ICD-10-CM,2025-12-17,472
20009280,L50.9,ICD-10-CM,2025-05-06,247
20009280,R53.83,ICD-10-CM,2024-10-02,31
20009280,I10,ICD-10-CM,2026-01-03,489
20009282,R10.9,ICD-10-CM,2024-12-23,1085
20009282,L50.9,ICD-10-CM,2024-04-24,842
20009282,R53.83,ICD-10-CM,2022-01-31,28
20009282,I10,ICD-10-CM,2022-07-08,186
20009282,J45.909,ICD-10-CM,2025-02-16,1140
20009282,I10,ICD-10-CM,2024-07-30,939
20009288,K21.9,ICD-10-CM,2026-04-21,82
20009299,M79.7,ICD-10-CM,2026-05-31,19
20009299,E78.5,ICD-10-CM,2026-05-28,16
20009299,R53.83,ICD-10-CM,2026-05-29,17
20009310,M79.7,ICD-10-CM,2024-10-03,808
20009310,G43.909,ICD-10-CM,2022-10-09,83
20009310,I10,ICD-10-CM,2023-03-16,241
20009310,R10.9,ICD-10-CM,2022-11-20,125
20009310,M79.7,ICD-10-CM,2024-08-15,759
20009310,L50.9,ICD-10-CM,2023-05-16,302
20009310,R53.83,ICD-10-CM,2023-12-16,516
20009310,E78.5,ICD-10-CM,2024-08-11,755
20009310,E78.5,ICD-10-CM,2022-11-09,114
20009313,M79.7,ICD-10-CM,2023-01-25,69
20009313,F41.9,ICD-10-CM,2023-04-28,162
20009313,G43.909,ICD-10-CM,2022-12-14,27
20009317,R53.83,ICD-10-CM,2024-12-12,167
20009317,E78.5,ICD-10-CM,2024-12-15,170
20009317,J45.909,ICD-10-CM,2024-10-30,124
20009317,I10,ICD-10-CM,2024-08-01,34
20009317,G43.909,ICD-10-CM,2025-03-27,272
20009317,L50.9,ICD-10-CM,2024-12-03,158
20009317,I10,ICD-10-CM,2025-06-02,339
20009317,K21.9,ICD-10-CM,2025-02-10,227
20009317,K21.9,ICD-10-CM,2024-11-29,154
20009317,L50.9,ICD-10-CM,2025-04-23,299
20009327,G43.909,ICD-10-CM,2026-05-20,27
20009327,F41.9,ICD-10-CM,2026-05-08,15
20009329,J45.909,ICD-10-CM,2026-03-22,978
20009329,L50.9,ICD-10-CM,2025-03-24,615
20009329,I10,ICD-10-CM,2024-09-24,434
20009329,L50.9,ICD-10-CM,2024-07-08,356
20009329,F41.9,ICD-10-CM,2023-12-26,161
20009329,K21.9,ICD-10-CM,2025-12-07,873
20009329,R53.83,ICD-10-CM,2023-09-19,63
20009329,R53.83,ICD-10-CM,2025-02-24,587
20009329,R53.83,ICD-10-CM,2026-04-26,1013
20009333,L50.9,ICD-10-CM,2026-04-27,133
20009333,R10.9,ICD-10-CM,2026-03-15,90
20009333,R10.9,ICD-10-CM,2026-01-21,37
20009333,L50.9,ICD-10-CM,2025-12-21,6
20009333,I10,ICD-10-CM,2026-04-17,123
20009342,R53.83,ICD-10-CM,2024-05-21,264
20009342,F41.9,ICD-10-CM,2023-09-24,24
20009342,M79.7,ICD-10-CM,2023-09-01,1
20009342,K21.9,ICD-10-CM,2023-11-11,72
20009342,G43.909,ICD-10-CM,2024-04-06,219
20009342,E78.5,ICD-10-CM,2023-11-23,84
20009351,K21.9,ICD-10-CM,2025-06-28,260
20009351,I10,ICD-10-CM,2025-01-01,82
20009351,L50.9,ICD-10-CM,2025-12-04,419
20009351,E78.5,ICD-10-CM,2026-01-15,461
20009351,J45.909,ICD-10-CM,2025-10-02,356
20009351,E78.5,ICD-10-CM,2024-11-12,32
20009351,G43.909,ICD-10-CM,2026-01-05,451
20009351,F41.9,ICD-10-CM,2026-04-14,550
20009351,R10.9,ICD-10-CM,2026-03-24,529
20009351,R53.83,ICD-10-CM,2025-11-24,409
20009351,G43.909,ICD-10-CM,2025-12-21,436
20009351,R53.83,ICD-10-CM,2024-11-21,41
20009351,R53.83,ICD-10-CM,2024-12-09,59
20009351,L50.9,ICD-10-CM,2026-01-02,448
20009353,E78.5,ICD-10-CM,2025-09-03,113
20009353,R53.83,ICD-10-CM,2025-11-20,191
20009360,G43.909,ICD-10-CM,2023-06-21,246
20009360,E78.5,ICD-10-CM,2023-01-24,98
20009364,F41.9,ICD-10-CM,2026-04-19,343
20009364,L50.9,ICD-10-CM,2025-06-08,28
20009364,E78.5,ICD-10-CM,2025-09-10,122
20009366,F41.9,ICD-10-CM,2022-05-12,173
20009366,G43.909,ICD-10-CM,2022-12-31,406
20009366,R10.9,ICD-10-CM,2023-03-14,479
20009372,I10,ICD-10-CM,2025-12-01,296
20009372,E78.5,ICD-10-CM,2025-08-18,191
20009372,E78.5,ICD-10-CM,2025-07-08,150
20009372,R10.9,ICD-10-CM,2025-07-11,153
20009372,F41.9,ICD-10-CM,2025-12-28,323
20009372,M79.7,ICD-10-CM,2025-06-29,141
20009372,I10,ICD-10-CM,2025-03-16,36
20009379,J45.909,ICD-10-CM,2024-04-23,27
20009379,E78.5,ICD-10-CM,2024-04-02,6
20009379,R10.9,ICD-10-CM,2024-05-08,42
20009379,J45.909,ICD-10-CM,2024-05-30,64
20009379,J45.909,ICD-10-CM,2024-04-04,8
20009401,M79.7,ICD-10-CM,2026-01-30,27
20009401,R10.9,ICD-10-CM,2026-02-18,46
20009401,E78.5,ICD-10-CM,2026-02-19,47
20009417,J45.909,ICD-10-CM,2025-05-26,1304
20009417,F41.9,ICD-10-CM,2025-04-07,1255
20009417,K21.9,ICD-10-CM,2023-11-11,742
20009417,I10,ICD-10-CM,2024-05-16,929
20009417,G43.909,ICD-10-CM,2024-10-10,1076
20009417,R10.9,ICD-10-CM,2022-02-01,94
20009417,K21.9,ICD-10-CM,2021-12-22,53
20009417,F41.9,ICD-10-CM,2022-07-15,258
20009417,R10.9,ICD-10-CM,2023-03-04,490
20009423,J45.909,ICD-10-CM,2025-08-19,398
20009423,R53.83,ICD-10-CM,2026-05-26,678
20009423,M79.7,ICD-10-CM,2025-03-17,243
20009423,I10,ICD-10-CM,2024-11-13,119
20009423,F41.9,ICD-10-CM,2025-03-28,254
20009423,J45.909,ICD-10-CM,2025-03-21,247
20009424,R10.9,ICD-10-CM,2026-05-05,79
20009431,M79.7,ICD-10-CM,2023-11-22,686
20009431,K21.9,ICD-10-CM,2022-04-29,114
20009431,R10.9,ICD-10-CM,2023-08-31,603
20009431,I10,ICD-10-CM,2024-02-01,757
20009431,K21.9,ICD-10-CM,2023-05-25,505
20009431,K21.9,ICD-10-CM,2024-03-26,811
20009431,K21.9,ICD-10-CM,2022-07-26,202
20009431,E78.5,ICD-10-CM,2022-10-30,298
20009433,J45.909,ICD-10-CM,2023-05-27,115
20009433,R53.83,ICD-10-CM,2023-09-14,225
20009446,F41.9,ICD-10-CM,2023-01-13,12
20009452,G43.909,ICD-10-CM,2025-12-17,454
20009452,G43.909,ICD-10-CM,2026-03-09,536
20009452,E78.5,ICD-10-CM,2024-09-22,3
20009452,R53.83,ICD-10-CM,2025-12-15,452
20009452,E78.5,ICD-10-CM,2025-03-23,185
20009452,J45.909,ICD-10-CM,2026-03-11,538
20009452,I10,ICD-10-CM,2025-12-07,444
20009455,J45.909,ICD-10-CM,2023-08-19,412
20009455,F41.9,ICD-10-CM,2023-03-26,266
20009455,F41.9,ICD-10-CM,2023-09-19,443
20009455,M79.7,ICD-10-CM,2023-09-02,426
20009455,G43.909,ICD-10-CM,2023-05-25,326
20009457,R53.83,ICD-10-CM,2026-04-09,308
20009457,I10,ICD-10-CM,2026-05-16,345
20009457,E78.5,ICD-10-CM,2025-08-19,75
20009457,G43.909,ICD-10-CM,2025-09-26,113
20009458,I10,ICD-10-CM,2024-09-03,70
20009458,I10,ICD-10-CM,2024-07-30,35
20009458,K21.9,ICD-10-CM,2024-09-30,97
20009459,G43.909,ICD-10-CM,2024-03-12,346
20009459,R53.83,ICD-10-CM,2024-06-23,449
20009459,K21.9,ICD-10-CM,2024-06-07,433
20009459,J45.909,ICD-10-CM,2025-11-22,966
20009459,K21.9,ICD-10-CM,2026-05-07,1132
20009459,F41.9,ICD-10-CM,2025-07-30,851
20009459,E78.5,ICD-10-CM,2023-12-31,274
20009459,G43.909,ICD-10-CM,2023-05-01,30
20009459,F41.9,ICD-10-CM,2025-10-22,935
20009459,J45.909,ICD-10-CM,2023-08-28,149
20009459,L50.9,ICD-10-CM,2023-06-21,81
20009459,G43.909,ICD-10-CM,2024-05-28,423
20009459,L50.9,ICD-10-CM,2025-07-29,850
20009459,L50.9,ICD-10-CM,2024-07-16,472
20009459,R53.83,ICD-10-CM,2025-06-01,792
20009459,R10.9,ICD-10-CM,2025-09-14,897
20009474,R10.9,ICD-10-CM,2024-10-04,130
20009474,I10,ICD-10-CM,2025-05-24,362
20009474,R53.83,ICD-10-CM,2024-08-18,83
20009474,F41.9,ICD-10-CM,2024-12-06,193
20009474,R10.9,ICD-10-CM,2025-12-25,577
20009474,J45.909,ICD-10-CM,2025-11-08,530
20009474,I10,ICD-10-CM,2024-06-27,31
20009477,R53.83,ICD-10-CM,2025-09-05,271
20009477,K21.9,ICD-10-CM,2025-01-18,41
20009477,G43.909,ICD-10-CM,2025-07-07,211
20009477,R10.9,ICD-10-CM,2025-06-30,204
20009477,I10,ICD-10-CM,2025-11-25,352
20009477,I10,ICD-10-CM,2025-09-16,282
20009477,R10.9,ICD-10-CM,2025-08-09,244
20009486,K21.9,ICD-10-CM,2024-07-24,304
20009486,E78.5,ICD-10-CM,2024-10-22,394
20009486,I10,ICD-10-CM,2026-01-20,849
20009486,E78.5,ICD-10-CM,2024-01-28,126
20009486,R10.9,ICD-10-CM,2024-02-03,132
20009489,F41.9,ICD-10-CM,2023-12-01,30
20009489,G43.909,ICD-10-CM,2023-12-15,44
20009492,R10.9,ICD-10-CM,2023-09-20,13
20009492,R53.83,ICD-10-CM,2024-06-08,275
20009492,R10.9,ICD-10-CM,2025-09-10,734
20009492,J45.909,ICD-10-CM,2024-06-03,270
20009492,G43.909,ICD-10-CM,2023-11-15,69
20009492,I10,ICD-10-CM,2024-05-26,262
20009500,G43.909,ICD-10-CM,2025-07-15,33
20009500,I10,ICD-10-CM,2025-09-16,96
20009500,J45.909,ICD-10-CM,2025-12-06,177
20009504,G43.909,ICD-10-CM,2024-11-17,57
20009504,L50.9,ICD-10-CM,2025-02-25,157
20009504,F41.9,ICD-10-CM,2026-01-14,480
20009504,L50.9,ICD-10-CM,2025-08-13,326
20009504,L50.9,ICD-10-CM,2025-07-09,291
20009504,R10.9,ICD-10-CM,2025-02-08,140
20009504,G43.909,ICD-10-CM,2025-10-04,378
20009504,R53.83,ICD-10-CM,2025-12-21,456
20009512,F41.9,ICD-10-CM,2023-05-27,39
20009513,K21.9,ICD-10-CM,2026-03-06,179
20009513,R53.83,ICD-10-CM,2025-11-26,79
20009513,L50.9,ICD-10-CM,2025-10-28,50
20009513,I10,ICD-10-CM,2026-02-10,155
20009521,R53.83,ICD-10-CM,2025-08-05,375
20009521,I10,ICD-10-CM,2025-06-12,321
20009521,R53.83,ICD-10-CM,2025-01-21,179
20009521,F41.9,ICD-10-CM,2025-05-27,305
20009521,R53.83,ICD-10-CM,2024-11-16,113
20009521,E78.5,ICD-10-CM,2025-10-16,447
20009526,R53.83,ICD-10-CM,2026-05-15,4
20009526,M79.7,ICD-10-CM,2026-05-13,2
20009532,K21.9,ICD-10-CM,2026-03-27,446
20009532,G43.909,ICD-10-CM,2025-02-09,35
20009532,K21.9,ICD-10-CM,2026-01-18,378
20009532,G43.909,ICD-10-CM,2025-07-22,198
20009532,K21.9,ICD-10-CM,2025-08-29,236
20009532,L50.9,ICD-10-CM,2025-04-18,103
20009532,G43.909,ICD-10-CM,2025-06-02,148
20009532,E78.5,ICD-10-CM,2025-05-10,125
20009532,G43.909,ICD-10-CM,2025-12-17,346
20009540,R53.83,ICD-10-CM,2025-09-22,436
20009540,E78.5,ICD-10-CM,2026-02-07,574
20009540,K21.9,ICD-10-CM,2024-12-14,154
20009540,K21.9,ICD-10-CM,2025-04-27,288
20009540,G43.909,ICD-10-CM,2026-04-16,642
20009547,I10,ICD-10-CM,2024-03-25,38
20009547,G43.909,ICD-10-CM,2024-03-30,43
20009547,M79.7,ICD-10-CM,2024-02-24,8
20009555,L50.9,ICD-10-CM,2022-12-07,49
20009555,F41.9,ICD-10-CM,2024-03-09,507
20009555,J45.909,ICD-10-CM,2022-11-11,23
20009555,R53.83,ICD-10-CM,2024-01-19,457
20009555,K21.9,ICD-10-CM,2023-05-07,200
20009555,J45.909,ICD-10-CM,2023-03-24,156
20009555,L50.9,ICD-10-CM,2023-11-04,381
20009577,G43.909,ICD-10-CM,2026-05-06,585
20009577,E78.5,ICD-10-CM,2025-07-10,285
20009577,R53.83,ICD-10-CM,2026-04-08,557
20009577,K21.9,ICD-10-CM,2025-02-05,130
20009577,I10,ICD-10-CM,2024-10-01,3
20009589,L50.9,ICD-10-CM,2023-07-31,291
20009589,R53.83,ICD-10-CM,2025-09-05,1058
20009589,R53.83,ICD-10-CM,2025-03-15,884
20009589,E78.5,ICD-10-CM,2024-12-08,787
20009589,I10,ICD-10-CM,2026-05-25,1320
20009589,R53.83,ICD-10-CM,2026-02-15,1221
20009589,R53.83,ICD-10-CM,2026-05-19,1314
20009589,I10,ICD-10-CM,2025-09-26,1079
20009589,G43.909,ICD-10-CM,2023-12-22,435
20009589,I10,ICD-10-CM,2023-03-06,144
20009589,J45.909,ICD-10-CM,2023-11-17,400
20009589,E78.5,ICD-10-CM,2025-10-10,1093
20009589,E78.5,ICD-10-CM,2025-04-11,911
20009589,J45.909,ICD-10-CM,2025-08-21,1043
20009589,F41.9,ICD-10-CM,2025-05-31,961
20009605,K21.9,ICD-10-CM,2025-12-31,253
20009605,K21.9,ICD-10-CM,2025-06-29,68
20009605,G43.909,ICD-10-CM,2025-04-26,4
20009605,G43.909,ICD-10-CM,2025-10-11,172
20009605,L50.9,ICD-10-CM,2025-11-10,202
20009605,G43.909,ICD-10-CM,2025-07-17,86
20009605,R10.9,ICD-10-CM,2025-08-15,115
20009605,R53.83,ICD-10-CM,2025-09-16,147
20009605,E78.5,ICD-10-CM,2025-09-07,138
20009616,I10,ICD-10-CM,2026-05-31,514
20009616,M79.7,ICD-10-CM,2025-03-21,78
20009616,K21.9,ICD-10-CM,2025-12-16,348
20009616,K21.9,ICD-10-CM,2025-02-19,48
20009616,F41.9,ICD-10-CM,2025-03-27,84
20009616,R53.83,ICD-10-CM,2025-04-21,109
20009629,R10.9,ICD-10-CM,2023-07-26,232
20009629,M79.7,ICD-10-CM,2023-07-04,210
20009629,F41.9,ICD-10-CM,2024-02-19,440
20009629,R53.83,ICD-10-CM,2023-10-05,303
20009629,K21.9,ICD-10-CM,2023-09-28,296
20009629,J45.909,ICD-10-CM,2023-11-23,352
20009640,R53.83,ICD-10-CM,2022-06-24,69
20009640,I10,ICD-10-CM,2022-09-27,164
20009640,L50.9,ICD-10-CM,2023-02-10,300
20009640,J45.909,ICD-10-CM,2022-05-02,16
20009640,E78.5,ICD-10-CM,2022-10-31,198
20009649,J45.909,ICD-10-CM,2026-05-31,68
20009649,G43.909,ICD-10-CM,2026-03-26,2
20009659,R53.83,ICD-10-CM,2024-05-26,534
20009659,F41.9,ICD-10-CM,2023-01-21,43
20009659,R53.83,ICD-10-CM,2025-06-30,934
20009659,R53.83,ICD-10-CM,2022-12-10,1
20009659,I10,ICD-10-CM,2023-09-06,271
20009659,G43.909,ICD-10-CM,2024-10-13,674
20009659,J45.909,ICD-10-CM,2025-03-21,833
20009659,I10,ICD-10-CM,2024-04-07,485
20009659,E78.5,ICD-10-CM,2025-01-31,784
20009659,E78.5,ICD-10-CM,2024-06-03,542
20009686,F41.9,ICD-10-CM,2025-01-30,137
20009686,R10.9,ICD-10-CM,2026-01-03,475
20009686,L50.9,ICD-10-CM,2025-11-10,421
20009686,J45.909,ICD-10-CM,2025-07-07,295
20009686,K21.9,ICD-10-CM,2025-02-01,139
20009686,I10,ICD-10-CM,2025-12-25,466
20009690,I10,ICD-10-CM,2023-03-07,369
20009690,I10,ICD-10-CM,2023-03-29,391
20009692,K21.9,ICD-10-CM,2025-09-27,4
20009692,E78.5,ICD-10-CM,2026-02-09,139
20009692,K21.9,ICD-10-CM,2025-10-02,9
20009697,I10,ICD-10-CM,2026-03-16,139
20009697,E78.5,ICD-10-CM,2026-05-08,192
20009703,F41.9,ICD-10-CM,2023-02-17,391
20009703,L50.9,ICD-10-CM,2023-04-23,456
20009703,E78.5,ICD-10-CM,2023-04-26,459
20009703,R53.83,ICD-10-CM,2022-10-28,279
20009703,F41.9,ICD-10-CM,2022-03-11,48
20009710,R10.9,ICD-10-CM,2022-11-13,1
20009710,G43.909,ICD-10-CM,2022-12-01,19
20009710,L50.9,ICD-10-CM,2022-12-06,24
20009711,J45.909,ICD-10-CM,2023-06-29,344
20009711,K21.9,ICD-10-CM,2023-12-04,502
20009711,R10.9,ICD-10-CM,2022-07-23,3
20009711,I10,ICD-10-CM,2023-02-12,207
20009715,E78.5,ICD-10-CM,2025-07-29,81
20009715,K21.9,ICD-10-CM,2025-09-26,140
20009721,I10,ICD-10-CM,2024-08-29,255
20009721,E78.5,ICD-10-CM,2024-03-14,87
20009726,F41.9,ICD-10-CM,2026-03-20,234
20009726,I10,ICD-10-CM,2025-08-07,9
20009726,F41.9,ICD-10-CM,2026-02-16,202
20009733,F41.9,ICD-10-CM,2024-01-22,81
20009733,F41.9,ICD-10-CM,2024-05-18,198
20009733,E78.5,ICD-10-CM,2024-05-19,199
20009733,G43.909,ICD-10-CM,2024-04-04,154
20009733,R53.83,ICD-10-CM,2024-02-03,93
20009740,F41.9,ICD-10-CM,2026-05-15,59
20009740,G43.909,ICD-10-CM,2026-05-06,50
20009740,I10,ICD-10-CM,2026-05-27,71
20009749,E78.5,ICD-10-CM,2023-12-19,341
20009749,R10.9,ICD-10-CM,2025-01-02,721
20009749,I10,ICD-10-CM,2023-03-23,70
20009749,G43.909,ICD-10-CM,2024-05-11,485
20009749,G43.909,ICD-10-CM,2024-10-14,641
20009749,I10,ICD-10-CM,2024-10-16,643
20009749,G43.909,ICD-10-CM,2024-01-04,357
20009749,F41.9,ICD-10-CM,2023-12-30,352
20009749,R53.83,ICD-10-CM,2024-02-03,387
20009750,E78.5,ICD-10-CM,2026-04-03,835
20009750,E78.5,ICD-10-CM,2025-03-17,453
20009750,K21.9,ICD-10-CM,2025-02-16,424
20009750,I10,ICD-10-CM,2024-08-08,232
20009750,K21.9,ICD-10-CM,2024-06-14,177
20009750,E78.5,ICD-10-CM,2025-08-20,609
20009750,E78.5,ICD-10-CM,2025-04-06,473
20009750,E78.5,ICD-10-CM,2026-02-12,785
20009750,L50.9,ICD-10-CM,2024-08-26,250
20009751,I10,ICD-10-CM,2024-01-07,624
20009751,J45.909,ICD-10-CM,2025-12-13,1330
20009751,E78.5,ICD-10-CM,2025-01-09,992
20009751,F41.9,ICD-10-CM,2024-06-23,792
20009751,L50.9,ICD-10-CM,2023-11-19,575
20009751,R53.83,ICD-10-CM,2023-01-31,283
20009751,R10.9,ICD-10-CM,2023-11-12,568
20009751,I10,ICD-10-CM,2022-10-25,185
20009751,G43.909,ICD-10-CM,2025-02-01,1015
20009751,F41.9,ICD-10-CM,2024-05-07,745
20009751,R10.9,ICD-10-CM,2023-12-25,611
20009751,J45.909,ICD-10-CM,2024-09-25,886
20009751,J45.909,ICD-10-CM,2022-11-22,213
20009751,R10.9,ICD-10-CM,2022-06-22,60
20009751,G43.909,ICD-10-CM,2025-08-24,1219
20009751,R53.83,ICD-10-CM,2023-03-26,337
20009751,K21.9,ICD-10-CM,2024-12-10,962
20009751,R53.83,ICD-10-CM,2025-02-05,1019
20009751,F41.9,ICD-10-CM,2023-07-28,461
20009751,R53.83,ICD-10-CM,2022-06-24,62
20009753,F41.9,ICD-10-CM,2026-05-18,64
20009760,G43.909,ICD-10-CM,2026-05-19,279
20009760,K21.9,ICD-10-CM,2025-12-19,128
20009771,E78.5,ICD-10-CM,2025-08-08,58
20009771,E78.5,ICD-10-CM,2026-02-18,252
20009771,M79.7,ICD-10-CM,2026-03-15,277
20009771,G43.909,ICD-10-CM,2026-03-28,290
20009771,R10.9,ICD-10-CM,2026-01-19,222
20009771,E78.5,ICD-10-CM,2025-07-04,23
20009774,R53.83,ICD-10-CM,2023-10-11,331
20009774,J45.909,ICD-10-CM,2023-06-18,216
20009774,G43.909,ICD-10-CM,2023-03-12,118
20009774,E78.5,ICD-10-CM,2023-04-01,138
20009774,R53.83,ICD-10-CM,2023-07-04,232
20009774,R53.83,ICD-10-CM,2023-10-18,338
20009780,I10,ICD-10-CM,2022-10-04,7
20009780,I10,ICD-10-CM,2023-02-28,154
20009780,E78.5,ICD-10-CM,2022-11-22,56
20009780,G43.909,ICD-10-CM,2023-02-28,154
20009780,K21.9,ICD-10-CM,2023-03-15,169
20009789,L50.9,ICD-10-CM,2022-11-24,314
20009789,R53.83,ICD-10-CM,2023-05-20,491
20009789,G43.909,ICD-10-CM,2023-04-14,455
20009789,J45.909,ICD-10-CM,2023-11-13,668
20009789,J45.909,ICD-10-CM,2024-05-16,853
20009789,K21.9,ICD-10-CM,2022-04-07,83
20009789,G43.909,ICD-10-CM,2024-04-28,835
20009789,G43.909,ICD-10-CM,2023-04-25,466
20009789,M79.7,ICD-10-CM,2023-02-18,400
20009789,I10,ICD-10-CM,2022-04-09,85
20009789,J45.909,ICD-10-CM,2022-07-14,181
20009789,E78.5,ICD-10-CM,2023-09-09,603
20009789,M79.7,ICD-10-CM,2022-11-02,292
20009789,J45.909,ICD-10-CM,2024-02-24,771
20009789,G43.909,ICD-10-CM,2022-04-20,96
20009789,F41.9,ICD-10-CM,2023-11-10,665
20009789,K21.9,ICD-10-CM,2023-09-13,607
20009791,R53.83,ICD-10-CM,2026-01-18,95
20009791,K21.9,ICD-10-CM,2025-10-17,2
20009791,F41.9,ICD-10-CM,2026-04-17,184
20009795,E78.5,ICD-10-CM,2025-04-27,17
20009795,F41.9,ICD-10-CM,2026-01-12,277
20009795,E78.5,ICD-10-CM,2025-12-19,253
20009795,I10,ICD-10-CM,2026-03-22,346
20009796,R10.9,ICD-10-CM,2024-01-05,226
20009796,J45.909,ICD-10-CM,2024-01-12,233
20009796,G43.909,ICD-10-CM,2023-07-05,42
20009796,G43.909,ICD-10-CM,2024-05-19,361
20009796,F41.9,ICD-10-CM,2023-07-01,38
20009798,F41.9,ICD-10-CM,2025-10-14,906
20009798,J45.909,ICD-10-CM,2023-04-28,6
20009798,E78.5,ICD-10-CM,2025-09-28,890
20009798,E78.5,ICD-10-CM,2024-01-03,256
20009798,R10.9,ICD-10-CM,2024-06-08,413
20009798,E78.5,ICD-10-CM,2025-03-29,707
20009798,I10,ICD-10-CM,2023-10-12,173
20009800,L50.9,ICD-10-CM,2025-05-25,139
20009800,I10,ICD-10-CM,2025-03-12,65
20009800,R10.9,ICD-10-CM,2025-07-07,182
20009800,L50.9,ICD-10-CM,2025-05-08,122
20009804,E78.5,ICD-10-CM,2025-11-08,289
20009804,L50.9,ICD-10-CM,2025-04-25,92
20009804,R10.9,ICD-10-CM,2025-04-20,87
20009828,F41.9,ICD-10-CM,2026-05-16,188
20009828,I10,ICD-10-CM,2026-02-06,89
20009828,E78.5,ICD-10-CM,2025-12-06,27
20009828,J45.909,ICD-10-CM,2025-12-07,28
20009839,R53.83,ICD-10-CM,2023-04-23,34
20009839,K21.9,ICD-10-CM,2024-08-19,518
20009839,R53.83,ICD-10-CM,2024-04-06,383
20009839,J45.909,ICD-10-CM,2024-12-08,629
20009839,R10.9,ICD-10-CM,2024-03-23,369
20009839,R10.9,ICD-10-CM,2025-03-19,730
20009839,E78.5,ICD-10-CM,2023-05-22,63
20009839,R53.83,ICD-10-CM,2024-09-18,548
20009839,I10,ICD-10-CM,2025-03-18,729
20009846,F41.9,ICD-10-CM,2025-04-28,56
20009846,R10.9,ICD-10-CM,2026-05-06,429
20009846,J45.909,ICD-10-CM,2026-05-17,440
20009846,J45.909,ICD-10-CM,2026-01-21,324
20009846,I10,ICD-10-CM,2025-03-13,10
20009846,L50.9,ICD-10-CM,2025-11-05,247
20009846,J45.909,ICD-10-CM,2025-09-27,208
20009846,E78.5,ICD-10-CM,2025-06-12,101
20009848,R10.9,ICD-10-CM,2024-08-29,5
20009848,G43.909,ICD-10-CM,2024-08-25,1
20009853,M79.7,ICD-10-CM,2026-03-24,285
20009853,L50.9,ICD-10-CM,2025-12-16,187
20009853,J45.909,ICD-10-CM,2025-07-28,46
20009853,R10.9,ICD-10-CM,2025-09-10,90
20009853,K21.9,ICD-10-CM,2025-08-16,65
20009853,K21.9,ICD-10-CM,2026-03-25,286
20009863,J45.909,ICD-10-CM,2025-08-23,535
20009864,G43.909,ICD-10-CM,2026-04-11,1
20009864,R10.9,ICD-10-CM,2026-05-01,21
20009864,J45.909,ICD-10-CM,2026-04-23,13
20009875,G43.909,ICD-10-CM,2026-05-29,13
20009875,R53.83,ICD-10-CM,2026-05-30,14
20009875,E78.5,ICD-10-CM,2026-05-22,6
20009875,J45.909,ICD-10-CM,2026-05-24,8
20009875,I10,ICD-10-CM,2026-05-17,1
20009904,R53.83,ICD-10-CM,2024-07-24,224
20009904,E78.5,ICD-10-CM,2025-06-02,537
20009904,G43.909,ICD-10-CM,2024-11-13,336
20009904,I10,ICD-10-CM,2025-11-03,691
20009904,I10,ICD-10-CM,2024-12-26,379
20009904,K21.9,ICD-10-CM,2025-11-20,708
20009908,G43.909,ICD-10-CM,2025-02-04,196
20009908,L50.9,ICD-10-CM,2025-09-27,431
20009908,K21.9,ICD-10-CM,2025-09-25,429
20009908,E78.5,ICD-10-CM,2025-03-15,235
20009908,F41.9,ICD-10-CM,2025-03-08,228
20009908,R53.83,ICD-10-CM,2025-09-09,413
20009910,F41.9,ICD-10-CM,2026-05-01,24
20009910,F41.9,ICD-10-CM,2026-05-08,31
20009910,I10,ICD-10-CM,2026-04-16,9
20009910,I10,ICD-10-CM,2026-05-02,25
20009911,G43.909,ICD-10-CM,2025-04-19,11
20009911,M79.7,ICD-10-CM,2025-05-01,23
20009912,R53.83,ICD-10-CM,2026-04-14,17
20009912,J45.909,ICD-10-CM,2026-04-30,33
20009928,R10.9,ICD-10-CM,2026-05-05,20
20009928,I10,ICD-10-CM,2026-04-21,6
20009933,R10.9,ICD-10-CM,2023-12-23,298
20009933,R10.9,ICD-10-CM,2024-07-06,494
20009933,K21.9,ICD-10-CM,2024-02-21,358
20009933,R10.9,ICD-10-CM,2023-05-23,84
20009933,R53.83,ICD-10-CM,2024-06-22,480
20009933,G43.909,ICD-10-CM,2024-01-27,333
20009951,E78.5,ICD-10-CM,2026-05-29,21
20009955,G43.909,ICD-10-CM,2025-10-15,299
20009955,F41.9,ICD-10-CM,2025-05-27,158
20009955,I10,ICD-10-CM,2025-07-20,212
20009955,I10,ICD-10-CM,2025-01-24,35
20009955,I10,ICD-10-CM,2025-01-05,16
20009955,E78.5,ICD-10-CM,2025-03-24,94
20009957,R53.83,ICD-10-CM,2026-05-26,5
20009961,R10.9,ICD-10-CM,2026-04-13,2
20009963,E78.5,ICD-10-CM,2022-12-09,145
20009963,R53.83,ICD-10-CM,2023-01-19,186
20009963,K21.9,ICD-10-CM,2022-10-05,80
20009963,R53.83,ICD-10-CM,2023-03-14,240
20009963,R10.9,ICD-10-CM,2023-03-17,243
20009977,G43.909,ICD-10-CM,2026-03-05,328
20009977,E78.5,ICD-10-CM,2026-05-08,392
20009977,I10,ICD-10-CM,2025-08-03,114
20009977,E78.5,ICD-10-CM,2025-09-06,148
20009982,R10.9,ICD-10-CM,2024-11-09,312
20009982,J45.909,ICD-10-CM,2024-01-24,22
20009982,R53.83,ICD-10-CM,2024-12-10,343
20009982,R10.9,ICD-10-CM,2025-03-03,426
20009982,F41.9,ICD-10-CM,2024-06-04,154
20009982,R53.83,ICD-10-CM,2025-03-26,449
20009982,I10,ICD-10-CM,2024-10-22,294
20009982,R53.83,ICD-10-CM,2025-11-16,684
20009982,G43.909,ICD-10-CM,2025-04-10,464
20009982,G43.909,ICD-10-CM,2026-05-06,855
20009982,G43.909,ICD-10-CM,2024-11-19,322
20009982,R10.9,ICD-10-CM,2024-05-27,146
20009988,L50.9,ICD-10-CM,2026-04-08,133
20009988,K21.9,ICD-10-CM,2026-02-28,94
20009988,G43.909,ICD-10-CM,2026-01-08,43
20009988,R10.9,ICD-10-CM,2025-12-07,11
20009988,R53.83,ICD-10-CM,2026-05-04,159
20009990,R53.83,ICD-10-CM,2024-06-04,85
20009990,K21.9,ICD-10-CM,2024-08-04,146
20009990,I10,ICD-10-CM,2025-06-01,447
20009990,I10,ICD-10-CM,2025-02-13,339
20010002,F41.9,ICD-10-CM,2025-09-10,258
20010002,L50.9,ICD-10-CM,2025-10-15,293
20010002,J45.909,ICD-10-CM,2025-01-03,8
20010002,I10,ICD-10-CM,2025-05-30,155
20010002,E78.5,ICD-10-CM,2025-08-04,221
20010002,R10.9,ICD-10-CM,2025-01-16,21
20010002,G43.909,ICD-10-CM,2025-06-17,173
20010012,M79.7,ICD-10-CM,2025-12-11,30
20010012,I10,ICD-10-CM,2026-05-15,185
20010012,R53.83,ICD-10-CM,2026-02-04,85
20010012,G43.909,ICD-10-CM,2026-01-04,54
20010012,K21.9,ICD-10-CM,2026-05-18,188
20010012,I10,ICD-10-CM,2026-04-26,166
20010012,F41.9,ICD-10-CM,2026-02-13,94
20010017,R10.9,ICD-10-CM,2024-11-02,365
20010017,I10,ICD-10-CM,2024-01-27,85
20010017,I10,ICD-10-CM,2026-01-03,792
20010017,K21.9,ICD-10-CM,2024-06-28,238
20010017,K21.9,ICD-10-CM,2025-04-29,543
20010017,K21.9,ICD-10-CM,2023-11-30,27
20010017,R53.83,ICD-10-CM,2024-12-25,418
20010017,I10,ICD-10-CM,2024-05-19,198
20010017,R10.9,ICD-10-CM,2023-11-26,23
20010017,F41.9,ICD-10-CM,2025-09-28,695
20010025,E78.5,ICD-10-CM,2023-12-14,652
20010025,E78.5,ICD-10-CM,2022-07-26,146
20010025,R10.9,ICD-10-CM,2022-07-10,130
20010025,L50.9,ICD-10-CM,2023-03-20,383
20010025,G43.909,ICD-10-CM,2023-12-13,651
20010025,R53.83,ICD-10-CM,2022-08-29,180
20010025,R53.83,ICD-10-CM,2024-02-13,713
20010025,J45.909,ICD-10-CM,2023-04-21,415
20010025,K21.9,ICD-10-CM,2024-03-11,740
20010026,K21.9,ICD-10-CM,2023-05-02,490
20010026,R10.9,ICD-10-CM,2023-06-24,543
20010026,E78.5,ICD-10-CM,2022-01-05,8
20010026,K21.9,ICD-10-CM,2022-11-17,324
20010026,K21.9,ICD-10-CM,2022-01-16,19
20010026,E78.5,ICD-10-CM,2022-08-25,240
20010029,E78.5,ICD-10-CM,2026-04-27,28
20010029,F41.9,ICD-10-CM,2026-04-11,12
20010029,M79.7,ICD-10-CM,2026-05-01,32
20010029,G43.909,ICD-10-CM,2026-05-07,38
20010029,L50.9,ICD-10-CM,2026-04-10,11
20010029,I10,ICD-10-CM,2026-04-07,8
20010033,R53.83,ICD-10-CM,2022-07-17,12
20010033,E78.5,ICD-10-CM,2023-01-29,208
20010033,E78.5,ICD-10-CM,2022-12-13,161
20010033,G43.909,ICD-10-CM,2023-01-05,184
20010033,R10.9,ICD-10-CM,2023-04-24,293
20010033,L50.9,ICD-10-CM,2022-11-17,135
20010033,K21.9,ICD-10-CM,2022-11-03,121
20010033,K21.9,ICD-10-CM,2022-08-31,57
20010033,F41.9,ICD-10-CM,2022-09-09,66
20010033,I10,ICD-10-CM,2023-04-01,270
20010033,M79.7,ICD-10-CM,2022-11-15,133
20010035,G43.909,ICD-10-CM,2023-04-06,74
20010035,R10.9,ICD-10-CM,2023-12-24,336
20010035,L50.9,ICD-10-CM,2023-09-12,233
20010035,F41.9,ICD-10-CM,2023-06-28,157
20010035,E78.5,ICD-10-CM,2023-08-17,207
20010042,J45.909,ICD-10-CM,2023-06-19,44
20010042,R10.9,ICD-10-CM,2023-07-28,83
20010042,R53.83,ICD-10-CM,2024-07-01,422
20010042,R10.9,ICD-10-CM,2024-10-08,521
20010042,K21.9,ICD-10-CM,2023-05-08,2
20010048,L50.9,ICD-10-CM,2026-05-20,521
20010048,I10,ICD-10-CM,2025-08-03,231
20010048,L50.9,ICD-10-CM,2026-04-21,492
20010048,I10,ICD-10-CM,2025-08-05,233
20010049,R53.83,ICD-10-CM,2024-06-21,156
20010049,I10,ICD-10-CM,2024-08-09,205
20010049,L50.9,ICD-10-CM,2025-12-04,687
20010049,R10.9,ICD-10-CM,2024-02-27,41
20010053,I10,ICD-10-CM,2026-03-05,174
20010053,J45.909,ICD-10-CM,2025-10-23,41
20010053,J45.909,ICD-10-CM,2026-03-03,172
20010053,K21.9,ICD-10-CM,2025-12-14,93
20010053,I10,ICD-10-CM,2026-03-14,183
20010062,G43.909,ICD-10-CM,2025-06-12,174
20010062,E78.5,ICD-10-CM,2025-06-22,184
20010062,G43.909,ICD-10-CM,2026-01-22,398
20010062,R53.83,ICD-10-CM,2026-03-23,458
20010062,G43.909,ICD-10-CM,2026-01-26,402
20010062,R10.9,ICD-10-CM,2026-02-14,421
20010062,M79.7,ICD-10-CM,2026-02-01,408
20010062,K21.9,ICD-10-CM,2026-02-20,427
20010066,R53.83,ICD-10-CM,2026-05-17,431
20010066,R10.9,ICD-10-CM,2026-04-09,393
20010066,R10.9,ICD-10-CM,2025-06-16,96
20010066,M79.7,ICD-10-CM,2026-03-16,369
20010069,K21.9,ICD-10-CM,2024-02-24,441
20010069,K21.9,ICD-10-CM,2024-02-11,428
20010069,F41.9,ICD-10-CM,2024-03-12,458
20010069,G43.909,ICD-10-CM,2023-05-21,162
20010078,R53.83,ICD-10-CM,2024-03-31,403
20010078,K21.9,ICD-10-CM,2026-05-27,1190
20010078,I10,ICD-10-CM,2025-06-23,852
20010078,I10,ICD-10-CM,2026-01-17,1060
20010078,K21.9,ICD-10-CM,2026-05-21,1184
20010078,K21.9,ICD-10-CM,2025-08-27,917
20010079,R10.9,ICD-10-CM,2025-11-12,135
20010079,E78.5,ICD-10-CM,2025-07-31,31
20010079,K21.9,ICD-10-CM,2026-04-28,302
20010079,K21.9,ICD-10-CM,2025-07-11,11
20010079,I10,ICD-10-CM,2025-10-20,112
20010079,E78.5,ICD-10-CM,2025-11-30,153
20010079,J45.909,ICD-10-CM,2026-05-11,315
20010080,R10.9,ICD-10-CM,2026-02-06,26
20010080,K21.9,ICD-10-CM,2026-05-30,139
20010080,F41.9,ICD-10-CM,2026-04-07,86
20010092,J45.909,ICD-10-CM,2024-10-11,166
20010092,I10,ICD-10-CM,2024-05-02,4
20010092,K21.9,ICD-10-CM,2024-05-14,16
20010092,G43.909,ICD-10-CM,2025-01-18,265
20010113,E78.5,ICD-10-CM,2023-03-20,142
20010113,F41.9,ICD-10-CM,2023-03-31,153
20010123,K21.9,ICD-10-CM,2023-07-29,373
20010123,K21.9,ICD-10-CM,2022-12-31,163
20010123,R10.9,ICD-10-CM,2023-01-06,169
20010138,E78.5,ICD-10-CM,2026-03-31,212
20010138,K21.9,ICD-10-CM,2025-12-31,122
20010138,K21.9,ICD-10-CM,2026-05-03,245
20010149,M79.7,ICD-10-CM,2024-05-22,170
20010149,L50.9,ICD-10-CM,2024-11-01,333
20010149,L50.9,ICD-10-CM,2024-01-19,46
20010152,E78.5,ICD-10-CM,2023-01-09,36
20010152,E78.5,ICD-10-CM,2023-04-18,135
20010152,K21.9,ICD-10-CM,2023-04-01,118
20010154,J45.909,ICD-10-CM,2025-07-31,485
20010154,I10,ICD-10-CM,2024-04-05,3
20010154,G43.909,ICD-10-CM,2025-01-17,290
20010154,R53.83,ICD-10-CM,2025-11-28,605
20010154,E78.5,ICD-10-CM,2025-11-05,582
20010154,E78.5,ICD-10-CM,2024-11-08,220
20010157,G43.909,ICD-10-CM,2023-12-18,307
20010157,R53.83,ICD-10-CM,2024-09-18,582
20010157,J45.909,ICD-10-CM,2023-11-26,285
20010157,I10,ICD-10-CM,2024-06-27,499
20010157,R53.83,ICD-10-CM,2025-11-21,1011
20010157,R53.83,ICD-10-CM,2023-05-31,106
20010157,R10.9,ICD-10-CM,2025-06-21,858
20010157,J45.909,ICD-10-CM,2024-02-26,377
20010157,E78.5,ICD-10-CM,2025-08-20,918
20010157,F41.9,ICD-10-CM,2025-01-18,704
20010157,J45.909,ICD-10-CM,2024-04-06,417
20010157,I10,ICD-10-CM,2025-03-08,753
20010157,R53.83,ICD-10-CM,2023-08-25,192
20010157,I10,ICD-10-CM,2025-01-23,709
20010157,F41.9,ICD-10-CM,2025-08-09,907
20010157,I10,ICD-10-CM,2024-08-23,556
20010157,I10,ICD-10-CM,2025-04-03,779
20010158,K21.9,ICD-10-CM,2022-07-09,181
20010158,L50.9,ICD-10-CM,2022-01-31,22
20010159,F41.9,ICD-10-CM,2026-03-14,66
20010159,J45.909,ICD-10-CM,2026-03-16,68
20010159,R10.9,ICD-10-CM,2026-02-13,37
20010159,R10.9,ICD-10-CM,2026-04-28,111
20010159,K21.9,ICD-10-CM,2026-05-21,134
20010159,L50.9,ICD-10-CM,2026-02-10,34
20010159,J45.909,ICD-10-CM,2026-01-22,15
20010159,J45.909,ICD-10-CM,2026-05-08,121
20010163,I10,ICD-10-CM,2024-01-10,190
20010163,E78.5,ICD-10-CM,2024-02-02,213
20010163,K21.9,ICD-10-CM,2024-12-21,536
20010163,R53.83,ICD-10-CM,2024-08-12,405
20010163,E78.5,ICD-10-CM,2025-01-23,569
20010163,R53.83,ICD-10-CM,2024-12-02,517
20010163,E78.5,ICD-10-CM,2023-09-22,80
20010163,E78.5,ICD-10-CM,2023-10-06,94
20010164,F41.9,ICD-10-CM,2026-04-02,17
20010166,I10,ICD-10-CM,2026-05-07,364
20010166,R53.83,ICD-10-CM,2025-05-24,16
20010166,L50.9,ICD-10-CM,2025-06-06,29
20010166,G43.909,ICD-10-CM,2026-05-16,373
20010166,L50.9,ICD-10-CM,2025-07-20,73
20010167,I10,ICD-10-CM,2022-02-06,86
20010167,G43.909,ICD-10-CM,2022-01-13,62
20010167,R53.83,ICD-10-CM,2022-03-14,122
20010168,F41.9,ICD-10-CM,2024-03-06,125
20010168,R10.9,ICD-10-CM,2024-06-02,213
20010168,J45.909,ICD-10-CM,2024-05-04,184
20010168,R53.83,ICD-10-CM,2026-05-06,916
20010173,R10.9,ICD-10-CM,2025-03-26,8
20010173,R53.83,ICD-10-CM,2025-03-29,11
20010173,R53.83,ICD-10-CM,2025-05-17,60
20010180,R53.83,ICD-10-CM,2026-02-27,140
20010180,R10.9,ICD-10-CM,2025-12-03,54
20010182,F41.9,ICD-10-CM,2025-04-08,31
20010184,K21.9,ICD-10-CM,2024-09-29,98
20010184,R10.9,ICD-10-CM,2026-04-30,676
20010184,F41.9,ICD-10-CM,2025-10-07,471
20010184,R10.9,ICD-10-CM,2025-04-21,302
20010184,K21.9,ICD-10-CM,2024-12-26,186
20010184,K21.9,ICD-10-CM,2025-05-07,318
20010195,R10.9,ICD-10-CM,2023-06-11,110
20010195,J45.909,ICD-10-CM,2023-05-09,77
20010195,R53.83,ICD-10-CM,2023-09-02,193
20010195,I10,ICD-10-CM,2023-03-14,21
20010195,F41.9,ICD-10-CM,2023-12-16,298
20010198,E78.5,ICD-10-CM,2026-05-21,41
20010198,R53.83,ICD-10-CM,2026-04-24,14
20010205,I10,ICD-10-CM,2026-02-24,680
20010205,R53.83,ICD-10-CM,2025-04-01,351
20010205,G43.909,ICD-10-CM,2025-10-12,545
20010205,K21.9,ICD-10-CM,2024-08-06,113
20010205,E78.5,ICD-10-CM,2026-03-04,688
20010205,R53.83,ICD-10-CM,2026-02-10,666
20010205,J45.909,ICD-10-CM,2026-04-11,726
20010205,I10,ICD-10-CM,2024-09-11,149
20010208,R10.9,ICD-10-CM,2025-09-10,540
20010208,R53.83,ICD-10-CM,2025-08-31,530
20010208,I10,ICD-10-CM,2025-01-29,316
20010209,R53.83,ICD-10-CM,2024-09-09,463
20010209,R53.83,ICD-10-CM,2024-03-10,280
20010209,J45.909,ICD-10-CM,2023-11-20,169
20010209,R10.9,ICD-10-CM,2025-04-29,695
20010209,E78.5,ICD-10-CM,2024-04-27,328
20010209,R53.83,ICD-10-CM,2024-03-01,271
20010209,E78.5,ICD-10-CM,2024-06-16,378
20010209,L50.9,ICD-10-CM,2024-10-28,512
20010217,K21.9,ICD-10-CM,2022-08-30,284
20010217,K21.9,ICD-10-CM,2022-03-17,118
20010217,K21.9,ICD-10-CM,2022-04-12,144
20010217,G43.909,ICD-10-CM,2022-07-08,231
20010217,G43.909,ICD-10-CM,2022-09-13,298
20010217,J45.909,ICD-10-CM,2022-06-15,208
20010217,E78.5,ICD-10-CM,2023-03-12,478
20010217,M79.7,ICD-10-CM,2022-02-06,79
20010217,J45.909,ICD-10-CM,2022-08-15,269
20010236,I10,ICD-10-CM,2024-10-22,291
20010236,I10,ICD-10-CM,2026-04-13,829
20010236,E78.5,ICD-10-CM,2025-02-06,398
20010236,R10.9,ICD-10-CM,2025-12-24,719
20010236,K21.9,ICD-10-CM,2024-05-02,118
20010236,G43.909,ICD-10-CM,2026-02-10,767
20010236,J45.909,ICD-10-CM,2024-12-15,345
20010236,I10,ICD-10-CM,2024-11-06,306
20010236,G43.909,ICD-10-CM,2024-07-22,199
20010249,J45.909,ICD-10-CM,2022-12-18,188
20010249,L50.9,ICD-10-CM,2024-09-13,823
20010249,G43.909,ICD-10-CM,2024-08-17,796
20010249,J45.909,ICD-10-CM,2024-09-29,839
20010249,L50.9,ICD-10-CM,2022-10-04,113
20010249,R53.83,ICD-10-CM,2024-06-05,723
20010249,R53.83,ICD-10-CM,2023-01-12,213
20010253,K21.9,ICD-10-CM,2024-03-13,802
20010253,K21.9,ICD-10-CM,2023-12-28,726
20010253,E78.5,ICD-10-CM,2024-01-13,742
20010253,I10,ICD-10-CM,2023-03-22,445
20010253,I10,ICD-10-CM,2022-10-09,281
20010254,E78.5,ICD-10-CM,2022-08-04,233
20010254,R53.83,ICD-10-CM,2022-03-15,91
20010254,G43.909,ICD-10-CM,2022-04-03,110
20010254,I10,ICD-10-CM,2022-07-05,203
20010254,K21.9,ICD-10-CM,2021-12-16,2
20010254,L50.9,ICD-10-CM,2022-02-18,66
20010264,K21.9,ICD-10-CM,2025-09-12,177
20010264,E78.5,ICD-10-CM,2025-05-04,46
20010264,I10,ICD-10-CM,2025-04-23,35
20010264,G43.909,ICD-10-CM,2025-07-11,114
20010264,J45.909,ICD-10-CM,2025-06-14,87
20010264,R10.9,ICD-10-CM,2025-10-02,197
20010264,R10.9,ICD-10-CM,2025-07-13,116
20010264,L50.9,ICD-10-CM,2025-11-25,251
20010267,G43.909,ICD-10-CM,2026-05-30,2
20010269,M79.7,ICD-10-CM,2026-02-06,1042
20010269,J45.909,ICD-10-CM,2024-10-16,564
20010269,E78.5,ICD-10-CM,2024-08-24,511
20010269,R53.83,ICD-10-CM,2023-11-05,218
20010269,R53.83,ICD-10-CM,2026-01-09,1014
20010269,G43.909,ICD-10-CM,2025-11-27,971
20010269,F41.9,ICD-10-CM,2023-12-10,253
20010269,F41.9,ICD-10-CM,2023-12-22,265
20010270,L50.9,ICD-10-CM,2025-09-15,464
20010270,F41.9,ICD-10-CM,2025-09-10,459
20010270,K21.9,ICD-10-CM,2025-05-11,337
20010270,J45.909,ICD-10-CM,2024-08-21,74
20010270,E78.5,ICD-10-CM,2026-04-19,680
20010270,I10,ICD-10-CM,2026-03-11,641
20010270,E78.5,ICD-10-CM,2026-03-17,647
20010275,F41.9,ICD-10-CM,2025-08-12,177
20010275,K21.9,ICD-10-CM,2025-08-03,168
20010275,K21.9,ICD-10-CM,2025-10-05,231
20010275,G43.909,ICD-10-CM,2026-03-06,383
20010275,L50.9,ICD-10-CM,2025-12-01,288
20010278,J45.909,ICD-10-CM,2023-06-19,79
20010278,F41.9,ICD-10-CM,2023-09-06,158
20010278,J45.909,ICD-10-CM,2024-02-07,312
20010278,I10,ICD-10-CM,2023-09-26,178
20010278,E78.5,ICD-10-CM,2023-05-14,43
20010278,I10,ICD-10-CM,2024-02-16,321
20010278,R10.9,ICD-10-CM,2023-09-15,167
20010287,I10,ICD-10-CM,2022-08-25,284
20010293,I10,ICD-10-CM,2025-10-20,84
20010293,E78.5,ICD-10-CM,2025-12-24,149
20010293,R10.9,ICD-10-CM,2026-01-16,172
20010293,E78.5,ICD-10-CM,2025-10-31,95
20010296,G43.909,ICD-10-CM,2026-03-18,329
20010296,R53.83,ICD-10-CM,2026-01-15,267
20010296,K21.9,ICD-10-CM,2025-11-07,198
20010296,L50.9,ICD-10-CM,2025-12-18,239
20010296,J45.909,ICD-10-CM,2025-11-27,218
20010296,I10,ICD-10-CM,2026-01-06,258
20010303,M79.7,ICD-10-CM,2026-01-07,171
20010303,K21.9,ICD-10-CM,2026-03-01,224
20010303,J45.909,ICD-10-CM,2025-12-26,159
20010310,G43.909,ICD-10-CM,2026-04-17,226
20010310,E78.5,ICD-10-CM,2025-11-01,59
20010310,E78.5,ICD-10-CM,2026-01-06,125
20010315,E78.5,ICD-10-CM,2025-05-23,27
20010330,G43.909,ICD-10-CM,2022-08-25,153
20010330,G43.909,ICD-10-CM,2024-01-02,648
20010330,R10.9,ICD-10-CM,2023-02-08,320
20010330,E78.5,ICD-10-CM,2022-05-18,54
20010330,J45.909,ICD-10-CM,2024-05-06,773
20010330,G43.909,ICD-10-CM,2023-12-31,646
20010330,R10.9,ICD-10-CM,2022-07-18,115
20010330,F41.9,ICD-10-CM,2022-05-25,61
20010330,I10,ICD-10-CM,2023-12-06,621
20010330,I10,ICD-10-CM,2022-12-08,258
20010330,R53.83,ICD-10-CM,2024-04-28,765
20010330,R10.9,ICD-10-CM,2023-06-06,438
20010350,R53.83,ICD-10-CM,2026-01-19,46
20010350,E78.5,ICD-10-CM,2026-03-31,117
20010350,E78.5,ICD-10-CM,2025-12-22,18
20010350,R53.83,ICD-10-CM,2026-01-23,50
20010350,R53.83,ICD-10-CM,2026-02-23,81
20010352,K21.9,ICD-10-CM,2023-11-07,593
20010352,R10.9,ICD-10-CM,2022-10-01,191
20010352,J45.909,ICD-10-CM,2023-05-27,429
20010352,G43.909,ICD-10-CM,2023-09-09,534
20010355,J45.909,ICD-10-CM,2025-09-13,160
20010355,E78.5,ICD-10-CM,2025-09-11,158
20010355,E78.5,ICD-10-CM,2025-09-07,154
20010380,K21.9,ICD-10-CM,2026-04-19,1
20010380,K21.9,ICD-10-CM,2026-05-01,13
20010380,J45.909,ICD-10-CM,2026-05-24,36
20010397,I10,ICD-10-CM,2025-02-18,1025
20010397,F41.9,ICD-10-CM,2024-07-02,794
20010397,E78.5,ICD-10-CM,2025-07-18,1175
20010397,K21.9,ICD-10-CM,2023-10-27,545
20010397,J45.909,ICD-10-CM,2025-12-24,1334
20010397,R53.83,ICD-10-CM,2025-08-05,1193
20010397,J45.909,ICD-10-CM,2025-05-30,1126
20010397,K21.9,ICD-10-CM,2025-07-22,1179
20010404,J45.909,ICD-10-CM,2026-04-13,29
20010404,K21.9,ICD-10-CM,2026-05-25,71
20010414,J45.909,ICD-10-CM,2024-12-17,169
20010414,J45.909,ICD-10-CM,2025-05-06,309
20010414,R53.83,ICD-10-CM,2025-02-21,235
20010414,G43.909,ICD-10-CM,2025-05-30,333
20010414,I10,ICD-10-CM,2025-08-29,424
20010414,F41.9,ICD-10-CM,2025-02-23,237
20010421,R53.83,ICD-10-CM,2024-06-13,196
20010421,J45.909,ICD-10-CM,2026-01-25,787
20010421,I10,ICD-10-CM,2025-08-20,629
20010421,I10,ICD-10-CM,2025-07-02,580
20010424,K21.9,ICD-10-CM,2026-05-17,77
20010424,I10,ICD-10-CM,2026-05-08,68
20010424,I10,ICD-10-CM,2026-05-11,71
20010425,K21.9,ICD-10-CM,2025-08-24,546
20010425,I10,ICD-10-CM,2024-06-26,122
20010425,J45.909,ICD-10-CM,2025-05-26,456
20010425,R10.9,ICD-10-CM,2025-02-04,345
20010425,K21.9,ICD-10-CM,2025-07-31,522
20010425,E78.5,ICD-10-CM,2024-11-03,252
20010425,I10,ICD-10-CM,2025-01-22,332
20010425,K21.9,ICD-10-CM,2024-09-04,192
20010425,E78.5,ICD-10-CM,2025-03-15,384
20010433,R10.9,ICD-10-CM,2023-12-07,475
20010433,J45.909,ICD-10-CM,2023-04-27,251
20010433,K21.9,ICD-10-CM,2023-07-17,332
20010433,R53.83,ICD-10-CM,2022-12-10,113
20010433,M79.7,ICD-10-CM,2024-07-09,690
20010433,L50.9,ICD-10-CM,2024-03-02,561
20010433,E78.5,ICD-10-CM,2025-02-12,908
20010433,R10.9,ICD-10-CM,2023-11-09,447
20010433,F41.9,ICD-10-CM,2022-11-20,93
20010433,E78.5,ICD-10-CM,2025-02-17,913
20010433,L50.9,ICD-10-CM,2025-09-20,1128
20010433,R53.83,ICD-10-CM,2025-10-21,1159
20010437,K21.9,ICD-10-CM,2022-11-17,76
20010437,F41.9,ICD-10-CM,2023-03-16,195
20010437,L50.9,ICD-10-CM,2023-04-16,226
20010437,R53.83,ICD-10-CM,2023-08-12,344
20010437,R53.83,ICD-10-CM,2023-05-20,260
20010437,G43.909,ICD-10-CM,2022-11-12,71
20010437,L50.9,ICD-10-CM,2022-09-23,21
20010437,R53.83,ICD-10-CM,2023-09-22,385
20010437,L50.9,ICD-10-CM,2023-08-01,333
20010457,M79.7,ICD-10-CM,2024-08-06,197
20010457,E78.5,ICD-10-CM,2024-08-27,218
20010457,R53.83,ICD-10-CM,2024-08-10,201
20010458,L50.9,ICD-10-CM,2025-12-07,204
20010458,J45.909,ICD-10-CM,2026-04-01,319
20010458,M79.7,ICD-10-CM,2025-12-19,216
20010458,K21.9,ICD-10-CM,2025-05-24,7
20010458,G43.909,ICD-10-CM,2026-01-03,231
20010460,K21.9,ICD-10-CM,2026-05-15,85
20010460,R53.83,ICD-10-CM,2026-05-19,89
20010497,K21.9,ICD-10-CM,2025-10-29,466
20010497,L50.9,ICD-10-CM,2025-03-07,230
20010497,E78.5,ICD-10-CM,2025-01-05,169
20010497,E78.5,ICD-10-CM,2025-11-19,487
20010497,R53.83,ICD-10-CM,2024-10-30,102
20010504,F41.9,ICD-10-CM,2026-03-09,195
20010504,R10.9,ICD-10-CM,2025-10-28,63
20010504,G43.909,ICD-10-CM,2026-04-23,240
20010504,J45.909,ICD-10-CM,2025-12-31,127
20010504,E78.5,ICD-10-CM,2025-12-14,110
20010504,R53.83,ICD-10-CM,2026-02-06,164
20010507,F41.9,ICD-10-CM,2023-08-15,394
20010507,R53.83,ICD-10-CM,2023-05-22,309
20010507,R10.9,ICD-10-CM,2022-12-20,156
20010507,I10,ICD-10-CM,2022-08-03,17
20010507,I10,ICD-10-CM,2025-05-11,1029
20010507,I10,ICD-10-CM,2025-01-11,909
20010507,R10.9,ICD-10-CM,2022-10-30,105
20010507,E78.5,ICD-10-CM,2024-08-14,759
20010507,I10,ICD-10-CM,2024-05-10,663
20010507,R53.83,ICD-10-CM,2025-02-09,938
20010530,I10,ICD-10-CM,2026-05-16,168
20010530,G43.909,ICD-10-CM,2026-02-05,68
20010533,K21.9,ICD-10-CM,2023-10-21,255
20010533,F41.9,ICD-10-CM,2023-03-09,29
20010533,G43.909,ICD-10-CM,2023-10-28,262
20010533,J45.909,ICD-10-CM,2023-12-16,311
20010536,M79.7,ICD-10-CM,2026-05-04,267
20010536,J45.909,ICD-10-CM,2026-02-24,198
20010536,I10,ICD-10-CM,2026-02-21,195
20010544,R10.9,ICD-10-CM,2026-01-07,41
20010544,I10,ICD-10-CM,2025-12-08,11
20010551,K21.9,ICD-10-CM,2024-06-24,35
20010551,M79.7,ICD-10-CM,2024-09-01,104
20010551,I10,ICD-10-CM,2025-09-15,483
20010551,E78.5,ICD-10-CM,2025-02-09,265
20010551,R10.9,ICD-10-CM,2024-08-27,99
20010551,E78.5,ICD-10-CM,2025-06-07,383
20010551,R10.9,ICD-10-CM,2024-08-28,100
20010552,L50.9,ICD-10-CM,2025-07-10,33
20010552,J45.909,ICD-10-CM,2026-04-17,314
20010553,R10.9,ICD-10-CM,2026-04-14,70
20010553,E78.5,ICD-10-CM,2026-03-23,48
20010553,J45.909,ICD-10-CM,2026-05-02,88
20010553,G43.909,ICD-10-CM,2026-04-14,70
20010553,G43.909,ICD-10-CM,2026-03-31,56
20010555,J45.909,ICD-10-CM,2023-07-16,266
20010555,J45.909,ICD-10-CM,2024-01-18,452
20010555,J45.909,ICD-10-CM,2025-03-23,882
20010555,R10.9,ICD-10-CM,2023-05-10,199
20010555,L50.9,ICD-10-CM,2023-05-17,206
20010555,F41.9,ICD-10-CM,2023-07-28,278
20010555,I10,ICD-10-CM,2023-04-16,175
20010555,G43.909,ICD-10-CM,2024-09-16,694
20010555,E78.5,ICD-10-CM,2023-04-24,183
20010555,F41.9,ICD-10-CM,2024-09-11,689
20010569,R10.9,ICD-10-CM,2026-04-22,1284
20010569,F41.9,ICD-10-CM,2025-09-12,1062
20010569,J45.909,ICD-10-CM,2024-10-09,724
20010569,E78.5,ICD-10-CM,2023-02-01,108
20010569,I10,ICD-10-CM,2023-05-02,198
20010572,K21.9,ICD-10-CM,2024-07-13,76
20010572,R53.83,ICD-10-CM,2025-03-26,332
20010572,J45.909,ICD-10-CM,2025-03-27,333
20010572,F41.9,ICD-10-CM,2025-09-12,502
20010572,G43.909,ICD-10-CM,2025-12-29,610
20010576,G43.909,ICD-10-CM,2022-10-19,47
20010576,R10.9,ICD-10-CM,2022-10-06,34
20010580,R53.83,ICD-10-CM,2024-12-09,534
20010580,F41.9,ICD-10-CM,2025-03-06,621
20010589,J45.909,ICD-10-CM,2025-10-13,253
20010589,L50.9,ICD-10-CM,2025-07-18,166
20010589,R10.9,ICD-10-CM,2026-01-21,353
20010589,J45.909,ICD-10-CM,2026-01-01,333
20010589,R10.9,ICD-10-CM,2025-09-04,214
20010589,R53.83,ICD-10-CM,2025-08-21,200
20010591,R10.9,ICD-10-CM,2024-08-04,90
20010591,K21.9,ICD-10-CM,2025-07-05,425
20010594,R10.9,ICD-10-CM,2025-11-24,168
20010594,R53.83,ICD-10-CM,2025-06-25,16
20010594,R53.83,ICD-10-CM,2025-12-14,188
20010594,F41.9,ICD-10-CM,2025-06-27,18
20010594,I10,ICD-10-CM,2025-11-16,160
20010594,J45.909,ICD-10-CM,2026-04-03,298
20010596,E78.5,ICD-10-CM,2024-11-16,147
20010596,K21.9,ICD-10-CM,2024-11-16,147
20010596,J45.909,ICD-10-CM,2025-01-05,197
20010596,R53.83,ICD-10-CM,2024-06-26,4
20010612,E78.5,ICD-10-CM,2026-05-13,12
20010612,L50.9,ICD-10-CM,2026-05-19,18
20010613,E78.5,ICD-10-CM,2025-03-21,582
20010613,E78.5,ICD-10-CM,2024-10-30,440
20010613,I10,ICD-10-CM,2024-06-06,294
20010613,I10,ICD-10-CM,2024-11-14,455
20010613,J45.909,ICD-10-CM,2024-09-26,406
20010613,E78.5,ICD-10-CM,2024-09-04,384
20010613,E78.5,ICD-10-CM,2024-12-01,472
20010613,R53.83,ICD-10-CM,2024-09-15,395
20010613,E78.5,ICD-10-CM,2024-11-17,458
20010621,I10,ICD-10-CM,2024-02-12,200
20010621,I10,ICD-10-CM,2024-08-18,388
20010621,R10.9,ICD-10-CM,2023-10-15,80
20010621,F41.9,ICD-10-CM,2023-09-06,41
20010621,G43.909,ICD-10-CM,2023-12-18,144
20010621,L50.9,ICD-10-CM,2024-12-18,510
20010622,E78.5,ICD-10-CM,2025-07-22,124
20010622,M79.7,ICD-10-CM,2025-03-24,4
20010622,K21.9,ICD-10-CM,2025-04-19,30
20010622,E78.5,ICD-10-CM,2025-04-16,27
20010633,L50.9,ICD-10-CM,2024-07-12,143
20010633,R10.9,ICD-10-CM,2025-11-23,642
20010633,I10,ICD-10-CM,2024-07-25,156
20010633,I10,ICD-10-CM,2024-05-23,93
20010633,J45.909,ICD-10-CM,2025-08-11,538
20010633,M79.7,ICD-10-CM,2026-03-08,747
20010633,I10,ICD-10-CM,2025-09-16,574
20010634,J45.909,ICD-10-CM,2026-05-14,303
20010634,E78.5,ICD-10-CM,2025-12-30,168
20010634,E78.5,ICD-10-CM,2026-05-06,295
20010634,R10.9,ICD-10-CM,2026-03-06,234
20010634,I10,ICD-10-CM,2026-01-01,170
20010640,J45.909,ICD-10-CM,2023-04-16,222
20010640,K21.9,ICD-10-CM,2023-04-29,235
20010640,E78.5,ICD-10-CM,2022-11-18,73
20010640,E78.5,ICD-10-CM,2023-01-19,135
20010640,I10,ICD-10-CM,2022-09-22,16
20010640,R53.83,ICD-10-CM,2023-04-14,220
20010640,I10,ICD-10-CM,2023-04-23,229
20010640,G43.909,ICD-10-CM,2024-03-26,567
20010640,R53.83,ICD-10-CM,2023-02-26,173
20010640,R10.9,ICD-10-CM,2023-07-04,301
20010640,I10,ICD-10-CM,2022-12-17,102
20010640,K21.9,ICD-10-CM,2023-01-18,134
20010640,K21.9,ICD-10-CM,2022-11-24,79
20010649,K21.9,ICD-10-CM,2025-08-12,995
20010649,E78.5,ICD-10-CM,2024-03-26,491
20010649,R10.9,ICD-10-CM,2024-06-01,558
20010649,J45.909,ICD-10-CM,2025-06-05,927
20010649,L50.9,ICD-10-CM,2024-05-27,553
20010649,G43.909,ICD-10-CM,2025-06-04,926
20010649,F41.9,ICD-10-CM,2024-10-10,689
20010649,R10.9,ICD-10-CM,2024-11-02,712
20010649,F41.9,ICD-10-CM,2025-01-01,772
20010649,I10,ICD-10-CM,2023-02-02,73
20010649,I10,ICD-10-CM,2024-08-21,639
20010649,F41.9,ICD-10-CM,2024-02-05,441
20010649,G43.909,ICD-10-CM,2023-02-26,97
20010649,K21.9,ICD-10-CM,2025-02-13,815
20010670,J45.909,ICD-10-CM,2023-09-27,55
20010670,I10,ICD-10-CM,2024-01-09,159
20010670,K21.9,ICD-10-CM,2024-01-24,174
20010670,R10.9,ICD-10-CM,2024-03-11,221
20010670,E78.5,ICD-10-CM,2023-12-15,134
20010670,F41.9,ICD-10-CM,2023-08-09,6
20010695,F41.9,ICD-10-CM,2026-02-06,384
20010695,K21.9,ICD-10-CM,2025-06-30,163
20010695,E78.5,ICD-10-CM,2025-12-27,343
20010695,L50.9,ICD-10-CM,2025-11-20,306
20010695,L50.9,ICD-10-CM,2025-07-22,185
20010695,R53.83,ICD-10-CM,2025-08-27,221
20010695,M79.7,ICD-10-CM,2026-05-17,484
20010697,I10,ICD-10-CM,2024-04-22,426
20010697,R10.9,ICD-10-CM,2025-02-25,735
20010697,G43.909,ICD-10-CM,2024-11-17,635
20010697,F41.9,ICD-10-CM,2026-04-26,1160
20010697,R10.9,ICD-10-CM,2023-11-14,266
20010697,G43.909,ICD-10-CM,2025-01-16,695
20010697,G43.909,ICD-10-CM,2024-08-23,549
20010697,G43.909,ICD-10-CM,2024-05-01,435
20010697,E78.5,ICD-10-CM,2026-02-26,1101
20010697,R10.9,ICD-10-CM,2024-10-06,593
20010697,J45.909,ICD-10-CM,2023-12-31,313
20010697,J45.909,ICD-10-CM,2024-12-31,679
20010700,G43.909,ICD-10-CM,2024-01-17,146
20010700,J45.909,ICD-10-CM,2024-04-29,249
20010700,J45.909,ICD-10-CM,2024-08-29,371
20010700,L50.9,ICD-10-CM,2023-12-19,117
20010700,I10,ICD-10-CM,2024-01-30,159
20010700,K21.9,ICD-10-CM,2024-06-11,292
20010700,R53.83,ICD-10-CM,2024-04-28,248
20010700,G43.909,ICD-10-CM,2024-03-20,209
20010704,R53.83,ICD-10-CM,2023-07-18,258
20010704,R53.83,ICD-10-CM,2023-08-05,276
20010704,J45.909,ICD-10-CM,2023-08-21,292
20010705,J45.909,ICD-10-CM,2026-02-08,148
20010705,F41.9,ICD-10-CM,2026-04-22,221
20010705,R53.83,ICD-10-CM,2026-05-01,230
20010705,R10.9,ICD-10-CM,2026-03-29,197
20010705,R10.9,ICD-10-CM,2026-05-29,258
20010705,G43.909,ICD-10-CM,2025-10-23,40
20010705,R53.83,ICD-10-CM,2025-12-21,99
20010705,E78.5,ICD-10-CM,2026-02-21,161
20010705,I10,ICD-10-CM,2026-03-22,190
20010708,J45.909,ICD-10-CM,2023-12-12,63
20010708,I10,ICD-10-CM,2023-12-03,54
20010708,E78.5,ICD-10-CM,2023-12-06,57
20010713,E78.5,ICD-10-CM,2026-02-25,30
20010713,M79.7,ICD-10-CM,2026-03-17,50
20010713,R10.9,ICD-10-CM,2026-02-20,25
20010717,M79.7,ICD-10-CM,2025-10-04,147
20010717,R53.83,ICD-10-CM,2026-02-01,267
20010717,G43.909,ICD-10-CM,2025-12-10,214
20010719,R53.83,ICD-10-CM,2024-12-20,414
20010719,G43.909,ICD-10-CM,2024-09-27,330
20010719,E78.5,ICD-10-CM,2024-03-14,133
20010720,K21.9,ICD-10-CM,2025-08-05,22
20010720,E78.5,ICD-10-CM,2026-02-08,209
20010720,J45.909,ICD-10-CM,2026-02-14,215
20010720,G43.909,ICD-10-CM,2026-02-11,212
20010720,R53.83,ICD-10-CM,2026-05-22,312
20010720,R53.83,ICD-10-CM,2025-12-03,142
20010720,I10,ICD-10-CM,2026-03-26,255
20010720,L50.9,ICD-10-CM,2025-11-11,120
20010720,K21.9,ICD-10-CM,2025-07-31,17
20010724,R53.83,ICD-10-CM,2025-05-06,651
20010724,K21.9,ICD-10-CM,2024-07-15,356
20010724,G43.909,ICD-10-CM,2024-02-11,201
20010724,R53.83,ICD-10-CM,2023-09-21,58
20010724,F41.9,ICD-10-CM,2024-08-05,377
20010724,G43.909,ICD-10-CM,2025-10-24,822
20010724,J45.909,ICD-10-CM,2023-09-08,45
20010724,E78.5,ICD-10-CM,2024-09-18,421
20010724,K21.9,ICD-10-CM,2025-04-28,643
20010730,E78.5,ICD-10-CM,2025-11-03,25
20010734,K21.9,ICD-10-CM,2022-04-29,99
20010734,J45.909,ICD-10-CM,2022-09-15,238
20010734,R53.83,ICD-10-CM,2024-05-28,859
20010734,I10,ICD-10-CM,2023-10-16,634
20010734,R53.83,ICD-10-CM,2024-12-27,1072
20010740,E78.5,ICD-10-CM,2026-01-06,44
20010740,I10,ICD-10-CM,2026-01-10,48
20010740,E78.5,ICD-10-CM,2025-12-02,9
20010740,K21.9,ICD-10-CM,2026-03-28,125
20010747,R10.9,ICD-10-CM,2026-02-01,234
20010747,G43.909,ICD-10-CM,2026-02-05,238
20010747,R53.83,ICD-10-CM,2026-02-28,261
20010747,K21.9,ICD-10-CM,2025-10-10,120
20010750,F41.9,ICD-10-CM,2025-04-10,103
20010750,E78.5,ICD-10-CM,2025-09-27,273
20010750,E78.5,ICD-10-CM,2025-02-17,51
20010750,K21.9,ICD-10-CM,2026-05-18,506
20010750,L50.9,ICD-10-CM,2026-01-31,399
20010750,R10.9,ICD-10-CM,2025-06-16,170
20010752,F41.9,ICD-10-CM,2023-12-08,65
20010752,E78.5,ICD-10-CM,2024-02-23,142
20010752,I10,ICD-10-CM,2024-07-19,289
20010752,F41.9,ICD-10-CM,2023-11-19,46
20010752,R53.83,ICD-10-CM,2024-10-17,379
20010752,E78.5,ICD-10-CM,2024-04-25,204
20010752,I10,ICD-10-CM,2024-03-06,154
20010755,G43.909,ICD-10-CM,2024-05-19,479
20010755,R10.9,ICD-10-CM,2023-04-13,77
20010755,R10.9,ICD-10-CM,2023-02-23,28
20010755,J45.909,ICD-10-CM,2023-04-24,88
20010755,R53.83,ICD-10-CM,2024-08-07,559
20010755,K21.9,ICD-10-CM,2023-08-13,199
20010755,J45.909,ICD-10-CM,2023-01-27,1
20010755,R53.83,ICD-10-CM,2024-08-17,569
20010755,K21.9,ICD-10-CM,2024-07-28,549
20010755,G43.909,ICD-10-CM,2024-03-27,426
20010762,K21.9,ICD-10-CM,2026-05-28,160
20010762,R53.83,ICD-10-CM,2026-04-26,128
20010762,E78.5,ICD-10-CM,2026-05-11,143
20010775,F41.9,ICD-10-CM,2023-12-14,274
20010775,R10.9,ICD-10-CM,2024-10-02,567
20010775,F41.9,ICD-10-CM,2025-02-17,705
20010775,E78.5,ICD-10-CM,2023-12-02,262
20010775,G43.909,ICD-10-CM,2023-03-23,8
20010775,L50.9,ICD-10-CM,2025-05-13,790
20010775,R10.9,ICD-10-CM,2024-06-18,461
20010778,K21.9,ICD-10-CM,2025-07-17,52
20010778,R10.9,ICD-10-CM,2025-09-05,102
20010778,I10,ICD-10-CM,2025-08-07,73
20010787,I10,ICD-10-CM,2024-09-06,68
20010787,L50.9,ICD-10-CM,2024-12-26,179
20010787,M79.7,ICD-10-CM,2025-06-02,337
20010787,K21.9,ICD-10-CM,2025-02-21,236
20010787,G43.909,ICD-10-CM,2025-03-24,267
20010787,J45.909,ICD-10-CM,2024-10-11,103
20010787,F41.9,ICD-10-CM,2024-12-28,181
20010798,M79.7,ICD-10-CM,2023-03-05,109
20010798,R10.9,ICD-10-CM,2023-07-18,244
20010804,K21.9,ICD-10-CM,2021-10-09,5
20010804,F41.9,ICD-10-CM,2022-01-07,95
20010804,I10,ICD-10-CM,2021-11-24,51
20010804,M79.7,ICD-10-CM,2021-10-21,17
20010804,I10,ICD-10-CM,2021-11-22,49
20010828,J45.909,ICD-10-CM,2025-12-15,46
20010828,L50.9,ICD-10-CM,2026-05-15,197
20010828,R53.83,ICD-10-CM,2026-01-22,84
20010828,E78.5,ICD-10-CM,2026-02-21,114
20010828,R10.9,ICD-10-CM,2026-03-10,131
20010828,I10,ICD-10-CM,2026-05-10,192
20010828,L50.9,ICD-10-CM,2026-01-02,64
20010842,R10.9,ICD-10-CM,2026-05-16,503
20010842,F41.9,ICD-10-CM,2025-10-12,287
20010842,R10.9,ICD-10-CM,2025-08-18,232
20010848,I10,ICD-10-CM,2024-12-12,29
20010848,J45.909,ICD-10-CM,2024-11-29,16
20010849,K21.9,ICD-10-CM,2026-05-28,135
20010849,L50.9,ICD-10-CM,2026-04-23,100
20010849,J45.909,ICD-10-CM,2026-04-11,88
20010849,R10.9,ICD-10-CM,2026-05-23,130
20010849,I10,ICD-10-CM,2026-02-12,30
20010849,J45.909,ICD-10-CM,2026-05-11,118
20010855,I10,ICD-10-CM,2026-05-07,114
20010855,L50.9,ICD-10-CM,2026-03-26,72
20010855,F41.9,ICD-10-CM,2026-04-05,82
20010855,F41.9,ICD-10-CM,2026-04-03,80
20010855,F41.9,ICD-10-CM,2026-03-30,76
20010861,E78.5,ICD-10-CM,2025-09-20,214
20010861,E78.5,ICD-10-CM,2025-04-04,45
20010861,J45.909,ICD-10-CM,2025-12-09,294
20010864,J45.909,ICD-10-CM,2026-01-01,18
20010864,I10,ICD-10-CM,2026-03-15,91
20010864,L50.9,ICD-10-CM,2026-05-06,143
20010864,R53.83,ICD-10-CM,2026-03-03,79
20010871,K21.9,ICD-10-CM,2025-11-06,1056
20010871,R53.83,ICD-10-CM,2025-02-27,804
20010871,K21.9,ICD-10-CM,2023-07-10,206
20010871,R53.83,ICD-10-CM,2024-06-28,560
20010871,F41.9,ICD-10-CM,2022-12-22,6
20010871,R53.83,ICD-10-CM,2024-01-15,395
20010871,I10,ICD-10-CM,2025-10-05,1024
20010871,L50.9,ICD-10-CM,2023-07-23,219
20010871,R53.83,ICD-10-CM,2026-03-01,1171
20010871,R53.83,ICD-10-CM,2023-09-22,280
20010871,E78.5,ICD-10-CM,2025-01-04,750
20010871,I10,ICD-10-CM,2023-11-14,333
20010871,I10,ICD-10-CM,2024-06-18,550
20010871,R53.83,ICD-10-CM,2024-02-10,421
20010871,K21.9,ICD-10-CM,2026-02-15,1157
20010871,K21.9,ICD-10-CM,2023-10-17,305
20010872,J45.909,ICD-10-CM,2026-02-10,161
20010872,M79.7,ICD-10-CM,2025-11-22,81
20010872,R10.9,ICD-10-CM,2026-02-28,179
20010872,F41.9,ICD-10-CM,2026-02-28,179
20010872,I10,ICD-10-CM,2025-09-26,24
20010872,E78.5,ICD-10-CM,2025-12-08,97
20010873,K21.9,ICD-10-CM,2026-01-25,929
20010873,M79.7,ICD-10-CM,2024-06-25,350
20010873,E78.5,ICD-10-CM,2023-10-06,87
20010873,K21.9,ICD-10-CM,2023-07-14,3
20010873,R10.9,ICD-10-CM,2025-12-07,880
20010873,L50.9,ICD-10-CM,2023-10-01,82
20010873,I10,ICD-10-CM,2024-12-02,510
20010873,M79.7,ICD-10-CM,2026-01-17,921
20010873,J45.909,ICD-10-CM,2025-11-08,851
20010873,K21.9,ICD-10-CM,2024-07-11,366
20010876,G43.909,ICD-10-CM,2026-03-05,196
20010876,J45.909,ICD-10-CM,2025-10-25,65
20010876,G43.909,ICD-10-CM,2026-04-02,224
20010876,J45.909,ICD-10-CM,2026-03-22,213
20010876,L50.9,ICD-10-CM,2025-12-17,118
20010876,F41.9,ICD-10-CM,2026-01-12,144
20010876,F41.9,ICD-10-CM,2025-10-21,61
20010883,K21.9,ICD-10-CM,2025-09-08,941
20010883,G43.909,ICD-10-CM,2024-09-11,579
20010883,G43.909,ICD-10-CM,2025-01-15,705
20010883,L50.9,ICD-10-CM,2026-02-20,1106
20010883,K21.9,ICD-10-CM,2026-04-03,1148
20010883,R53.83,ICD-10-CM,2023-10-27,259
20010883,I10,ICD-10-CM,2025-01-31,721
20010883,J45.909,ICD-10-CM,2023-12-26,319
20010883,I10,ICD-10-CM,2023-03-28,46
20010883,G43.909,ICD-10-CM,2025-04-15,795
20010883,I10,ICD-10-CM,2024-01-05,329
20010883,E78.5,ICD-10-CM,2024-09-09,577
20010908,R53.83,ICD-10-CM,2025-07-02,380
20010908,K21.9,ICD-10-CM,2025-10-24,494
20010908,K21.9,ICD-10-CM,2025-01-18,215
20010908,R10.9,ICD-10-CM,2025-09-19,459
20010908,G43.909,ICD-10-CM,2024-07-05,18
20010908,G43.909,ICD-10-CM,2026-05-27,709
20010908,R53.83,ICD-10-CM,2024-06-18,1
20010909,L50.9,ICD-10-CM,2023-08-09,152
20010909,K21.9,ICD-10-CM,2023-09-07,181
20010909,G43.909,ICD-10-CM,2023-06-29,111
20010909,E78.5,ICD-10-CM,2023-09-27,201
20010910,L50.9,ICD-10-CM,2024-09-05,143
20010910,E78.5,ICD-10-CM,2024-09-26,164
20010910,E78.5,ICD-10-CM,2024-10-05,173
20010910,J45.909,ICD-10-CM,2024-06-18,64
20010910,F41.9,ICD-10-CM,2024-05-21,36
20010910,R53.83,ICD-10-CM,2024-06-26,72
20010921,R53.83,ICD-10-CM,2024-07-25,344
20010921,E78.5,ICD-10-CM,2024-01-10,147
20010921,E78.5,ICD-10-CM,2024-05-12,270
20010921,G43.909,ICD-10-CM,2024-12-24,496
20010922,G43.909,ICD-10-CM,2022-12-01,226
20010922,I10,ICD-10-CM,2022-07-28,100
20010922,E78.5,ICD-10-CM,2022-07-05,77
20010933,R53.83,ICD-10-CM,2026-05-25,5
20010933,L50.9,ICD-10-CM,2026-05-26,6
20010943,M79.7,ICD-10-CM,2025-07-23,716
20010943,R53.83,ICD-10-CM,2025-08-17,741
20010943,I10,ICD-10-CM,2025-05-18,650
20010943,I10,ICD-10-CM,2025-09-02,757
20010943,L50.9,ICD-10-CM,2024-02-07,184
20010943,I10,ICD-10-CM,2023-12-25,140
20010943,E78.5,ICD-10-CM,2023-11-07,92
20010943,J45.909,ICD-10-CM,2023-10-05,59
20010943,R53.83,ICD-10-CM,2024-03-23,229
20010943,K21.9,ICD-10-CM,2024-11-25,476
20010945,E78.5,ICD-10-CM,2025-08-10,268
20010945,R10.9,ICD-10-CM,2025-06-09,206
20010945,K21.9,ICD-10-CM,2025-09-27,316
20010945,R10.9,ICD-10-CM,2025-05-25,191
20010945,L50.9,ICD-10-CM,2025-07-02,229
20010945,G43.909,ICD-10-CM,2025-04-24,160
20010946,J45.909,ICD-10-CM,2026-02-25,25
20010946,G43.909,ICD-10-CM,2026-03-23,51
20010946,G43.909,ICD-10-CM,2026-04-25,84
20010946,I10,ICD-10-CM,2026-04-05,64
20010946,R53.83,ICD-10-CM,2026-03-13,41
20010950,E78.5,ICD-10-CM,2026-04-08,5
20010950,R53.83,ICD-10-CM,2026-05-07,34
20010957,R53.83,ICD-10-CM,2025-05-26,18
20010957,K21.9,ICD-10-CM,2025-06-14,37
20010957,E78.5,ICD-10-CM,2025-05-09,1
20010957,I10,ICD-10-CM,2025-06-01,24
20010957,I10,ICD-10-CM,2025-07-25,78
20010961,G43.909,ICD-10-CM,2024-08-04,90
20010961,K21.9,ICD-10-CM,2024-06-23,48
20010971,I10,ICD-10-CM,2025-09-20,244
20010971,E78.5,ICD-10-CM,2026-01-14,360
20010971,R53.83,ICD-10-CM,2025-07-02,164
20010971,L50.9,ICD-10-CM,2025-07-28,190
20010988,R10.9,ICD-10-CM,2025-12-23,131
20010988,I10,ICD-10-CM,2026-02-01,171
20010988,J45.909,ICD-10-CM,2025-08-15,1
20010994,R53.83,ICD-10-CM,2024-12-23,265
20010994,R53.83,ICD-10-CM,2025-03-15,347
20010994,I10,ICD-10-CM,2024-09-26,177
20010994,M79.7,ICD-10-CM,2025-12-02,609
20010994,M79.7,ICD-10-CM,2025-09-08,524
20010994,M79.7,ICD-10-CM,2024-09-01,152
20010994,J45.909,ICD-10-CM,2025-10-06,552
20010994,E78.5,ICD-10-CM,2024-12-14,256
20010994,K21.9,ICD-10-CM,2024-06-09,68
20011005,M79.7,ICD-10-CM,2025-12-03,194
20011005,G43.909,ICD-10-CM,2026-04-06,318
20011005,F41.9,ICD-10-CM,2026-01-06,228
20011008,M79.7,ICD-10-CM,2026-05-08,1
20011008,E78.5,ICD-10-CM,2026-05-08,1
20011008,J45.909,ICD-10-CM,2026-05-22,15
20011008,K21.9,ICD-10-CM,2026-05-21,14
20011020,E78.5,ICD-10-CM,2026-04-22,326
20011020,R53.83,ICD-10-CM,2025-10-03,125
20011020,F41.9,ICD-10-CM,2026-01-22,236
20011020,G43.909,ICD-10-CM,2025-11-19,172
20011020,E78.5,ICD-10-CM,2025-12-31,214
20011020,K21.9,ICD-10-CM,2025-10-14,136
20011020,K21.9,ICD-10-CM,2025-10-13,135
20011024,R53.83,ICD-10-CM,2025-12-30,326
20011024,E78.5,ICD-10-CM,2025-11-04,270
20011024,F41.9,ICD-10-CM,2026-05-03,450
20011024,K21.9,ICD-10-CM,2025-10-23,258
20011024,G43.909,ICD-10-CM,2025-03-21,42
20011024,E78.5,ICD-10-CM,2026-01-24,351
20011028,R10.9,ICD-10-CM,2024-04-30,19
20011028,I10,ICD-10-CM,2025-03-27,350
20011028,J45.909,ICD-10-CM,2025-05-25,409
20011028,I10,ICD-10-CM,2025-03-04,327
20011028,L50.9,ICD-10-CM,2025-09-12,519
20011028,G43.909,ICD-10-CM,2025-07-22,467
20011028,K21.9,ICD-10-CM,2025-02-27,322
20011028,R53.83,ICD-10-CM,2025-07-17,462
20011028,I10,ICD-10-CM,2024-09-07,149
20011028,M79.7,ICD-10-CM,2026-02-17,677
20011028,I10,ICD-10-CM,2024-07-23,103
20011028,J45.909,ICD-10-CM,2026-05-17,766
20011028,K21.9,ICD-10-CM,2025-11-13,581
20011044,R10.9,ICD-10-CM,2026-04-16,24
20011044,E78.5,ICD-10-CM,2026-05-24,62
20011048,E78.5,ICD-10-CM,2024-11-13,31
20011060,M79.7,ICD-10-CM,2025-04-01,622
20011060,R53.83,ICD-10-CM,2024-05-24,310
20011060,R10.9,ICD-10-CM,2024-10-18,457
20011060,R53.83,ICD-10-CM,2025-03-28,618
20011060,R53.83,ICD-10-CM,2024-09-18,427
20011060,K21.9,ICD-10-CM,2024-08-19,397
20011060,K21.9,ICD-10-CM,2024-08-03,381
20011060,G43.909,ICD-10-CM,2025-01-03,534
20011060,G43.909,ICD-10-CM,2024-07-02,349
20011060,E78.5,ICD-10-CM,2025-05-18,669
20011060,R53.83,ICD-10-CM,2023-10-04,77
20011060,E78.5,ICD-10-CM,2025-01-02,533
20011064,R53.83,ICD-10-CM,2026-04-22,17
20011064,J45.909,ICD-10-CM,2026-05-09,34
20011064,K21.9,ICD-10-CM,2026-05-11,36
20011071,M79.7,ICD-10-CM,2022-02-05,86
20011071,K21.9,ICD-10-CM,2022-03-04,113
20011071,G43.909,ICD-10-CM,2022-05-05,175
20011071,F41.9,ICD-10-CM,2022-07-30,261
20011071,L50.9,ICD-10-CM,2022-02-21,102
20011071,I10,ICD-10-CM,2022-08-29,291
20011074,G43.909,ICD-10-CM,2024-12-22,54
20011074,R53.83,ICD-10-CM,2024-12-08,40
20011074,G43.909,ICD-10-CM,2025-11-05,372
20011074,M79.7,ICD-10-CM,2026-01-06,434
20011074,R10.9,ICD-10-CM,2026-02-04,463
20011074,L50.9,ICD-10-CM,2025-09-22,328
20011074,I10,ICD-10-CM,2025-03-31,153
20011074,R10.9,ICD-10-CM,2025-04-03,156
20011077,G43.909,ICD-10-CM,2025-01-04,2
20011077,L50.9,ICD-10-CM,2025-05-05,123
20011077,E78.5,ICD-10-CM,2025-02-02,31
20011091,I10,ICD-10-CM,2026-02-26,421
20011091,F41.9,ICD-10-CM,2025-04-18,107
20011091,F41.9,ICD-10-CM,2025-12-03,336
20011091,K21.9,ICD-10-CM,2025-11-12,315
20011091,R10.9,ICD-10-CM,2025-10-25,297
20011091,L50.9,ICD-10-CM,2026-01-31,395
20011092,L50.9,ICD-10-CM,2025-12-25,591
20011092,I10,ICD-10-CM,2024-05-28,15
20011092,E78.5,ICD-10-CM,2024-07-14,62
20011092,R53.83,ICD-10-CM,2024-11-05,176
20011092,R53.83,ICD-10-CM,2025-01-22,254
20011092,R53.83,ICD-10-CM,2025-06-28,411
20011092,I10,ICD-10-CM,2024-09-16,126
20011098,I10,ICD-10-CM,2023-09-06,248
20011098,I10,ICD-10-CM,2023-12-21,354
20011098,J45.909,ICD-10-CM,2024-02-04,399
20011098,I10,ICD-10-CM,2023-02-22,52
20011098,M79.7,ICD-10-CM,2024-06-09,525
20011098,F41.9,ICD-10-CM,2023-01-04,3
20011098,R10.9,ICD-10-CM,2023-04-19,108
20011098,E78.5,ICD-10-CM,2024-07-05,551
20011101,G43.909,ICD-10-CM,2025-10-15,94
20011101,R10.9,ICD-10-CM,2025-10-11,90
20011101,M79.7,ICD-10-CM,2025-08-02,20
20011101,R53.83,ICD-10-CM,2025-11-12,122
20011104,K21.9,ICD-10-CM,2025-10-14,273
20011104,L50.9,ICD-10-CM,2025-08-09,207
20011104,E78.5,ICD-10-CM,2026-05-29,500
20011111,F41.9,ICD-10-CM,2025-12-08,3
20011111,R10.9,ICD-10-CM,2026-04-14,130
20011111,K21.9,ICD-10-CM,2026-04-29,145
20011111,J45.909,ICD-10-CM,2026-04-06,122
20011112,R53.83,ICD-10-CM,2023-06-26,229
20011112,J45.909,ICD-10-CM,2024-04-30,538
20011112,I10,ICD-10-CM,2023-01-21,73
20011112,G43.909,ICD-10-CM,2023-04-30,172
20011112,E78.5,ICD-10-CM,2023-02-18,101
20011115,I10,ICD-10-CM,2025-12-22,45
20011115,E78.5,ICD-10-CM,2025-12-01,24
20011121,K21.9,ICD-10-CM,2025-08-12,118
20011121,K21.9,ICD-10-CM,2025-11-12,210
20011136,K21.9,ICD-10-CM,2025-11-02,218
20011136,J45.909,ICD-10-CM,2026-03-24,360
20011136,E78.5,ICD-10-CM,2026-03-24,360
20011136,R10.9,ICD-10-CM,2025-05-28,60
20011136,I10,ICD-10-CM,2026-01-24,301
20011136,I10,ICD-10-CM,2025-09-22,177
20011136,J45.909,ICD-10-CM,2025-07-05,98
20011136,L50.9,ICD-10-CM,2025-06-15,78
20011136,K21.9,ICD-10-CM,2025-08-21,145
20011137,G43.909,ICD-10-CM,2023-05-16,16
20011137,K21.9,ICD-10-CM,2023-05-08,8
20011137,K21.9,ICD-10-CM,2024-02-24,300
20011137,M79.7,ICD-10-CM,2024-07-13,440
20011137,I10,ICD-10-CM,2024-04-08,344
20011137,K21.9,ICD-10-CM,2024-06-27,424
20011137,I10,ICD-10-CM,2023-12-14,228
20011150,M79.7,ICD-10-CM,2026-01-13,701
20011150,R53.83,ICD-10-CM,2024-05-23,101
20011150,F41.9,ICD-10-CM,2025-03-24,406
20011150,R53.83,ICD-10-CM,2025-12-06,663
20011150,G43.909,ICD-10-CM,2025-09-08,574
20011150,L50.9,ICD-10-CM,2024-02-29,17
20011150,I10,ICD-10-CM,2025-05-31,474
20011150,L50.9,ICD-10-CM,2024-10-29,260
20011159,M79.7,ICD-10-CM,2024-06-05,31
20011159,R53.83,ICD-10-CM,2025-05-04,364
20011159,R10.9,ICD-10-CM,2024-12-26,235
20011159,M79.7,ICD-10-CM,2024-12-31,240
20011159,R53.83,ICD-10-CM,2025-02-25,296
20011159,L50.9,ICD-10-CM,2025-07-02,423
20011159,R53.83,ICD-10-CM,2026-01-08,613
20011159,G43.909,ICD-10-CM,2025-11-24,568
20011163,F41.9,ICD-10-CM,2025-10-24,216
20011163,F41.9,ICD-10-CM,2025-11-12,235
20011163,I10,ICD-10-CM,2025-08-03,134
20011163,G43.909,ICD-10-CM,2026-04-30,404
20011166,K21.9,ICD-10-CM,2025-03-29,248
20011166,J45.909,ICD-10-CM,2025-09-04,407
20011166,E78.5,ICD-10-CM,2025-08-14,386
20011170,R53.83,ICD-10-CM,2025-10-27,2
20011170,E78.5,ICD-10-CM,2026-03-16,142
20011170,M79.7,ICD-10-CM,2026-05-10,197
20011170,R10.9,ICD-10-CM,2026-01-04,71
20011170,R53.83,ICD-10-CM,2025-11-03,9
20011172,J45.909,ICD-10-CM,2024-09-29,322
20011172,I10,ICD-10-CM,2024-09-08,301
20011172,L50.9,ICD-10-CM,2024-04-23,163
20011172,I10,ICD-10-CM,2024-01-16,65
20011172,J45.909,ICD-10-CM,2024-03-10,119
20011172,I10,ICD-10-CM,2023-12-24,42
20011187,F41.9,ICD-10-CM,2025-04-21,345
20011187,R53.83,ICD-10-CM,2025-11-24,562
20011187,J45.909,ICD-10-CM,2024-06-21,41
20011187,L50.9,ICD-10-CM,2025-04-07,331
20011187,F41.9,ICD-10-CM,2024-11-13,186
20011191,R53.83,ICD-10-CM,2025-11-25,150
20011191,J45.909,ICD-10-CM,2026-04-27,303
20011191,G43.909,ICD-10-CM,2026-02-24,241
20011192,M79.7,ICD-10-CM,2023-08-12,51
20011192,G43.909,ICD-10-CM,2024-01-16,208
20011192,G43.909,ICD-10-CM,2023-10-30,130
20011194,K21.9,ICD-10-CM,2024-12-10,89
20011194,E78.5,ICD-10-CM,2024-09-22,10
20011197,R10.9,ICD-10-CM,2025-10-27,220
20011197,I10,ICD-10-CM,2026-03-28,372
20011197,E78.5,ICD-10-CM,2026-02-16,332
20011197,R53.83,ICD-10-CM,2025-11-09,233
20011203,G43.909,ICD-10-CM,2024-05-30,152
20011203,R53.83,ICD-10-CM,2025-10-17,657
20011203,F41.9,ICD-10-CM,2025-12-12,713
20011203,E78.5,ICD-10-CM,2024-08-31,245
20011203,G43.909,ICD-10-CM,2024-09-03,248
20011203,R53.83,ICD-10-CM,2026-03-15,806
20011203,F41.9,ICD-10-CM,2024-10-14,289
20011203,G43.909,ICD-10-CM,2025-09-15,625
20011207,R10.9,ICD-10-CM,2023-05-28,39
20011207,R10.9,ICD-10-CM,2024-02-17,304
20011207,I10,ICD-10-CM,2024-01-01,257
20011207,L50.9,ICD-10-CM,2023-12-01,226
20011207,F41.9,ICD-10-CM,2023-10-18,182
20011211,I10,ICD-10-CM,2023-07-21,174
20011211,I10,ICD-10-CM,2024-01-22,359
20011220,K21.9,ICD-10-CM,2024-02-05,410
20011220,R53.83,ICD-10-CM,2023-10-05,287
20011220,G43.909,ICD-10-CM,2023-10-10,292
20011220,J45.909,ICD-10-CM,2023-12-11,354
20011220,K21.9,ICD-10-CM,2023-11-23,336
20011220,G43.909,ICD-10-CM,2023-02-05,45
20011220,I10,ICD-10-CM,2023-08-05,226
20011220,G43.909,ICD-10-CM,2023-07-31,221
20011220,F41.9,ICD-10-CM,2023-08-11,232
20011220,F41.9,ICD-10-CM,2023-12-08,351
20011227,L50.9,ICD-10-CM,2026-05-31,18
20011227,K21.9,ICD-10-CM,2026-05-18,5
20011227,R53.83,ICD-10-CM,2026-05-19,6
20011227,L50.9,ICD-10-CM,2026-05-22,9
20011228,R53.83,ICD-10-CM,2023-02-04,16
20011228,R53.83,ICD-10-CM,2023-12-04,319
20011228,K21.9,ICD-10-CM,2023-05-10,111
20011228,L50.9,ICD-10-CM,2023-07-27,189
20011235,G43.909,ICD-10-CM,2024-12-04,781
20011235,F41.9,ICD-10-CM,2023-03-25,161
20011235,E78.5,ICD-10-CM,2024-04-28,561
20011235,E78.5,ICD-10-CM,2023-04-15,182
20011235,G43.909,ICD-10-CM,2024-12-25,802
20011235,R53.83,ICD-10-CM,2024-08-22,677
20011235,R10.9,ICD-10-CM,2024-08-24,679
20011248,F41.9,ICD-10-CM,2025-03-17,75
20011248,F41.9,ICD-10-CM,2025-11-13,316
20011248,R53.83,ICD-10-CM,2025-11-18,321
20011248,I10,ICD-10-CM,2025-12-19,352
20011248,I10,ICD-10-CM,2025-09-09,251
20011248,I10,ICD-10-CM,2026-03-18,441
20011248,K21.9,ICD-10-CM,2025-07-20,200
20011248,K21.9,ICD-10-CM,2026-04-27,481
20011248,R53.83,ICD-10-CM,2025-02-27,57
20011248,G43.909,ICD-10-CM,2025-01-05,4
20011248,F41.9,ICD-10-CM,2026-05-19,503
20011253,I10,ICD-10-CM,2026-03-18,412
20011253,I10,ICD-10-CM,2025-12-04,308
20011253,M79.7,ICD-10-CM,2025-10-27,270
20011253,G43.909,ICD-10-CM,2025-07-19,170
20011253,R53.83,ICD-10-CM,2025-09-24,237
20011253,I10,ICD-10-CM,2026-03-05,399
20011254,R53.83,ICD-10-CM,2025-01-13,129
20011254,E78.5,ICD-10-CM,2025-05-31,267
20011254,F41.9,ICD-10-CM,2026-03-07,547
20011254,R10.9,ICD-10-CM,2024-10-26,50
20011261,E78.5,ICD-10-CM,2024-09-28,171
20011261,G43.909,ICD-10-CM,2026-01-22,652
20011261,F41.9,ICD-10-CM,2026-05-01,751
20011261,L50.9,ICD-10-CM,2025-09-28,536
20011261,I10,ICD-10-CM,2025-05-12,397
20011261,E78.5,ICD-10-CM,2024-07-20,101
20011261,I10,ICD-10-CM,2024-07-05,86
20011261,G43.909,ICD-10-CM,2024-07-30,111
20011261,J45.909,ICD-10-CM,2026-04-30,750
20011261,I10,ICD-10-CM,2024-07-06,87
20011261,E78.5,ICD-10-CM,2025-01-14,279
20011261,I10,ICD-10-CM,2025-12-28,627
20011263,K21.9,ICD-10-CM,2024-11-26,141
20011263,K21.9,ICD-10-CM,2024-09-15,69
20011263,K21.9,ICD-10-CM,2024-09-01,55
20011263,R53.83,ICD-10-CM,2024-11-14,129
20011268,G43.909,ICD-10-CM,2025-05-30,8
20011268,R10.9,ICD-10-CM,2025-09-28,129
20011268,K21.9,ICD-10-CM,2025-12-08,200
20011268,M79.7,ICD-10-CM,2026-05-11,354
20011281,R53.83,ICD-10-CM,2023-11-02,17
20011281,R53.83,ICD-10-CM,2024-02-04,111
20011281,L50.9,ICD-10-CM,2024-05-05,202
20011299,R10.9,ICD-10-CM,2026-03-06,505
20011306,I10,ICD-10-CM,2026-01-12,701
20011306,R53.83,ICD-10-CM,2024-10-08,240
20011306,K21.9,ICD-10-CM,2025-05-06,450
20011306,K21.9,ICD-10-CM,2025-11-15,643
20011306,G43.909,ICD-10-CM,2024-04-07,56
20011306,I10,ICD-10-CM,2025-11-10,638
20011306,M79.7,ICD-10-CM,2025-01-11,335
20011306,L50.9,ICD-10-CM,2025-11-06,634
20011306,K21.9,ICD-10-CM,2026-04-15,794
20011315,R53.83,ICD-10-CM,2024-07-13,179
20011315,R53.83,ICD-10-CM,2025-01-26,376
20011315,K21.9,ICD-10-CM,2024-12-14,333
20011315,J45.909,ICD-10-CM,2024-03-03,47
20011315,L50.9,ICD-10-CM,2024-05-17,122
20011319,G43.909,ICD-10-CM,2025-01-30,32
20011353,J45.909,ICD-10-CM,2026-02-03,2
20011353,K21.9,ICD-10-CM,2026-02-07,6
20011369,I10,ICD-10-CM,2025-09-05,105
20011369,K21.9,ICD-10-CM,2026-04-30,342
20011377,K21.9,ICD-10-CM,2024-08-10,93
20011377,I10,ICD-10-CM,2024-12-02,207
20011377,R53.83,ICD-10-CM,2024-10-01,145
20011377,I10,ICD-10-CM,2024-10-27,171
20011377,R10.9,ICD-10-CM,2024-11-15,190
20011377,J45.909,ICD-10-CM,2024-08-14,97
20011377,M79.7,ICD-10-CM,2025-03-09,304
20011377,L50.9,ICD-10-CM,2024-09-18,132
20011377,K21.9,ICD-10-CM,2025-01-07,243
20011383,I10,ICD-10-CM,2023-11-11,303
20011383,G43.909,ICD-10-CM,2023-10-15,276
20011383,R10.9,ICD-10-CM,2023-01-27,15
20011383,G43.909,ICD-10-CM,2023-12-04,326
20011383,J45.909,ICD-10-CM,2024-01-24,377
20011383,E78.5,ICD-10-CM,2023-03-08,55
20011383,E78.5,ICD-10-CM,2023-10-13,274
20011387,M79.7,ICD-10-CM,2026-02-26,480
20011387,G43.909,ICD-10-CM,2025-03-09,126
20011387,E78.5,ICD-10-CM,2025-07-11,250
20011387,K21.9,ICD-10-CM,2025-05-01,179
20011387,I10,ICD-10-CM,2025-09-09,310
20011387,E78.5,ICD-10-CM,2025-12-30,422
20011387,R53.83,ICD-10-CM,2025-10-25,356
20011387,G43.909,ICD-10-CM,2025-02-28,117
20011403,R53.83,ICD-10-CM,2025-06-25,212
20011403,M79.7,ICD-10-CM,2025-10-12,321
20011403,R53.83,ICD-10-CM,2026-03-07,467
20011403,R10.9,ICD-10-CM,2025-05-04,160
20011403,J45.909,ICD-10-CM,2025-02-25,92
20011403,R10.9,ICD-10-CM,2025-12-23,393
20011403,K21.9,ICD-10-CM,2026-03-01,461
20011419,I10,ICD-10-CM,2026-04-04,46
20011419,J45.909,ICD-10-CM,2026-04-12,54
20011425,G43.909,ICD-10-CM,2026-01-11,132
20011425,E78.5,ICD-10-CM,2026-05-26,267
20011425,R10.9,ICD-10-CM,2026-01-21,142
20011426,G43.909,ICD-10-CM,2022-05-30,16
20011431,M79.7,ICD-10-CM,2025-09-12,208
20011431,M79.7,ICD-10-CM,2026-04-24,432
20011431,K21.9,ICD-10-CM,2025-02-26,10
20011431,K21.9,ICD-10-CM,2025-11-30,287
20011431,R10.9,ICD-10-CM,2025-06-15,119
20011431,I10,ICD-10-CM,2025-11-03,260
20011431,F41.9,ICD-10-CM,2025-04-10,53
20011433,E78.5,ICD-10-CM,2023-06-30,79
20011433,F41.9,ICD-10-CM,2024-12-05,603
20011433,J45.909,ICD-10-CM,2024-09-23,530
20011433,E78.5,ICD-10-CM,2024-07-25,470
20011433,J45.909,ICD-10-CM,2024-04-26,380
20011437,E78.5,ICD-10-CM,2025-11-07,6
20011437,G43.909,ICD-10-CM,2026-01-23,83
20011440,E78.5,ICD-10-CM,2024-12-06,5
20011440,E78.5,ICD-10-CM,2025-03-10,99
20011440,I10,ICD-10-CM,2025-03-28,117
20011440,J45.909,ICD-10-CM,2024-12-10,9
20011447,R53.83,ICD-10-CM,2023-09-17,284
20011447,R10.9,ICD-10-CM,2023-06-27,202
20011447,I10,ICD-10-CM,2023-10-06,303
20011448,J45.909,ICD-10-CM,2025-11-02,131
20011452,F41.9,ICD-10-CM,2024-07-27,571
20011452,G43.909,ICD-10-CM,2023-08-29,238
20011452,R53.83,ICD-10-CM,2024-10-13,649
20011452,J45.909,ICD-10-CM,2023-11-14,315
20011452,E78.5,ICD-10-CM,2023-05-03,120
20011452,J45.909,ICD-10-CM,2023-08-29,238
20011452,E78.5,ICD-10-CM,2024-04-03,456
20011452,K21.9,ICD-10-CM,2024-06-08,522
20011459,I10,ICD-10-CM,2023-10-01,410
20011459,R53.83,ICD-10-CM,2023-05-17,273
20011459,F41.9,ICD-10-CM,2023-10-27,436
20011459,R53.83,ICD-10-CM,2023-04-19,245
20011459,R10.9,ICD-10-CM,2023-03-11,206
20011459,L50.9,ICD-10-CM,2023-05-22,278
20011459,L50.9,ICD-10-CM,2023-06-21,308
20011460,L50.9,ICD-10-CM,2025-09-30,334
20011460,E78.5,ICD-10-CM,2025-09-29,333
20011463,R10.9,ICD-10-CM,2022-02-02,3
20011490,I10,ICD-10-CM,2026-05-20,125
20011490,R53.83,ICD-10-CM,2026-03-09,53
20011490,G43.909,ICD-10-CM,2026-04-19,94
20011490,R10.9,ICD-10-CM,2026-01-16,1
20011490,I10,ICD-10-CM,2026-02-04,20
20011490,L50.9,ICD-10-CM,2026-01-17,2
20011491,I10,ICD-10-CM,2026-05-25,10
20011491,L50.9,ICD-10-CM,2026-05-26,11
20011506,M79.7,ICD-10-CM,2026-01-31,394
20011506,K21.9,ICD-10-CM,2026-03-16,438
20011506,M79.7,ICD-10-CM,2026-02-01,395
20011506,K21.9,ICD-10-CM,2026-02-20,414
20011506,R10.9,ICD-10-CM,2025-08-07,217
20011506,L50.9,ICD-10-CM,2025-06-22,171
20011511,E78.5,ICD-10-CM,2023-09-23,97
20011511,E78.5,ICD-10-CM,2023-10-14,118
20011511,J45.909,ICD-10-CM,2023-08-27,70
20011511,F41.9,ICD-10-CM,2023-07-25,37
20011520,E78.5,ICD-10-CM,2023-01-27,76
20011520,K21.9,ICD-10-CM,2024-04-29,534
20011520,G43.909,ICD-10-CM,2024-12-27,776
20011520,K21.9,ICD-10-CM,2023-12-04,387
20011520,R10.9,ICD-10-CM,2024-04-07,512
20011520,I10,ICD-10-CM,2023-06-12,212
20011521,R10.9,ICD-10-CM,2025-02-16,120
20011521,G43.909,ICD-10-CM,2025-06-27,251
20011521,G43.909,ICD-10-CM,2026-04-15,543
20011521,R53.83,ICD-10-CM,2025-02-21,125
20011526,F41.9,ICD-10-CM,2026-03-28,264
20011526,E78.5,ICD-10-CM,2025-10-09,94
20011526,M79.7,ICD-10-CM,2025-09-29,84
20011526,I10,ICD-10-CM,2026-05-06,303
20011534,E78.5,ICD-10-CM,2024-05-30,13
20011534,I10,ICD-10-CM,2025-01-27,255
20011534,J45.909,ICD-10-CM,2025-03-12,299
20011534,R53.83,ICD-10-CM,2025-08-16,456
20011541,G43.909,ICD-10-CM,2026-02-12,231
20011541,L50.9,ICD-10-CM,2026-01-14,202
20011541,R10.9,ICD-10-CM,2025-07-16,20
20011541,J45.909,ICD-10-CM,2026-02-27,246
20011554,I10,ICD-10-CM,2026-05-02,40
20011554,I10,ICD-10-CM,2026-04-13,21
20011554,R53.83,ICD-10-CM,2026-04-29,37
20011560,J45.909,ICD-10-CM,2025-02-10,823
20011560,K21.9,ICD-10-CM,2024-10-02,692
20011560,I10,ICD-10-CM,2022-12-14,34
20011560,L50.9,ICD-10-CM,2024-07-27,625
20011560,R10.9,ICD-10-CM,2025-01-19,801
20011560,K21.9,ICD-10-CM,2023-12-05,390
20011560,G43.909,ICD-10-CM,2023-05-23,194
20011560,R10.9,ICD-10-CM,2024-08-23,652
20011562,M79.7,ICD-10-CM,2026-05-07,378
20011562,E78.5,ICD-10-CM,2025-10-21,180
20011562,R10.9,ICD-10-CM,2026-04-09,350
20011562,R53.83,ICD-10-CM,2026-05-15,386
20011562,R53.83,ICD-10-CM,2025-09-16,145
20011567,I10,ICD-10-CM,2025-07-06,199
20011567,J45.909,ICD-10-CM,2025-12-16,362
20011567,J45.909,ICD-10-CM,2026-05-06,503
20011567,M79.7,ICD-10-CM,2025-06-20,183
20011567,I10,ICD-10-CM,2025-04-06,108
20011572,J45.909,ICD-10-CM,2024-11-20,79
20011572,K21.9,ICD-10-CM,2025-06-23,294
20011572,R53.83,ICD-10-CM,2025-11-25,449
20011577,K21.9,ICD-10-CM,2026-01-18,76
20011577,I10,ICD-10-CM,2026-02-23,112
20011577,L50.9,ICD-10-CM,2026-02-05,94
20011580,E78.5,ICD-10-CM,2022-07-17,27
20011580,G43.909,ICD-10-CM,2022-10-15,117
20011586,I10,ICD-10-CM,2023-10-15,249
20011586,R53.83,ICD-10-CM,2023-06-23,135
20011601,I10,ICD-10-CM,2026-05-09,8
20011601,L50.9,ICD-10-CM,2026-05-13,12
20011608,E78.5,ICD-10-CM,2026-02-25,86
20011608,I10,ICD-10-CM,2026-04-10,130
20011608,G43.909,ICD-10-CM,2026-02-09,70
20011608,E78.5,ICD-10-CM,2026-04-29,149
20011608,L50.9,ICD-10-CM,2026-01-25,55
20011608,M79.7,ICD-10-CM,2026-01-18,48
20011608,G43.909,ICD-10-CM,2026-04-13,133
20011608,G43.909,ICD-10-CM,2026-02-12,73
20011609,I10,ICD-10-CM,2025-07-19,85
20011609,K21.9,ICD-10-CM,2025-10-29,187
20011612,J45.909,ICD-10-CM,2025-10-24,195
20011612,L50.9,ICD-10-CM,2025-06-18,67
20011612,K21.9,ICD-10-CM,2025-10-30,201
20011616,F41.9,ICD-10-CM,2022-03-16,13
20011616,I10,ICD-10-CM,2023-08-14,529
20011616,E78.5,ICD-10-CM,2023-11-21,628
20011616,R53.83,ICD-10-CM,2022-07-01,120
20011616,I10,ICD-10-CM,2024-01-05,673
20011616,R53.83,ICD-10-CM,2023-04-29,422
20011616,G43.909,ICD-10-CM,2023-07-02,486
20011616,R53.83,ICD-10-CM,2022-12-31,303
20011616,K21.9,ICD-10-CM,2022-06-16,105
20011616,I10,ICD-10-CM,2022-10-19,230
20011622,L50.9,ICD-10-CM,2024-10-04,517
20011622,R10.9,ICD-10-CM,2023-12-27,235
20011622,L50.9,ICD-10-CM,2024-09-23,506
20011622,E78.5,ICD-10-CM,2023-11-27,205
20011622,J45.909,ICD-10-CM,2025-05-16,741
20011622,J45.909,ICD-10-CM,2025-01-01,606
20011622,E78.5,ICD-10-CM,2025-03-04,668
20011622,I10,ICD-10-CM,2025-05-07,732
20011645,K21.9,ICD-10-CM,2024-05-18,899
20011645,L50.9,ICD-10-CM,2026-01-05,1496
20011645,J45.909,ICD-10-CM,2024-12-29,1124
20011645,I10,ICD-10-CM,2022-06-01,182
20011645,R53.83,ICD-10-CM,2022-12-28,392
20011645,E78.5,ICD-10-CM,2025-01-20,1146
20011645,I10,ICD-10-CM,2025-07-05,1312
20011645,R53.83,ICD-10-CM,2024-04-07,858
20011645,G43.909,ICD-10-CM,2024-02-09,800
20011645,G43.909,ICD-10-CM,2023-10-02,670
20011645,F41.9,ICD-10-CM,2022-07-17,228
20011645,F41.9,ICD-10-CM,2022-10-09,312
20011645,K21.9,ICD-10-CM,2022-03-22,111
20011645,I10,ICD-10-CM,2024-06-29,941
20011645,E78.5,ICD-10-CM,2024-09-04,1008
20011645,K21.9,ICD-10-CM,2024-02-15,806
20011645,F41.9,ICD-10-CM,2022-01-16,46
20011645,R10.9,ICD-10-CM,2022-12-12,376
20011645,M79.7,ICD-10-CM,2023-04-21,506
20011654,L50.9,ICD-10-CM,2025-01-25,306
20011654,K21.9,ICD-10-CM,2025-01-07,288
20011657,I10,ICD-10-CM,2022-06-22,260
20011657,I10,ICD-10-CM,2022-02-16,134
20011657,R53.83,ICD-10-CM,2022-01-06,93
20011664,G43.909,ICD-10-CM,2024-10-21,353
20011664,J45.909,ICD-10-CM,2024-09-03,305
20011664,R53.83,ICD-10-CM,2024-06-20,230
20011664,I10,ICD-10-CM,2024-08-22,293
20011664,R10.9,ICD-10-CM,2024-08-27,298
20011665,F41.9,ICD-10-CM,2022-08-25,162
20011665,R10.9,ICD-10-CM,2022-08-18,155
20011665,R53.83,ICD-10-CM,2022-04-02,17
20011683,J45.909,ICD-10-CM,2024-06-25,26
20011683,R53.83,ICD-10-CM,2024-07-04,35
20011683,K21.9,ICD-10-CM,2024-11-06,160
20011683,R53.83,ICD-10-CM,2024-10-01,124
20011683,F41.9,ICD-10-CM,2024-12-12,196
20011683,K21.9,ICD-10-CM,2024-09-19,112
20011685,E78.5,ICD-10-CM,2025-09-19,250
20011685,R10.9,ICD-10-CM,2025-02-16,35
20011694,E78.5,ICD-10-CM,2026-02-28,161
20011694,M79.7,ICD-10-CM,2026-02-06,139
20011694,M79.7,ICD-10-CM,2026-04-30,222
20011694,R53.83,ICD-10-CM,2026-02-24,157
20011694,E78.5,ICD-10-CM,2026-01-11,113
20011694,R53.83,ICD-10-CM,2025-11-03,44
20011696,R10.9,ICD-10-CM,2025-10-18,65
20011696,F41.9,ICD-10-CM,2025-11-20,98
20011717,I10,ICD-10-CM,2023-02-25,17
20011717,R10.9,ICD-10-CM,2024-09-03,573
20011717,E78.5,ICD-10-CM,2023-02-18,10
20011717,K21.9,ICD-10-CM,2023-11-21,286
20011717,I10,ICD-10-CM,2025-05-26,838
20011717,R10.9,ICD-10-CM,2024-08-26,565
20011717,F41.9,ICD-10-CM,2024-02-14,371
20011717,E78.5,ICD-10-CM,2025-04-15,797
20011717,K21.9,ICD-10-CM,2024-10-14,614
20011725,I10,ICD-10-CM,2023-03-05,46
20011727,F41.9,ICD-10-CM,2024-09-20,286
20011727,F41.9,ICD-10-CM,2024-07-23,227
20011727,K21.9,ICD-10-CM,2024-01-31,53
20011727,I10,ICD-10-CM,2024-07-19,223
20011727,R53.83,ICD-10-CM,2024-09-22,288
20011727,E78.5,ICD-10-CM,2024-03-20,102
20011727,I10,ICD-10-CM,2024-09-07,273
20011727,J45.909,ICD-10-CM,2024-07-14,218
20011727,J45.909,ICD-10-CM,2024-01-01,23
20011727,E78.5,ICD-10-CM,2024-02-18,71
20011729,G43.909,ICD-10-CM,2022-10-30,24
20011729,I10,ICD-10-CM,2024-10-01,726
20011729,K21.9,ICD-10-CM,2024-11-13,769
20011729,R53.83,ICD-10-CM,2024-02-14,496
20011729,G43.909,ICD-10-CM,2026-04-02,1274
20011729,R10.9,ICD-10-CM,2023-11-10,400
20011729,I10,ICD-10-CM,2026-05-05,1307
20011729,R53.83,ICD-10-CM,2023-08-29,327
20011729,R10.9,ICD-10-CM,2023-12-27,447
20011729,J45.909,ICD-10-CM,2024-08-26,690
20011729,L50.9,ICD-10-CM,2025-11-26,1147
20011729,G43.909,ICD-10-CM,2025-10-18,1108
20011732,E78.5,ICD-10-CM,2025-10-10,159
20011732,L50.9,ICD-10-CM,2025-10-18,167
20011741,G43.909,ICD-10-CM,2026-04-07,22
20011753,F41.9,ICD-10-CM,2025-03-02,261
20011753,K21.9,ICD-10-CM,2025-05-25,345
20011753,I10,ICD-10-CM,2024-06-23,9
20011753,I10,ICD-10-CM,2024-11-12,151
20011753,I10,ICD-10-CM,2024-10-15,123
20011755,G43.909,ICD-10-CM,2026-03-07,48
20011760,E78.5,ICD-10-CM,2026-03-04,311
20011760,I10,ICD-10-CM,2026-05-19,387
20011760,M79.7,ICD-10-CM,2025-12-15,232
20011760,L50.9,ICD-10-CM,2025-11-20,207
20011765,J45.909,ICD-10-CM,2025-09-28,243
20011765,I10,ICD-10-CM,2026-04-06,433
20011765,I10,ICD-10-CM,2025-12-16,322
20011765,I10,ICD-10-CM,2025-09-11,226
20011765,I10,ICD-10-CM,2025-06-16,139
20011765,K21.9,ICD-10-CM,2026-03-04,400
20011769,E78.5,ICD-10-CM,2025-09-08,15
20011769,J45.909,ICD-10-CM,2026-03-04,192
20011769,R53.83,ICD-10-CM,2025-12-31,129
20011769,M79.7,ICD-10-CM,2026-03-02,190
20011769,L50.9,ICD-10-CM,2025-11-07,75
20011769,I10,ICD-10-CM,2025-11-06,74
20011781,R53.83,ICD-10-CM,2025-07-11,198
20011781,R10.9,ICD-10-CM,2026-03-28,458
20011781,M79.7,ICD-10-CM,2025-10-20,299
20011781,R53.83,ICD-10-CM,2025-08-12,230
20011784,M79.7,ICD-10-CM,2025-03-06,9
20011784,R53.83,ICD-10-CM,2025-05-01,65
20011784,R10.9,ICD-10-CM,2026-01-19,328
20011784,R10.9,ICD-10-CM,2025-03-31,34
20011784,L50.9,ICD-10-CM,2026-03-31,399
20011784,M79.7,ICD-10-CM,2026-02-14,354
20011784,G43.909,ICD-10-CM,2026-05-06,435
20011784,R53.83,ICD-10-CM,2025-03-25,28
20011796,K21.9,ICD-10-CM,2026-01-13,93
20011796,G43.909,ICD-10-CM,2025-12-09,58
20011796,L50.9,ICD-10-CM,2026-05-14,214
20011796,K21.9,ICD-10-CM,2026-01-08,88
20011796,I10,ICD-10-CM,2026-04-05,175
20011796,G43.909,ICD-10-CM,2026-03-17,156
20011808,K21.9,ICD-10-CM,2025-02-20,292
20011808,R10.9,ICD-10-CM,2024-10-20,169
20011808,R53.83,ICD-10-CM,2025-04-27,358
20011808,I10,ICD-10-CM,2025-12-01,576
20011808,J45.909,ICD-10-CM,2024-07-07,64
20011808,R53.83,ICD-10-CM,2026-04-03,699
20011809,I10,ICD-10-CM,2025-09-28,274
20011813,R53.83,ICD-10-CM,2023-02-15,93
20011813,L50.9,ICD-10-CM,2023-01-04,51
20011813,I10,ICD-10-CM,2024-06-16,580
20011813,F41.9,ICD-10-CM,2023-05-16,183
20011813,R10.9,ICD-10-CM,2024-09-24,680
20011813,K21.9,ICD-10-CM,2024-05-18,551
20011813,G43.909,ICD-10-CM,2026-03-01,1203
20011813,I10,ICD-10-CM,2022-12-07,23
20011813,J45.909,ICD-10-CM,2025-07-15,974
20011813,F41.9,ICD-10-CM,2026-03-17,1219
20011813,F41.9,ICD-10-CM,2023-07-04,232
20011813,E78.5,ICD-10-CM,2025-02-06,815
20011819,E78.5,ICD-10-CM,2025-08-29,109
20011819,K21.9,ICD-10-CM,2025-10-26,167
20011819,J45.909,ICD-10-CM,2025-12-28,230
20011819,R10.9,ICD-10-CM,2025-08-16,96
20011831,J45.909,ICD-10-CM,2024-05-31,848
20011831,R10.9,ICD-10-CM,2024-09-09,949
20011831,J45.909,ICD-10-CM,2024-08-20,929
20011831,I10,ICD-10-CM,2023-09-12,586
20011831,F41.9,ICD-10-CM,2023-08-18,561
20011831,J45.909,ICD-10-CM,2022-09-21,230
20011831,J45.909,ICD-10-CM,2024-04-07,794
20011831,F41.9,ICD-10-CM,2026-04-17,1534
20011831,R53.83,ICD-10-CM,2024-12-11,1042
20011831,K21.9,ICD-10-CM,2024-10-27,997
20011831,R10.9,ICD-10-CM,2025-02-16,1109
20011831,R10.9,ICD-10-CM,2022-06-08,125
20011831,E78.5,ICD-10-CM,2022-12-06,306
20011836,I10,ICD-10-CM,2026-05-14,187
20011836,G43.909,ICD-10-CM,2025-12-31,53
20011836,E78.5,ICD-10-CM,2026-05-01,174
20011836,K21.9,ICD-10-CM,2026-03-30,142
20011836,K21.9,ICD-10-CM,2026-05-27,200
20011847,R53.83,ICD-10-CM,2026-04-19,413
20011847,G43.909,ICD-10-CM,2025-09-09,191
20011847,J45.909,ICD-10-CM,2025-12-23,296
20011847,J45.909,ICD-10-CM,2025-10-31,243
20011847,K21.9,ICD-10-CM,2026-02-18,353
20011847,F41.9,ICD-10-CM,2025-06-14,104
20011850,F41.9,ICD-10-CM,2025-05-22,388
20011850,K21.9,ICD-10-CM,2024-08-23,116
20011850,E78.5,ICD-10-CM,2025-03-01,306
20011850,R10.9,ICD-10-CM,2024-06-19,51
20011850,R53.83,ICD-10-CM,2025-04-18,354
20011860,R53.83,ICD-10-CM,2024-06-12,119
20011860,L50.9,ICD-10-CM,2024-06-28,135
20011860,G43.909,ICD-10-CM,2024-05-05,81
20011866,R10.9,ICD-10-CM,2026-05-24,38
20011870,K21.9,ICD-10-CM,2025-09-14,51
20011870,J45.909,ICD-10-CM,2026-02-15,205
20011870,R53.83,ICD-10-CM,2025-08-17,23
20011870,J45.909,ICD-10-CM,2025-09-17,54
20011870,G43.909,ICD-10-CM,2026-01-28,187
20011870,R53.83,ICD-10-CM,2025-12-18,146
20011872,I10,ICD-10-CM,2024-11-23,113
20011872,F41.9,ICD-10-CM,2026-01-08,524
20011872,E78.5,ICD-10-CM,2026-05-13,649
20011872,F41.9,ICD-10-CM,2026-05-03,639
20011872,R53.83,ICD-10-CM,2025-02-07,189
20011872,L50.9,ICD-10-CM,2025-07-04,336
20011872,R10.9,ICD-10-CM,2024-10-21,80
20011872,R53.83,ICD-10-CM,2025-03-18,228
20011872,K21.9,ICD-10-CM,2025-08-09,372
20011872,R10.9,ICD-10-CM,2025-01-02,153
20011873,I10,ICD-10-CM,2026-05-11,84
20011873,F41.9,ICD-10-CM,2026-04-19,62
20011873,M79.7,ICD-10-CM,2026-03-25,37
20011873,J45.909,ICD-10-CM,2026-04-14,57
20011881,R53.83,ICD-10-CM,2025-05-07,155
20011884,E78.5,ICD-10-CM,2024-11-21,115
20011884,K21.9,ICD-10-CM,2025-04-09,254
20011884,G43.909,ICD-10-CM,2024-08-15,17
20011892,K21.9,ICD-10-CM,2025-03-30,43
20011892,M79.7,ICD-10-CM,2025-09-20,217
20011897,I10,ICD-10-CM,2022-12-02,46
20011904,I10,ICD-10-CM,2026-02-21,111
20011904,K21.9,ICD-10-CM,2026-03-27,145
20011904,F41.9,ICD-10-CM,2026-03-26,144
20011923,E78.5,ICD-10-CM,2026-02-24,91
20011923,R10.9,ICD-10-CM,2026-02-17,84
20011923,R53.83,ICD-10-CM,2026-05-23,179
20011923,F41.9,ICD-10-CM,2026-04-25,151
20011925,K21.9,ICD-10-CM,2026-05-13,22
20011925,I10,ICD-10-CM,2026-05-04,13
20011932,K21.9,ICD-10-CM,2026-04-14,225
20011932,R53.83,ICD-10-CM,2025-10-17,46
20011932,E78.5,ICD-10-CM,2026-01-29,150
20011932,J45.909,ICD-10-CM,2026-02-22,174
20011932,R53.83,ICD-10-CM,2025-11-26,86
20011932,L50.9,ICD-10-CM,2026-02-24,176
20011932,G43.909,ICD-10-CM,2026-02-13,165
20011954,F41.9,ICD-10-CM,2026-04-26,412
20011954,E78.5,ICD-10-CM,2025-03-26,16
20011954,R53.83,ICD-10-CM,2025-03-16,6
20011954,F41.9,ICD-10-CM,2026-03-16,371
20011954,G43.909,ICD-10-CM,2025-04-22,43
20011954,R10.9,ICD-10-CM,2025-04-30,51
20011959,L50.9,ICD-10-CM,2025-05-04,12
20011959,E78.5,ICD-10-CM,2025-06-13,52
20011959,E78.5,ICD-10-CM,2026-04-24,367
20011962,K21.9,ICD-10-CM,2026-04-20,72
20011962,I10,ICD-10-CM,2026-05-06,88
20011965,K21.9,ICD-10-CM,2022-09-12,143
20011965,G43.909,ICD-10-CM,2023-01-03,256
20011965,R53.83,ICD-10-CM,2022-04-27,5
20011965,E78.5,ICD-10-CM,2023-02-28,312
20011965,G43.909,ICD-10-CM,2023-02-06,290
20011965,I10,ICD-10-CM,2023-05-18,391
20011965,J45.909,ICD-10-CM,2022-12-25,247
20011965,E78.5,ICD-10-CM,2022-08-31,131
20011973,I10,ICD-10-CM,2025-04-21,335
20011973,R53.83,ICD-10-CM,2024-10-26,158
20011973,L50.9,ICD-10-CM,2025-10-21,518
20011973,R53.83,ICD-10-CM,2026-05-29,738
20011973,K21.9,ICD-10-CM,2024-12-10,203
20011973,M79.7,ICD-10-CM,2025-11-11,539
20011973,I10,ICD-10-CM,2025-07-15,420
20011973,K21.9,ICD-10-CM,2026-02-22,642
20011973,R53.83,ICD-10-CM,2024-10-28,160
20011974,L50.9,ICD-10-CM,2023-05-08,33
20011977,I10,ICD-10-CM,2023-12-26,796
20011977,I10,ICD-10-CM,2023-04-17,543
20011977,I10,ICD-10-CM,2023-11-06,746
20011977,K21.9,ICD-10-CM,2022-10-20,364
20011977,E78.5,ICD-10-CM,2022-08-14,297
20011977,E78.5,ICD-10-CM,2023-04-23,549
20011977,M79.7,ICD-10-CM,2022-03-29,159
20011978,I10,ICD-10-CM,2023-02-18,105
20011978,K21.9,ICD-10-CM,2023-01-26,82
20011978,R53.83,ICD-10-CM,2022-12-13,38
20011983,J45.909,ICD-10-CM,2025-12-12,112
20011983,E78.5,ICD-10-CM,2026-01-27,158
20011983,K21.9,ICD-10-CM,2025-11-28,98
20011983,I10,ICD-10-CM,2025-10-06,45
20011987,G43.909,ICD-10-CM,2023-02-23,117
20011987,E78.5,ICD-10-CM,2023-12-22,419
20011987,K21.9,ICD-10-CM,2025-09-04,1041
20011987,R10.9,ICD-10-CM,2023-04-08,161
20011987,F41.9,ICD-10-CM,2024-09-15,687
20011987,M79.7,ICD-10-CM,2025-11-27,1125
20011987,R53.83,ICD-10-CM,2024-03-15,503
20011987,J45.909,ICD-10-CM,2023-05-03,186
20011987,F41.9,ICD-10-CM,2024-05-06,555
20011987,E78.5,ICD-10-CM,2026-02-25,1215
20011987,K21.9,ICD-10-CM,2026-05-17,1296
20011987,F41.9,ICD-10-CM,2024-08-29,670
20011987,I10,ICD-10-CM,2023-12-31,428
20011987,G43.909,ICD-10-CM,2023-09-25,331
20011987,G43.909,ICD-10-CM,2024-01-21,449
20011987,G43.909,ICD-10-CM,2024-10-05,707
20011987,R53.83,ICD-10-CM,2025-04-02,886
20011987,R53.83,ICD-10-CM,2024-08-01,642
20011987,G43.909,ICD-10-CM,2024-06-21,601
20011987,G43.909,ICD-10-CM,2023-05-31,214
20011987,R10.9,ICD-10-CM,2023-03-29,151
20011987,F41.9,ICD-10-CM,2024-05-20,569
20011992,G43.909,ICD-10-CM,2024-03-13,137
20011992,E78.5,ICD-10-CM,2025-02-06,467
20011992,K21.9,ICD-10-CM,2024-05-05,190
20011992,R53.83,ICD-10-CM,2024-12-11,410
20011992,R10.9,ICD-10-CM,2024-11-12,381
20011992,G43.909,ICD-10-CM,2026-03-26,880
20011992,R53.83,ICD-10-CM,2025-06-25,606
20011992,L50.9,ICD-10-CM,2025-07-19,630
20011992,F41.9,ICD-10-CM,2024-09-02,310
20011992,F41.9,ICD-10-CM,2025-05-27,577
20011992,G43.909,ICD-10-CM,2023-11-16,19
20011995,R53.83,ICD-10-CM,2025-11-28,35
20011997,R53.83,ICD-10-CM,2024-01-11,472
20011997,R10.9,ICD-10-CM,2022-12-09,74
20011997,F41.9,ICD-10-CM,2023-02-21,148
20011998,L50.9,ICD-10-CM,2025-09-25,287
20011998,G43.909,ICD-10-CM,2025-06-04,174
20011998,R10.9,ICD-10-CM,2024-12-21,9
20011998,G43.909,ICD-10-CM,2025-01-01,20
20012004,R10.9,ICD-10-CM,2026-05-15,297
20012004,I10,ICD-10-CM,2025-09-24,64
20012004,I10,ICD-10-CM,2026-05-07,289
20012004,F41.9,ICD-10-CM,2026-04-10,262
20012010,R10.9,ICD-10-CM,2026-03-28,59
20012010,K21.9,ICD-10-CM,2026-05-03,95
20012010,R53.83,ICD-10-CM,2026-04-05,67
20012011,M79.7,ICD-10-CM,2023-10-31,69
20012011,L50.9,ICD-10-CM,2023-10-19,57
20012011,R53.83,ICD-10-CM,2023-11-03,72
20012030,I10,ICD-10-CM,2025-05-01,256
20012030,M79.7,ICD-10-CM,2024-09-28,41
20012030,M79.7,ICD-10-CM,2025-02-17,183
20012030,R53.83,ICD-10-CM,2024-11-06,80
20012030,R53.83,ICD-10-CM,2024-12-01,105
20012030,F41.9,ICD-10-CM,2025-01-16,151
20012031,R53.83,ICD-10-CM,2023-03-24,231
20012031,I10,ICD-10-CM,2022-11-22,109
20012033,K21.9,ICD-10-CM,2024-06-24,227
20012033,J45.909,ICD-10-CM,2024-05-02,174
20012033,G43.909,ICD-10-CM,2024-03-17,128
20012036,G43.909,ICD-10-CM,2024-12-23,831
20012036,I10,ICD-10-CM,2025-03-26,924
20012036,G43.909,ICD-10-CM,2024-07-05,660
20012036,G43.909,ICD-10-CM,2025-02-10,880
20012036,K21.9,ICD-10-CM,2022-11-21,68
20012036,G43.909,ICD-10-CM,2025-01-28,867
20012036,R10.9,ICD-10-CM,2024-09-19,736
20012036,I10,ICD-10-CM,2025-02-05,875
20012036,F41.9,ICD-10-CM,2024-08-10,696
20012048,I10,ICD-10-CM,2024-12-15,30
20012048,E78.5,ICD-10-CM,2024-12-10,25
20012048,G43.909,ICD-10-CM,2025-01-08,54
20012048,R53.83,ICD-10-CM,2024-12-14,29
20012049,K21.9,ICD-10-CM,2026-01-29,233
20012049,G43.909,ICD-10-CM,2026-03-17,280
20012055,L50.9,ICD-10-CM,2023-08-29,259
20012055,K21.9,ICD-10-CM,2023-10-05,296
20012055,J45.909,ICD-10-CM,2023-04-15,123
20012056,J45.909,ICD-10-CM,2025-07-18,475
20012056,R53.83,ICD-10-CM,2025-09-02,521
20012056,R53.83,ICD-10-CM,2025-07-25,482
20012056,K21.9,ICD-10-CM,2025-04-22,388
20012056,E78.5,ICD-10-CM,2024-08-31,154
20012056,F41.9,ICD-10-CM,2025-07-08,465
20012056,E78.5,ICD-10-CM,2024-11-11,226
20012056,E78.5,ICD-10-CM,2025-11-06,586
20012056,K21.9,ICD-10-CM,2024-12-16,261
20012056,F41.9,ICD-10-CM,2025-04-07,373
20012056,R53.83,ICD-10-CM,2025-12-12,622
20012058,R53.83,ICD-10-CM,2023-02-08,30
20012058,J45.909,ICD-10-CM,2024-09-24,624
20012058,L50.9,ICD-10-CM,2024-08-14,583
20012058,I10,ICD-10-CM,2024-02-23,410
20012058,R53.83,ICD-10-CM,2023-04-26,107
20012058,J45.909,ICD-10-CM,2024-04-25,472
20012058,R53.83,ICD-10-CM,2023-09-06,240
20012058,F41.9,ICD-10-CM,2024-05-27,504
20012058,I10,ICD-10-CM,2023-12-10,335
20012062,L50.9,ICD-10-CM,2024-11-23,738
20012062,E78.5,ICD-10-CM,2023-06-30,226
20012062,I10,ICD-10-CM,2024-03-24,494
20012062,F41.9,ICD-10-CM,2024-11-13,728
20012062,L50.9,ICD-10-CM,2024-10-26,710
20012077,J45.909,ICD-10-CM,2025-12-13,12
20012077,G43.909,ICD-10-CM,2026-02-10,71
20012077,R53.83,ICD-10-CM,2026-03-03,92
20012078,E78.5,ICD-10-CM,2026-05-17,42
20012078,F41.9,ICD-10-CM,2026-04-11,6
20012078,I10,ICD-10-CM,2026-05-24,49
20012079,I10,ICD-10-CM,2023-11-15,318
20012079,E78.5,ICD-10-CM,2023-03-28,86
20012079,J45.909,ICD-10-CM,2023-01-23,22
20012079,K21.9,ICD-10-CM,2024-04-01,456
20012079,I10,ICD-10-CM,2023-06-06,156
20012079,J45.909,ICD-10-CM,2023-02-07,37
20012079,I10,ICD-10-CM,2023-06-30,180
20012079,R10.9,ICD-10-CM,2023-07-27,207
20012079,R53.83,ICD-10-CM,2024-05-11,496
20012079,R10.9,ICD-10-CM,2023-11-06,309
20012087,R53.83,ICD-10-CM,2026-04-16,7
20012087,I10,ICD-10-CM,2026-04-16,7
20012087,R53.83,ICD-10-CM,2026-04-21,12
20012087,R53.83,ICD-10-CM,2026-04-19,10
20012097,J45.909,ICD-10-CM,2026-02-02,360
20012097,G43.909,ICD-10-CM,2025-08-29,203
20012097,G43.909,ICD-10-CM,2026-04-29,446
20012098,K21.9,ICD-10-CM,2025-05-08,50
20012098,J45.909,ICD-10-CM,2025-09-20,185
20012098,L50.9,ICD-10-CM,2025-04-02,14
20012098,L50.9,ICD-10-CM,2025-04-14,26
20012098,F41.9,ICD-10-CM,2025-03-21,2
20012098,K21.9,ICD-10-CM,2025-04-06,18
20012128,I10,ICD-10-CM,2026-02-16,523
20012128,K21.9,ICD-10-CM,2025-06-29,291
20012128,E78.5,ICD-10-CM,2025-08-04,327
20012128,F41.9,ICD-10-CM,2025-04-18,219
20012154,M79.7,ICD-10-CM,2023-03-03,37
20012154,K21.9,ICD-10-CM,2023-04-09,74
20012154,J45.909,ICD-10-CM,2023-05-31,126
20012154,E78.5,ICD-10-CM,2023-04-28,93
20012165,F41.9,ICD-10-CM,2024-08-11,412
20012165,R53.83,ICD-10-CM,2024-05-04,313
20012165,E78.5,ICD-10-CM,2023-07-31,35
20012165,R53.83,ICD-10-CM,2024-02-24,243
20012165,K21.9,ICD-10-CM,2023-06-29,3
20012165,R53.83,ICD-10-CM,2024-07-01,371
20012165,F41.9,ICD-10-CM,2024-04-06,285
20012165,K21.9,ICD-10-CM,2023-12-06,163
20012165,R53.83,ICD-10-CM,2024-01-20,208
20012168,I10,ICD-10-CM,2026-03-20,238
20012170,J45.909,ICD-10-CM,2023-05-12,64
20012170,R53.83,ICD-10-CM,2025-03-07,729
20012170,M79.7,ICD-10-CM,2023-03-14,5
20012171,R53.83,ICD-10-CM,2025-08-18,83
20012171,E78.5,ICD-10-CM,2026-04-17,325
20012171,R10.9,ICD-10-CM,2026-03-26,303
20012171,R10.9,ICD-10-CM,2026-02-27,276
20012171,M79.7,ICD-10-CM,2025-11-12,169
20012179,R53.83,ICD-10-CM,2023-06-09,69
20012179,J45.909,ICD-10-CM,2023-08-02,123
20012179,K21.9,ICD-10-CM,2024-04-20,385
20012179,J45.909,ICD-10-CM,2023-10-10,192
20012179,J45.909,ICD-10-CM,2024-04-14,379
20012186,I10,ICD-10-CM,2024-08-22,483
20012186,G43.909,ICD-10-CM,2023-12-19,236
20012186,J45.909,ICD-10-CM,2024-10-19,541
20012186,J45.909,ICD-10-CM,2023-11-10,197
20012186,E78.5,ICD-10-CM,2023-09-20,146
20012186,G43.909,ICD-10-CM,2023-12-13,230
20012186,E78.5,ICD-10-CM,2024-05-31,400
20012186,G43.909,ICD-10-CM,2023-05-30,33
20012197,F41.9,ICD-10-CM,2023-09-22,495
20012197,R53.83,ICD-10-CM,2024-01-07,602
20012197,J45.909,ICD-10-CM,2023-06-05,386
20012197,J45.909,ICD-10-CM,2023-02-17,278
20012197,K21.9,ICD-10-CM,2023-12-31,595
20012197,R53.83,ICD-10-CM,2024-05-05,721
20012200,J45.909,ICD-10-CM,2026-03-24,333
20012200,G43.909,ICD-10-CM,2025-06-02,38
20012200,I10,ICD-10-CM,2025-12-04,223
20012200,K21.9,ICD-10-CM,2025-11-09,198
20012200,I10,ICD-10-CM,2026-05-07,377
20012215,I10,ICD-10-CM,2025-04-10,49
20012215,G43.909,ICD-10-CM,2025-05-14,83
20012215,M79.7,ICD-10-CM,2025-06-02,102
20012215,I10,ICD-10-CM,2025-04-18,57
20012221,E78.5,ICD-10-CM,2023-12-26,613
20012221,R53.83,ICD-10-CM,2023-06-06,410
20012221,R53.83,ICD-10-CM,2023-01-17,270
20012221,I10,ICD-10-CM,2023-08-06,471
20012221,G43.909,ICD-10-CM,2022-09-03,134
20012221,E78.5,ICD-10-CM,2024-04-27,736
20012221,I10,ICD-10-CM,2023-05-23,396
20012221,J45.909,ICD-10-CM,2023-12-15,602
20012221,K21.9,ICD-10-CM,2023-08-17,482
20012221,I10,ICD-10-CM,2024-05-16,755
20012221,I10,ICD-10-CM,2024-01-08,626
20012251,E78.5,ICD-10-CM,2024-06-17,197
20012251,J45.909,ICD-10-CM,2024-04-30,149
20012251,R53.83,ICD-10-CM,2023-12-04,1
20012256,G43.909,ICD-10-CM,2022-07-17,86
20012256,G43.909,ICD-10-CM,2023-01-06,259
20012256,R10.9,ICD-10-CM,2023-08-22,487
20012256,I10,ICD-10-CM,2023-08-12,477
20012256,F41.9,ICD-10-CM,2022-10-27,188
20012256,I10,ICD-10-CM,2023-04-22,365
20012258,R10.9,ICD-10-CM,2024-02-21,147
20012258,E78.5,ICD-10-CM,2024-01-15,110
20012258,K21.9,ICD-10-CM,2024-04-12,198
20012258,M79.7,ICD-10-CM,2024-12-22,452
20012258,R10.9,ICD-10-CM,2024-09-13,352
20012258,R10.9,ICD-10-CM,2025-05-05,586
20012258,F41.9,ICD-10-CM,2025-03-23,543
20012258,G43.909,ICD-10-CM,2024-04-29,215
20012260,R10.9,ICD-10-CM,2025-12-12,16
20012268,L50.9,ICD-10-CM,2025-12-18,65
20012268,J45.909,ICD-10-CM,2026-02-27,136
20012268,R53.83,ICD-10-CM,2026-04-19,187
20012268,G43.909,ICD-10-CM,2025-11-28,45
20012268,F41.9,ICD-10-CM,2026-01-21,99
20012268,I10,ICD-10-CM,2025-11-24,41
20012273,L50.9,ICD-10-CM,2025-01-26,100
20012273,F41.9,ICD-10-CM,2025-12-16,424
20012273,K21.9,ICD-10-CM,2025-02-02,107
20012273,G43.909,ICD-10-CM,2025-01-31,105
20012273,E78.5,ICD-10-CM,2024-10-21,3
20012273,R10.9,ICD-10-CM,2025-08-05,291
20012273,E78.5,ICD-10-CM,2025-04-09,173
20012277,J45.909,ICD-10-CM,2025-03-09,317
20012277,J45.909,ICD-10-CM,2025-01-13,262
20012277,E78.5,ICD-10-CM,2024-09-28,155
20012277,M79.7,ICD-10-CM,2025-07-12,442
20012277,G43.909,ICD-10-CM,2024-09-12,139
20012277,R53.83,ICD-10-CM,2024-08-14,110
20012277,K21.9,ICD-10-CM,2024-08-30,126
20012277,K21.9,ICD-10-CM,2024-09-23,150
20012279,J45.909,ICD-10-CM,2024-12-11,957
20012279,R53.83,ICD-10-CM,2025-04-29,1096
20012279,E78.5,ICD-10-CM,2023-12-11,591
20012279,I10,ICD-10-CM,2025-07-30,1188
20012279,R53.83,ICD-10-CM,2023-05-12,378
20012279,I10,ICD-10-CM,2024-08-11,835
20012279,G43.909,ICD-10-CM,2024-04-24,726
20012279,E78.5,ICD-10-CM,2024-03-14,685
20012279,E78.5,ICD-10-CM,2025-11-19,1300
20012291,K21.9,ICD-10-CM,2023-08-08,205
20012291,J45.909,ICD-10-CM,2024-01-11,361
20012291,G43.909,ICD-10-CM,2025-06-26,893
20012291,K21.9,ICD-10-CM,2023-10-21,279
20012291,E78.5,ICD-10-CM,2025-03-27,802
20012291,I10,ICD-10-CM,2023-02-15,31
20012291,R10.9,ICD-10-CM,2024-06-27,529
20012291,R53.83,ICD-10-CM,2025-11-15,1035
20012291,R53.83,ICD-10-CM,2025-03-14,789
20012291,I10,ICD-10-CM,2025-03-29,804
20012291,K21.9,ICD-10-CM,2025-07-07,904
20012294,I10,ICD-10-CM,2025-07-16,417
20012294,R53.83,ICD-10-CM,2024-07-24,60
20012294,F41.9,ICD-10-CM,2024-11-21,180
20012294,M79.7,ICD-10-CM,2025-03-07,286
20012294,I10,ICD-10-CM,2025-03-29,308
20012294,K21.9,ICD-10-CM,2025-03-27,306
20012303,E78.5,ICD-10-CM,2025-02-26,1
20012303,G43.909,ICD-10-CM,2025-12-15,293
20012303,R10.9,ICD-10-CM,2026-05-14,443
20012303,L50.9,ICD-10-CM,2025-07-13,138
20012303,L50.9,ICD-10-CM,2025-11-02,250
20012304,F41.9,ICD-10-CM,2024-06-03,142
20012304,R53.83,ICD-10-CM,2025-01-19,372
20012304,G43.909,ICD-10-CM,2026-03-09,786
20012304,G43.909,ICD-10-CM,2024-12-15,337
20012304,J45.909,ICD-10-CM,2025-02-03,387
20012304,R10.9,ICD-10-CM,2026-04-03,811
20012304,R53.83,ICD-10-CM,2026-02-27,776
20012304,R10.9,ICD-10-CM,2025-07-25,559
20012304,R10.9,ICD-10-CM,2024-06-21,160
20012304,E78.5,ICD-10-CM,2025-03-05,417
20012304,K21.9,ICD-10-CM,2025-04-08,451
20012304,F41.9,ICD-10-CM,2025-02-12,396
20012304,I10,ICD-10-CM,2026-01-04,722
20012304,I10,ICD-10-CM,2026-04-07,815
20012313,I10,ICD-10-CM,2026-03-22,445
20012313,K21.9,ICD-10-CM,2025-10-26,298
20012313,R10.9,ICD-10-CM,2026-02-19,414
20012330,J45.909,ICD-10-CM,2024-12-29,53
20012330,I10,ICD-10-CM,2025-07-27,263
20012330,R53.83,ICD-10-CM,2025-08-29,296
20012330,R10.9,ICD-10-CM,2025-06-09,215
20012332,F41.9,ICD-10-CM,2024-06-03,45
20012346,G43.909,ICD-10-CM,2026-05-14,6
20012346,R10.9,ICD-10-CM,2026-05-11,3
20012366,G43.909,ICD-10-CM,2025-08-18,118
20012366,F41.9,ICD-10-CM,2026-01-22,275
20012366,I10,ICD-10-CM,2026-02-22,306
20012374,R53.83,ICD-10-CM,2025-05-18,67
20012374,L50.9,ICD-10-CM,2026-05-27,441
20012374,I10,ICD-10-CM,2025-03-18,6
20012374,I10,ICD-10-CM,2025-06-09,89
20012374,R53.83,ICD-10-CM,2026-03-25,378
20012381,E78.5,ICD-10-CM,2026-04-30,329
20012381,K21.9,ICD-10-CM,2025-06-15,10
20012381,R53.83,ICD-10-CM,2025-11-22,170
20012385,E78.5,ICD-10-CM,2023-09-21,105
20012385,I10,ICD-10-CM,2024-11-14,525
20012385,R10.9,ICD-10-CM,2024-03-13,279
20012385,R53.83,ICD-10-CM,2024-08-07,426
20012385,K21.9,ICD-10-CM,2025-04-06,668
20012385,E78.5,ICD-10-CM,2023-06-27,19
20012385,J45.909,ICD-10-CM,2024-12-13,554
20012385,E78.5,ICD-10-CM,2024-08-27,446
20012385,I10,ICD-10-CM,2024-08-11,430
20012390,I10,ICD-10-CM,2025-07-27,291
20012390,K21.9,ICD-10-CM,2026-02-18,497
20012390,R10.9,ICD-10-CM,2025-02-01,115
20012390,F41.9,ICD-10-CM,2026-02-15,494
20012390,E78.5,ICD-10-CM,2024-11-29,51
20012390,R53.83,ICD-10-CM,2025-01-24,107
20012393,R10.9,ICD-10-CM,2025-04-05,96
20012393,K21.9,ICD-10-CM,2026-03-18,443
20012396,F41.9,ICD-10-CM,2026-05-13,753
20012396,R53.83,ICD-10-CM,2025-05-02,377
20012396,L50.9,ICD-10-CM,2024-05-05,15
20012396,I10,ICD-10-CM,2025-03-27,341
20012396,R53.83,ICD-10-CM,2025-11-17,576
20012396,J45.909,ICD-10-CM,2024-05-22,32
20012396,G43.909,ICD-10-CM,2024-05-09,19
20012396,I10,ICD-10-CM,2024-11-14,208
20012396,R10.9,ICD-10-CM,2024-08-19,121
20012396,J45.909,ICD-10-CM,2025-10-11,539
20012396,I10,ICD-10-CM,2024-11-26,220
20012396,G43.909,ICD-10-CM,2024-07-20,91
20012403,K21.9,ICD-10-CM,2022-05-27,169
20012403,R53.83,ICD-10-CM,2022-03-29,110
20012403,I10,ICD-10-CM,2022-06-01,174
20012403,R53.83,ICD-10-CM,2022-07-03,206
20012406,L50.9,ICD-10-CM,2026-05-08,15
20012406,K21.9,ICD-10-CM,2026-05-03,10
20012406,J45.909,ICD-10-CM,2026-05-14,21
20012406,E78.5,ICD-10-CM,2026-05-30,37
20012413,F41.9,ICD-10-CM,2025-12-03,1159
20012413,J45.909,ICD-10-CM,2026-01-29,1216
20012413,L50.9,ICD-10-CM,2024-06-22,630
20012413,J45.909,ICD-10-CM,2024-01-29,485
20012413,E78.5,ICD-10-CM,2023-11-01,396
20012413,G43.909,ICD-10-CM,2025-01-16,838
20012413,I10,ICD-10-CM,2026-03-02,1248
20012416,M79.7,ICD-10-CM,2026-04-20,9
20012416,R10.9,ICD-10-CM,2026-04-19,8
20012416,G43.909,ICD-10-CM,2026-04-18,7
20012431,K21.9,ICD-10-CM,2025-11-18,130
20012431,F41.9,ICD-10-CM,2025-08-12,32
20012431,G43.909,ICD-10-CM,2025-12-04,146
20012435,I10,ICD-10-CM,2023-07-16,72
20012435,K21.9,ICD-10-CM,2023-09-10,128
20012438,G43.909,ICD-10-CM,2026-05-03,43
20012438,G43.909,ICD-10-CM,2026-05-24,64
20012438,J45.909,ICD-10-CM,2026-04-08,18
20012438,I10,ICD-10-CM,2026-04-13,23
20012446,I10,ICD-10-CM,2023-08-23,633
20012446,K21.9,ICD-10-CM,2023-09-21,662
20012446,G43.909,ICD-10-CM,2022-12-04,371
20012446,K21.9,ICD-10-CM,2022-07-16,230
20012446,R53.83,ICD-10-CM,2022-06-14,198
20012446,I10,ICD-10-CM,2022-12-14,381
20012446,I10,ICD-10-CM,2022-12-11,378
20012446,M79.7,ICD-10-CM,2023-01-29,427
20012446,I10,ICD-10-CM,2022-03-03,95
20012452,I10,ICD-10-CM,2022-04-08,176
20012452,G43.909,ICD-10-CM,2021-12-02,49
20012452,F41.9,ICD-10-CM,2022-01-03,81
20012457,G43.909,ICD-10-CM,2024-08-21,356
20012457,G43.909,ICD-10-CM,2024-11-14,441
20012457,F41.9,ICD-10-CM,2024-06-09,283
20012464,I10,ICD-10-CM,2026-04-30,37
20012474,M79.7,ICD-10-CM,2026-03-25,350
20012474,L50.9,ICD-10-CM,2025-08-23,136
20012474,K21.9,ICD-10-CM,2025-07-07,89
20012474,G43.909,ICD-10-CM,2026-02-09,306
20012474,I10,ICD-10-CM,2025-05-31,52
20012474,J45.909,ICD-10-CM,2026-04-06,362
20012476,F41.9,ICD-10-CM,2025-07-27,439
20012476,E78.5,ICD-10-CM,2025-12-22,587
20012476,K21.9,ICD-10-CM,2025-03-14,304
20012476,K21.9,ICD-10-CM,2025-03-23,313
20012476,F41.9,ICD-10-CM,2024-06-15,32
20012476,F41.9,ICD-10-CM,2026-05-28,744
20012476,K21.9,ICD-10-CM,2024-07-27,74
20012476,R53.83,ICD-10-CM,2025-01-02,233
20012479,K21.9,ICD-10-CM,2026-04-19,32
20012479,I10,ICD-10-CM,2026-05-13,56
20012489,E78.5,ICD-10-CM,2024-05-30,319
20012489,G43.909,ICD-10-CM,2024-08-01,382
20012489,K21.9,ICD-10-CM,2024-02-15,214
20012489,R10.9,ICD-10-CM,2024-12-14,517
20012489,L50.9,ICD-10-CM,2023-09-02,48
20012491,E78.5,ICD-10-CM,2022-08-08,91
20012491,M79.7,ICD-10-CM,2022-07-09,61
20012495,I10,ICD-10-CM,2024-05-26,31
20012497,K21.9,ICD-10-CM,2025-10-31,215
20012497,M79.7,ICD-10-CM,2026-01-20,296
20012497,E78.5,ICD-10-CM,2025-10-19,203
20012497,G43.909,ICD-10-CM,2026-02-28,335
20012497,I10,ICD-10-CM,2025-08-16,139
20012497,R53.83,ICD-10-CM,2026-01-06,282
20012497,M79.7,ICD-10-CM,2025-07-25,117
20012497,I10,ICD-10-CM,2025-10-20,204
20012504,M79.7,ICD-10-CM,2025-06-11,31
20012504,R53.83,ICD-10-CM,2025-11-16,189
20012504,F41.9,ICD-10-CM,2026-01-04,238
20012504,K21.9,ICD-10-CM,2025-07-22,72
20012504,K21.9,ICD-10-CM,2025-12-23,226
20012504,E78.5,ICD-10-CM,2025-06-30,50
20012506,F41.9,ICD-10-CM,2023-09-08,155
20012506,R53.83,ICD-10-CM,2024-02-05,305
20012506,J45.909,ICD-10-CM,2023-05-26,50
20012506,J45.909,ICD-10-CM,2023-11-11,219
20012506,K21.9,ICD-10-CM,2024-08-30,512
20012506,K21.9,ICD-10-CM,2023-06-25,80
20012518,K21.9,ICD-10-CM,2023-03-14,391
20012518,R53.83,ICD-10-CM,2025-09-25,1317
20012518,R53.83,ICD-10-CM,2022-04-16,59
20012518,L50.9,ICD-10-CM,2022-11-14,271
20012518,R10.9,ICD-10-CM,2022-04-12,55
20012518,R53.83,ICD-10-CM,2025-03-09,1117
20012531,K21.9,ICD-10-CM,2024-08-01,734
20012531,G43.909,ICD-10-CM,2022-09-17,50
20012531,K21.9,ICD-10-CM,2023-11-20,479
20012531,G43.909,ICD-10-CM,2023-01-04,159
20012531,E78.5,ICD-10-CM,2024-03-27,607
20012531,J45.909,ICD-10-CM,2023-02-07,193
20012531,I10,ICD-10-CM,2023-05-19,294
20012547,G43.909,ICD-10-CM,2024-07-17,195
20012547,R53.83,ICD-10-CM,2024-08-16,225
20012547,R53.83,ICD-10-CM,2024-04-13,100
20012547,E78.5,ICD-10-CM,2024-03-23,79
20012553,K21.9,ICD-10-CM,2022-09-26,104
20012553,R53.83,ICD-10-CM,2022-11-26,165
20012553,E78.5,ICD-10-CM,2022-09-26,104
20012553,R53.83,ICD-10-CM,2022-10-08,116
20012553,R10.9,ICD-10-CM,2022-11-18,157
20012553,M79.7,ICD-10-CM,2022-12-12,181
20012553,E78.5,ICD-10-CM,2022-11-03,142
20012553,G43.909,ICD-10-CM,2022-11-10,149
20012563,I10,ICD-10-CM,2026-03-20,15
20012563,J45.909,ICD-10-CM,2026-05-28,84
20012574,F41.9,ICD-10-CM,2023-08-07,236
20012574,R53.83,ICD-10-CM,2023-10-12,302
20012574,F41.9,ICD-10-CM,2023-09-04,264
20012574,J45.909,ICD-10-CM,2024-11-13,700
20012574,K21.9,ICD-10-CM,2023-06-03,171
20012574,L50.9,ICD-10-CM,2023-10-01,291
20012574,K21.9,ICD-10-CM,2024-12-10,727
20012575,L50.9,ICD-10-CM,2023-11-27,261
20012575,E78.5,ICD-10-CM,2024-08-31,539
20012575,G43.909,ICD-10-CM,2024-08-11,519
20012575,E78.5,ICD-10-CM,2023-04-17,37
20012575,L50.9,ICD-10-CM,2024-01-19,314
20012577,E78.5,ICD-10-CM,2026-05-07,426
20012577,R53.83,ICD-10-CM,2025-10-22,229
20012577,L50.9,ICD-10-CM,2025-03-22,15
20012577,J45.909,ICD-10-CM,2025-05-29,83
20012577,I10,ICD-10-CM,2026-02-02,332
20012581,K21.9,ICD-10-CM,2024-07-23,247
20012581,L50.9,ICD-10-CM,2024-06-01,195
20012581,G43.909,ICD-10-CM,2024-08-24,279
20012586,I10,ICD-10-CM,2026-03-18,92
20012591,I10,ICD-10-CM,2024-06-09,91
20012591,E78.5,ICD-10-CM,2025-10-28,597
20012595,R10.9,ICD-10-CM,2026-04-19,68
20012614,G43.909,ICD-10-CM,2024-12-27,5
20012614,R53.83,ICD-10-CM,2024-12-30,8
20012614,E78.5,ICD-10-CM,2025-01-21,30
20012615,R53.83,ICD-10-CM,2026-05-21,67
20012615,J45.909,ICD-10-CM,2026-03-20,5
20012615,J45.909,ICD-10-CM,2026-05-09,55
20012615,E78.5,ICD-10-CM,2026-04-09,25
20012621,R53.83,ICD-10-CM,2022-10-11,34
20012621,R10.9,ICD-10-CM,2023-04-30,235
20012621,K21.9,ICD-10-CM,2022-12-06,90
20012621,F41.9,ICD-10-CM,2024-04-28,599
20012621,J45.909,ICD-10-CM,2023-10-12,400
20012621,J45.909,ICD-10-CM,2023-04-13,218
20012621,E78.5,ICD-10-CM,2023-01-31,146
20012621,I10,ICD-10-CM,2023-11-17,436
20012621,L50.9,ICD-10-CM,2022-11-27,81
20012631,K21.9,ICD-10-CM,2025-07-03,297
20012631,E78.5,ICD-10-CM,2025-07-10,304
20012631,M79.7,ICD-10-CM,2025-03-01,173
20012631,F41.9,ICD-10-CM,2025-07-31,325
20012631,J45.909,ICD-10-CM,2024-11-12,64
20012631,F41.9,ICD-10-CM,2025-08-24,349
20012640,G43.909,ICD-10-CM,2026-05-27,24
20012645,K21.9,ICD-10-CM,2026-05-28,34
20012645,K21.9,ICD-10-CM,2026-05-30,36
20012645,G43.909,ICD-10-CM,2026-05-30,36
20012649,E78.5,ICD-10-CM,2026-02-16,241
20012649,J45.909,ICD-10-CM,2026-02-18,243
20012649,G43.909,ICD-10-CM,2026-04-28,312
20012649,F41.9,ICD-10-CM,2025-07-14,24
20012649,K21.9,ICD-10-CM,2025-10-10,112
20012649,J45.909,ICD-10-CM,2025-09-10,82
20012658,I10,ICD-10-CM,2026-05-05,38
20012658,E78.5,ICD-10-CM,2026-05-28,61
20012658,L50.9,ICD-10-CM,2026-05-07,40
20012658,K21.9,ICD-10-CM,2026-04-17,20
20012658,M79.7,ICD-10-CM,2026-04-06,9
20012663,K21.9,ICD-10-CM,2022-10-17,241
20012663,R10.9,ICD-10-CM,2022-06-04,106
20012663,I10,ICD-10-CM,2022-09-23,217
20012663,K21.9,ICD-10-CM,2022-09-05,199
20012667,R10.9,ICD-10-CM,2025-01-20,267
20012667,E78.5,ICD-10-CM,2026-03-05,676
20012667,I10,ICD-10-CM,2024-05-23,25
20012667,R53.83,ICD-10-CM,2025-07-22,450
20012667,G43.909,ICD-10-CM,2026-03-11,682
20012670,R10.9,ICD-10-CM,2024-04-13,374
20012670,F41.9,ICD-10-CM,2023-04-24,19
20012670,M79.7,ICD-10-CM,2024-05-24,415
20012670,I10,ICD-10-CM,2023-10-14,192
20012682,I10,ICD-10-CM,2025-12-26,1110
20012682,L50.9,ICD-10-CM,2025-06-28,929
20012682,R10.9,ICD-10-CM,2024-04-23,498
20012682,R10.9,ICD-10-CM,2023-09-08,270
20012682,J45.909,ICD-10-CM,2023-08-29,260
20012682,I10,ICD-10-CM,2025-12-05,1089
20012682,J45.909,ICD-10-CM,2025-02-08,789
20012682,E78.5,ICD-10-CM,2025-05-04,874
20012682,E78.5,ICD-10-CM,2025-11-04,1058
20012682,I10,ICD-10-CM,2025-04-24,864
20012682,R10.9,ICD-10-CM,2023-09-26,288
20012682,G43.909,ICD-10-CM,2024-06-17,553
20012682,I10,ICD-10-CM,2025-06-19,920
20012682,R53.83,ICD-10-CM,2024-03-08,452
20012682,R53.83,ICD-10-CM,2024-07-07,573
20012682,J45.909,ICD-10-CM,2024-12-18,737
20012691,R53.83,ICD-10-CM,2025-10-09,349
20012691,I10,ICD-10-CM,2025-09-28,338
20012691,I10,ICD-10-CM,2025-02-17,115
20012692,K21.9,ICD-10-CM,2025-05-01,53
20012692,I10,ICD-10-CM,2025-09-19,194
20012692,J45.909,ICD-10-CM,2025-10-26,231
20012692,J45.909,ICD-10-CM,2025-04-29,51
20012692,R53.83,ICD-10-CM,2026-02-17,345
20012692,L50.9,ICD-10-CM,2026-02-19,347
20012692,I10,ICD-10-CM,2025-12-31,297
20012702,E78.5,ICD-10-CM,2023-08-13,439
20012702,G43.909,ICD-10-CM,2023-11-08,526
20012702,M79.7,ICD-10-CM,2023-08-03,429
20012702,F41.9,ICD-10-CM,2022-08-16,77
20012702,L50.9,ICD-10-CM,2023-10-21,508
20012702,R10.9,ICD-10-CM,2022-12-06,189
20012705,F41.9,ICD-10-CM,2025-09-22,107
20012705,R10.9,ICD-10-CM,2026-05-22,349
20012715,R53.83,ICD-10-CM,2025-05-27,501
20012715,E78.5,ICD-10-CM,2024-12-18,341
20012715,F41.9,ICD-10-CM,2026-04-19,828
20012715,R53.83,ICD-10-CM,2026-01-12,731
20012715,E78.5,ICD-10-CM,2024-10-18,280
20012734,K21.9,ICD-10-CM,2025-12-08,289
20012734,L50.9,ICD-10-CM,2025-12-22,303
20012734,I10,ICD-10-CM,2025-03-08,14
20012749,R10.9,ICD-10-CM,2026-05-30,70
20012749,R10.9,ICD-10-CM,2026-04-07,17
20012749,I10,ICD-10-CM,2026-05-15,55
20012754,E78.5,ICD-10-CM,2023-09-29,202
20012754,E78.5,ICD-10-CM,2024-03-17,372
20012754,L50.9,ICD-10-CM,2023-10-12,215
20012754,K21.9,ICD-10-CM,2023-11-12,246
20012754,R53.83,ICD-10-CM,2023-04-12,32
20012754,E78.5,ICD-10-CM,2023-09-16,189
20012754,R53.83,ICD-10-CM,2023-12-14,278
20012757,K21.9,ICD-10-CM,2025-11-11,76
20012757,F41.9,ICD-10-CM,2025-09-02,6
20012757,R10.9,ICD-10-CM,2025-09-30,34
20012757,M79.7,ICD-10-CM,2026-02-18,175
20012757,J45.909,ICD-10-CM,2026-05-07,253
20012757,R10.9,ICD-10-CM,2026-04-10,226
20012757,R53.83,ICD-10-CM,2025-08-29,2
20012757,J45.909,ICD-10-CM,2025-09-14,18
20012759,L50.9,ICD-10-CM,2024-12-30,196
20012772,I10,ICD-10-CM,2023-07-23,227
20012772,G43.909,ICD-10-CM,2023-07-18,222
20012772,I10,ICD-10-CM,2023-03-01,83
20012777,K21.9,ICD-10-CM,2025-03-23,541
20012777,R53.83,ICD-10-CM,2024-08-09,315
20012777,E78.5,ICD-10-CM,2024-04-27,211
20012777,R10.9,ICD-10-CM,2024-03-18,171
20012777,R53.83,ICD-10-CM,2024-03-04,157
20012777,F41.9,ICD-10-CM,2025-06-20,630
20012777,R53.83,ICD-10-CM,2024-06-18,263
20012780,I10,ICD-10-CM,2022-05-21,138
20012780,M79.7,ICD-10-CM,2022-10-12,282
20012780,I10,ICD-10-CM,2022-03-01,57
20012780,R53.83,ICD-10-CM,2023-07-01,544
20012780,J45.909,ICD-10-CM,2022-06-15,163
20012787,K21.9,ICD-10-CM,2023-08-30,212
20012787,R53.83,ICD-10-CM,2023-05-21,111
20012787,J45.909,ICD-10-CM,2023-02-23,24
20012787,F41.9,ICD-10-CM,2023-03-27,56
20012819,E78.5,ICD-10-CM,2025-01-17,24
20012819,I10,ICD-10-CM,2026-04-05,467
20012819,R53.83,ICD-10-CM,2025-10-19,299
20012819,K21.9,ICD-10-CM,2025-09-07,257
20012819,F41.9,ICD-10-CM,2025-06-19,177
20012819,E78.5,ICD-10-CM,2025-01-13,20
20012819,R10.9,ICD-10-CM,2026-05-23,515
20012820,R53.83,ICD-10-CM,2025-08-07,462
20012820,I10,ICD-10-CM,2025-03-04,306
20012820,L50.9,ICD-10-CM,2025-08-13,468
20012825,I10,ICD-10-CM,2025-01-25,7
20012825,R10.9,ICD-10-CM,2025-09-01,226
20012825,E78.5,ICD-10-CM,2026-01-13,360
20012831,L50.9,ICD-10-CM,2026-03-10,376
20012831,K21.9,ICD-10-CM,2025-10-20,235
20012831,M79.7,ICD-10-CM,2025-03-28,29
20012831,G43.909,ICD-10-CM,2026-02-19,357
20012840,K21.9,ICD-10-CM,2022-10-11,43
20012840,E78.5,ICD-10-CM,2022-09-08,10
20012840,M79.7,ICD-10-CM,2022-09-10,12
20012840,L50.9,ICD-10-CM,2022-11-07,70
20012840,R53.83,ICD-10-CM,2022-11-03,66
20012850,G43.909,ICD-10-CM,2025-07-03,314
20012850,J45.909,ICD-10-CM,2024-12-08,107
20012850,L50.9,ICD-10-CM,2025-03-26,215
20012853,R53.83,ICD-10-CM,2025-08-07,675
20012853,R10.9,ICD-10-CM,2024-07-22,294
20012853,E78.5,ICD-10-CM,2026-05-12,953
20012853,K21.9,ICD-10-CM,2024-01-25,115
20012853,F41.9,ICD-10-CM,2024-06-03,245
20012853,E78.5,ICD-10-CM,2024-04-27,208
20012853,E78.5,ICD-10-CM,2025-08-07,675
20012853,G43.909,ICD-10-CM,2026-03-06,886
20012853,I10,ICD-10-CM,2026-04-14,925
20012853,R10.9,ICD-10-CM,2025-08-03,671
20012854,K21.9,ICD-10-CM,2023-07-30,210
20012854,R53.83,ICD-10-CM,2025-04-05,825
20012854,E78.5,ICD-10-CM,2023-07-08,188
20012854,M79.7,ICD-10-CM,2024-02-10,405
20012854,E78.5,ICD-10-CM,2025-03-09,798
20012862,G43.909,ICD-10-CM,2025-10-11,95
20012862,L50.9,ICD-10-CM,2025-07-29,21
20012862,E78.5,ICD-10-CM,2025-10-04,88
20012862,K21.9,ICD-10-CM,2025-07-13,5
20012864,E78.5,ICD-10-CM,2025-08-05,143
20012864,L50.9,ICD-10-CM,2026-02-07,329
20012864,K21.9,ICD-10-CM,2026-03-12,362
20012864,F41.9,ICD-10-CM,2025-12-04,264
20012865,K21.9,ICD-10-CM,2025-04-24,602
20012865,E78.5,ICD-10-CM,2024-05-30,273
20012865,E78.5,ICD-10-CM,2024-02-08,161
20012865,E78.5,ICD-10-CM,2025-07-04,673
20012865,M79.7,ICD-10-CM,2025-05-29,637
20012865,J45.909,ICD-10-CM,2025-05-04,612
20012865,F41.9,ICD-10-CM,2025-12-24,846
20012865,J45.909,ICD-10-CM,2024-01-12,134
20012865,R10.9,ICD-10-CM,2026-01-10,863
20012865,E78.5,ICD-10-CM,2023-10-23,53
20012868,J45.909,ICD-10-CM,2022-12-26,80
20012868,K21.9,ICD-10-CM,2022-12-17,71
20012868,F41.9,ICD-10-CM,2022-12-27,81
20012877,I10,ICD-10-CM,2025-10-06,162
20012877,G43.909,ICD-10-CM,2025-07-19,83
20012877,I10,ICD-10-CM,2026-04-16,354
20012877,K21.9,ICD-10-CM,2025-06-30,64
20012877,R53.83,ICD-10-CM,2025-08-24,119
20012877,G43.909,ICD-10-CM,2025-06-21,55
20012877,I10,ICD-10-CM,2026-01-04,252
20012879,K21.9,ICD-10-CM,2025-07-14,86
20012879,R10.9,ICD-10-CM,2025-06-19,61
20012879,J45.909,ICD-10-CM,2025-04-28,9
20012881,K21.9,ICD-10-CM,2026-04-06,703
20012881,F41.9,ICD-10-CM,2026-04-18,715
20012881,K21.9,ICD-10-CM,2025-01-06,248
20012881,R53.83,ICD-10-CM,2025-08-26,480
20012881,R53.83,ICD-10-CM,2024-11-17,198
20012881,I10,ICD-10-CM,2026-05-27,754
20012881,K21.9,ICD-10-CM,2024-07-11,69
20012907,I10,ICD-10-CM,2025-04-09,45
20012907,F41.9,ICD-10-CM,2025-07-03,130
20012907,I10,ICD-10-CM,2026-05-11,442
20012907,G43.909,ICD-10-CM,2026-05-23,454
20012908,E78.5,ICD-10-CM,2023-07-29,250
20012908,K21.9,ICD-10-CM,2023-02-04,75
20012913,R53.83,ICD-10-CM,2025-08-18,495
20012913,I10,ICD-10-CM,2025-12-06,605
20012913,J45.909,ICD-10-CM,2026-01-18,648
20012913,F41.9,ICD-10-CM,2024-04-20,10
20012913,R10.9,ICD-10-CM,2024-04-21,11
20012913,F41.9,ICD-10-CM,2024-12-20,254
20012913,F41.9,ICD-10-CM,2024-08-01,113
20012913,K21.9,ICD-10-CM,2024-12-03,237
20012913,R53.83,ICD-10-CM,2024-09-07,150
20012913,L50.9,ICD-10-CM,2025-07-24,470
20012913,J45.909,ICD-10-CM,2026-04-24,744
20012913,I10,ICD-10-CM,2024-09-15,158
20012913,K21.9,ICD-10-CM,2026-01-08,638
20012913,M79.7,ICD-10-CM,2025-10-27,565
20012914,I10,ICD-10-CM,2023-02-08,174
20012914,K21.9,ICD-10-CM,2022-12-27,131
20012914,J45.909,ICD-10-CM,2024-12-30,865
20012914,L50.9,ICD-10-CM,2022-10-26,69
20012914,J45.909,ICD-10-CM,2022-11-09,83
20012914,K21.9,ICD-10-CM,2023-02-24,190
20012914,R53.83,ICD-10-CM,2023-08-06,353
20012914,J45.909,ICD-10-CM,2023-06-07,293
20012914,G43.909,ICD-10-CM,2025-11-26,1196
20012914,E78.5,ICD-10-CM,2024-05-04,625
20012914,I10,ICD-10-CM,2022-11-16,90
20012916,G43.909,ICD-10-CM,2026-04-28,451
20012916,K21.9,ICD-10-CM,2025-08-29,209
20012916,R53.83,ICD-10-CM,2025-03-11,38
20012916,J45.909,ICD-10-CM,2026-05-10,463
20012916,F41.9,ICD-10-CM,2025-02-28,27
20012920,R53.83,ICD-10-CM,2024-05-01,323
20012920,R10.9,ICD-10-CM,2025-02-05,603
20012920,E78.5,ICD-10-CM,2024-07-04,387
20012920,E78.5,ICD-10-CM,2024-06-09,362
20012920,E78.5,ICD-10-CM,2024-01-08,209
20012920,K21.9,ICD-10-CM,2024-01-20,221
20012920,R53.83,ICD-10-CM,2025-06-09,727
20012920,I10,ICD-10-CM,2025-03-01,627
20012920,R10.9,ICD-10-CM,2023-09-14,93
20012920,L50.9,ICD-10-CM,2025-05-23,710
20012920,R53.83,ICD-10-CM,2023-12-03,173
20012923,R53.83,ICD-10-CM,2025-08-22,18
20012923,F41.9,ICD-10-CM,2025-08-23,19
20012945,K21.9,ICD-10-CM,2025-11-01,272
20012945,K21.9,ICD-10-CM,2025-05-23,110
20012945,K21.9,ICD-10-CM,2025-10-10,250
20012945,F41.9,ICD-10-CM,2025-02-09,7
20012945,R53.83,ICD-10-CM,2025-07-02,150
20012949,R53.83,ICD-10-CM,2025-11-01,158
20012949,J45.909,ICD-10-CM,2025-09-30,126
20012949,E78.5,ICD-10-CM,2026-03-15,292
20012957,G43.909,ICD-10-CM,2024-08-29,274
20012957,I10,ICD-10-CM,2025-03-25,482
20012957,G43.909,ICD-10-CM,2024-05-12,165
20012957,R53.83,ICD-10-CM,2024-03-02,94
20012957,R53.83,ICD-10-CM,2024-07-19,233
20012957,G43.909,ICD-10-CM,2025-03-13,470
20012957,G43.909,ICD-10-CM,2024-10-30,336
20012957,I10,ICD-10-CM,2024-04-24,147
20012958,M79.7,ICD-10-CM,2023-10-30,221
20012958,J45.909,ICD-10-CM,2024-04-11,385
20012958,G43.909,ICD-10-CM,2024-08-28,524
20012958,K21.9,ICD-10-CM,2025-08-18,879
20012958,F41.9,ICD-10-CM,2024-04-22,396
20012958,E78.5,ICD-10-CM,2025-04-19,758
20012958,F41.9,ICD-10-CM,2023-08-08,138
20012958,J45.909,ICD-10-CM,2024-12-30,648
20012958,E78.5,ICD-10-CM,2023-10-07,198
20012982,G43.909,ICD-10-CM,2025-11-08,385
20012982,F41.9,ICD-10-CM,2025-07-10,264
20012982,L50.9,ICD-10-CM,2025-03-23,155
20012986,E78.5,ICD-10-CM,2026-02-05,148
20012986,I10,ICD-10-CM,2026-05-09,241
20012986,F41.9,ICD-10-CM,2026-02-23,166
20012986,R53.83,ICD-10-CM,2026-03-15,186
20012989,L50.9,ICD-10-CM,2023-12-20,34
20012989,G43.909,ICD-10-CM,2023-12-09,23
20012989,R53.83,ICD-10-CM,2024-01-17,62
20012990,R10.9,ICD-10-CM,2022-11-16,279
20013006,L50.9,ICD-10-CM,2025-09-21,103
20013006,I10,ICD-10-CM,2025-08-13,64
20013006,E78.5,ICD-10-CM,2026-01-04,208
20013015,I10,ICD-10-CM,2023-07-19,282
20013015,I10,ICD-10-CM,2023-10-04,359
20013015,I10,ICD-10-CM,2024-10-16,737
20013015,E78.5,ICD-10-CM,2024-07-20,649
20013015,M79.7,ICD-10-CM,2023-05-13,215
20013017,K21.9,ICD-10-CM,2026-02-01,320
20013017,J45.909,ICD-10-CM,2025-11-27,254
20013017,R53.83,ICD-10-CM,2025-08-14,149
20013017,R53.83,ICD-10-CM,2025-07-24,128
20013020,E78.5,ICD-10-CM,2025-01-06,73
20013020,I10,ICD-10-CM,2024-11-10,16
20013020,J45.909,ICD-10-CM,2025-06-17,235
20013020,K21.9,ICD-10-CM,2024-11-30,36
20013020,F41.9,ICD-10-CM,2025-02-21,119
20013020,R10.9,ICD-10-CM,2025-07-02,250
20013022,M79.7,ICD-10-CM,2025-11-07,794
20013022,J45.909,ICD-10-CM,2024-02-03,151
20013022,E78.5,ICD-10-CM,2023-09-13,8
20013022,I10,ICD-10-CM,2025-11-12,799
20013022,E78.5,ICD-10-CM,2023-10-11,36
20013022,L50.9,ICD-10-CM,2024-07-03,302
20013022,G43.909,ICD-10-CM,2024-06-05,274
20013022,I10,ICD-10-CM,2025-12-16,833
20013022,R53.83,ICD-10-CM,2026-02-08,887
20013023,E78.5,ICD-10-CM,2026-04-16,248
20013023,R10.9,ICD-10-CM,2025-10-30,80
20013023,R10.9,ICD-10-CM,2025-12-08,119
20013023,R53.83,ICD-10-CM,2026-05-19,281
20013023,R53.83,ICD-10-CM,2026-03-17,218
20013027,E78.5,ICD-10-CM,2024-12-22,282
20013027,F41.9,ICD-10-CM,2024-10-20,219
20013027,F41.9,ICD-10-CM,2024-07-11,118
20013027,K21.9,ICD-10-CM,2025-07-22,494
20013027,R53.83,ICD-10-CM,2024-12-28,288
20013034,R10.9,ICD-10-CM,2025-10-09,225
20013034,I10,ICD-10-CM,2025-11-27,274
20013034,R53.83,ICD-10-CM,2025-03-22,24
20013034,F41.9,ICD-10-CM,2025-03-13,15
20013056,M79.7,ICD-10-CM,2023-04-21,13
20013056,J45.909,ICD-10-CM,2024-02-22,320
20013056,M79.7,ICD-10-CM,2024-08-13,493
20013056,G43.909,ICD-10-CM,2023-11-13,219
20013056,K21.9,ICD-10-CM,2024-01-20,287
20013056,L50.9,ICD-10-CM,2023-06-30,83
20013056,J45.909,ICD-10-CM,2024-07-01,450
20013062,L50.9,ICD-10-CM,2025-10-11,56
20013062,F41.9,ICD-10-CM,2025-08-22,6
20013068,K21.9,ICD-10-CM,2024-03-18,194
20013068,K21.9,ICD-10-CM,2024-10-04,394
20013068,K21.9,ICD-10-CM,2024-02-03,150
20013068,F41.9,ICD-10-CM,2024-04-15,222
20013068,R10.9,ICD-10-CM,2023-09-30,24
20013068,R10.9,ICD-10-CM,2025-01-08,490
20013068,F41.9,ICD-10-CM,2024-12-23,474
20013072,F41.9,ICD-10-CM,2025-09-29,25
20013072,R10.9,ICD-10-CM,2025-12-14,101
20013077,G43.909,ICD-10-CM,2026-01-20,90
20013077,G43.909,ICD-10-CM,2026-03-26,155
20013079,J45.909,ICD-10-CM,2026-02-01,58
20013079,J45.909,ICD-10-CM,2026-05-30,176
20013100,R53.83,ICD-10-CM,2023-06-30,228
20013100,M79.7,ICD-10-CM,2024-03-12,484
20013100,K21.9,ICD-10-CM,2024-02-27,470
20013100,K21.9,ICD-10-CM,2023-01-06,53
20013100,K21.9,ICD-10-CM,2023-03-15,121
20013101,E78.5,ICD-10-CM,2026-05-21,342
20013101,E78.5,ICD-10-CM,2025-07-21,38
20013101,G43.909,ICD-10-CM,2025-08-12,60
20013101,L50.9,ICD-10-CM,2026-02-09,241
20013101,G43.909,ICD-10-CM,2025-08-13,61
20013101,R53.83,ICD-10-CM,2026-03-31,291
20013101,R53.83,ICD-10-CM,2025-07-15,32
20013102,F41.9,ICD-10-CM,2026-04-03,210
20013102,K21.9,ICD-10-CM,2025-09-19,14
20013107,I10,ICD-10-CM,2026-05-23,15
20013107,L50.9,ICD-10-CM,2026-05-13,5
20013111,R53.83,ICD-10-CM,2024-10-14,716
20013111,F41.9,ICD-10-CM,2022-12-18,50
20013111,K21.9,ICD-10-CM,2024-05-07,556
20013111,I10,ICD-10-CM,2023-10-29,365
20013111,I10,ICD-10-CM,2023-03-22,144
20013111,F41.9,ICD-10-CM,2022-12-31,63
20013111,K21.9,ICD-10-CM,2024-07-27,637
20013111,M79.7,ICD-10-CM,2023-01-25,88
20013119,J45.909,ICD-10-CM,2025-07-09,124
20013119,G43.909,ICD-10-CM,2026-02-20,350
20013119,K21.9,ICD-10-CM,2025-06-11,96
20013119,E78.5,ICD-10-CM,2025-10-04,211
20013119,G43.909,ICD-10-CM,2025-09-09,186
20013119,F41.9,ICD-10-CM,2025-06-03,88
20013119,R53.83,ICD-10-CM,2025-04-02,26
20013120,J45.909,ICD-10-CM,2026-04-18,377
20013120,K21.9,ICD-10-CM,2025-08-01,117
20013120,F41.9,ICD-10-CM,2025-04-11,5
20013120,E78.5,ICD-10-CM,2025-05-19,43
20013120,R10.9,ICD-10-CM,2026-03-13,341
20013138,L50.9,ICD-10-CM,2026-05-15,71
20013138,G43.909,ICD-10-CM,2026-05-03,59
20013138,F41.9,ICD-10-CM,2026-03-13,8
20013138,J45.909,ICD-10-CM,2026-05-12,68
20013138,K21.9,ICD-10-CM,2026-05-01,57
20013139,E78.5,ICD-10-CM,2025-09-26,940
20013139,J45.909,ICD-10-CM,2025-03-30,760
20013139,M79.7,ICD-10-CM,2023-03-04,3
20013139,I10,ICD-10-CM,2025-06-11,833
20013139,R53.83,ICD-10-CM,2023-06-06,97
20013139,I10,ICD-10-CM,2025-11-20,995
20013139,K21.9,ICD-10-CM,2023-07-06,127
20013139,F41.9,ICD-10-CM,2024-05-08,434
20013139,I10,ICD-10-CM,2025-04-30,791
20013139,K21.9,ICD-10-CM,2024-05-15,441
20013139,R10.9,ICD-10-CM,2025-02-04,706
20013139,J45.909,ICD-10-CM,2023-05-22,82
20013139,E78.5,ICD-10-CM,2023-11-30,274
20013139,G43.909,ICD-10-CM,2025-05-24,815
20013155,I10,ICD-10-CM,2026-05-29,21
20013165,J45.909,ICD-10-CM,2026-04-15,133
20013165,E78.5,ICD-10-CM,2026-05-29,177
20013165,I10,ICD-10-CM,2026-05-03,151
20013173,L50.9,ICD-10-CM,2023-03-31,539
20013173,F41.9,ICD-10-CM,2022-05-09,213
20013173,J45.909,ICD-10-CM,2022-10-19,376
20013173,J45.909,ICD-10-CM,2022-01-06,90
20013173,R10.9,ICD-10-CM,2021-10-26,18
20013173,E78.5,ICD-10-CM,2023-02-08,488
20013173,F41.9,ICD-10-CM,2021-11-21,44
20013173,R53.83,ICD-10-CM,2022-03-05,148
20013186,J45.909,ICD-10-CM,2025-10-22,216
20013186,J45.909,ICD-10-CM,2025-12-10,265
20013186,J45.909,ICD-10-CM,2025-12-22,277
20013186,L50.9,ICD-10-CM,2026-02-14,331
20013186,E78.5,ICD-10-CM,2025-11-13,238
20013190,L50.9,ICD-10-CM,2022-11-24,69
20013190,R53.83,ICD-10-CM,2024-07-21,674
20013190,J45.909,ICD-10-CM,2023-12-09,449
20013190,J45.909,ICD-10-CM,2024-11-20,796
20013190,E78.5,ICD-10-CM,2024-03-16,547
20013190,J45.909,ICD-10-CM,2025-04-18,945
20013190,E78.5,ICD-10-CM,2023-05-06,232
20013190,R53.83,ICD-10-CM,2026-04-17,1309
20013190,J45.909,ICD-10-CM,2025-05-23,980
20013190,K21.9,ICD-10-CM,2023-01-27,133
20013190,K21.9,ICD-10-CM,2023-09-05,354
20013190,I10,ICD-10-CM,2023-08-21,339
20013190,G43.909,ICD-10-CM,2022-10-13,27
20013190,R53.83,ICD-10-CM,2023-12-10,450
20013190,J45.909,ICD-10-CM,2025-08-18,1067
20013196,M79.7,ICD-10-CM,2024-11-10,793
20013196,E78.5,ICD-10-CM,2025-06-26,1021
20013196,J45.909,ICD-10-CM,2022-11-17,69
20013196,G43.909,ICD-10-CM,2025-12-12,1190
20013196,E78.5,ICD-10-CM,2024-12-19,832
20013196,I10,ICD-10-CM,2026-02-11,1251
20013196,E78.5,ICD-10-CM,2022-09-11,2
20013196,I10,ICD-10-CM,2024-08-08,699
20013196,G43.909,ICD-10-CM,2026-03-24,1292
20013196,F41.9,ICD-10-CM,2022-09-30,21
20013196,G43.909,ICD-10-CM,2025-09-05,1092
20013196,J45.909,ICD-10-CM,2024-10-28,780
20013196,F41.9,ICD-10-CM,2022-09-20,11
20013196,R53.83,ICD-10-CM,2024-10-25,777
20013196,K21.9,ICD-10-CM,2025-12-15,1193
20013212,L50.9,ICD-10-CM,2026-03-08,562
20013212,I10,ICD-10-CM,2024-12-29,128
20013212,I10,ICD-10-CM,2025-02-20,181
20013240,J45.909,ICD-10-CM,2025-02-02,283
20013240,F41.9,ICD-10-CM,2024-12-28,247
20013240,G43.909,ICD-10-CM,2025-02-02,283
20013240,R10.9,ICD-10-CM,2024-12-12,231
20013240,F41.9,ICD-10-CM,2024-07-28,94
20013240,R10.9,ICD-10-CM,2024-11-19,208
20013243,J45.909,ICD-10-CM,2026-05-17,723
20013243,L50.9,ICD-10-CM,2025-08-28,461
20013243,R53.83,ICD-10-CM,2025-12-23,578
20013243,R10.9,ICD-10-CM,2025-08-01,434
20013243,R10.9,ICD-10-CM,2025-03-07,287
20013243,M79.7,ICD-10-CM,2025-10-05,499
20013243,E78.5,ICD-10-CM,2024-08-15,83
20013255,J45.909,ICD-10-CM,2026-05-13,186
20013255,F41.9,ICD-10-CM,2026-02-04,88
20013257,K21.9,ICD-10-CM,2026-02-09,280
20013257,J45.909,ICD-10-CM,2026-01-29,269
20013257,R10.9,ICD-10-CM,2025-06-21,47
20013257,L50.9,ICD-10-CM,2025-12-21,230
20013257,F41.9,ICD-10-CM,2025-12-28,237
20013257,R10.9,ICD-10-CM,2025-12-28,237
20013257,J45.909,ICD-10-CM,2026-01-21,261
20013271,L50.9,ICD-10-CM,2026-03-14,60
20013271,R10.9,ICD-10-CM,2026-04-27,104
20013271,L50.9,ICD-10-CM,2026-02-14,32
20013271,J45.909,ICD-10-CM,2026-05-03,110
20013275,K21.9,ICD-10-CM,2026-05-29,8
20013276,J45.909,ICD-10-CM,2025-07-11,174
20013276,I10,ICD-10-CM,2025-04-24,96
20013276,K21.9,ICD-10-CM,2025-05-27,129
20013279,L50.9,ICD-10-CM,2026-04-25,150
20013279,J45.909,ICD-10-CM,2025-12-09,13
20013286,E78.5,ICD-10-CM,2025-01-31,76
20013286,G43.909,ICD-10-CM,2026-03-14,483
20013286,F41.9,ICD-10-CM,2025-08-19,276
20013286,G43.909,ICD-10-CM,2025-03-29,133
20013287,E78.5,ICD-10-CM,2026-05-05,22
20013287,R10.9,ICD-10-CM,2026-05-15,32
20013287,I10,ICD-10-CM,2026-05-30,47
20013287,F41.9,ICD-10-CM,2026-05-14,31
20013291,E78.5,ICD-10-CM,2023-06-22,204
20013291,K21.9,ICD-10-CM,2023-10-22,326
20013291,I10,ICD-10-CM,2024-04-04,491
20013291,I10,ICD-10-CM,2024-05-23,540
20013291,E78.5,ICD-10-CM,2023-06-02,184
20013291,G43.909,ICD-10-CM,2023-03-23,113
20013291,J45.909,ICD-10-CM,2023-07-23,235
20013294,F41.9,ICD-10-CM,2024-02-26,97
20013294,K21.9,ICD-10-CM,2024-01-23,63
20013294,I10,ICD-10-CM,2024-04-26,157
20013294,K21.9,ICD-10-CM,2024-03-16,116
20013294,G43.909,ICD-10-CM,2023-12-10,19
20013294,E78.5,ICD-10-CM,2023-12-03,12
20013294,R53.83,ICD-10-CM,2024-01-25,65
20013301,I10,ICD-10-CM,2026-04-17,416
20013301,E78.5,ICD-10-CM,2025-12-02,280
20013301,R53.83,ICD-10-CM,2025-09-30,217
20013301,E78.5,ICD-10-CM,2026-01-23,332
20013301,I10,ICD-10-CM,2025-10-02,219
20013301,G43.909,ICD-10-CM,2025-12-10,288
20013301,R53.83,ICD-10-CM,2025-12-31,309
20013302,R10.9,ICD-10-CM,2025-02-10,841
20013302,J45.909,ICD-10-CM,2025-06-21,972
20013302,G43.909,ICD-10-CM,2023-10-18,360
20013302,F41.9,ICD-10-CM,2024-07-13,629
20013302,I10,ICD-10-CM,2023-11-02,375
20013302,R53.83,ICD-10-CM,2023-04-10,169
20013302,M79.7,ICD-10-CM,2024-07-07,623
20013302,L50.9,ICD-10-CM,2025-05-31,951
20013302,R53.83,ICD-10-CM,2022-12-14,52
20013302,I10,ICD-10-CM,2023-02-13,113
20013302,R53.83,ICD-10-CM,2024-08-08,655
20013302,R10.9,ICD-10-CM,2023-11-12,385
20013302,I10,ICD-10-CM,2023-04-15,174
20013302,I10,ICD-10-CM,2023-08-25,306
20013309,L50.9,ICD-10-CM,2026-03-05,15
20013309,R53.83,ICD-10-CM,2026-05-31,102
20013309,F41.9,ICD-10-CM,2026-03-29,39
20013309,E78.5,ICD-10-CM,2026-04-15,56
20013309,F41.9,ICD-10-CM,2026-03-09,19
20013310,R10.9,ICD-10-CM,2025-06-25,609
20013310,M79.7,ICD-10-CM,2025-04-10,533
20013310,R10.9,ICD-10-CM,2024-08-19,299
20013310,G43.909,ICD-10-CM,2025-05-08,561
20013310,G43.909,ICD-10-CM,2025-11-16,753
20013310,M79.7,ICD-10-CM,2025-09-02,678
20013310,R10.9,ICD-10-CM,2026-02-08,837
20013310,R53.83,ICD-10-CM,2025-01-24,457
20013310,K21.9,ICD-10-CM,2024-01-27,94
20013310,R10.9,ICD-10-CM,2025-12-29,796
20013310,G43.909,ICD-10-CM,2024-08-17,297
20013318,L50.9,ICD-10-CM,2024-12-01,33
20013318,G43.909,ICD-10-CM,2025-10-13,349
20013318,M79.7,ICD-10-CM,2025-05-13,196
20013318,K21.9,ICD-10-CM,2024-11-13,15
20013318,J45.909,ICD-10-CM,2025-04-21,174
20013344,I10,ICD-10-CM,2025-03-26,903
20013344,R53.83,ICD-10-CM,2024-06-29,633
20013344,R53.83,ICD-10-CM,2023-03-01,147
20013344,K21.9,ICD-10-CM,2024-07-19,653
20013344,K21.9,ICD-10-CM,2025-05-15,953
20013344,I10,ICD-10-CM,2023-05-04,211
20013344,F41.9,ICD-10-CM,2025-03-24,901
20013344,G43.909,ICD-10-CM,2024-03-01,513
20013346,F41.9,ICD-10-CM,2026-02-07,221
20013346,J45.909,ICD-10-CM,2026-05-24,327
20013346,G43.909,ICD-10-CM,2025-10-30,121
20013346,F41.9,ICD-10-CM,2025-12-20,172
20013346,K21.9,ICD-10-CM,2025-09-22,83
20013349,E78.5,ICD-10-CM,2024-03-16,441
20013349,I10,ICD-10-CM,2025-04-30,851
20013349,J45.909,ICD-10-CM,2023-04-16,106
20013349,L50.9,ICD-10-CM,2023-09-24,267
20013349,I10,ICD-10-CM,2023-09-22,265
20013349,E78.5,ICD-10-CM,2025-05-29,880
20013349,J45.909,ICD-10-CM,2023-09-07,250
20013349,L50.9,ICD-10-CM,2025-02-09,771
20013349,E78.5,ICD-10-CM,2024-04-03,459
20013349,M79.7,ICD-10-CM,2025-06-28,910
20013351,F41.9,ICD-10-CM,2024-07-19,525
20013351,F41.9,ICD-10-CM,2024-04-23,438
20013351,F41.9,ICD-10-CM,2023-09-14,216
20013351,E78.5,ICD-10-CM,2023-12-03,296
20013351,K21.9,ICD-10-CM,2023-10-11,243
20013351,M79.7,ICD-10-CM,2024-02-02,357
20013351,L50.9,ICD-10-CM,2023-08-27,198
20013377,E78.5,ICD-10-CM,2026-01-11,52
20013377,M79.7,ICD-10-CM,2026-05-10,171
20013377,L50.9,ICD-10-CM,2026-05-15,176
20013383,G43.909,ICD-10-CM,2025-10-12,249
20013383,I10,ICD-10-CM,2025-08-20,196
20013383,M79.7,ICD-10-CM,2025-09-26,233
20013383,I10,ICD-10-CM,2025-07-24,169
20013383,L50.9,ICD-10-CM,2026-02-28,388
20013384,R53.83,ICD-10-CM,2023-02-21,43
20013384,E78.5,ICD-10-CM,2023-02-06,28
20013384,J45.909,ICD-10-CM,2023-02-03,25
20013384,G43.909,ICD-10-CM,2023-01-24,15
20013386,E78.5,ICD-10-CM,2025-03-25,310
20013386,K21.9,ICD-10-CM,2025-12-21,581
20013386,G43.909,ICD-10-CM,2026-04-15,696
20013386,G43.909,ICD-10-CM,2024-09-08,112
20013386,R10.9,ICD-10-CM,2025-10-03,502
20013386,I10,ICD-10-CM,2025-02-09,266
20013386,I10,ICD-10-CM,2026-02-27,649
20013386,R53.83,ICD-10-CM,2024-11-30,195
20013390,G43.909,ICD-10-CM,2025-07-21,109
20013390,I10,ICD-10-CM,2025-07-14,102
20013390,E78.5,ICD-10-CM,2025-11-17,228
20013390,L50.9,ICD-10-CM,2025-12-19,260
20013394,K21.9,ICD-10-CM,2025-12-14,68
20013394,E78.5,ICD-10-CM,2026-01-08,93
20013394,I10,ICD-10-CM,2026-04-29,204
20013429,I10,ICD-10-CM,2026-05-23,17
20013429,I10,ICD-10-CM,2026-05-20,14
20013435,F41.9,ICD-10-CM,2026-05-19,42
20013435,J45.909,ICD-10-CM,2026-05-24,47
20013435,R53.83,ICD-10-CM,2026-04-22,15
20013435,G43.909,ICD-10-CM,2026-05-12,35
20013439,L50.9,ICD-10-CM,2023-12-25,502
20013439,I10,ICD-10-CM,2025-01-03,877
20013439,L50.9,ICD-10-CM,2025-01-28,902
20013439,G43.909,ICD-10-CM,2025-01-06,880
20013439,L50.9,ICD-10-CM,2023-09-03,389
20013439,R10.9,ICD-10-CM,2023-08-07,362
20013439,E78.5,ICD-10-CM,2022-11-12,94
20013439,G43.909,ICD-10-CM,2025-02-23,928
20013439,K21.9,ICD-10-CM,2024-07-21,711
20013439,F41.9,ICD-10-CM,2024-05-24,653
20013441,I10,ICD-10-CM,2022-05-28,136
20013441,K21.9,ICD-10-CM,2025-11-02,1390
20013441,I10,ICD-10-CM,2026-03-01,1509
20013441,E78.5,ICD-10-CM,2023-03-12,424
20013441,K21.9,ICD-10-CM,2024-01-19,737
20013441,J45.909,ICD-10-CM,2023-10-28,654
20013441,F41.9,ICD-10-CM,2025-04-03,1177
20013441,L50.9,ICD-10-CM,2025-06-19,1254
20013441,I10,ICD-10-CM,2022-12-02,324
20013441,L50.9,ICD-10-CM,2025-01-07,1091
20013441,I10,ICD-10-CM,2023-11-14,671
20013441,E78.5,ICD-10-CM,2023-08-09,574
20013441,K21.9,ICD-10-CM,2023-03-31,443
20013441,M79.7,ICD-10-CM,2023-06-16,520
20013451,G43.909,ICD-10-CM,2025-10-25,222
20013451,I10,ICD-10-CM,2026-02-12,332
20013451,G43.909,ICD-10-CM,2025-08-09,145
20013451,E78.5,ICD-10-CM,2025-06-07,82
20013452,I10,ICD-10-CM,2022-05-24,217
20013452,G43.909,ICD-10-CM,2023-08-07,657
20013452,K21.9,ICD-10-CM,2023-04-14,542
20013452,R53.83,ICD-10-CM,2022-02-12,116
20013452,R53.83,ICD-10-CM,2022-12-05,412
20013452,R10.9,ICD-10-CM,2022-08-27,312
20013456,J45.909,ICD-10-CM,2026-01-30,90
20013456,F41.9,ICD-10-CM,2025-11-14,13
20013456,M79.7,ICD-10-CM,2026-01-04,64
20013456,M79.7,ICD-10-CM,2026-02-13,104
20013461,I10,ICD-10-CM,2023-07-26,66
20013461,E78.5,ICD-10-CM,2023-09-28,130
20013461,F41.9,ICD-10-CM,2023-07-06,46
20013464,J45.909,ICD-10-CM,2026-05-22,488
20013464,I10,ICD-10-CM,2025-04-17,88
20013464,I10,ICD-10-CM,2026-03-12,417
20013464,K21.9,ICD-10-CM,2025-06-15,147
20013464,E78.5,ICD-10-CM,2026-03-01,406
20013473,G43.909,ICD-10-CM,2025-07-21,405
20013473,E78.5,ICD-10-CM,2025-08-10,425
20013476,R10.9,ICD-10-CM,2024-02-13,371
20013476,R10.9,ICD-10-CM,2024-11-08,640
20013476,F41.9,ICD-10-CM,2023-06-19,132
20013476,I10,ICD-10-CM,2024-03-18,405
20013476,R10.9,ICD-10-CM,2024-05-19,467
20013476,L50.9,ICD-10-CM,2024-08-16,556
20013478,G43.909,ICD-10-CM,2026-05-18,65
20013478,E78.5,ICD-10-CM,2026-05-09,56
20013478,K21.9,ICD-10-CM,2026-05-21,68
20013478,J45.909,ICD-10-CM,2026-03-20,6
20013488,K21.9,ICD-10-CM,2025-01-14,15
20013488,J45.909,ICD-10-CM,2025-02-16,48
20013488,F41.9,ICD-10-CM,2026-01-28,394
20013488,K21.9,ICD-10-CM,2025-04-20,111
20013488,R10.9,ICD-10-CM,2025-02-08,40
20013488,L50.9,ICD-10-CM,2026-01-27,393
20013488,J45.909,ICD-10-CM,2026-01-14,380
20013490,E78.5,ICD-10-CM,2026-03-15,300
20013490,E78.5,ICD-10-CM,2026-01-25,251
20013490,R10.9,ICD-10-CM,2026-02-09,266
20013490,I10,ICD-10-CM,2025-12-12,207
20013492,K21.9,ICD-10-CM,2025-06-07,256
20013492,R53.83,ICD-10-CM,2025-02-09,138
20013492,R10.9,ICD-10-CM,2025-09-09,350
20013492,F41.9,ICD-10-CM,2026-01-17,480
20013499,E78.5,ICD-10-CM,2024-10-20,584
20013499,R53.83,ICD-10-CM,2024-09-22,556
20013499,J45.909,ICD-10-CM,2024-04-24,405
20013499,R10.9,ICD-10-CM,2023-04-17,32
20013499,I10,ICD-10-CM,2025-09-03,902
20013499,L50.9,ICD-10-CM,2025-08-14,882
20013499,R10.9,ICD-10-CM,2025-07-19,856
20013499,I10,ICD-10-CM,2023-05-23,68
20013499,F41.9,ICD-10-CM,2025-02-15,702
20013501,F41.9,ICD-10-CM,2024-02-13,265
20013501,F41.9,ICD-10-CM,2023-10-03,132
20013505,M79.7,ICD-10-CM,2023-10-21,386
20013505,I10,ICD-10-CM,2022-11-02,33
20013505,I10,ICD-10-CM,2023-07-14,287
20013505,I10,ICD-10-CM,2023-01-04,96
20013505,F41.9,ICD-10-CM,2023-06-22,265
20013505,I10,ICD-10-CM,2023-05-25,237
20013516,F41.9,ICD-10-CM,2022-08-12,29
20013516,R10.9,ICD-10-CM,2022-12-05,144
20013516,G43.909,ICD-10-CM,2023-04-21,281
20013516,I10,ICD-10-CM,2022-12-08,147
20013516,K21.9,ICD-10-CM,2023-01-24,194
20013516,J45.909,ICD-10-CM,2023-03-11,240
20013519,G43.909,ICD-10-CM,2024-09-14,175
20013519,G43.909,ICD-10-CM,2024-09-07,168
20013519,E78.5,ICD-10-CM,2024-08-01,131
20013519,R10.9,ICD-10-CM,2024-08-13,143
20013519,K21.9,ICD-10-CM,2024-09-19,180
20013521,I10,ICD-10-CM,2026-05-31,1
20013521,G43.909,ICD-10-CM,2026-05-31,1
20013521,R53.83,ICD-10-CM,2026-05-31,1
20013539,G43.909,ICD-10-CM,2024-06-20,539
20013539,R53.83,ICD-10-CM,2023-04-15,107
20013539,R53.83,ICD-10-CM,2024-02-07,405
20013539,E78.5,ICD-10-CM,2024-03-06,433
20013539,F41.9,ICD-10-CM,2024-06-22,541
20013539,G43.909,ICD-10-CM,2024-01-29,396
20013541,K21.9,ICD-10-CM,2022-08-03,49
20013541,G43.909,ICD-10-CM,2022-07-10,25
20013541,R10.9,ICD-10-CM,2022-10-09,116
20013541,I10,ICD-10-CM,2022-11-09,147
20013550,F41.9,ICD-10-CM,2024-11-02,105
20013550,G43.909,ICD-10-CM,2025-02-08,203
20013550,E78.5,ICD-10-CM,2025-01-23,187
20013550,E78.5,ICD-10-CM,2026-05-31,680
20013550,K21.9,ICD-10-CM,2026-02-17,577
20013550,R10.9,ICD-10-CM,2025-08-06,382
20013550,L50.9,ICD-10-CM,2024-12-06,139
20013550,L50.9,ICD-10-CM,2025-07-22,367
20013555,R53.83,ICD-10-CM,2024-11-21,207
20013555,M79.7,ICD-10-CM,2024-11-24,210
20013555,J45.909,ICD-10-CM,2025-01-21,268
20013555,R10.9,ICD-10-CM,2024-05-12,14
20013555,I10,ICD-10-CM,2025-01-10,257
20013555,I10,ICD-10-CM,2024-10-31,186
20013555,E78.5,ICD-10-CM,2024-05-23,25
20013555,I10,ICD-10-CM,2024-05-18,20
20013560,J45.909,ICD-10-CM,2026-05-10,17
20013560,R53.83,ICD-10-CM,2026-05-08,15
20013560,R10.9,ICD-10-CM,2026-05-19,26
20013560,J45.909,ICD-10-CM,2026-05-11,18
20013561,F41.9,ICD-10-CM,2025-09-25,245
20013561,R10.9,ICD-10-CM,2026-02-09,382
20013566,K21.9,ICD-10-CM,2024-06-23,409
20013566,I10,ICD-10-CM,2023-10-13,155
20013566,F41.9,ICD-10-CM,2024-04-21,346
20013566,R53.83,ICD-10-CM,2024-10-05,513
20013566,G43.909,ICD-10-CM,2023-07-08,58
20013566,G43.909,ICD-10-CM,2024-05-11,366
20013566,F41.9,ICD-10-CM,2023-12-20,223
20013566,R53.83,ICD-10-CM,2024-11-01,540
20013566,R10.9,ICD-10-CM,2023-10-02,144
20013566,R10.9,ICD-10-CM,2024-06-20,406
20013571,F41.9,ICD-10-CM,2024-08-18,710
20013571,G43.909,ICD-10-CM,2025-03-24,928
20013571,M79.7,ICD-10-CM,2024-08-20,712
20013571,E78.5,ICD-10-CM,2025-04-04,939
20013571,G43.909,ICD-10-CM,2024-09-09,732
20013579,E78.5,ICD-10-CM,2023-05-19,230
20013579,I10,ICD-10-CM,2024-06-09,617
20013579,E78.5,ICD-10-CM,2023-07-25,297
20013579,F41.9,ICD-10-CM,2024-12-02,793
20013579,M79.7,ICD-10-CM,2025-09-15,1080
20013579,I10,ICD-10-CM,2025-06-29,1002
20013579,R10.9,ICD-10-CM,2026-01-20,1207
20013579,M79.7,ICD-10-CM,2024-08-13,682
20013579,M79.7,ICD-10-CM,2024-08-28,697
20013579,L50.9,ICD-10-CM,2026-04-09,1286
20013579,G43.909,ICD-10-CM,2025-06-24,997
20013579,R10.9,ICD-10-CM,2023-09-26,360
20013579,L50.9,ICD-10-CM,2023-11-07,402
20013579,I10,ICD-10-CM,2025-11-18,1144
20013580,R10.9,ICD-10-CM,2024-12-06,341
20013580,L50.9,ICD-10-CM,2024-02-11,42
20013580,R53.83,ICD-10-CM,2025-06-10,527
20013580,R10.9,ICD-10-CM,2024-05-27,148
20013580,L50.9,ICD-10-CM,2024-07-09,191
20013584,R10.9,ICD-10-CM,2025-07-20,10
20013584,I10,ICD-10-CM,2025-07-13,3
20013584,J45.909,ICD-10-CM,2025-07-20,10
20013584,I10,ICD-10-CM,2026-03-29,262
20013611,I10,ICD-10-CM,2024-06-23,534
20013611,J45.909,ICD-10-CM,2024-11-05,669
20013611,F41.9,ICD-10-CM,2024-11-29,693
20013611,J45.909,ICD-10-CM,2024-12-03,697
20013611,K21.9,ICD-10-CM,2023-05-17,131
20013611,R53.83,ICD-10-CM,2023-04-27,111
20013618,J45.909,ICD-10-CM,2025-11-15,72
20013618,R10.9,ICD-10-CM,2026-04-23,231
20013618,G43.909,ICD-10-CM,2026-01-23,141
20013618,R53.83,ICD-10-CM,2025-09-25,21
20013618,J45.909,ICD-10-CM,2025-09-26,22
20013622,K21.9,ICD-10-CM,2026-04-01,3
20013633,G43.909,ICD-10-CM,2026-02-16,43
20013633,L50.9,ICD-10-CM,2026-04-09,95
20013639,J45.909,ICD-10-CM,2025-05-10,394
20013639,L50.9,ICD-10-CM,2026-01-21,650
20013639,J45.909,ICD-10-CM,2025-05-14,398
20013639,F41.9,ICD-10-CM,2024-04-12,1
20013639,K21.9,ICD-10-CM,2024-11-28,231
20013639,I10,ICD-10-CM,2025-05-03,387
20013639,G43.909,ICD-10-CM,2025-05-09,393
20013639,L50.9,ICD-10-CM,2026-02-26,686
20013639,E78.5,ICD-10-CM,2025-06-27,442
20013639,R10.9,ICD-10-CM,2025-11-24,592
20013639,J45.909,ICD-10-CM,2026-03-10,698
20013639,G43.909,ICD-10-CM,2024-11-26,229
20013639,I10,ICD-10-CM,2025-11-25,593
20013639,R53.83,ICD-10-CM,2025-10-04,541
20013639,E78.5,ICD-10-CM,2025-01-16,280
20013654,E78.5,ICD-10-CM,2023-01-19,116
20013654,R53.83,ICD-10-CM,2023-12-05,436
20013654,R10.9,ICD-10-CM,2024-07-16,660
20013675,K21.9,ICD-10-CM,2024-06-04,521
20013675,K21.9,ICD-10-CM,2025-06-19,901
20013675,I10,ICD-10-CM,2024-08-17,595
20013675,I10,ICD-10-CM,2024-11-27,697
20013675,M79.7,ICD-10-CM,2025-05-13,864
20013675,R53.83,ICD-10-CM,2024-07-09,556
20013675,R53.83,ICD-10-CM,2024-12-24,724
20013675,K21.9,ICD-10-CM,2024-12-10,710
20013675,M79.7,ICD-10-CM,2025-04-07,828
20013675,R10.9,ICD-10-CM,2023-09-26,269
20013675,R53.83,ICD-10-CM,2025-01-26,757
20013675,E78.5,ICD-10-CM,2023-10-10,283
20013675,I10,ICD-10-CM,2023-02-10,41
20013675,F41.9,ICD-10-CM,2024-02-19,415
20013679,L50.9,ICD-10-CM,2026-05-17,2
20013679,L50.9,ICD-10-CM,2026-05-23,8
20013691,R53.83,ICD-10-CM,2025-05-11,349
20013691,J45.909,ICD-10-CM,2025-01-04,222
20013691,R53.83,ICD-10-CM,2026-02-25,639
20013691,I10,ICD-10-CM,2026-03-01,643
20013691,E78.5,ICD-10-CM,2024-06-25,29
20013691,E78.5,ICD-10-CM,2025-11-25,547
20013691,K21.9,ICD-10-CM,2024-11-04,161
20013691,F41.9,ICD-10-CM,2025-10-19,510
20013694,R10.9,ICD-10-CM,2025-09-09,279
20013694,M79.7,ICD-10-CM,2026-01-09,401
20013694,E78.5,ICD-10-CM,2026-03-03,454
20013694,F41.9,ICD-10-CM,2025-12-23,384
20013694,E78.5,ICD-10-CM,2025-08-16,255
20013694,R53.83,ICD-10-CM,2025-01-04,31
20013694,I10,ICD-10-CM,2026-03-13,464
20013698,I10,ICD-10-CM,2026-02-06,181
20013698,R53.83,ICD-10-CM,2025-10-11,63
20013698,F41.9,ICD-10-CM,2026-05-06,270
20013698,R53.83,ICD-10-CM,2025-12-12,125
20013698,E78.5,ICD-10-CM,2025-08-22,13
20013704,L50.9,ICD-10-CM,2025-01-31,24
20013704,I10,ICD-10-CM,2026-01-11,369
20013704,G43.909,ICD-10-CM,2025-03-14,66
20013704,E78.5,ICD-10-CM,2025-10-23,289
20013704,I10,ICD-10-CM,2025-03-02,54
20013704,J45.909,ICD-10-CM,2025-12-01,328
20013704,R53.83,ICD-10-CM,2026-03-22,439
20013704,M79.7,ICD-10-CM,2025-08-07,212
20013704,J45.909,ICD-10-CM,2025-01-19,12
20013704,G43.909,ICD-10-CM,2026-01-24,382
20013704,L50.9,ICD-10-CM,2025-05-09,122
20013704,J45.909,ICD-10-CM,2025-02-14,38
20013705,F41.9,ICD-10-CM,2024-01-15,18
20013705,J45.909,ICD-10-CM,2024-04-12,106
20013705,F41.9,ICD-10-CM,2024-02-07,41
20013721,K21.9,ICD-10-CM,2023-06-07,224
20013721,I10,ICD-10-CM,2022-11-15,20
20013736,K21.9,ICD-10-CM,2026-02-25,250
20013736,R53.83,ICD-10-CM,2025-07-06,16
20013749,K21.9,ICD-10-CM,2026-02-17,31
20013766,R10.9,ICD-10-CM,2026-05-02,36
20013766,R53.83,ICD-10-CM,2026-04-02,6
20013778,K21.9,ICD-10-CM,2026-04-19,717
20013778,R10.9,ICD-10-CM,2025-07-19,443
20013778,G43.909,ICD-10-CM,2026-04-02,700
20013778,R10.9,ICD-10-CM,2024-05-22,20
20013778,R53.83,ICD-10-CM,2025-11-02,549
20013778,E78.5,ICD-10-CM,2025-07-18,442
20013778,J45.909,ICD-10-CM,2025-04-13,346
20013778,R53.83,ICD-10-CM,2025-09-03,489
20013778,E78.5,ICD-10-CM,2024-10-09,160
20013778,I10,ICD-10-CM,2025-02-01,275
20013778,K21.9,ICD-10-CM,2024-12-30,242
20013778,E78.5,ICD-10-CM,2025-05-18,381
20013778,G43.909,ICD-10-CM,2024-08-12,102
20013778,I10,ICD-10-CM,2024-06-30,59
20013783,G43.909,ICD-10-CM,2023-06-02,158
20013783,G43.909,ICD-10-CM,2023-09-22,270
20013783,I10,ICD-10-CM,2023-05-03,128
20013783,K21.9,ICD-10-CM,2024-01-18,388
20013783,I10,ICD-10-CM,2023-04-06,101
20013783,E78.5,ICD-10-CM,2024-02-16,417
20013787,I10,ICD-10-CM,2025-08-30,165
20013787,M79.7,ICD-10-CM,2026-04-13,391
20013790,I10,ICD-10-CM,2025-03-16,435
20013790,R53.83,ICD-10-CM,2024-04-02,87
20013790,R53.83,ICD-10-CM,2024-09-03,241
20013790,I10,ICD-10-CM,2025-05-24,504
20013790,R10.9,ICD-10-CM,2025-02-07,398
20013790,E78.5,ICD-10-CM,2024-09-02,240
20013790,R10.9,ICD-10-CM,2025-11-16,680
20013790,G43.909,ICD-10-CM,2024-08-18,225
20013790,K21.9,ICD-10-CM,2025-01-03,363
20013793,R10.9,ICD-10-CM,2024-11-07,443
20013793,E78.5,ICD-10-CM,2024-11-14,450
20013793,K21.9,ICD-10-CM,2024-04-08,230
20013793,E78.5,ICD-10-CM,2023-12-13,113
20013793,F41.9,ICD-10-CM,2024-07-27,340
20013793,E78.5,ICD-10-CM,2024-03-29,220
20013794,F41.9,ICD-10-CM,2024-08-29,275
20013794,G43.909,ICD-10-CM,2024-08-23,269
20013794,E78.5,ICD-10-CM,2024-10-10,317
20013794,R10.9,ICD-10-CM,2024-02-12,76
20013802,F41.9,ICD-10-CM,2024-05-31,77
20013802,F41.9,ICD-10-CM,2025-07-29,501
20013802,R10.9,ICD-10-CM,2024-04-01,17
20013802,I10,ICD-10-CM,2026-01-09,665
20013802,J45.909,ICD-10-CM,2025-08-16,519
20013802,M79.7,ICD-10-CM,2024-04-22,38
20013802,I10,ICD-10-CM,2024-08-05,143
20013802,J45.909,ICD-10-CM,2026-01-06,662
20013806,L50.9,ICD-10-CM,2025-04-03,201
20013806,R53.83,ICD-10-CM,2024-12-21,98
20013810,K21.9,ICD-10-CM,2025-06-09,228
20013810,R53.83,ICD-10-CM,2024-12-02,39
20013816,G43.909,ICD-10-CM,2023-10-12,374
20013816,L50.9,ICD-10-CM,2024-07-31,667
20013816,K21.9,ICD-10-CM,2024-11-01,760
20013816,J45.909,ICD-10-CM,2024-06-10,616
20013816,L50.9,ICD-10-CM,2024-05-09,584
20013816,G43.909,ICD-10-CM,2025-01-07,827
20013816,K21.9,ICD-10-CM,2022-11-08,36
20013816,I10,ICD-10-CM,2023-07-20,290
20013827,R53.83,ICD-10-CM,2025-04-04,170
20013827,R53.83,ICD-10-CM,2025-08-08,296
20013827,G43.909,ICD-10-CM,2026-02-04,476
20013844,F41.9,ICD-10-CM,2026-05-07,184
20013844,K21.9,ICD-10-CM,2026-04-10,157
20013844,G43.909,ICD-10-CM,2026-04-05,152
20013844,G43.909,ICD-10-CM,2026-01-26,83
20013845,F41.9,ICD-10-CM,2026-04-20,363
20013845,K21.9,ICD-10-CM,2025-06-21,60
20013845,J45.909,ICD-10-CM,2026-01-26,279
20013845,L50.9,ICD-10-CM,2026-04-13,356
20013845,I10,ICD-10-CM,2025-08-07,107
20013845,I10,ICD-10-CM,2025-05-16,24
20013848,R53.83,ICD-10-CM,2026-05-31,2
20013848,L50.9,ICD-10-CM,2026-05-30,1
20013848,I10,ICD-10-CM,2026-05-31,2
20013850,G43.909,ICD-10-CM,2025-04-29,158
20013850,K21.9,ICD-10-CM,2025-10-24,336
20013850,K21.9,ICD-10-CM,2025-01-29,68
20013850,R10.9,ICD-10-CM,2025-11-18,361
20013850,R53.83,ICD-10-CM,2025-05-17,176
20013850,I10,ICD-10-CM,2025-08-31,282
20013850,K21.9,ICD-10-CM,2025-07-11,231
20013857,M79.7,ICD-10-CM,2024-06-03,501
20013857,F41.9,ICD-10-CM,2024-03-11,417
20013857,E78.5,ICD-10-CM,2023-05-12,113
20013857,F41.9,ICD-10-CM,2024-05-04,471
20013857,L50.9,ICD-10-CM,2023-08-01,194
20013857,G43.909,ICD-10-CM,2023-02-10,22
20013857,J45.909,ICD-10-CM,2024-02-25,402
20013857,G43.909,ICD-10-CM,2023-06-01,133
20013857,R10.9,ICD-10-CM,2023-09-20,244
20013857,K21.9,ICD-10-CM,2023-05-22,123
20013857,K21.9,ICD-10-CM,2024-03-11,417
20013873,K21.9,ICD-10-CM,2023-07-05,30
20013879,M79.7,ICD-10-CM,2025-05-12,7
20013879,F41.9,ICD-10-CM,2025-06-23,49
20013879,E78.5,ICD-10-CM,2026-05-24,384
20013879,F41.9,ICD-10-CM,2026-03-26,325
20013879,G43.909,ICD-10-CM,2025-05-27,22
20013879,R53.83,ICD-10-CM,2026-05-21,381
20013879,I10,ICD-10-CM,2026-02-09,280
20013879,L50.9,ICD-10-CM,2025-12-20,229
20013883,F41.9,ICD-10-CM,2025-11-27,250
20013883,R10.9,ICD-10-CM,2025-08-02,133
20013883,F41.9,ICD-10-CM,2025-10-19,211
20013883,K21.9,ICD-10-CM,2025-12-07,260
20013883,I10,ICD-10-CM,2025-06-29,99
20013883,R53.83,ICD-10-CM,2025-05-28,67
20013883,F41.9,ICD-10-CM,2025-12-03,256
20013884,G43.909,ICD-10-CM,2026-04-19,129
20013884,R53.83,ICD-10-CM,2026-02-27,78
20013884,R53.83,ICD-10-CM,2026-04-25,135
20013888,G43.909,ICD-10-CM,2026-05-13,7
20013888,R10.9,ICD-10-CM,2026-05-16,10
20013888,J45.909,ICD-10-CM,2026-05-16,10
20013908,J45.909,ICD-10-CM,2024-11-06,575
20013908,M79.7,ICD-10-CM,2025-05-10,760
20013908,I10,ICD-10-CM,2024-04-23,378
20013908,J45.909,ICD-10-CM,2024-01-05,269
20013908,K21.9,ICD-10-CM,2023-11-11,214
20013908,K21.9,ICD-10-CM,2024-08-01,478
20013908,R53.83,ICD-10-CM,2023-04-16,5
20013908,K21.9,ICD-10-CM,2025-10-06,909
20013908,E78.5,ICD-10-CM,2023-10-03,175
20013908,E78.5,ICD-10-CM,2023-07-11,91
20013908,I10,ICD-10-CM,2024-06-02,418
20013908,F41.9,ICD-10-CM,2023-09-18,160
20013908,G43.909,ICD-10-CM,2025-06-18,799
20013912,G43.909,ICD-10-CM,2026-04-05,72
20013912,E78.5,ICD-10-CM,2026-04-22,89
20013915,R53.83,ICD-10-CM,2022-08-30,23
20013915,K21.9,ICD-10-CM,2022-08-15,8
20013915,K21.9,ICD-10-CM,2022-08-10,3
20013915,I10,ICD-10-CM,2022-10-31,85
20013915,F41.9,ICD-10-CM,2022-10-24,78
20013932,J45.909,ICD-10-CM,2023-07-14,6
20013932,I10,ICD-10-CM,2023-09-25,79
20013932,E78.5,ICD-10-CM,2024-04-27,294
20013932,F41.9,ICD-10-CM,2024-03-31,267
20013944,J45.909,ICD-10-CM,2023-11-15,306
20013944,I10,ICD-10-CM,2023-09-10,240
20013944,K21.9,ICD-10-CM,2023-08-28,227
20013961,M79.7,ICD-10-CM,2022-02-06,87
20013961,R53.83,ICD-10-CM,2023-03-19,493
20013961,J45.909,ICD-10-CM,2022-06-23,224
20013961,F41.9,ICD-10-CM,2023-01-18,433
20013961,L50.9,ICD-10-CM,2022-11-06,360
20013961,R53.83,ICD-10-CM,2022-08-18,280
20013966,J45.909,ICD-10-CM,2023-10-04,97
20013966,K21.9,ICD-10-CM,2024-03-05,250
20013993,G43.909,ICD-10-CM,2025-03-21,194
20013993,I10,ICD-10-CM,2025-08-06,332
20013993,K21.9,ICD-10-CM,2026-02-10,520
20013993,K21.9,ICD-10-CM,2024-12-19,102
20013993,L50.9,ICD-10-CM,2025-06-09,274
20013996,E78.5,ICD-10-CM,2024-01-29,737
20013996,R53.83,ICD-10-CM,2024-05-01,830
20013996,G43.909,ICD-10-CM,2022-07-11,170
20013996,L50.9,ICD-10-CM,2025-12-13,1421
20013996,E78.5,ICD-10-CM,2025-11-30,1408
20013996,F41.9,ICD-10-CM,2023-08-16,571
20013996,I10,ICD-10-CM,2024-05-14,843
20013996,R53.83,ICD-10-CM,2022-02-04,13
20013996,I10,ICD-10-CM,2023-09-14,600
20013996,K21.9,ICD-10-CM,2023-10-31,647
20013996,R53.83,ICD-10-CM,2023-03-30,432
20013996,R10.9,ICD-10-CM,2023-08-06,561
20014002,L50.9,ICD-10-CM,2024-12-05,10
20014002,I10,ICD-10-CM,2025-09-08,287
20014002,G43.909,ICD-10-CM,2026-03-01,461
20014002,R10.9,ICD-10-CM,2025-02-19,86
20014002,J45.909,ICD-10-CM,2025-06-30,217
20014002,K21.9,ICD-10-CM,2025-08-23,271
20014002,I10,ICD-10-CM,2024-12-24,29
20014002,E78.5,ICD-10-CM,2025-12-04,374
20014006,G43.909,ICD-10-CM,2025-10-10,106
20014006,I10,ICD-10-CM,2025-06-27,1
20014006,E78.5,ICD-10-CM,2025-09-12,78
20014006,I10,ICD-10-CM,2025-11-17,144
20014012,K21.9,ICD-10-CM,2022-11-30,338
20014012,L50.9,ICD-10-CM,2022-09-21,268
20014012,J45.909,ICD-10-CM,2022-04-02,96
20014012,K21.9,ICD-10-CM,2022-06-23,178
20014012,F41.9,ICD-10-CM,2022-08-15,231
20014012,K21.9,ICD-10-CM,2022-11-26,334
20014012,F41.9,ICD-10-CM,2022-04-06,100
20014023,R10.9,ICD-10-CM,2025-06-07,36
20014023,G43.909,ICD-10-CM,2025-07-10,69
20014023,J45.909,ICD-10-CM,2026-05-12,375
20014023,K21.9,ICD-10-CM,2026-05-04,367
20014023,E78.5,ICD-10-CM,2025-10-07,158
20014023,R53.83,ICD-10-CM,2025-07-15,74
20014023,I10,ICD-10-CM,2025-06-04,33
20014026,F41.9,ICD-10-CM,2023-07-28,379
20014026,J45.909,ICD-10-CM,2024-08-27,775
20014026,E78.5,ICD-10-CM,2024-12-05,875
20014026,E78.5,ICD-10-CM,2024-07-08,725
20014026,K21.9,ICD-10-CM,2023-07-18,369
20014028,R10.9,ICD-10-CM,2025-02-27,144
20014028,F41.9,ICD-10-CM,2026-02-05,487
20014028,K21.9,ICD-10-CM,2026-01-07,458
20014028,M79.7,ICD-10-CM,2026-03-09,519
20014028,J45.909,ICD-10-CM,2026-01-13,464
20014028,G43.909,ICD-10-CM,2024-12-25,80
20014028,I10,ICD-10-CM,2025-03-30,175
20014028,M79.7,ICD-10-CM,2025-05-21,227
20014028,F41.9,ICD-10-CM,2026-02-19,501
20014029,K21.9,ICD-10-CM,2025-12-09,468
20014029,M79.7,ICD-10-CM,2025-07-11,317
20014029,R53.83,ICD-10-CM,2025-02-13,169
20014029,F41.9,ICD-10-CM,2025-03-03,187
20014029,K21.9,ICD-10-CM,2024-10-10,43
20014029,G43.909,ICD-10-CM,2024-09-16,19
20014036,R10.9,ICD-10-CM,2025-04-12,182
20014036,R53.83,ICD-10-CM,2026-04-29,564
20014036,R53.83,ICD-10-CM,2025-06-29,260
20014036,E78.5,ICD-10-CM,2025-03-15,154
20014036,I10,ICD-10-CM,2026-04-22,557
20014036,M79.7,ICD-10-CM,2025-04-05,175
20014052,E78.5,ICD-10-CM,2024-09-14,203
20014052,E78.5,ICD-10-CM,2025-06-22,484
20014052,R10.9,ICD-10-CM,2025-03-12,382
20014052,F41.9,ICD-10-CM,2025-04-22,423
20014052,G43.909,ICD-10-CM,2025-12-22,667
20014052,R53.83,ICD-10-CM,2024-09-19,208
20014052,R10.9,ICD-10-CM,2026-02-22,729
20014052,K21.9,ICD-10-CM,2025-03-12,382
20014052,E78.5,ICD-10-CM,2025-11-03,618
20014052,I10,ICD-10-CM,2024-07-03,130
20014055,R53.83,ICD-10-CM,2023-10-12,181
20014055,F41.9,ICD-10-CM,2023-07-23,100
20014055,R53.83,ICD-10-CM,2024-02-22,314
20014055,F41.9,ICD-10-CM,2023-12-27,257
20014057,R53.83,ICD-10-CM,2026-05-01,7
20014057,M79.7,ICD-10-CM,2026-04-27,3
20014057,K21.9,ICD-10-CM,2026-05-23,29
20014057,R53.83,ICD-10-CM,2026-04-28,4
20014057,F41.9,ICD-10-CM,2026-04-27,3
20014063,K21.9,ICD-10-CM,2026-03-30,1375
20014063,F41.9,ICD-10-CM,2023-10-06,469
20014063,G43.909,ICD-10-CM,2025-03-07,987
20014063,K21.9,ICD-10-CM,2024-09-27,826
20014063,I10,ICD-10-CM,2024-02-07,593
20014063,L50.9,ICD-10-CM,2025-06-23,1095
20014063,K21.9,ICD-10-CM,2025-02-06,958
20014063,F41.9,ICD-10-CM,2023-02-18,239
20014063,J45.909,ICD-10-CM,2024-03-26,641
20014063,I10,ICD-10-CM,2024-12-23,913
20014063,K21.9,ICD-10-CM,2025-08-15,1148
20014063,M79.7,ICD-10-CM,2024-07-02,739
20014063,G43.909,ICD-10-CM,2024-02-11,597
20014063,R10.9,ICD-10-CM,2023-09-07,440
20014063,J45.909,ICD-10-CM,2024-09-28,827
20014064,E78.5,ICD-10-CM,2023-10-03,54
20014067,R53.83,ICD-10-CM,2026-02-11,48
20014067,J45.909,ICD-10-CM,2026-02-27,64
20014067,K21.9,ICD-10-CM,2026-05-31,157
20014067,K21.9,ICD-10-CM,2026-02-05,42
20014067,E78.5,ICD-10-CM,2026-03-12,77
20014073,R10.9,ICD-10-CM,2022-05-09,161
20014073,F41.9,ICD-10-CM,2022-05-06,158
20014073,R53.83,ICD-10-CM,2022-06-14,197
20014097,E78.5,ICD-10-CM,2026-05-21,151
20014097,R10.9,ICD-10-CM,2026-04-28,128
20014103,K21.9,ICD-10-CM,2024-02-29,167
20014103,E78.5,ICD-10-CM,2024-10-02,383
20014103,E78.5,ICD-10-CM,2023-10-03,18
20014103,G43.909,ICD-10-CM,2023-12-31,107
20014103,I10,ICD-10-CM,2024-10-03,384
20014111,G43.909,ICD-10-CM,2024-12-27,325
20014111,F41.9,ICD-10-CM,2024-11-21,289
20014111,K21.9,ICD-10-CM,2024-02-14,8
20014111,G43.909,ICD-10-CM,2024-09-28,235
20014111,E78.5,ICD-10-CM,2025-12-03,666
20014113,F41.9,ICD-10-CM,2022-08-25,88
20014113,K21.9,ICD-10-CM,2022-09-21,115
20014113,E78.5,ICD-10-CM,2022-08-08,71
20014113,R10.9,ICD-10-CM,2022-11-16,171
20014113,E78.5,ICD-10-CM,2022-07-26,58
20014115,F41.9,ICD-10-CM,2025-11-07,57
20014115,L50.9,ICD-10-CM,2026-02-25,167
20014126,M79.7,ICD-10-CM,2025-05-31,244
20014126,I10,ICD-10-CM,2025-02-12,136
20014126,K21.9,ICD-10-CM,2024-11-09,41
20014126,K21.9,ICD-10-CM,2025-07-11,285
20014128,L50.9,ICD-10-CM,2026-05-26,24
20014135,E78.5,ICD-10-CM,2024-12-04,500
20014135,R53.83,ICD-10-CM,2025-01-24,551
20014135,F41.9,ICD-10-CM,2025-03-01,587
20014135,R10.9,ICD-10-CM,2024-09-17,422
20014135,L50.9,ICD-10-CM,2025-02-16,574
20014135,I10,ICD-10-CM,2024-04-04,256
20014135,G43.909,ICD-10-CM,2023-11-24,124
20014135,G43.909,ICD-10-CM,2024-08-24,398
20014135,L50.9,ICD-10-CM,2023-08-21,29
20014135,E78.5,ICD-10-CM,2024-05-29,311
20014135,E78.5,ICD-10-CM,2025-02-02,560
20014157,I10,ICD-10-CM,2025-08-09,77
20014157,G43.909,ICD-10-CM,2026-05-26,367
20014157,I10,ICD-10-CM,2025-12-29,219
20014157,L50.9,ICD-10-CM,2025-11-24,184
20014157,K21.9,ICD-10-CM,2025-08-26,94
20014162,E78.5,ICD-10-CM,2023-08-02,207
20014162,G43.909,ICD-10-CM,2023-07-13,187
20014162,I10,ICD-10-CM,2023-03-12,64
20014162,J45.909,ICD-10-CM,2023-02-27,51
20014162,F41.9,ICD-10-CM,2023-05-25,138
20014162,E78.5,ICD-10-CM,2023-04-17,100
20014164,R53.83,ICD-10-CM,2025-02-22,261
20014164,F41.9,ICD-10-CM,2026-05-13,706
20014164,K21.9,ICD-10-CM,2025-02-11,250
20014164,E78.5,ICD-10-CM,2024-11-18,165
20014164,R53.83,ICD-10-CM,2025-09-16,467
20014164,J45.909,ICD-10-CM,2025-01-26,234
20014168,F41.9,ICD-10-CM,2025-05-26,485
20014168,R10.9,ICD-10-CM,2026-01-26,730
20014168,E78.5,ICD-10-CM,2025-11-18,661
20014168,I10,ICD-10-CM,2026-03-18,781
20014168,R10.9,ICD-10-CM,2026-04-27,821
20014168,G43.909,ICD-10-CM,2025-10-08,620
20014168,L50.9,ICD-10-CM,2025-05-10,469
20014168,R53.83,ICD-10-CM,2024-02-15,19
20014171,K21.9,ICD-10-CM,2025-07-22,114
20014171,R53.83,ICD-10-CM,2026-03-02,337
20014171,L50.9,ICD-10-CM,2026-01-26,302
20014171,R53.83,ICD-10-CM,2025-12-25,270
20014171,R10.9,ICD-10-CM,2025-12-30,275
20014171,I10,ICD-10-CM,2026-05-20,416
20014188,L50.9,ICD-10-CM,2025-01-18,324
20014188,K21.9,ICD-10-CM,2025-05-19,445
20014188,K21.9,ICD-10-CM,2025-03-07,372
20014188,L50.9,ICD-10-CM,2025-12-05,645
20014188,L50.9,ICD-10-CM,2025-12-23,663
20014188,L50.9,ICD-10-CM,2025-10-31,610
20014198,F41.9,ICD-10-CM,2026-01-24,151
20014201,R10.9,ICD-10-CM,2026-02-20,402
20014201,G43.909,ICD-10-CM,2026-01-28,379
20014201,E78.5,ICD-10-CM,2025-08-02,200
20014208,I10,ICD-10-CM,2025-05-25,274
20014208,G43.909,ICD-10-CM,2025-07-09,319
20014208,J45.909,ICD-10-CM,2025-05-02,251
20014208,G43.909,ICD-10-CM,2024-12-26,124
20014213,J45.909,ICD-10-CM,2024-03-24,805
20014213,G43.909,ICD-10-CM,2025-07-01,1269
20014213,J45.909,ICD-10-CM,2022-11-30,325
20014213,E78.5,ICD-10-CM,2022-12-27,352
20014213,E78.5,ICD-10-CM,2023-04-24,470
20014213,R53.83,ICD-10-CM,2023-11-20,680
20014213,M79.7,ICD-10-CM,2022-10-11,275
20014213,I10,ICD-10-CM,2024-01-28,749
20014213,E78.5,ICD-10-CM,2024-01-22,743
20014213,R10.9,ICD-10-CM,2025-05-20,1227
20014213,K21.9,ICD-10-CM,2024-08-01,935
20014213,I10,ICD-10-CM,2023-04-11,457
20014213,F41.9,ICD-10-CM,2023-12-07,697
20014220,K21.9,ICD-10-CM,2025-08-04,45
20014220,F41.9,ICD-10-CM,2025-07-24,34
20014239,G43.909,ICD-10-CM,2023-11-22,391
20014239,R53.83,ICD-10-CM,2023-10-14,352
20014239,E78.5,ICD-10-CM,2023-02-04,100
20014239,R53.83,ICD-10-CM,2024-01-18,448
20014260,F41.9,ICD-10-CM,2023-08-18,678
20014260,J45.909,ICD-10-CM,2022-09-09,335
20014260,R10.9,ICD-10-CM,2022-10-03,359
20014260,M79.7,ICD-10-CM,2022-06-18,252
20014264,K21.9,ICD-10-CM,2022-09-11,139
20014264,R53.83,ICD-10-CM,2025-07-18,1180
20014264,I10,ICD-10-CM,2025-08-28,1221
20014264,R10.9,ICD-10-CM,2024-12-21,971
20014264,L50.9,ICD-10-CM,2024-05-24,760
20014264,J45.909,ICD-10-CM,2025-03-17,1057
20014264,K21.9,ICD-10-CM,2024-06-28,795
20014264,K21.9,ICD-10-CM,2022-11-03,192
20014264,E78.5,ICD-10-CM,2024-07-15,812
20014264,R53.83,ICD-10-CM,2023-01-04,254
20014264,I10,ICD-10-CM,2025-02-02,1014
20014264,R53.83,ICD-10-CM,2025-02-16,1028
20014264,R53.83,ICD-10-CM,2023-12-15,599
20014264,K21.9,ICD-10-CM,2023-03-13,322
20014264,L50.9,ICD-10-CM,2023-12-07,591
20014270,R53.83,ICD-10-CM,2025-11-09,666
20014270,I10,ICD-10-CM,2024-01-31,18
20014270,J45.909,ICD-10-CM,2026-01-07,725
20014270,K21.9,ICD-10-CM,2024-07-01,170
20014270,M79.7,ICD-10-CM,2024-01-27,14
20014270,E78.5,ICD-10-CM,2024-09-21,252
20014270,G43.909,ICD-10-CM,2024-07-03,172
20014270,I10,ICD-10-CM,2026-03-16,793
20014270,K21.9,ICD-10-CM,2026-03-08,785
20014270,L50.9,ICD-10-CM,2024-05-07,115
20014270,L50.9,ICD-10-CM,2025-06-11,515
20014270,F41.9,ICD-10-CM,2024-01-26,13
20014270,G43.909,ICD-10-CM,2026-01-11,729
20014272,F41.9,ICD-10-CM,2025-02-15,887
20014272,E78.5,ICD-10-CM,2024-03-23,558
20014272,I10,ICD-10-CM,2024-12-25,835
20014272,F41.9,ICD-10-CM,2023-12-03,447
20014272,M79.7,ICD-10-CM,2023-03-18,187
20014272,R10.9,ICD-10-CM,2023-01-12,122
20014272,G43.909,ICD-10-CM,2024-09-26,745
20014272,F41.9,ICD-10-CM,2023-03-21,190
20014272,R10.9,ICD-10-CM,2024-01-09,484
20014276,I10,ICD-10-CM,2026-05-09,2
20014279,I10,ICD-10-CM,2025-11-03,165
20014279,G43.909,ICD-10-CM,2026-04-26,339
20014287,I10,ICD-10-CM,2024-11-27,75
20014294,I10,ICD-10-CM,2024-06-12,348
20014294,F41.9,ICD-10-CM,2024-01-19,203
20014294,E78.5,ICD-10-CM,2023-11-06,129
20014294,E78.5,ICD-10-CM,2023-12-08,161
20014309,I10,ICD-10-CM,2024-12-29,112
20014309,E78.5,ICD-10-CM,2024-10-29,51
20014309,R53.83,ICD-10-CM,2026-01-15,494
20014309,K21.9,ICD-10-CM,2025-08-04,330
20014309,I10,ICD-10-CM,2025-04-13,217
20014309,R10.9,ICD-10-CM,2025-09-15,372
20014309,I10,ICD-10-CM,2025-12-25,473
20014309,J45.909,ICD-10-CM,2024-10-14,36
20014309,G43.909,ICD-10-CM,2025-03-22,195
20014313,I10,ICD-10-CM,2023-07-25,530
20014313,E78.5,ICD-10-CM,2024-05-29,839
20014313,G43.909,ICD-10-CM,2023-05-19,463
20014313,G43.909,ICD-10-CM,2024-07-19,890
20014313,M79.7,ICD-10-CM,2024-02-16,736
20014313,E78.5,ICD-10-CM,2024-07-05,876
20014313,R53.83,ICD-10-CM,2022-12-27,320
20014331,G43.909,ICD-10-CM,2022-08-07,249
20014331,R10.9,ICD-10-CM,2022-02-21,82
20014331,F41.9,ICD-10-CM,2022-09-02,275
20014334,R53.83,ICD-10-CM,2025-01-24,693
20014334,I10,ICD-10-CM,2024-07-27,512
20014334,R10.9,ICD-10-CM,2023-05-01,59
20014334,K21.9,ICD-10-CM,2023-05-13,71
20014334,I10,ICD-10-CM,2024-05-24,448
20014334,F41.9,ICD-10-CM,2023-03-12,9
20014334,F41.9,ICD-10-CM,2024-04-27,421
20014334,R53.83,ICD-10-CM,2024-01-06,309
20014334,J45.909,ICD-10-CM,2024-07-08,493
20014334,E78.5,ICD-10-CM,2024-04-03,397
20014337,J45.909,ICD-10-CM,2023-05-22,36
20014337,L50.9,ICD-10-CM,2024-01-03,262
20014337,F41.9,ICD-10-CM,2024-02-04,294
20014337,G43.909,ICD-10-CM,2024-02-09,299
20014337,R10.9,ICD-10-CM,2023-06-12,57
20014337,R53.83,ICD-10-CM,2023-12-25,253
20014337,G43.909,ICD-10-CM,2023-12-22,250
20014337,R53.83,ICD-10-CM,2024-03-20,339
20014337,E78.5,ICD-10-CM,2023-05-10,24
20014341,E78.5,ICD-10-CM,2026-02-21,7
20014341,M79.7,ICD-10-CM,2026-05-09,84
20014341,K21.9,ICD-10-CM,2026-03-25,39
20014341,J45.909,ICD-10-CM,2026-04-23,68
20014341,I10,ICD-10-CM,2026-03-06,20
20014341,K21.9,ICD-10-CM,2026-05-25,100
20014341,R10.9,ICD-10-CM,2026-04-21,66
20014352,G43.909,ICD-10-CM,2025-04-12,107
20014352,F41.9,ICD-10-CM,2025-04-13,108
20014352,M79.7,ICD-10-CM,2025-05-26,151
20014352,G43.909,ICD-10-CM,2025-12-03,342
20014354,J45.909,ICD-10-CM,2024-01-27,278
20014354,G43.909,ICD-10-CM,2023-08-04,102
20014354,G43.909,ICD-10-CM,2023-05-10,16
20014354,E78.5,ICD-10-CM,2024-03-19,330
20014354,E78.5,ICD-10-CM,2023-10-31,190
20014356,F41.9,ICD-10-CM,2025-06-20,162
20014356,K21.9,ICD-10-CM,2025-11-15,310
20014356,E78.5,ICD-10-CM,2025-11-12,307
20014356,F41.9,ICD-10-CM,2025-03-10,60
20014356,E78.5,ICD-10-CM,2025-07-11,183
20014356,G43.909,ICD-10-CM,2026-01-03,359
20014356,F41.9,ICD-10-CM,2025-04-02,83
20014357,R10.9,ICD-10-CM,2023-09-13,39
20014357,F41.9,ICD-10-CM,2023-11-28,115
20014357,E78.5,ICD-10-CM,2024-02-21,200
20014357,K21.9,ICD-10-CM,2024-02-03,182
20014360,G43.909,ICD-10-CM,2023-06-21,399
20014360,K21.9,ICD-10-CM,2022-12-20,216
20014360,R10.9,ICD-10-CM,2024-05-08,721
20014360,F41.9,ICD-10-CM,2022-05-28,10
20014360,J45.909,ICD-10-CM,2024-04-21,704
20014360,I10,ICD-10-CM,2022-07-01,44
20014360,E78.5,ICD-10-CM,2024-06-16,760
20014360,K21.9,ICD-10-CM,2024-02-27,650
20014360,G43.909,ICD-10-CM,2024-06-21,765
20014367,I10,ICD-10-CM,2024-06-21,23
20014367,F41.9,ICD-10-CM,2025-07-09,406
20014367,E78.5,ICD-10-CM,2025-02-24,271
20014367,F41.9,ICD-10-CM,2024-12-18,203
20014370,R53.83,ICD-10-CM,2025-10-12,158
20014370,E78.5,ICD-10-CM,2025-05-08,1
20014370,J45.909,ICD-10-CM,2025-11-24,201
20014370,R53.83,ICD-10-CM,2025-06-27,51
20014370,R10.9,ICD-10-CM,2025-08-29,114
20014370,M79.7,ICD-10-CM,2025-11-08,185
20014380,L50.9,ICD-10-CM,2025-12-27,531
20014380,I10,ICD-10-CM,2024-11-10,119
20014380,G43.909,ICD-10-CM,2025-06-04,325
20014380,G43.909,ICD-10-CM,2025-02-17,218
20014380,E78.5,ICD-10-CM,2025-11-06,480
20014380,I10,ICD-10-CM,2024-09-14,62
20014380,I10,ICD-10-CM,2026-03-14,608
20014380,J45.909,ICD-10-CM,2026-04-03,628
20014380,F41.9,ICD-10-CM,2026-03-31,625
20014380,L50.9,ICD-10-CM,2026-01-14,549
20014380,L50.9,ICD-10-CM,2026-05-02,657
20014387,R53.83,ICD-10-CM,2025-08-18,330
20014387,K21.9,ICD-10-CM,2025-01-12,112
20014387,E78.5,ICD-10-CM,2025-05-27,247
20014394,F41.9,ICD-10-CM,2023-06-06,360
20014394,K21.9,ICD-10-CM,2023-09-09,455
20014394,K21.9,ICD-10-CM,2022-11-14,156
20014394,I10,ICD-10-CM,2022-12-16,188
20014394,G43.909,ICD-10-CM,2023-09-19,465
20014394,F41.9,ICD-10-CM,2023-03-07,269
20014394,F41.9,ICD-10-CM,2022-07-08,27
20014394,L50.9,ICD-10-CM,2022-07-22,41
20014394,R10.9,ICD-10-CM,2023-02-20,254
20014394,I10,ICD-10-CM,2023-02-04,238
20014399,G43.909,ICD-10-CM,2023-05-09,11
20014399,J45.909,ICD-10-CM,2023-08-18,112
20014399,L50.9,ICD-10-CM,2023-07-16,79
20014399,M79.7,ICD-10-CM,2024-03-06,313
20014399,G43.909,ICD-10-CM,2023-07-06,69
20014408,R53.83,ICD-10-CM,2023-12-09,58
20014413,F41.9,ICD-10-CM,2026-05-20,2
20014414,K21.9,ICD-10-CM,2026-01-10,434
20014414,K21.9,ICD-10-CM,2024-12-26,54
20014414,M79.7,ICD-10-CM,2025-03-08,126
20014414,I10,ICD-10-CM,2025-02-01,91
20014414,I10,ICD-10-CM,2026-02-07,462
20014414,J45.909,ICD-10-CM,2024-11-20,18
20014414,J45.909,ICD-10-CM,2025-11-01,364
20014414,E78.5,ICD-10-CM,2026-03-22,505
20014414,E78.5,ICD-10-CM,2025-01-20,79
20014414,K21.9,ICD-10-CM,2025-02-06,96
20014414,R53.83,ICD-10-CM,2025-05-25,204
20014414,M79.7,ICD-10-CM,2025-07-10,250
20014420,G43.909,ICD-10-CM,2024-01-27,390
20014420,I10,ICD-10-CM,2024-09-13,620
20014420,F41.9,ICD-10-CM,2023-12-05,337
20014420,E78.5,ICD-10-CM,2023-05-02,120
20014420,R10.9,ICD-10-CM,2024-04-29,483
20014420,R53.83,ICD-10-CM,2023-06-26,175
20014420,M79.7,ICD-10-CM,2023-10-10,281
20014420,K21.9,ICD-10-CM,2024-04-12,466
20014420,R10.9,ICD-10-CM,2024-06-24,539
20014420,R10.9,ICD-10-CM,2024-09-11,618
20014420,R53.83,ICD-10-CM,2024-06-30,545
20014431,K21.9,ICD-10-CM,2025-09-29,56
20014431,J45.909,ICD-10-CM,2025-11-09,97
20014431,R53.83,ICD-10-CM,2025-12-24,142
20014431,R53.83,ICD-10-CM,2025-08-17,13
20014433,L50.9,ICD-10-CM,2025-05-31,678
20014433,M79.7,ICD-10-CM,2025-08-29,768
20014433,F41.9,ICD-10-CM,2025-09-24,794
20014433,K21.9,ICD-10-CM,2024-08-27,401
20014433,G43.909,ICD-10-CM,2025-04-02,619
20014433,J45.909,ICD-10-CM,2025-12-09,870
20014433,M79.7,ICD-10-CM,2024-07-23,366
20014433,I10,ICD-10-CM,2024-06-29,342
20014433,R10.9,ICD-10-CM,2025-02-24,582
20014433,F41.9,ICD-10-CM,2024-09-26,431
20014433,F41.9,ICD-10-CM,2023-08-03,11
20014443,I10,ICD-10-CM,2025-07-27,65
20014443,E78.5,ICD-10-CM,2025-07-13,51
20014443,L50.9,ICD-10-CM,2026-05-15,357
20014443,I10,ICD-10-CM,2025-05-24,1
20014443,F41.9,ICD-10-CM,2025-08-15,84
20014452,J45.909,ICD-10-CM,2023-11-02,329
20014452,R10.9,ICD-10-CM,2024-08-30,631
20014452,I10,ICD-10-CM,2024-11-02,695
20014452,E78.5,ICD-10-CM,2023-11-27,354
20014452,I10,ICD-10-CM,2023-02-26,80
20014452,R10.9,ICD-10-CM,2023-03-21,103
20014452,I10,ICD-10-CM,2024-09-15,647
20014456,R53.83,ICD-10-CM,2022-06-01,37
20014456,J45.909,ICD-10-CM,2022-06-30,66
20014456,R53.83,ICD-10-CM,2022-07-23,89
20014457,L50.9,ICD-10-CM,2023-02-02,31
20014457,F41.9,ICD-10-CM,2023-03-30,87
20014466,E78.5,ICD-10-CM,2024-10-26,531
20014466,E78.5,ICD-10-CM,2024-03-24,315
20014466,I10,ICD-10-CM,2023-09-11,120
20014484,L50.9,ICD-10-CM,2021-12-04,61
20014484,F41.9,ICD-10-CM,2021-10-18,14
20014484,E78.5,ICD-10-CM,2022-04-02,180
20014484,E78.5,ICD-10-CM,2022-04-06,184
20014487,E78.5,ICD-10-CM,2024-08-17,31
20014487,G43.909,ICD-10-CM,2024-10-17,92
20014487,I10,ICD-10-CM,2024-12-01,137
20014489,J45.909,ICD-10-CM,2025-09-23,882
20014489,R53.83,ICD-10-CM,2024-08-13,476
20014489,R53.83,ICD-10-CM,2024-05-17,388
20014489,R53.83,ICD-10-CM,2023-11-07,196
20014489,E78.5,ICD-10-CM,2025-05-17,753
20014489,K21.9,ICD-10-CM,2024-08-28,491
20014489,J45.909,ICD-10-CM,2024-12-02,587
20014489,I10,ICD-10-CM,2023-08-20,117
20014490,M79.7,ICD-10-CM,2024-05-19,202
20014490,R53.83,ICD-10-CM,2024-07-18,262
20014490,K21.9,ICD-10-CM,2024-02-22,115
20014500,J45.909,ICD-10-CM,2024-06-24,296
20014500,R10.9,ICD-10-CM,2023-09-23,21
20014500,G43.909,ICD-10-CM,2024-01-15,135
20014500,E78.5,ICD-10-CM,2025-03-23,568
20014504,G43.909,ICD-10-CM,2024-04-23,135
20014505,M79.7,ICD-10-CM,2025-08-09,48
20014505,E78.5,ICD-10-CM,2025-12-02,163
20014505,R53.83,ICD-10-CM,2026-02-07,230
20014505,G43.909,ICD-10-CM,2025-12-31,192
20014505,I10,ICD-10-CM,2025-11-19,150
20014505,R53.83,ICD-10-CM,2025-08-01,40
20014514,L50.9,ICD-10-CM,2024-09-05,139
20014514,G43.909,ICD-10-CM,2024-09-05,139
20014514,K21.9,ICD-10-CM,2024-05-29,40
20014514,G43.909,ICD-10-CM,2024-08-27,130
20014520,J45.909,ICD-10-CM,2023-08-27,330
20014520,F41.9,ICD-10-CM,2024-03-20,536
20014520,G43.909,ICD-10-CM,2024-05-11,588
20014520,J45.909,ICD-10-CM,2023-11-24,419
20014520,K21.9,ICD-10-CM,2024-12-09,800
20014520,K21.9,ICD-10-CM,2023-02-27,149
20014520,J45.909,ICD-10-CM,2023-10-22,386
20014520,R53.83,ICD-10-CM,2024-01-04,460
20014520,E78.5,ICD-10-CM,2023-12-03,428
20014520,M79.7,ICD-10-CM,2023-07-14,286
20014520,I10,ICD-10-CM,2024-05-26,603
20014520,I10,ICD-10-CM,2024-10-23,753
20014520,L50.9,ICD-10-CM,2023-01-22,113
20014520,L50.9,ICD-10-CM,2023-08-02,305
20014522,J45.909,ICD-10-CM,2025-08-11,84
20014522,R53.83,ICD-10-CM,2026-01-26,252
20014522,F41.9,ICD-10-CM,2025-11-19,184
20014522,G43.909,ICD-10-CM,2025-09-17,121
20014522,F41.9,ICD-10-CM,2025-08-05,78
20014524,K21.9,ICD-10-CM,2025-11-10,535
20014524,I10,ICD-10-CM,2026-04-13,689
20014524,K21.9,ICD-10-CM,2025-02-23,275
20014524,F41.9,ICD-10-CM,2026-01-18,604
20014524,E78.5,ICD-10-CM,2024-10-17,146
20014524,J45.909,ICD-10-CM,2025-08-30,463
20014526,G43.909,ICD-10-CM,2024-11-09,200
20014526,K21.9,ICD-10-CM,2024-11-17,208
20014526,G43.909,ICD-10-CM,2024-06-27,65
20014530,M79.7,ICD-10-CM,2025-07-04,600
20014530,I10,ICD-10-CM,2024-07-22,253
20014530,I10,ICD-10-CM,2024-08-02,264
20014536,J45.909,ICD-10-CM,2024-06-27,119
20014536,R53.83,ICD-10-CM,2024-11-01,246
20014536,R10.9,ICD-10-CM,2024-09-11,195
20014536,J45.909,ICD-10-CM,2024-06-17,109
20014536,J45.909,ICD-10-CM,2024-11-15,260
20014536,R10.9,ICD-10-CM,2024-05-29,90
20014536,L50.9,ICD-10-CM,2024-07-22,144
20014536,F41.9,ICD-10-CM,2024-07-23,145
20014538,R53.83,ICD-10-CM,2022-08-25,96
20014538,K21.9,ICD-10-CM,2022-09-04,106
20014540,L50.9,ICD-10-CM,2025-08-06,672
20014540,R10.9,ICD-10-CM,2024-10-18,380
20014540,R10.9,ICD-10-CM,2024-01-17,105
20014540,R53.83,ICD-10-CM,2025-05-13,587
20014540,L50.9,ICD-10-CM,2024-08-29,330
20014540,F41.9,ICD-10-CM,2024-03-05,153
20014540,G43.909,ICD-10-CM,2025-07-29,664
20014540,G43.909,ICD-10-CM,2025-04-14,558
20014540,K21.9,ICD-10-CM,2023-10-18,14
20014540,F41.9,ICD-10-CM,2025-05-01,575
20014542,G43.909,ICD-10-CM,2022-05-07,68
20014542,R53.83,ICD-10-CM,2022-12-24,299
20014542,L50.9,ICD-10-CM,2022-04-30,61
20014542,K21.9,ICD-10-CM,2022-12-19,294
20014545,G43.909,ICD-10-CM,2025-10-04,471
20014545,L50.9,ICD-10-CM,2025-12-22,550
20014548,K21.9,ICD-10-CM,2025-10-01,481
20014548,J45.909,ICD-10-CM,2024-06-20,13
20014548,G43.909,ICD-10-CM,2024-10-04,119
20014548,R53.83,ICD-10-CM,2024-06-25,18
20014548,G43.909,ICD-10-CM,2025-05-16,343
20014548,E78.5,ICD-10-CM,2025-10-22,502
20014548,G43.909,ICD-10-CM,2024-09-13,98
20014548,R10.9,ICD-10-CM,2025-01-16,223
20014548,R10.9,ICD-10-CM,2026-02-05,608
20014552,I10,ICD-10-CM,2026-02-15,77
20014552,F41.9,ICD-10-CM,2026-04-19,140
20014552,R53.83,ICD-10-CM,2026-02-01,63
20014552,I10,ICD-10-CM,2026-05-04,155
20014558,M79.7,ICD-10-CM,2025-01-09,250
20014558,R10.9,ICD-10-CM,2025-09-02,486
20014558,R10.9,ICD-10-CM,2024-09-17,136
20014558,J45.909,ICD-10-CM,2024-09-16,135
20014558,L50.9,ICD-10-CM,2025-11-06,551
20014558,E78.5,ICD-10-CM,2025-02-13,285
20014558,I10,ICD-10-CM,2025-10-17,531
20014558,R10.9,ICD-10-CM,2024-05-05,1
20014558,K21.9,ICD-10-CM,2025-07-09,431
20014558,G43.909,ICD-10-CM,2025-04-09,340
20014564,E78.5,ICD-10-CM,2024-07-13,120
20014564,M79.7,ICD-10-CM,2026-03-16,731
20014564,R53.83,ICD-10-CM,2025-03-24,374
20014564,M79.7,ICD-10-CM,2025-10-03,567
20014564,E78.5,ICD-10-CM,2024-04-21,37
20014564,L50.9,ICD-10-CM,2026-01-09,665
20014564,R10.9,ICD-10-CM,2025-12-20,645
20014564,R10.9,ICD-10-CM,2024-09-28,197
20014564,G43.909,ICD-10-CM,2025-06-01,443
20014564,L50.9,ICD-10-CM,2024-08-15,153
20014564,J45.909,ICD-10-CM,2025-01-04,295
20014564,R10.9,ICD-10-CM,2026-04-02,748
20014564,J45.909,ICD-10-CM,2026-02-11,698
20014564,R53.83,ICD-10-CM,2024-11-04,234
20014569,F41.9,ICD-10-CM,2024-07-01,38
20014569,R53.83,ICD-10-CM,2025-06-02,374
20014569,K21.9,ICD-10-CM,2025-09-20,484
20014569,I10,ICD-10-CM,2025-09-07,471
20014569,R53.83,ICD-10-CM,2025-08-27,460
20014569,L50.9,ICD-10-CM,2025-11-21,546
20014569,J45.909,ICD-10-CM,2024-12-08,198
20014569,F41.9,ICD-10-CM,2024-08-07,75
20014569,K21.9,ICD-10-CM,2025-04-10,321
20014569,R10.9,ICD-10-CM,2026-04-22,698
20014569,E78.5,ICD-10-CM,2025-04-10,321
20014584,F41.9,ICD-10-CM,2025-11-17,373
20014584,R53.83,ICD-10-CM,2025-05-11,183
20014584,G43.909,ICD-10-CM,2026-02-28,476
20014584,K21.9,ICD-10-CM,2026-01-31,448
20014584,K21.9,ICD-10-CM,2026-04-29,536
20014590,E78.5,ICD-10-CM,2024-04-09,469
20014590,F41.9,ICD-10-CM,2023-11-05,313
20014590,G43.909,ICD-10-CM,2025-11-18,1057
20014590,I10,ICD-10-CM,2023-06-03,158
20014590,K21.9,ICD-10-CM,2026-03-20,1179
20014590,K21.9,ICD-10-CM,2023-12-11,349
20014590,K21.9,ICD-10-CM,2026-01-08,1108
20014590,F41.9,ICD-10-CM,2023-02-14,49
20014590,G43.909,ICD-10-CM,2025-01-09,744
20014590,J45.909,ICD-10-CM,2025-05-21,876
20014590,K21.9,ICD-10-CM,2024-07-01,552
20014590,R53.83,ICD-10-CM,2023-03-03,66
20014590,K21.9,ICD-10-CM,2024-08-29,611
20014590,R53.83,ICD-10-CM,2026-02-08,1139
20014590,E78.5,ICD-10-CM,2023-04-07,101
20014590,R53.83,ICD-10-CM,2023-08-25,241
20014594,E78.5,ICD-10-CM,2024-08-03,366
20014594,G43.909,ICD-10-CM,2024-02-10,191
20014594,K21.9,ICD-10-CM,2024-11-09,464
20014594,J45.909,ICD-10-CM,2025-01-27,543
20014594,I10,ICD-10-CM,2023-10-01,59
20014594,K21.9,ICD-10-CM,2024-12-21,506
20014594,I10,ICD-10-CM,2024-03-03,213
20014594,J45.909,ICD-10-CM,2023-08-22,19
20014594,I10,ICD-10-CM,2025-05-27,663
20014594,G43.909,ICD-10-CM,2024-03-12,222
20014594,F41.9,ICD-10-CM,2025-02-06,553
20014594,K21.9,ICD-10-CM,2023-10-07,65
20014594,R53.83,ICD-10-CM,2023-08-29,26
20014602,K21.9,ICD-10-CM,2023-05-10,137
20014602,L50.9,ICD-10-CM,2024-02-19,422
20014602,K21.9,ICD-10-CM,2023-09-01,251
20014602,M79.7,ICD-10-CM,2023-01-23,30
20014602,R10.9,ICD-10-CM,2023-05-12,139
20014602,E78.5,ICD-10-CM,2024-03-05,437
20014602,E78.5,ICD-10-CM,2023-04-29,126
20014602,R53.83,ICD-10-CM,2024-01-16,388
20014602,E78.5,ICD-10-CM,2024-02-08,411
20014607,K21.9,ICD-10-CM,2023-09-01,254
20014607,G43.909,ICD-10-CM,2023-03-19,88
20014607,M79.7,ICD-10-CM,2023-08-30,252
20014615,K21.9,ICD-10-CM,2024-03-24,295
20014615,R53.83,ICD-10-CM,2023-10-28,147
20014615,F41.9,ICD-10-CM,2023-09-06,95
20014615,G43.909,ICD-10-CM,2023-09-28,117
20014615,J45.909,ICD-10-CM,2024-01-18,229
20014618,E78.5,ICD-10-CM,2024-04-07,172
20014618,E78.5,ICD-10-CM,2025-10-14,727
20014618,F41.9,ICD-10-CM,2023-11-17,30
20014618,G43.909,ICD-10-CM,2023-11-12,25
20014618,F41.9,ICD-10-CM,2025-12-04,778
20014618,E78.5,ICD-10-CM,2025-04-14,544
20014618,M79.7,ICD-10-CM,2024-04-26,191
20014618,J45.909,ICD-10-CM,2024-08-28,315
20014618,R53.83,ICD-10-CM,2025-08-12,664
20014618,K21.9,ICD-10-CM,2024-04-09,174
20014618,R53.83,ICD-10-CM,2024-03-24,158
20014618,F41.9,ICD-10-CM,2025-04-05,535
20014623,J45.909,ICD-10-CM,2024-01-13,254
20014650,I10,ICD-10-CM,2026-03-19,169
20014650,K21.9,ICD-10-CM,2025-10-17,16
20014650,F41.9,ICD-10-CM,2026-03-15,165
20014663,F41.9,ICD-10-CM,2025-05-28,399
20014663,I10,ICD-10-CM,2024-11-18,208
20014663,R10.9,ICD-10-CM,2024-08-09,107
20014663,G43.909,ICD-10-CM,2025-09-11,505
20014663,E78.5,ICD-10-CM,2026-01-21,637
20014663,R10.9,ICD-10-CM,2025-05-12,383
20014663,R53.83,ICD-10-CM,2025-08-12,475
20014663,R53.83,ICD-10-CM,2026-04-20,726
20014666,L50.9,ICD-10-CM,2022-08-29,105
20014666,J45.909,ICD-10-CM,2022-08-31,107
20014666,R53.83,ICD-10-CM,2022-07-05,50
20014666,K21.9,ICD-10-CM,2022-06-04,19
20014666,L50.9,ICD-10-CM,2022-06-16,31
20014679,K21.9,ICD-10-CM,2024-12-17,694
20014679,E78.5,ICD-10-CM,2024-01-10,352
20014679,R53.83,ICD-10-CM,2023-02-26,34
20014679,R53.83,ICD-10-CM,2026-01-11,1084
20014679,R53.83,ICD-10-CM,2023-09-26,246
20014679,I10,ICD-10-CM,2024-04-26,459
20014679,L50.9,ICD-10-CM,2025-12-31,1073
20014679,I10,ICD-10-CM,2025-06-29,888
20014679,G43.909,ICD-10-CM,2023-08-29,218
20014679,I10,ICD-10-CM,2026-04-01,1164
20014684,R53.83,ICD-10-CM,2025-11-01,288
20014684,R10.9,ICD-10-CM,2025-02-21,35
20014684,K21.9,ICD-10-CM,2025-03-11,53
20014684,R53.83,ICD-10-CM,2025-08-13,208
20014684,I10,ICD-10-CM,2025-01-25,8
20014684,G43.909,ICD-10-CM,2025-04-02,75
20014684,F41.9,ICD-10-CM,2025-04-28,101
20014684,K21.9,ICD-10-CM,2025-06-03,137
20014685,R53.83,ICD-10-CM,2025-07-15,212
20014685,K21.9,ICD-10-CM,2025-01-26,42
20014685,L50.9,ICD-10-CM,2026-02-19,431
20014685,G43.909,ICD-10-CM,2025-09-17,276
20014685,K21.9,ICD-10-CM,2025-07-05,202
20014685,K21.9,ICD-10-CM,2025-03-22,97
20014685,K21.9,ICD-10-CM,2025-05-19,155
20014685,K21.9,ICD-10-CM,2025-10-07,296
20014685,I10,ICD-10-CM,2026-04-14,485
20014685,R10.9,ICD-10-CM,2025-10-08,297
20014698,R53.83,ICD-10-CM,2023-10-07,68
20014698,R10.9,ICD-10-CM,2025-01-12,531
20014698,I10,ICD-10-CM,2026-03-29,972
20014698,M79.7,ICD-10-CM,2024-02-04,188
20014698,R53.83,ICD-10-CM,2026-03-01,944
20014698,J45.909,ICD-10-CM,2026-03-05,948
20014698,R53.83,ICD-10-CM,2025-05-03,642
20014698,R53.83,ICD-10-CM,2023-10-15,76
20014707,G43.909,ICD-10-CM,2025-12-28,147
20014707,E78.5,ICD-10-CM,2026-05-17,287
20014707,L50.9,ICD-10-CM,2025-09-23,51
20014707,F41.9,ICD-10-CM,2026-03-31,240
20014711,I10,ICD-10-CM,2025-11-03,6
20014711,L50.9,ICD-10-CM,2026-01-03,67
20014711,J45.909,ICD-10-CM,2026-01-16,80
20014711,R53.83,ICD-10-CM,2025-11-20,23
20014711,G43.909,ICD-10-CM,2025-12-11,44
20014711,M79.7,ICD-10-CM,2026-03-10,133
20014711,F41.9,ICD-10-CM,2025-12-29,62
20014711,R10.9,ICD-10-CM,2026-03-08,131
20014718,I10,ICD-10-CM,2026-04-19,688
20014718,R53.83,ICD-10-CM,2025-06-23,388
20014718,E78.5,ICD-10-CM,2026-04-12,681
20014718,I10,ICD-10-CM,2025-03-06,279
20014718,E78.5,ICD-10-CM,2026-05-06,705
20014718,K21.9,ICD-10-CM,2025-01-23,237
20014718,R10.9,ICD-10-CM,2024-12-06,189
20014718,K21.9,ICD-10-CM,2025-11-20,538
20014727,E78.5,ICD-10-CM,2026-05-30,373
20014727,R53.83,ICD-10-CM,2026-03-29,311
20014727,E78.5,ICD-10-CM,2025-09-24,125
20014736,E78.5,ICD-10-CM,2025-03-23,218
20014736,J45.909,ICD-10-CM,2025-01-20,156
20014736,R53.83,ICD-10-CM,2025-04-24,250
20014736,G43.909,ICD-10-CM,2024-10-04,48
20014736,J45.909,ICD-10-CM,2026-04-03,594
20014736,K21.9,ICD-10-CM,2025-12-14,484
20014736,R53.83,ICD-10-CM,2024-08-22,5
20014745,E78.5,ICD-10-CM,2024-05-18,497
20014745,L50.9,ICD-10-CM,2024-03-05,423
20014745,M79.7,ICD-10-CM,2025-06-12,887
20014745,G43.909,ICD-10-CM,2023-10-25,291
20014745,J45.909,ICD-10-CM,2023-11-25,322
20014745,G43.909,ICD-10-CM,2024-12-13,706
20014745,L50.9,ICD-10-CM,2025-04-25,839
20014745,K21.9,ICD-10-CM,2024-11-16,679
20014745,I10,ICD-10-CM,2023-12-18,345
20014745,J45.909,ICD-10-CM,2025-01-07,731
20014745,G43.909,ICD-10-CM,2023-09-22,258
20014745,R10.9,ICD-10-CM,2023-06-12,156
20014745,I10,ICD-10-CM,2025-07-11,916
20014745,R10.9,ICD-10-CM,2025-05-23,867
20014745,R53.83,ICD-10-CM,2024-05-04,483
20014745,G43.909,ICD-10-CM,2023-09-17,253
20014749,L50.9,ICD-10-CM,2024-04-13,237
20014749,L50.9,ICD-10-CM,2023-09-16,27
20014749,E78.5,ICD-10-CM,2023-09-18,29
20014749,M79.7,ICD-10-CM,2023-09-03,14
20014749,E78.5,ICD-10-CM,2024-04-11,235
20014753,F41.9,ICD-10-CM,2026-03-20,44
20014753,I10,ICD-10-CM,2026-04-10,65
20014753,J45.909,ICD-10-CM,2026-05-17,102
20014754,E78.5,ICD-10-CM,2025-07-27,32
20014754,G43.909,ICD-10-CM,2025-07-04,9
20014754,G43.909,ICD-10-CM,2025-09-01,68
20014757,M79.7,ICD-10-CM,2026-03-30,41
20014757,E78.5,ICD-10-CM,2026-04-28,70
20014757,K21.9,ICD-10-CM,2026-04-05,47
20014765,K21.9,ICD-10-CM,2025-10-19,860
20014765,I10,ICD-10-CM,2024-04-10,303
20014765,E78.5,ICD-10-CM,2025-02-05,604
20014765,I10,ICD-10-CM,2025-05-30,718
20014765,E78.5,ICD-10-CM,2023-07-04,22
20014765,F41.9,ICD-10-CM,2024-07-17,401
20014765,L50.9,ICD-10-CM,2025-03-20,647
20014765,I10,ICD-10-CM,2026-05-27,1080
20014765,F41.9,ICD-10-CM,2024-09-27,473
20014765,F41.9,ICD-10-CM,2025-07-07,756
20014765,G43.909,ICD-10-CM,2023-07-17,35
20014765,R10.9,ICD-10-CM,2024-06-10,364
20014771,J45.909,ICD-10-CM,2023-05-19,62
20014771,I10,ICD-10-CM,2023-04-16,29
20014771,K21.9,ICD-10-CM,2023-10-30,226
20014771,J45.909,ICD-10-CM,2023-09-18,184
20014771,K21.9,ICD-10-CM,2023-05-18,61
20014775,K21.9,ICD-10-CM,2023-12-17,228
20014775,G43.909,ICD-10-CM,2025-02-21,660
20014775,I10,ICD-10-CM,2024-01-07,249
20014775,R10.9,ICD-10-CM,2024-11-08,555
20014779,J45.909,ICD-10-CM,2024-07-29,899
20014779,I10,ICD-10-CM,2024-07-05,875
20014779,I10,ICD-10-CM,2023-11-13,640
20014779,J45.909,ICD-10-CM,2024-04-08,787
20014779,I10,ICD-10-CM,2023-07-29,533
20014779,I10,ICD-10-CM,2022-05-11,89
20014779,J45.909,ICD-10-CM,2024-01-15,703
20014781,R10.9,ICD-10-CM,2022-07-07,267
20014781,I10,ICD-10-CM,2022-07-28,288
20014781,I10,ICD-10-CM,2021-11-03,21
20014781,R10.9,ICD-10-CM,2021-10-15,2
20014782,K21.9,ICD-10-CM,2025-03-16,465
20014782,M79.7,ICD-10-CM,2024-01-15,39
20014782,J45.909,ICD-10-CM,2023-12-16,9
20014782,K21.9,ICD-10-CM,2025-01-16,406
20014782,L50.9,ICD-10-CM,2024-04-21,136
20014782,E78.5,ICD-10-CM,2024-07-27,233
20014782,K21.9,ICD-10-CM,2024-04-03,118
20014786,J45.909,ICD-10-CM,2025-12-25,56
20014786,J45.909,ICD-10-CM,2025-11-22,23
20014786,R53.83,ICD-10-CM,2026-04-30,182
20014788,K21.9,ICD-10-CM,2024-10-06,494
20014788,E78.5,ICD-10-CM,2025-09-02,825
20014788,I10,ICD-10-CM,2023-07-01,31
20014788,F41.9,ICD-10-CM,2024-01-18,232
20014788,J45.909,ICD-10-CM,2025-08-11,803
20014799,I10,ICD-10-CM,2025-12-07,1245
20014799,K21.9,ICD-10-CM,2025-04-26,1020
20014799,J45.909,ICD-10-CM,2023-07-27,381
20014799,L50.9,ICD-10-CM,2023-03-31,263
20014799,E78.5,ICD-10-CM,2026-03-23,1351
20014799,K21.9,ICD-10-CM,2022-08-08,28
20014799,K21.9,ICD-10-CM,2024-09-05,787
20014799,L50.9,ICD-10-CM,2025-05-12,1036
20014799,K21.9,ICD-10-CM,2025-06-05,1060
20014799,G43.909,ICD-10-CM,2025-08-13,1129
20014799,J45.909,ICD-10-CM,2023-05-28,321
20014799,F41.9,ICD-10-CM,2024-04-11,640
20014799,F41.9,ICD-10-CM,2022-12-22,164
20014800,R53.83,ICD-10-CM,2026-05-25,30
20014800,R53.83,ICD-10-CM,2026-05-15,20
20014800,G43.909,ICD-10-CM,2026-05-07,12
20014819,L50.9,ICD-10-CM,2026-03-26,53
20014819,R53.83,ICD-10-CM,2026-03-12,39
20014820,K21.9,ICD-10-CM,2025-12-13,196
20014820,E78.5,ICD-10-CM,2025-08-25,86
20014832,F41.9,ICD-10-CM,2026-05-30,2
20014833,R10.9,ICD-10-CM,2022-11-06,121
20014833,R53.83,ICD-10-CM,2022-07-10,2
20014833,L50.9,ICD-10-CM,2022-09-09,63
20014833,I10,ICD-10-CM,2023-02-02,209
20014835,M79.7,ICD-10-CM,2026-03-27,380
20014835,E78.5,ICD-10-CM,2025-10-02,204
20014835,M79.7,ICD-10-CM,2025-07-14,124
20014835,E78.5,ICD-10-CM,2025-08-02,143
20014835,R53.83,ICD-10-CM,2026-05-28,442
20014835,I10,ICD-10-CM,2025-05-17,66
20014835,R53.83,ICD-10-CM,2025-10-01,203
20014837,E78.5,ICD-10-CM,2025-06-20,205
20014837,K21.9,ICD-10-CM,2025-06-21,206
20014837,R10.9,ICD-10-CM,2025-05-25,179
20014837,G43.909,ICD-10-CM,2026-01-15,414
20014837,L50.9,ICD-10-CM,2026-02-20,450
20014837,M79.7,ICD-10-CM,2026-04-18,507
20014839,J45.909,ICD-10-CM,2025-08-04,507
20014839,G43.909,ICD-10-CM,2024-04-24,40
20014839,R10.9,ICD-10-CM,2024-08-11,149
20014839,R10.9,ICD-10-CM,2024-06-12,89
20014839,M79.7,ICD-10-CM,2025-11-25,620
20014839,K21.9,ICD-10-CM,2025-09-14,548
20014839,R53.83,ICD-10-CM,2024-04-26,42
20014839,K21.9,ICD-10-CM,2024-11-25,255
20014839,J45.909,ICD-10-CM,2025-04-22,403
20014841,R10.9,ICD-10-CM,2023-09-09,340
20014841,F41.9,ICD-10-CM,2024-09-28,725
20014841,K21.9,ICD-10-CM,2023-07-08,277
20014841,I10,ICD-10-CM,2025-01-12,831
20014841,R53.83,ICD-10-CM,2022-12-11,68
20014841,J45.909,ICD-10-CM,2022-12-14,71
20014841,K21.9,ICD-10-CM,2025-03-23,901
20014841,I10,ICD-10-CM,2023-12-12,434
20014849,E78.5,ICD-10-CM,2023-09-11,367
20014849,K21.9,ICD-10-CM,2023-03-09,181
20014849,J45.909,ICD-10-CM,2022-10-16,37
20014849,R10.9,ICD-10-CM,2024-07-12,672
20014849,R53.83,ICD-10-CM,2022-12-08,90
20014849,G43.909,ICD-10-CM,2023-09-05,361
20014850,K21.9,ICD-10-CM,2025-12-08,171
20014850,I10,ICD-10-CM,2025-12-26,189
20014850,I10,ICD-10-CM,2025-07-31,41
20014851,G43.909,ICD-10-CM,2026-02-02,168
20014851,K21.9,ICD-10-CM,2025-10-18,61
20014851,M79.7,ICD-10-CM,2025-11-28,102
20014851,R10.9,ICD-10-CM,2026-03-13,207
20014869,I10,ICD-10-CM,2024-12-03,529
20014869,I10,ICD-10-CM,2025-02-05,593
20014869,J45.909,ICD-10-CM,2026-01-01,923
20014869,I10,ICD-10-CM,2023-08-11,49
20014869,F41.9,ICD-10-CM,2024-06-08,351
20014869,K21.9,ICD-10-CM,2024-03-01,252
20014869,L50.9,ICD-10-CM,2025-08-20,789
20014869,K21.9,ICD-10-CM,2025-04-24,671
20014869,M79.7,ICD-10-CM,2025-05-31,708
20014869,F41.9,ICD-10-CM,2025-02-27,615
20014869,E78.5,ICD-10-CM,2025-06-05,713
20014869,K21.9,ICD-10-CM,2023-08-21,59
20014869,R53.83,ICD-10-CM,2025-08-01,770
20014869,L50.9,ICD-10-CM,2024-01-31,222
20014869,K21.9,ICD-10-CM,2025-05-01,678
20014881,I10,ICD-10-CM,2023-02-17,390
20014881,R10.9,ICD-10-CM,2023-10-12,627
20014881,R10.9,ICD-10-CM,2023-11-09,655
20014881,J45.909,ICD-10-CM,2022-01-28,5
20014881,R53.83,ICD-10-CM,2023-02-25,398
20014881,K21.9,ICD-10-CM,2022-11-21,302
20014881,R53.83,ICD-10-CM,2023-05-24,486
20014885,I10,ICD-10-CM,2024-11-22,279
20014885,R10.9,ICD-10-CM,2025-12-17,669
20014885,I10,ICD-10-CM,2025-08-07,537
20014885,J45.909,ICD-10-CM,2025-07-05,504
20014885,K21.9,ICD-10-CM,2025-09-27,588
20014885,R10.9,ICD-10-CM,2025-01-22,340
20014886,F41.9,ICD-10-CM,2026-04-04,46
20014887,J45.909,ICD-10-CM,2026-02-15,964
20014887,F41.9,ICD-10-CM,2024-03-29,276
20014887,J45.909,ICD-10-CM,2023-09-02,67
20014887,K21.9,ICD-10-CM,2024-11-24,516
20014887,I10,ICD-10-CM,2025-12-26,913
20014887,R10.9,ICD-10-CM,2023-09-24,89
20014887,L50.9,ICD-10-CM,2024-07-28,397
20014897,I10,ICD-10-CM,2025-08-29,33
20014897,M79.7,ICD-10-CM,2025-11-20,116
20014897,E78.5,ICD-10-CM,2025-12-20,146
20014897,R53.83,ICD-10-CM,2025-08-31,35
20014905,R53.83,ICD-10-CM,2025-10-25,133
20014905,M79.7,ICD-10-CM,2025-09-30,108
20014905,L50.9,ICD-10-CM,2025-08-28,75
20014905,K21.9,ICD-10-CM,2025-10-17,125
20014905,I10,ICD-10-CM,2025-11-16,155
20014908,R53.83,ICD-10-CM,2025-12-09,38
20014917,K21.9,ICD-10-CM,2025-08-02,870
20014917,R53.83,ICD-10-CM,2025-07-21,858
20014917,F41.9,ICD-10-CM,2025-03-18,733
20014917,K21.9,ICD-10-CM,2023-09-06,174
20014917,L50.9,ICD-10-CM,2025-03-06,721
20014917,J45.909,ICD-10-CM,2023-12-03,262
20014917,F41.9,ICD-10-CM,2024-01-17,307
20014917,L50.9,ICD-10-CM,2024-05-19,430
20014917,F41.9,ICD-10-CM,2024-10-04,568
20014917,I10,ICD-10-CM,2025-11-09,969
20014917,F41.9,ICD-10-CM,2025-08-28,896
20014917,G43.909,ICD-10-CM,2024-04-28,409
20014917,K21.9,ICD-10-CM,2023-06-11,87
20014917,R53.83,ICD-10-CM,2024-05-20,431
20014922,K21.9,ICD-10-CM,2023-05-31,108
20014922,E78.5,ICD-10-CM,2023-12-05,296
20014922,E78.5,ICD-10-CM,2023-08-19,188
20014922,R53.83,ICD-10-CM,2023-06-23,131
20014925,K21.9,ICD-10-CM,2026-04-22,926
20014925,I10,ICD-10-CM,2026-04-24,928
20014925,R10.9,ICD-10-CM,2024-03-18,161
20014925,G43.909,ICD-10-CM,2026-02-03,848
20014925,E78.5,ICD-10-CM,2025-09-16,708
20014925,G43.909,ICD-10-CM,2026-02-20,865
20014925,J45.909,ICD-10-CM,2024-06-07,242
20014925,F41.9,ICD-10-CM,2025-08-24,685
20014925,I10,ICD-10-CM,2026-03-28,901
20014925,R53.83,ICD-10-CM,2026-05-19,953
20014925,I10,ICD-10-CM,2024-06-21,256
20014925,K21.9,ICD-10-CM,2026-05-14,948
20014930,G43.909,ICD-10-CM,2024-02-28,10
20014935,E78.5,ICD-10-CM,2024-11-26,959
20014935,E78.5,ICD-10-CM,2025-06-12,1157
20014935,K21.9,ICD-10-CM,2025-01-04,998
20014935,R53.83,ICD-10-CM,2023-03-23,345
20014935,I10,ICD-10-CM,2024-12-26,989
20014935,I10,ICD-10-CM,2023-05-28,411
20014935,E78.5,ICD-10-CM,2024-03-30,718
20014935,G43.909,ICD-10-CM,2025-01-01,995
20014935,E78.5,ICD-10-CM,2024-12-30,993
20014935,L50.9,ICD-10-CM,2023-06-23,437
20014935,R53.83,ICD-10-CM,2025-08-20,1226
20014952,R53.83,ICD-10-CM,2025-11-06,238
20014952,I10,ICD-10-CM,2025-07-09,118
20014952,I10,ICD-10-CM,2026-02-07,331
20014954,J45.909,ICD-10-CM,2024-11-09,161
20014954,F41.9,ICD-10-CM,2024-12-26,208
20014961,I10,ICD-10-CM,2026-02-10,641
20014961,J45.909,ICD-10-CM,2025-11-25,564
20014961,L50.9,ICD-10-CM,2026-03-15,674
20014961,R10.9,ICD-10-CM,2025-04-19,344
20014961,G43.909,ICD-10-CM,2025-07-07,423
20014961,R53.83,ICD-10-CM,2025-05-10,365
20014961,G43.909,ICD-10-CM,2024-07-28,79
20014961,K21.9,ICD-10-CM,2025-02-19,285
20014961,R10.9,ICD-10-CM,2026-05-24,744
20014964,M79.7,ICD-10-CM,2023-03-26,20
20014964,I10,ICD-10-CM,2023-09-15,193
20014969,M79.7,ICD-10-CM,2023-07-19,276
20014969,F41.9,ICD-10-CM,2024-03-01,502
20014969,F41.9,ICD-10-CM,2026-04-13,1275
20014969,M79.7,ICD-10-CM,2024-10-29,744
20014969,R10.9,ICD-10-CM,2023-02-19,126
20014969,G43.909,ICD-10-CM,2025-09-24,1074
20014969,K21.9,ICD-10-CM,2025-02-10,848
20014969,K21.9,ICD-10-CM,2023-11-20,400
20014969,K21.9,ICD-10-CM,2025-07-28,1016
20014969,G43.909,ICD-10-CM,2025-04-04,901
20014969,F41.9,ICD-10-CM,2025-03-04,870
20014969,R53.83,ICD-10-CM,2023-07-27,284
20014969,K21.9,ICD-10-CM,2025-08-27,1046
20014973,I10,ICD-10-CM,2025-11-06,20
20014973,R53.83,ICD-10-CM,2026-03-04,138
20014975,M79.7,ICD-10-CM,2026-05-18,163
20014975,I10,ICD-10-CM,2026-02-10,66
20014976,R10.9,ICD-10-CM,2022-12-19,320
20014976,J45.909,ICD-10-CM,2022-12-31,332
20014976,E78.5,ICD-10-CM,2022-07-03,151
20014976,K21.9,ICD-10-CM,2022-07-12,160
20014976,G43.909,ICD-10-CM,2022-06-20,138
20014976,I10,ICD-10-CM,2023-04-09,431
20014976,I10,ICD-10-CM,2022-04-01,58
20014976,F41.9,ICD-10-CM,2022-04-18,75
20014987,R10.9,ICD-10-CM,2023-03-29,137
20014987,F41.9,ICD-10-CM,2023-02-26,106
20014987,J45.909,ICD-10-CM,2022-11-15,3
20014987,E78.5,ICD-10-CM,2023-03-06,114
20014987,G43.909,ICD-10-CM,2023-03-24,132
20015006,F41.9,ICD-10-CM,2026-05-03,91
20015006,R10.9,ICD-10-CM,2026-03-16,43
20015006,J45.909,ICD-10-CM,2026-02-13,12
20015006,R53.83,ICD-10-CM,2026-04-28,86
20015006,G43.909,ICD-10-CM,2026-05-31,119
20015007,K21.9,ICD-10-CM,2023-07-16,20
20015007,E78.5,ICD-10-CM,2024-09-02,434
20015007,J45.909,ICD-10-CM,2024-06-07,347
20015012,J45.909,ICD-10-CM,2023-04-09,475
20015012,M79.7,ICD-10-CM,2022-11-27,342
20015012,L50.9,ICD-10-CM,2023-06-02,529
20015012,I10,ICD-10-CM,2022-09-19,273
20015012,R53.83,ICD-10-CM,2022-12-17,362
20015012,K21.9,ICD-10-CM,2023-07-06,563
20015021,R53.83,ICD-10-CM,2026-01-31,323
20015021,F41.9,ICD-10-CM,2025-08-31,170
20015021,J45.909,ICD-10-CM,2026-02-21,344
20015021,M79.7,ICD-10-CM,2026-02-06,329
20015021,R53.83,ICD-10-CM,2026-02-02,325
20015021,J45.909,ICD-10-CM,2025-11-27,258
20015027,R10.9,ICD-10-CM,2025-07-20,900
20015027,I10,ICD-10-CM,2023-06-11,130
20015027,R53.83,ICD-10-CM,2024-08-21,567
20015027,K21.9,ICD-10-CM,2023-11-11,283
20015027,K21.9,ICD-10-CM,2025-02-26,756
20015027,L50.9,ICD-10-CM,2025-02-02,732
20015027,E78.5,ICD-10-CM,2025-01-23,722
20015027,R53.83,ICD-10-CM,2023-02-18,17
20015029,I10,ICD-10-CM,2025-04-03,139
20015029,R10.9,ICD-10-CM,2025-01-07,53
20015029,M79.7,ICD-10-CM,2025-01-22,68
20015029,M79.7,ICD-10-CM,2025-02-07,84
20015034,J45.909,ICD-10-CM,2024-01-09,395
20015034,M79.7,ICD-10-CM,2024-10-30,690
20015034,G43.909,ICD-10-CM,2024-06-26,564
20015034,J45.909,ICD-10-CM,2023-04-30,141
20015034,G43.909,ICD-10-CM,2024-06-27,565
20015034,M79.7,ICD-10-CM,2024-09-26,656
20015034,I10,ICD-10-CM,2023-01-04,25
20015043,J45.909,ICD-10-CM,2024-08-19,62
20015043,K21.9,ICD-10-CM,2025-03-04,259
20015043,R53.83,ICD-10-CM,2025-04-21,307
20015043,G43.909,ICD-10-CM,2025-10-29,498
20015043,J45.909,ICD-10-CM,2024-08-07,50
20015043,I10,ICD-10-CM,2024-11-18,153
20015043,I10,ICD-10-CM,2025-03-02,257
20015043,M79.7,ICD-10-CM,2025-08-20,428
20015048,J45.909,ICD-10-CM,2022-08-25,156
20015048,L50.9,ICD-10-CM,2022-07-18,118
20015048,K21.9,ICD-10-CM,2022-11-09,232
20015050,K21.9,ICD-10-CM,2025-03-28,159
20015050,I10,ICD-10-CM,2026-05-02,559
20015050,G43.909,ICD-10-CM,2026-01-31,468
20015050,K21.9,ICD-10-CM,2025-12-31,437
20015050,R53.83,ICD-10-CM,2025-12-16,422
20015050,M79.7,ICD-10-CM,2025-11-08,384
20015050,E78.5,ICD-10-CM,2024-12-22,63
20015054,I10,ICD-10-CM,2022-12-30,159
20015054,R10.9,ICD-10-CM,2023-01-02,162
20015054,R10.9,ICD-10-CM,2023-12-12,506
20015054,R53.83,ICD-10-CM,2023-06-24,335
20015054,J45.909,ICD-10-CM,2024-10-01,800
20015054,G43.909,ICD-10-CM,2024-03-27,612
20015054,E78.5,ICD-10-CM,2022-10-23,91
20015055,G43.909,ICD-10-CM,2026-03-13,309
20015055,E78.5,ICD-10-CM,2025-08-19,103
20015055,R10.9,ICD-10-CM,2025-07-09,62
20015055,R10.9,ICD-10-CM,2025-11-17,193
20015065,F41.9,ICD-10-CM,2022-12-08,60
20015065,E78.5,ICD-10-CM,2022-12-08,60
20015073,R53.83,ICD-10-CM,2026-05-29,1
20015073,K21.9,ICD-10-CM,2026-05-31,3
20015073,M79.7,ICD-10-CM,2026-05-29,1
20015093,I10,ICD-10-CM,2024-07-16,217
20015093,J45.909,ICD-10-CM,2023-12-29,17
20015093,K21.9,ICD-10-CM,2024-01-29,48
20015093,F41.9,ICD-10-CM,2024-01-08,27
20015093,K21.9,ICD-10-CM,2025-08-12,609
20015093,R53.83,ICD-10-CM,2025-05-30,535
20015093,F41.9,ICD-10-CM,2025-08-30,627
20015093,I10,ICD-10-CM,2024-03-22,101
20015102,M79.7,ICD-10-CM,2024-12-26,237
20015102,K21.9,ICD-10-CM,2026-04-11,708
20015102,G43.909,ICD-10-CM,2025-06-22,415
20015102,J45.909,ICD-10-CM,2025-11-21,567
20015102,I10,ICD-10-CM,2025-03-07,308
20015102,K21.9,ICD-10-CM,2025-08-16,470
20015102,I10,ICD-10-CM,2024-09-13,133
20015102,R53.83,ICD-10-CM,2024-12-14,225
20015102,E78.5,ICD-10-CM,2024-09-27,147
20015102,R10.9,ICD-10-CM,2024-09-23,143
20015106,I10,ICD-10-CM,2024-09-28,4
20015106,K21.9,ICD-10-CM,2025-12-03,435
20015106,G43.909,ICD-10-CM,2025-01-06,104
20015106,F41.9,ICD-10-CM,2025-10-03,374
20015106,K21.9,ICD-10-CM,2025-07-23,302
20015117,J45.909,ICD-10-CM,2023-08-08,350
20015117,G43.909,ICD-10-CM,2023-02-14,175
20015117,G43.909,ICD-10-CM,2022-12-31,130
20015117,R53.83,ICD-10-CM,2022-10-15,53
20015117,K21.9,ICD-10-CM,2023-09-14,387
20015117,R10.9,ICD-10-CM,2022-12-07,106
20015117,R53.83,ICD-10-CM,2023-08-20,362
20015147,J45.909,ICD-10-CM,2023-06-10,34
20015160,G43.909,ICD-10-CM,2024-10-12,109
20015160,F41.9,ICD-10-CM,2026-02-11,596
20015160,E78.5,ICD-10-CM,2025-10-26,488
20015160,M79.7,ICD-10-CM,2026-01-19,573
20015160,R53.83,ICD-10-CM,2024-10-17,114
20015160,I10,ICD-10-CM,2025-04-30,309
20015160,R10.9,ICD-10-CM,2025-08-22,423
20015160,I10,ICD-10-CM,2025-03-27,275
20015160,I10,ICD-10-CM,2026-02-26,611
20015160,I10,ICD-10-CM,2026-01-12,566
20015173,K21.9,ICD-10-CM,2026-03-26,167
20015173,K21.9,ICD-10-CM,2026-01-14,96
20015173,G43.909,ICD-10-CM,2026-03-21,162
20015173,E78.5,ICD-10-CM,2026-01-24,106
20015185,E78.5,ICD-10-CM,2025-12-12,903
20015185,G43.909,ICD-10-CM,2025-02-10,598
20015185,F41.9,ICD-10-CM,2023-10-13,112
20015185,G43.909,ICD-10-CM,2025-12-18,909
20015185,R53.83,ICD-10-CM,2023-09-21,90
20015185,R53.83,ICD-10-CM,2025-12-24,915
20015185,R53.83,ICD-10-CM,2023-07-21,28
20015185,M79.7,ICD-10-CM,2023-08-04,42
20015185,I10,ICD-10-CM,2024-04-03,285
20015185,R53.83,ICD-10-CM,2024-10-16,481
20015185,E78.5,ICD-10-CM,2024-12-09,535
20015185,L50.9,ICD-10-CM,2024-05-15,327
20015188,R10.9,ICD-10-CM,2026-04-12,55
20015196,E78.5,ICD-10-CM,2026-03-03,201
20015196,G43.909,ICD-10-CM,2026-05-12,271
20015196,F41.9,ICD-10-CM,2025-08-17,3
20015196,E78.5,ICD-10-CM,2026-01-04,143
20015196,K21.9,ICD-10-CM,2025-08-29,15
20015200,M79.7,ICD-10-CM,2024-06-18,24
20015200,G43.909,ICD-10-CM,2024-12-02,191
20015200,I10,ICD-10-CM,2025-03-30,309
20015200,G43.909,ICD-10-CM,2024-08-17,84
20015203,R10.9,ICD-10-CM,2022-06-16,85
20015203,R10.9,ICD-10-CM,2022-04-16,24
20015203,I10,ICD-10-CM,2023-01-05,288
20015203,E78.5,ICD-10-CM,2022-03-26,3
20015203,K21.9,ICD-10-CM,2022-05-20,58
20015232,I10,ICD-10-CM,2025-07-16,65
20015232,R10.9,ICD-10-CM,2025-09-16,127
20015232,R10.9,ICD-10-CM,2025-12-09,211
20015232,R10.9,ICD-10-CM,2025-10-25,166
20015232,J45.909,ICD-10-CM,2026-01-07,240
20015232,E78.5,ICD-10-CM,2025-12-09,211
20015232,K21.9,ICD-10-CM,2025-08-16,96
20015233,G43.909,ICD-10-CM,2026-01-22,333
20015233,G43.909,ICD-10-CM,2025-07-05,132
20015233,K21.9,ICD-10-CM,2026-02-02,344
20015233,K21.9,ICD-10-CM,2025-03-24,29
20015233,J45.909,ICD-10-CM,2026-03-30,400
20015233,R10.9,ICD-10-CM,2025-07-02,129
20015238,E78.5,ICD-10-CM,2023-07-30,45
20015238,E78.5,ICD-10-CM,2023-07-21,36
20015238,E78.5,ICD-10-CM,2023-07-04,19
20015238,M79.7,ICD-10-CM,2023-07-10,25
20015238,J45.909,ICD-10-CM,2023-07-28,43
20015242,L50.9,ICD-10-CM,2024-08-22,836
20015242,E78.5,ICD-10-CM,2024-04-23,715
20015242,J45.909,ICD-10-CM,2024-04-04,696
20015242,G43.909,ICD-10-CM,2024-04-30,722
20015242,L50.9,ICD-10-CM,2024-10-31,906
20015242,K21.9,ICD-10-CM,2024-11-25,931
20015242,J45.909,ICD-10-CM,2023-03-07,302
20015242,I10,ICD-10-CM,2024-11-11,917
20015242,R53.83,ICD-10-CM,2024-04-17,709
20015242,R10.9,ICD-10-CM,2022-07-22,74
20015242,G43.909,ICD-10-CM,2023-03-05,300
20015242,G43.909,ICD-10-CM,2024-06-22,775
20015242,R10.9,ICD-10-CM,2022-12-11,216
20015242,G43.909,ICD-10-CM,2023-03-21,316
20015242,R10.9,ICD-10-CM,2024-11-14,920
20015249,L50.9,ICD-10-CM,2024-03-01,455
20015249,G43.909,ICD-10-CM,2024-07-20,596
20015249,M79.7,ICD-10-CM,2024-08-12,619
20015249,M79.7,ICD-10-CM,2022-12-06,4
20015249,G43.909,ICD-10-CM,2024-09-24,662
20015249,R10.9,ICD-10-CM,2023-11-28,361
20015249,I10,ICD-10-CM,2022-12-26,24
20015249,R53.83,ICD-10-CM,2022-12-15,13
20015249,K21.9,ICD-10-CM,2023-05-03,152
20015249,G43.909,ICD-10-CM,2025-03-30,849
20015249,J45.909,ICD-10-CM,2023-09-11,283
20015249,L50.9,ICD-10-CM,2023-04-07,126
20015249,F41.9,ICD-10-CM,2024-06-12,558
20015249,I10,ICD-10-CM,2023-07-21,231
20015249,J45.909,ICD-10-CM,2025-04-01,851
20015249,R10.9,ICD-10-CM,2023-11-04,337
20015250,G43.909,ICD-10-CM,2025-09-25,427
20015250,R10.9,ICD-10-CM,2025-05-29,308
20015250,I10,ICD-10-CM,2025-07-09,349
20015250,M79.7,ICD-10-CM,2025-07-22,362
20015250,R53.83,ICD-10-CM,2024-09-25,62
20015250,L50.9,ICD-10-CM,2025-11-26,489
20015250,E78.5,ICD-10-CM,2025-05-24,303
20015251,G43.909,ICD-10-CM,2026-03-14,56
20015251,G43.909,ICD-10-CM,2026-02-11,25
20015251,K21.9,ICD-10-CM,2026-04-24,97
20015251,J45.909,ICD-10-CM,2026-02-25,39
20015260,M79.7,ICD-10-CM,2023-04-13,99
20015260,R53.83,ICD-10-CM,2023-01-13,9
20015260,J45.909,ICD-10-CM,2023-02-08,35
20015263,G43.909,ICD-10-CM,2025-06-18,31
20015263,K21.9,ICD-10-CM,2025-08-25,99
20015263,R10.9,ICD-10-CM,2025-11-03,169
20015263,R10.9,ICD-10-CM,2025-07-26,69
20015267,G43.909,ICD-10-CM,2025-09-10,304
20015267,M79.7,ICD-10-CM,2026-02-06,453
20015267,R53.83,ICD-10-CM,2025-11-12,367
20015267,G43.909,ICD-10-CM,2025-01-27,78
20015267,L50.9,ICD-10-CM,2024-12-06,26
20015267,R10.9,ICD-10-CM,2025-02-11,93
20015272,M79.7,ICD-10-CM,2026-01-11,20
20015272,G43.909,ICD-10-CM,2026-01-19,28
20015281,E78.5,ICD-10-CM,2026-05-17,1
20015281,J45.909,ICD-10-CM,2026-05-27,11
20015281,R10.9,ICD-10-CM,2026-05-22,6
20015281,F41.9,ICD-10-CM,2026-05-30,14
20015290,L50.9,ICD-10-CM,2025-07-27,23
20015290,K21.9,ICD-10-CM,2025-08-17,44
20015290,E78.5,ICD-10-CM,2025-08-19,46
20015290,R10.9,ICD-10-CM,2025-09-12,70
20015301,E78.5,ICD-10-CM,2025-08-30,134
20015301,I10,ICD-10-CM,2026-04-13,360
20015301,I10,ICD-10-CM,2026-04-23,370
20015301,G43.909,ICD-10-CM,2025-09-17,152
20015301,K21.9,ICD-10-CM,2025-06-20,63
20015301,R10.9,ICD-10-CM,2025-10-07,172
20015301,G43.909,ICD-10-CM,2025-05-05,17
20015307,K21.9,ICD-10-CM,2022-11-10,134
20015307,J45.909,ICD-10-CM,2023-01-04,189
20015307,M79.7,ICD-10-CM,2023-03-27,271
20015307,F41.9,ICD-10-CM,2022-08-01,33
20015311,J45.909,ICD-10-CM,2024-05-07,687
20015311,L50.9,ICD-10-CM,2024-02-27,617
20015311,K21.9,ICD-10-CM,2023-04-25,309
20015311,M79.7,ICD-10-CM,2024-05-22,702
20015311,L50.9,ICD-10-CM,2023-05-29,343
20015311,R53.83,ICD-10-CM,2024-01-30,589
20015311,R53.83,ICD-10-CM,2023-12-30,558
20015311,J45.909,ICD-10-CM,2023-12-19,547
20015311,G43.909,ICD-10-CM,2024-04-02,652
20015311,R10.9,ICD-10-CM,2024-03-09,628
20015318,M79.7,ICD-10-CM,2026-01-17,32
20015318,K21.9,ICD-10-CM,2026-02-08,54
20015318,F41.9,ICD-10-CM,2025-12-30,14
20015319,R53.83,ICD-10-CM,2022-05-24,232
20015319,R10.9,ICD-10-CM,2023-01-14,467
20015319,E78.5,ICD-10-CM,2022-11-27,419
20015331,F41.9,ICD-10-CM,2026-04-04,357
20015331,I10,ICD-10-CM,2025-07-24,103
20015331,G43.909,ICD-10-CM,2026-05-23,406
20015331,R53.83,ICD-10-CM,2025-11-20,222
20015331,R53.83,ICD-10-CM,2025-07-06,85
20015340,I10,ICD-10-CM,2026-04-13,8
20015340,M79.7,ICD-10-CM,2026-05-17,42
20015340,G43.909,ICD-10-CM,2026-05-30,55
20015349,R53.83,ICD-10-CM,2026-05-26,38
20015349,G43.909,ICD-10-CM,2026-05-13,25
20015350,G43.909,ICD-10-CM,2023-11-10,52
20015350,G43.909,ICD-10-CM,2025-01-10,479
20015350,L50.9,ICD-10-CM,2024-01-29,132
20015350,G43.909,ICD-10-CM,2023-12-17,89
20015350,G43.909,ICD-10-CM,2024-04-18,212
20015350,K21.9,ICD-10-CM,2024-02-23,157
20015350,K21.9,ICD-10-CM,2024-02-06,140
20015350,F41.9,ICD-10-CM,2023-09-23,4
20015350,E78.5,ICD-10-CM,2023-12-15,87
20015361,I10,ICD-10-CM,2022-05-24,31
20015361,K21.9,ICD-10-CM,2022-06-10,48
20015361,R53.83,ICD-10-CM,2023-03-30,341
20015361,E78.5,ICD-10-CM,2022-06-16,54
20015361,G43.909,ICD-10-CM,2022-11-27,218
20015361,L50.9,ICD-10-CM,2022-11-03,194
20015369,I10,ICD-10-CM,2024-12-12,687
20015369,I10,ICD-10-CM,2023-08-31,218
20015369,J45.909,ICD-10-CM,2025-11-22,1032
20015369,K21.9,ICD-10-CM,2025-04-21,817
20015369,J45.909,ICD-10-CM,2023-02-22,28
20015369,E78.5,ICD-10-CM,2025-10-17,996
20015369,L50.9,ICD-10-CM,2024-02-22,393
20015369,J45.909,ICD-10-CM,2024-01-13,353
20015369,R53.83,ICD-10-CM,2024-02-14,385
20015379,G43.909,ICD-10-CM,2025-08-14,757
20015379,E78.5,ICD-10-CM,2025-02-03,565
20015379,E78.5,ICD-10-CM,2024-05-21,307
20015379,L50.9,ICD-10-CM,2025-11-05,840
20015379,J45.909,ICD-10-CM,2023-11-17,121
20015379,E78.5,ICD-10-CM,2024-12-27,527
20015379,K21.9,ICD-10-CM,2025-12-15,880
20015379,I10,ICD-10-CM,2024-09-01,410
20015379,J45.909,ICD-10-CM,2023-09-07,50
20015379,F41.9,ICD-10-CM,2025-12-28,893
20015388,G43.909,ICD-10-CM,2024-09-05,447
20015388,K21.9,ICD-10-CM,2025-09-28,835
20015388,M79.7,ICD-10-CM,2023-10-13,119
20015388,R10.9,ICD-10-CM,2025-01-02,566
20015388,R53.83,ICD-10-CM,2024-04-21,310
20015388,G43.909,ICD-10-CM,2025-02-04,599
20015388,R10.9,ICD-10-CM,2025-11-06,874
20015388,I10,ICD-10-CM,2023-12-20,187
20015388,R53.83,ICD-10-CM,2023-08-09,54
20015388,R10.9,ICD-10-CM,2025-03-09,632
20015388,K21.9,ICD-10-CM,2025-12-14,912
20015388,F41.9,ICD-10-CM,2025-08-15,791
20015399,M79.7,ICD-10-CM,2026-03-25,324
20015399,I10,ICD-10-CM,2025-07-23,79
20015399,R10.9,ICD-10-CM,2026-02-12,283
20015399,G43.909,ICD-10-CM,2026-03-31,330
20015399,K21.9,ICD-10-CM,2026-03-03,302
20015399,R10.9,ICD-10-CM,2025-07-04,60
20015399,K21.9,ICD-10-CM,2026-01-15,255
20015399,F41.9,ICD-10-CM,2025-11-19,198
20015404,E78.5,ICD-10-CM,2024-11-09,379
20015404,R53.83,ICD-10-CM,2024-05-30,216
20015404,E78.5,ICD-10-CM,2025-10-02,706
20015404,L50.9,ICD-10-CM,2026-03-29,884
20015404,R10.9,ICD-10-CM,2024-04-13,169
20015404,L50.9,ICD-10-CM,2026-02-27,854
20015404,K21.9,ICD-10-CM,2024-10-20,359
20015404,L50.9,ICD-10-CM,2024-11-29,399
20015404,K21.9,ICD-10-CM,2024-10-18,357
20015404,F41.9,ICD-10-CM,2024-10-17,356
20015404,I10,ICD-10-CM,2025-08-18,661
20015414,J45.909,ICD-10-CM,2024-11-02,921
20015414,F41.9,ICD-10-CM,2025-09-23,1246
20015414,F41.9,ICD-10-CM,2023-06-11,411
20015414,I10,ICD-10-CM,2024-09-19,877
20015414,R10.9,ICD-10-CM,2024-08-30,857
20015414,M79.7,ICD-10-CM,2024-01-18,632
20015414,E78.5,ICD-10-CM,2023-06-27,427
20015418,F41.9,ICD-10-CM,2026-02-21,274
20015418,E78.5,ICD-10-CM,2025-12-22,213
20015421,E78.5,ICD-10-CM,2025-06-24,271
20015421,G43.909,ICD-10-CM,2025-05-10,226
20015421,K21.9,ICD-10-CM,2025-01-20,116
20015421,R10.9,ICD-10-CM,2025-02-09,136
20015421,E78.5,ICD-10-CM,2025-01-06,102
20015421,R53.83,ICD-10-CM,2025-11-27,427
20015421,J45.909,ICD-10-CM,2024-11-17,52
20015421,E78.5,ICD-10-CM,2025-05-25,241
20015427,R10.9,ICD-10-CM,2023-10-12,65
20015427,E78.5,ICD-10-CM,2023-10-12,65
20015427,I10,ICD-10-CM,2023-12-29,143
20015427,R10.9,ICD-10-CM,2023-09-30,53
20015427,F41.9,ICD-10-CM,2023-12-23,137
20015430,I10,ICD-10-CM,2025-06-28,135
20015430,I10,ICD-10-CM,2025-10-29,258
20015430,G43.909,ICD-10-CM,2026-01-30,351
20015430,F41.9,ICD-10-CM,2025-08-05,173
20015430,R53.83,ICD-10-CM,2025-07-28,165
20015430,I10,ICD-10-CM,2026-04-21,432
20015440,L50.9,ICD-10-CM,2026-05-12,76
20015440,R10.9,ICD-10-CM,2026-05-03,67
20015440,R10.9,ICD-10-CM,2026-04-25,59
20015440,F41.9,ICD-10-CM,2026-04-01,35
20015456,I10,ICD-10-CM,2026-03-16,193
20015456,R10.9,ICD-10-CM,2026-05-25,263
20015456,E78.5,ICD-10-CM,2025-10-19,45
20015456,E78.5,ICD-10-CM,2025-11-16,73
20015456,K21.9,ICD-10-CM,2026-05-29,267
20015456,J45.909,ICD-10-CM,2025-12-27,114
20015458,J45.909,ICD-10-CM,2025-08-09,95
20015458,E78.5,ICD-10-CM,2025-10-08,155
20015458,F41.9,ICD-10-CM,2025-09-05,122
20015458,K21.9,ICD-10-CM,2025-12-04,212
20015458,L50.9,ICD-10-CM,2025-08-27,113
20015474,E78.5,ICD-10-CM,2023-03-05,71
20015474,K21.9,ICD-10-CM,2023-03-04,70
20015483,E78.5,ICD-10-CM,2024-11-16,932
20015483,I10,ICD-10-CM,2024-09-01,856
20015483,F41.9,ICD-10-CM,2024-12-21,967
20015483,K21.9,ICD-10-CM,2022-06-14,46
20015483,I10,ICD-10-CM,2024-11-15,931
20015483,L50.9,ICD-10-CM,2023-04-06,342
20015483,L50.9,ICD-10-CM,2022-07-29,91
20015483,E78.5,ICD-10-CM,2022-11-06,191
20015483,I10,ICD-10-CM,2023-09-22,511
20015483,R53.83,ICD-10-CM,2023-06-17,414
20015486,I10,ICD-10-CM,2024-04-30,413
20015486,E78.5,ICD-10-CM,2024-12-20,647
20015486,R53.83,ICD-10-CM,2025-10-11,942
20015486,R53.83,ICD-10-CM,2023-03-26,12
20015486,J45.909,ICD-10-CM,2023-07-05,113
20015487,E78.5,ICD-10-CM,2024-12-07,18
20015487,G43.909,ICD-10-CM,2026-03-24,490
20015487,E78.5,ICD-10-CM,2025-03-06,107
20015487,I10,ICD-10-CM,2025-07-02,225
20015487,E78.5,ICD-10-CM,2025-05-27,189
20015487,G43.909,ICD-10-CM,2026-01-31,438
20015487,G43.909,ICD-10-CM,2025-12-16,392
20015487,G43.909,ICD-10-CM,2025-07-30,253
20015487,F41.9,ICD-10-CM,2026-02-17,455
20015492,I10,ICD-10-CM,2023-03-09,106
20015492,I10,ICD-10-CM,2023-05-30,188
20015492,R53.83,ICD-10-CM,2023-06-22,211
20015514,F41.9,ICD-10-CM,2022-03-29,136
20015514,F41.9,ICD-10-CM,2022-10-16,337
20015514,K21.9,ICD-10-CM,2022-01-21,69
20015514,R10.9,ICD-10-CM,2022-07-09,238
20015514,J45.909,ICD-10-CM,2021-12-18,35
20015514,K21.9,ICD-10-CM,2022-03-25,132
20015514,E78.5,ICD-10-CM,2022-06-08,207
20015514,R53.83,ICD-10-CM,2022-06-15,214
20015516,I10,ICD-10-CM,2025-12-24,283
20015516,R10.9,ICD-10-CM,2026-05-26,436
20015516,R10.9,ICD-10-CM,2025-03-28,12
20015516,G43.909,ICD-10-CM,2025-09-08,176
20015516,F41.9,ICD-10-CM,2026-02-11,332
20015519,K21.9,ICD-10-CM,2025-05-05,24
20015519,G43.909,ICD-10-CM,2025-04-26,15
20015519,K21.9,ICD-10-CM,2025-06-12,62
20015524,M79.7,ICD-10-CM,2026-04-15,559
20015524,I10,ICD-10-CM,2026-04-22,566
20015524,G43.909,ICD-10-CM,2025-07-04,274
20015524,I10,ICD-10-CM,2025-03-18,166
20015524,E78.5,ICD-10-CM,2024-11-13,41
20015526,E78.5,ICD-10-CM,2025-04-19,192
20015526,J45.909,ICD-10-CM,2025-04-22,195
20015526,E78.5,ICD-10-CM,2025-09-24,350
20015526,K21.9,ICD-10-CM,2025-07-28,292
20015526,J45.909,ICD-10-CM,2024-12-30,82
20015526,G43.909,ICD-10-CM,2025-02-12,126
20015526,J45.909,ICD-10-CM,2025-10-14,370
20015526,R10.9,ICD-10-CM,2026-02-15,494
20015526,G43.909,ICD-10-CM,2025-02-16,130
20015528,L50.9,ICD-10-CM,2024-06-04,273
20015528,K21.9,ICD-10-CM,2024-07-13,312
20015531,J45.909,ICD-10-CM,2026-02-16,127
20015531,R10.9,ICD-10-CM,2026-04-25,195
20015531,R53.83,ICD-10-CM,2025-10-22,10
20015532,R10.9,ICD-10-CM,2025-10-03,282
20015532,I10,ICD-10-CM,2025-01-06,12
20015532,L50.9,ICD-10-CM,2025-10-12,291
20015532,I10,ICD-10-CM,2025-03-23,88
20015534,R53.83,ICD-10-CM,2026-02-13,442
20015534,M79.7,ICD-10-CM,2025-08-09,254
20015534,I10,ICD-10-CM,2025-05-12,165
20015534,M79.7,ICD-10-CM,2025-12-29,396
20015534,L50.9,ICD-10-CM,2025-02-26,90
20015535,R53.83,ICD-10-CM,2025-08-18,34
20015535,R53.83,ICD-10-CM,2026-05-26,315
20015535,G43.909,ICD-10-CM,2026-02-27,227
20015535,I10,ICD-10-CM,2025-11-02,110
20015535,E78.5,ICD-10-CM,2025-09-15,62
20015545,I10,ICD-10-CM,2025-12-18,220
20015545,G43.909,ICD-10-CM,2025-08-25,105
20015545,F41.9,ICD-10-CM,2026-05-03,356
20015545,I10,ICD-10-CM,2025-07-03,52
20015545,R53.83,ICD-10-CM,2025-12-04,206
20015545,J45.909,ICD-10-CM,2025-09-18,129
20015545,K21.9,ICD-10-CM,2025-08-01,81
20015545,I10,ICD-10-CM,2025-10-23,164
20015566,F41.9,ICD-10-CM,2022-12-21,19
20015574,M79.7,ICD-10-CM,2021-12-22,10
20015574,F41.9,ICD-10-CM,2022-01-28,47
20015575,G43.909,ICD-10-CM,2025-12-07,302
20015575,G43.909,ICD-10-CM,2025-10-15,249
20015575,R53.83,ICD-10-CM,2025-10-18,252
20015575,R53.83,ICD-10-CM,2025-12-26,321
20015575,J45.909,ICD-10-CM,2025-03-01,21
20015575,F41.9,ICD-10-CM,2026-02-04,361
20015583,R53.83,ICD-10-CM,2026-04-11,17
20015583,E78.5,ICD-10-CM,2026-04-04,10
20015589,K21.9,ICD-10-CM,2025-06-02,455
20015589,R10.9,ICD-10-CM,2025-11-18,624
20015589,M79.7,ICD-10-CM,2024-12-04,275
20015589,K21.9,ICD-10-CM,2024-09-21,201
20015589,G43.909,ICD-10-CM,2024-09-10,190
20015591,E78.5,ICD-10-CM,2024-06-16,159
20015591,G43.909,ICD-10-CM,2025-08-16,585
20015591,J45.909,ICD-10-CM,2025-01-31,388
20015591,M79.7,ICD-10-CM,2024-11-10,306
20015591,K21.9,ICD-10-CM,2025-08-08,577
20015591,R10.9,ICD-10-CM,2024-04-03,85
20015595,E78.5,ICD-10-CM,2023-07-04,239
20015595,K21.9,ICD-10-CM,2025-05-27,932
20015595,J45.909,ICD-10-CM,2025-11-22,1111
20015595,G43.909,ICD-10-CM,2026-04-14,1254
20015611,K21.9,ICD-10-CM,2025-05-13,164
20015611,I10,ICD-10-CM,2025-01-27,58
20015611,K21.9,ICD-10-CM,2025-04-17,138
20015611,R10.9,ICD-10-CM,2025-01-11,42
20015611,J45.909,ICD-10-CM,2025-01-14,45
20015614,R53.83,ICD-10-CM,2025-09-07,47
20015614,F41.9,ICD-10-CM,2025-08-31,40
20015614,E78.5,ICD-10-CM,2025-08-07,16
20015614,G43.909,ICD-10-CM,2025-12-14,145
20015614,K21.9,ICD-10-CM,2026-02-14,207
20015614,R53.83,ICD-10-CM,2025-10-16,86
20015618,E78.5,ICD-10-CM,2026-04-10,90
20015618,J45.909,ICD-10-CM,2026-04-19,99
20015618,F41.9,ICD-10-CM,2026-05-20,130
20015618,R10.9,ICD-10-CM,2026-05-26,136
20015624,J45.909,ICD-10-CM,2023-09-17,43
20015624,R10.9,ICD-10-CM,2024-12-25,508
20015624,E78.5,ICD-10-CM,2024-12-21,504
20015624,R53.83,ICD-10-CM,2024-09-17,409
20015626,K21.9,ICD-10-CM,2026-02-25,39
20015626,K21.9,ICD-10-CM,2026-04-17,90
20015626,G43.909,ICD-10-CM,2026-03-04,46
20015627,L50.9,ICD-10-CM,2025-04-26,630
20015627,I10,ICD-10-CM,2025-12-18,866
20015627,F41.9,ICD-10-CM,2025-03-23,596
20015627,K21.9,ICD-10-CM,2026-01-14,893
20015627,K21.9,ICD-10-CM,2026-05-12,1011
20015627,I10,ICD-10-CM,2024-02-20,199
20015627,R10.9,ICD-10-CM,2026-04-24,993
20015627,R53.83,ICD-10-CM,2024-07-15,345
20015627,K21.9,ICD-10-CM,2024-09-11,403
20015627,I10,ICD-10-CM,2025-07-19,714
20015631,E78.5,ICD-10-CM,2026-01-03,137
20015631,I10,ICD-10-CM,2026-03-02,195
20015631,I10,ICD-10-CM,2025-09-24,36
20015639,M79.7,ICD-10-CM,2026-05-18,9
20015639,R53.83,ICD-10-CM,2026-05-18,9
20015642,J45.909,ICD-10-CM,2026-03-29,60
20015642,J45.909,ICD-10-CM,2026-02-21,24
20015650,R10.9,ICD-10-CM,2026-05-16,243
20015650,R10.9,ICD-10-CM,2026-02-07,145
20015650,G43.909,ICD-10-CM,2026-03-21,187
20015650,E78.5,ICD-10-CM,2026-02-14,152
20015667,R53.83,ICD-10-CM,2023-09-28,58
20015667,J45.909,ICD-10-CM,2024-05-30,303
20015667,E78.5,ICD-10-CM,2024-02-06,189
20015667,E78.5,ICD-10-CM,2024-03-22,234
20015668,K21.9,ICD-10-CM,2026-05-04,51
20015668,I10,ICD-10-CM,2026-04-25,42
20015668,I10,ICD-10-CM,2026-03-21,7
20015670,M79.7,ICD-10-CM,2025-09-12,433
20015670,I10,ICD-10-CM,2025-07-09,368
20015670,R53.83,ICD-10-CM,2025-12-06,518
20015670,G43.909,ICD-10-CM,2024-12-24,171
20015670,F41.9,ICD-10-CM,2026-04-03,636
20015670,R10.9,ICD-10-CM,2025-10-29,480
20015670,I10,ICD-10-CM,2025-11-09,491
20015675,J45.909,ICD-10-CM,2026-04-14,6
20015681,E78.5,ICD-10-CM,2023-07-09,109
20015681,J45.909,ICD-10-CM,2024-01-24,308
20015681,K21.9,ICD-10-CM,2024-03-19,363
20015681,M79.7,ICD-10-CM,2023-06-24,94
20015681,J45.909,ICD-10-CM,2023-05-26,65
20015681,F41.9,ICD-10-CM,2023-07-21,121
20015681,R10.9,ICD-10-CM,2023-05-13,52
20015687,G43.909,ICD-10-CM,2023-09-01,384
20015687,K21.9,ICD-10-CM,2024-02-20,556
20015687,R10.9,ICD-10-CM,2024-03-21,586
20015687,L50.9,ICD-10-CM,2024-01-17,522
20015687,L50.9,ICD-10-CM,2023-09-20,403
20015687,K21.9,ICD-10-CM,2022-12-11,120
20015687,E78.5,ICD-10-CM,2023-04-28,258
20015687,L50.9,ICD-10-CM,2023-01-31,171
20015687,E78.5,ICD-10-CM,2023-07-06,327
20015687,F41.9,ICD-10-CM,2023-09-08,391
20015702,I10,ICD-10-CM,2026-03-17,611
20015702,E78.5,ICD-10-CM,2025-08-19,401
20015702,I10,ICD-10-CM,2024-09-10,58
20015702,E78.5,ICD-10-CM,2026-03-27,621
20015702,G43.909,ICD-10-CM,2026-05-20,675
20015702,I10,ICD-10-CM,2026-03-04,598
20015702,F41.9,ICD-10-CM,2025-05-07,297
20015702,J45.909,ICD-10-CM,2025-09-14,427
20015702,I10,ICD-10-CM,2025-01-18,188
20015705,J45.909,ICD-10-CM,2026-05-02,2
20015705,E78.5,ICD-10-CM,2026-05-17,17
20015705,I10,ICD-10-CM,2026-05-09,9
20015708,R10.9,ICD-10-CM,2023-10-27,187
20015708,K21.9,ICD-10-CM,2023-10-14,174
20015708,R10.9,ICD-10-CM,2024-02-22,305
20015710,M79.7,ICD-10-CM,2023-10-02,383
20015710,G43.909,ICD-10-CM,2024-12-09,817
20015710,J45.909,ICD-10-CM,2024-07-31,686
20015710,K21.9,ICD-10-CM,2024-06-21,646
20015710,L50.9,ICD-10-CM,2024-08-30,716
20015710,J45.909,ICD-10-CM,2024-03-28,561
20015710,K21.9,ICD-10-CM,2023-11-03,415
20015710,K21.9,ICD-10-CM,2024-04-18,582
20015710,L50.9,ICD-10-CM,2023-03-20,187
20015711,L50.9,ICD-10-CM,2023-11-20,147
20015711,G43.909,ICD-10-CM,2023-07-25,29
20015711,I10,ICD-10-CM,2023-09-13,79
20015711,F41.9,ICD-10-CM,2024-02-29,248
20015711,R10.9,ICD-10-CM,2023-09-01,67
20015711,K21.9,ICD-10-CM,2024-04-16,295
20015716,R10.9,ICD-10-CM,2025-02-11,524
20015716,K21.9,ICD-10-CM,2025-06-09,642
20015716,J45.909,ICD-10-CM,2025-01-22,504
20015716,G43.909,ICD-10-CM,2025-03-06,547
20015716,R10.9,ICD-10-CM,2024-10-10,400
20015716,J45.909,ICD-10-CM,2025-10-28,783
20015716,R10.9,ICD-10-CM,2025-08-21,715
20015716,R53.83,ICD-10-CM,2024-06-27,295
20015716,F41.9,ICD-10-CM,2025-12-19,835
20015716,I10,ICD-10-CM,2025-02-16,529
20015716,R10.9,ICD-10-CM,2024-10-30,420
20015718,K21.9,ICD-10-CM,2025-11-08,541
20015718,I10,ICD-10-CM,2025-03-03,291
20015718,L50.9,ICD-10-CM,2024-09-01,108
20015718,E78.5,ICD-10-CM,2025-03-22,310
20015718,L50.9,ICD-10-CM,2025-11-10,543
20015718,F41.9,ICD-10-CM,2025-11-30,563
20015718,R10.9,ICD-10-CM,2025-11-04,537
20015718,E78.5,ICD-10-CM,2025-09-08,480
20015723,J45.909,ICD-10-CM,2025-06-28,615
20015723,I10,ICD-10-CM,2025-07-14,631
20015723,I10,ICD-10-CM,2025-03-06,501
20015723,R10.9,ICD-10-CM,2024-09-21,335
20015723,G43.909,ICD-10-CM,2024-03-26,156
20015723,E78.5,ICD-10-CM,2024-04-22,183
20015737,K21.9,ICD-10-CM,2025-05-28,417
20015737,E78.5,ICD-10-CM,2025-06-26,446
20015737,R10.9,ICD-10-CM,2026-04-01,725
20015737,E78.5,ICD-10-CM,2025-03-03,331
20015737,J45.909,ICD-10-CM,2024-10-02,179
20015737,R53.83,ICD-10-CM,2024-12-13,251
20015737,G43.909,ICD-10-CM,2026-04-05,729
20015737,J45.909,ICD-10-CM,2024-05-03,27
20015737,F41.9,ICD-10-CM,2025-09-22,534
20015737,G43.909,ICD-10-CM,2025-10-22,564
20015737,R10.9,ICD-10-CM,2025-02-20,320
20015737,I10,ICD-10-CM,2025-09-22,534
20015744,E78.5,ICD-10-CM,2024-11-21,2
20015744,K21.9,ICD-10-CM,2024-11-30,11
20015744,I10,ICD-10-CM,2024-12-11,22
20015744,F41.9,ICD-10-CM,2024-12-21,32
20015751,R10.9,ICD-10-CM,2024-12-18,1139
20015751,R10.9,ICD-10-CM,2025-05-02,1274
20015751,L50.9,ICD-10-CM,2025-02-14,1197
20015751,E78.5,ICD-10-CM,2025-09-03,1398
20015751,F41.9,ICD-10-CM,2023-03-20,500
20015751,K21.9,ICD-10-CM,2022-08-07,275
20015751,F41.9,ICD-10-CM,2024-04-05,882
20015751,G43.909,ICD-10-CM,2022-09-22,321
20015751,E78.5,ICD-10-CM,2025-02-01,1184
20015751,R10.9,ICD-10-CM,2023-07-09,611
20015751,R10.9,ICD-10-CM,2025-10-25,1450
20015751,F41.9,ICD-10-CM,2021-12-18,43
20015751,R53.83,ICD-10-CM,2023-01-13,434
20015751,E78.5,ICD-10-CM,2022-06-17,224
20015751,G43.909,ICD-10-CM,2024-03-10,856
20015751,G43.909,ICD-10-CM,2026-02-27,1575
20015751,E78.5,ICD-10-CM,2026-01-25,1542
20015751,J45.909,ICD-10-CM,2026-02-24,1572
20015751,I10,ICD-10-CM,2023-06-10,582
20015754,J45.909,ICD-10-CM,2024-05-25,246
20015754,J45.909,ICD-10-CM,2024-04-12,203
20015754,G43.909,ICD-10-CM,2025-11-20,790
20015754,R10.9,ICD-10-CM,2024-02-08,139
20015754,J45.909,ICD-10-CM,2023-11-27,66
20015754,I10,ICD-10-CM,2023-10-23,31
20015754,F41.9,ICD-10-CM,2025-02-12,509
20015754,I10,ICD-10-CM,2025-09-27,736
20015754,L50.9,ICD-10-CM,2025-03-02,527
20015754,F41.9,ICD-10-CM,2025-02-16,513
20015754,F41.9,ICD-10-CM,2024-10-18,392
20015754,F41.9,ICD-10-CM,2024-10-16,390
20015754,K21.9,ICD-10-CM,2024-06-15,267
20015754,E78.5,ICD-10-CM,2026-04-20,941
20015754,F41.9,ICD-10-CM,2025-07-02,649
20015754,E78.5,ICD-10-CM,2025-09-01,710
20015767,K21.9,ICD-10-CM,2025-01-06,21
20015767,I10,ICD-10-CM,2025-06-06,172
20015767,E78.5,ICD-10-CM,2025-05-17,152
20015767,I10,ICD-10-CM,2025-02-13,59
20015767,R10.9,ICD-10-CM,2025-01-20,35
20015771,R10.9,ICD-10-CM,2026-05-05,424
20015771,R10.9,ICD-10-CM,2026-04-27,416
20015771,G43.909,ICD-10-CM,2026-05-19,438
20015771,K21.9,ICD-10-CM,2025-07-28,143
20015771,R10.9,ICD-10-CM,2026-02-05,335
20015778,G43.909,ICD-10-CM,2026-02-10,94
20015778,F41.9,ICD-10-CM,2026-02-25,109
20015778,F41.9,ICD-10-CM,2025-12-09,31
20015779,G43.909,ICD-10-CM,2026-03-09,41
20015779,E78.5,ICD-10-CM,2026-03-07,39
20015785,E78.5,ICD-10-CM,2023-04-22,36
20015785,I10,ICD-10-CM,2023-05-17,61
20015785,R10.9,ICD-10-CM,2023-04-27,41
20015785,G43.909,ICD-10-CM,2023-05-07,51
20015785,E78.5,ICD-10-CM,2023-05-23,67
20015788,K21.9,ICD-10-CM,2024-12-16,332
20015788,R53.83,ICD-10-CM,2024-03-22,63
20015788,F41.9,ICD-10-CM,2024-10-02,257
20015788,R53.83,ICD-10-CM,2025-01-08,355
20015791,J45.909,ICD-10-CM,2026-05-31,1
20015791,I10,ICD-10-CM,2026-05-31,1
20015813,R10.9,ICD-10-CM,2025-08-30,959
20015813,K21.9,ICD-10-CM,2023-03-23,68
20015813,J45.909,ICD-10-CM,2024-07-31,564
20015813,K21.9,ICD-10-CM,2024-05-27,499
20015813,R53.83,ICD-10-CM,2025-05-19,856
20015813,R10.9,ICD-10-CM,2025-11-28,1049
20015813,M79.7,ICD-10-CM,2024-05-01,473
20015813,J45.909,ICD-10-CM,2025-06-22,890
20015813,F41.9,ICD-10-CM,2025-10-23,1013
20015813,G43.909,ICD-10-CM,2023-12-31,351
20015813,R10.9,ICD-10-CM,2024-05-01,473
20015813,R10.9,ICD-10-CM,2024-02-19,401
20015831,R53.83,ICD-10-CM,2023-07-16,42
20015831,I10,ICD-10-CM,2023-09-27,115
20015831,J45.909,ICD-10-CM,2024-11-18,533
20015831,F41.9,ICD-10-CM,2024-02-03,244
20015831,R10.9,ICD-10-CM,2024-11-01,516
20015831,G43.909,ICD-10-CM,2023-11-29,178
20015831,I10,ICD-10-CM,2024-02-24,265
20015831,L50.9,ICD-10-CM,2023-08-10,67
20015831,E78.5,ICD-10-CM,2024-04-25,326
20015831,G43.909,ICD-10-CM,2023-07-29,55
20015831,E78.5,ICD-10-CM,2023-09-03,91
20015835,I10,ICD-10-CM,2025-07-26,36
20015852,M79.7,ICD-10-CM,2023-08-22,46
20015856,M79.7,ICD-10-CM,2025-10-20,229
20015856,I10,ICD-10-CM,2026-02-24,356
20015856,E78.5,ICD-10-CM,2026-03-15,375
20015856,K21.9,ICD-10-CM,2025-07-07,124
20015860,R10.9,ICD-10-CM,2022-07-02,74
20015860,E78.5,ICD-10-CM,2022-05-26,37
20015860,J45.909,ICD-10-CM,2023-02-01,288
20015860,I10,ICD-10-CM,2022-06-25,67
20015860,L50.9,ICD-10-CM,2022-05-08,19
20015868,E78.5,ICD-10-CM,2023-09-19,18
20015868,L50.9,ICD-10-CM,2024-08-19,353
20015868,R10.9,ICD-10-CM,2024-06-18,291
20015868,K21.9,ICD-10-CM,2026-04-23,965
20015868,I10,ICD-10-CM,2024-10-02,397
20015883,F41.9,ICD-10-CM,2025-08-27,40
20015883,K21.9,ICD-10-CM,2025-09-16,60
20015883,L50.9,ICD-10-CM,2025-11-30,135
20015883,R10.9,ICD-10-CM,2025-07-25,7
20015890,J45.909,ICD-10-CM,2025-12-16,19
20015890,G43.909,ICD-10-CM,2026-05-27,181
20015890,J45.909,ICD-10-CM,2026-01-09,43
20015890,R53.83,ICD-10-CM,2026-05-17,171
20015890,J45.909,ICD-10-CM,2026-01-17,51
20015890,J45.909,ICD-10-CM,2026-01-15,49
20015899,J45.909,ICD-10-CM,2023-05-06,222
20015899,I10,ICD-10-CM,2023-01-06,102
20015899,K21.9,ICD-10-CM,2022-10-21,25
20015899,R10.9,ICD-10-CM,2024-03-07,528
20015909,G43.909,ICD-10-CM,2026-05-16,92
20015909,K21.9,ICD-10-CM,2026-05-19,95
20015909,K21.9,ICD-10-CM,2026-04-26,72
20015909,K21.9,ICD-10-CM,2026-03-11,26
20015913,I10,ICD-10-CM,2025-08-15,113
20015913,R10.9,ICD-10-CM,2025-12-25,245
20015913,I10,ICD-10-CM,2025-06-22,59
20015913,I10,ICD-10-CM,2025-07-18,85
20015913,K21.9,ICD-10-CM,2025-09-30,159
20015913,R53.83,ICD-10-CM,2025-09-21,150
20015926,R10.9,ICD-10-CM,2026-03-08,50
20015926,G43.909,ICD-10-CM,2026-03-02,44
20015943,R53.83,ICD-10-CM,2024-01-02,555
20015943,I10,ICD-10-CM,2025-03-28,1006
20015943,I10,ICD-10-CM,2025-05-15,1054
20015943,M79.7,ICD-10-CM,2023-06-28,367
20015943,J45.909,ICD-10-CM,2023-06-30,369
20015943,F41.9,ICD-10-CM,2022-07-11,15
20015943,E78.5,ICD-10-CM,2022-11-08,135
20015943,R10.9,ICD-10-CM,2023-12-30,552
20015949,M79.7,ICD-10-CM,2024-12-19,206
20015949,K21.9,ICD-10-CM,2025-09-05,466
20015949,G43.909,ICD-10-CM,2024-12-16,203
20015949,J45.909,ICD-10-CM,2024-06-23,27
20015949,R10.9,ICD-10-CM,2024-09-02,98
20015949,F41.9,ICD-10-CM,2024-06-03,7
20015949,F41.9,ICD-10-CM,2025-12-17,569
20015957,R53.83,ICD-10-CM,2026-03-21,42
20015957,R53.83,ICD-10-CM,2026-03-28,49
20015957,I10,ICD-10-CM,2026-05-31,113
20015958,F41.9,ICD-10-CM,2026-05-20,39
20015960,L50.9,ICD-10-CM,2025-04-19,33
20015960,E78.5,ICD-10-CM,2025-10-08,205
20015960,I10,ICD-10-CM,2025-04-28,42
20015960,M79.7,ICD-10-CM,2026-05-25,434
20015960,M79.7,ICD-10-CM,2025-03-22,5
20015960,K21.9,ICD-10-CM,2026-03-05,353
20015964,L50.9,ICD-10-CM,2024-06-11,295
20015964,K21.9,ICD-10-CM,2024-04-07,230
20015964,I10,ICD-10-CM,2023-10-31,71
20015964,F41.9,ICD-10-CM,2023-12-29,130
20015973,R10.9,ICD-10-CM,2023-07-31,282
20015973,G43.909,ICD-10-CM,2024-10-31,740
20015973,I10,ICD-10-CM,2024-01-25,460
20015973,K21.9,ICD-10-CM,2024-01-31,466
20015973,K21.9,ICD-10-CM,2024-09-28,707
20015973,F41.9,ICD-10-CM,2023-03-23,152
20015973,R10.9,ICD-10-CM,2023-10-30,373
20015976,L50.9,ICD-10-CM,2025-11-16,146
20015976,R10.9,ICD-10-CM,2026-05-16,327
20015976,K21.9,ICD-10-CM,2026-01-04,195
20015976,F41.9,ICD-10-CM,2025-12-24,184
20015976,J45.909,ICD-10-CM,2025-08-16,54
20015981,R10.9,ICD-10-CM,2022-05-19,117
20015981,R10.9,ICD-10-CM,2022-05-02,100
20015981,I10,ICD-10-CM,2022-09-22,243
20015981,I10,ICD-10-CM,2022-06-22,151
20015991,M79.7,ICD-10-CM,2022-05-06,47
20015991,J45.909,ICD-10-CM,2022-04-04,15
20015991,R10.9,ICD-10-CM,2022-05-01,42
20015991,K21.9,ICD-10-CM,2022-04-04,15
20015991,R10.9,ICD-10-CM,2022-06-30,102
20015991,R10.9,ICD-10-CM,2022-06-20,92
20015996,E78.5,ICD-10-CM,2024-08-21,71
20015996,J45.909,ICD-10-CM,2024-10-24,135
20015996,I10,ICD-10-CM,2024-06-13,2
20002322,I10,ICD-10-CM,2026-05-16,346
20002044,R10.9,ICD-10-CM,2024-08-07,104
20015196,E78.5,ICD-10-CM,2026-02-04,174
20014264,E78.5,ICD-10-CM,2024-01-11,626
20003145,R53.83,ICD-10-CM,2024-10-25,242
20014394,F41.9,ICD-10-CM,2023-06-05,359
20013100,L50.9,ICD-10-CM,2023-10-25,345
20015710,G43.909,ICD-10-CM,2023-06-04,263
20015913,M79.7,ICD-10-CM,2025-07-25,92
20008950,K21.9,ICD-10-CM,2026-05-10,2
20014028,I10,ICD-10-CM,2025-04-17,193
20013240,J45.909,ICD-10-CM,2024-05-15,20
20004515,K21.9,ICD-10-CM,2024-05-14,117
20000000,G43.909,ICD-10-CM,2022-12-11,34
20012853,R10.9,ICD-10-CM,2025-07-25,662
20013816,G43.909,ICD-10-CM,2022-10-21,18
20011452,K21.9,ICD-10-CM,2024-05-24,507
20002193,R53.83,ICD-10-CM,2025-10-21,1114
20005678,F41.9,ICD-10-CM,2026-04-14,356
20014569,E78.5,ICD-10-CM,2025-01-13,234
20014925,R53.83,ICD-10-CM,2024-12-23,441
20009459,K21.9,ICD-10-CM,2024-04-02,367
20009186,J45.909,ICD-10-CM,2023-05-16,29
20006458,G43.909,ICD-10-CM,2026-03-08,146
20006259,E78.5,ICD-10-CM,2025-05-15,37
20002498,R10.9,ICD-10-CM,2026-05-27,447
20002900,K21.9,ICD-10-CM,2025-12-19,184
20003813,G43.909,ICD-10-CM,2024-10-27,750
20011319,R53.83,ICD-10-CM,2025-02-23,56
20005896,K21.9,ICD-10-CM,2024-12-13,889
20013499,J45.909,ICD-10-CM,2024-03-01,351
20008537,R53.83,ICD-10-CM,2025-07-22,368
20011727,I10,ICD-10-CM,2025-01-21,409
20009957,R10.9,ICD-10-CM,2026-05-30,9
20001584,J45.909,ICD-10-CM,2025-01-22,779
20006954,E78.5,ICD-10-CM,2024-02-12,265
20002552,R53.83,ICD-10-CM,2026-05-04,265
20015943,L50.9,ICD-10-CM,2025-07-12,1112
20002161,G43.909,ICD-10-CM,2026-03-18,26
20011369,R53.83,ICD-10-CM,2026-02-26,279
20012916,R10.9,ICD-10-CM,2025-11-08,280
20002862,K21.9,ICD-10-CM,2023-07-17,132
20003702,L50.9,ICD-10-CM,2022-03-18,7
20011028,M79.7,ICD-10-CM,2024-10-05,177
20003905,G43.909,ICD-10-CM,2024-11-19,448
20007942,I10,ICD-10-CM,2026-03-23,47
20006995,G43.909,ICD-10-CM,2022-05-09,130
20012497,I10,ICD-10-CM,2026-04-30,396
20007910,F41.9,ICD-10-CM,2022-11-21,368
20007604,E78.5,ICD-10-CM,2023-10-08,78
20001157,G43.909,ICD-10-CM,2023-03-21,250
20002047,I10,ICD-10-CM,2025-08-17,122
20005325,M79.7,ICD-10-CM,2024-10-19,45
20002058,R53.83,ICD-10-CM,2023-09-15,312
20002537,K21.9,ICD-10-CM,2024-06-24,693
20004543,I10,ICD-10-CM,2024-01-29,462
20007607,E78.5,ICD-10-CM,2025-08-03,507
20001330,F41.9,ICD-10-CM,2023-03-24,225
20004583,M79.7,ICD-10-CM,2024-12-24,469
20008227,F41.9,ICD-10-CM,2022-10-04,257
20007123,I10,ICD-10-CM,2024-05-09,521
20002754,J45.909,ICD-10-CM,2023-12-21,441
