Patient_ID,DiagnosisDate,DiagnosisCode,Vocabulary,DiagnosisLabel,Timing
HAT00000,2022-10-24,M79.7,ICD10CM,fibromyalgia,pre-index
HAT00000,2024-01-19,F41.9,ICD10CM,anxiety,pre-index
HAT00000,2022-04-08,M79.7,ICD10CM,fibromyalgia,pre-index
HAT00000,2021-07-12,R53.83,ICD10CM,fatigue,pre-index
HAT00000,2022-02-19,F41.9,ICD10CM,anxiety,pre-index
HAT00000,2023-01-09,R10.9,ICD10CM,abdominal pain,pre-index
HAT00000,2021-06-26,I10,ICD10CM,hypertension,pre-index
HAT00000,2021-07-11,J45.909,ICD10CM,asthma,pre-index
HAT00000,2023-05-10,M79.7,ICD10CM,fibromyalgia,pre-index
HAT00000,2021-09-21,J45.909,ICD10CM,asthma,pre-index
HAT00000,2023-07-15,E78.5,ICD10CM,hyperlipidemia,pre-index
HAT00001,2021-06-04,I10,ICD10CM,hypertension,pre-index
HAT00001,2020-06-13,G43.909,ICD10CM,migraine,pre-index
HAT00001,2020-10-09,E78.5,ICD10CM,hyperlipidemia,pre-index
HAT00002,2016-02-11,M79.7,ICD10CM,fibromyalgia,pre-index
HAT00002,2015-01-30,J45.909,ICD10CM,asthma,pre-index
HAT00002,2014-09-10,R10.9,ICD10CM,abdominal pain,pre-index
HAT00002,2015-11-23,J45.909,ICD10CM,asthma,pre-index
HAT00002,2014-04-17,M79.7,ICD10CM,fibromyalgia,pre-index
HAT00002,2016-02-11,I10,ICD10CM,hypertension,pre-index
HAT00002,2015-02-21,G43.909,ICD10CM,migraine,pre-index
HAT00002,2015-10-05,R53.83,ICD10CM,fatigue,pre-index
HAT00002,2016-06-10,L50.9,ICD10CM,urticaria,pre-index
HAT00004,2017-09-06,F41.9,ICD10CM,anxiety,pre-index
HAT00004,2017-08-21,F41.9,ICD10CM,anxiety,pre-index
HAT00004,2017-07-27,I10,ICD10CM,hypertension,pre-index
HAT00006,2021-11-10,R53.83,ICD10CM,fatigue,pre-index
HAT00006,2020-04-12,F41.9,ICD10CM,anxiety,pre-index
HAT00006,2020-10-21,L50.9,ICD10CM,urticaria,pre-index
HAT00006,2021-09-30,R53.83,ICD10CM,fatigue,pre-index
HAT00006,2022-03-26,R53.83,ICD10CM,fatigue,pre-index
HAT00006,2021-07-02,K21.9,ICD10CM,GERD,pre-index
HAT00006,2022-02-22,R53.83,ICD10CM,fatigue,pre-index
HAT00007,2022-03-11,F41.9,ICD10CM,anxiety,pre-index
HAT00007,2021-06-24,L50.9,ICD10CM,urticaria,pre-index
HAT00007,2021-09-19,F41.9,ICD10CM,anxiety,pre-index
HAT00007,2022-03-19,J45.909,ICD10CM,asthma,pre-index
HAT00007,2020-12-15,L50.9,ICD10CM,urticaria,pre-index
HAT00007,2022-07-07,L50.9,ICD10CM,urticaria,pre-index
HAT00008,2016-09-13,I10,ICD10CM,hypertension,pre-index
HAT00008,2014-07-23,R10.9,ICD10CM,abdominal pain,pre-index
HAT00008,2014-03-18,R53.83,ICD10CM,fatigue,pre-index
HAT00008,2014-11-26,R53.83,ICD10CM,fatigue,pre-index
HAT00008,2014-05-03,G43.909,ICD10CM,migraine,pre-index
HAT00009,2016-11-20,I10,ICD10CM,hypertension,pre-index
HAT00009,2016-09-30,R53.83,ICD10CM,fatigue,pre-index
HAT00009,2018-01-20,E78.5,ICD10CM,hyperlipidemia,pre-index
HAT00009,2018-12-01,K21.9,ICD10CM,GERD,pre-index
HAT00010,2022-09-24,J45.909,ICD10CM,asthma,pre-index
HAT00010,2021-09-27,J45.909,ICD10CM,asthma,pre-index
HAT00011,2020-02-09,J45.909,ICD10CM,asthma,pre-index
HAT00011,2018-03-14,I10,ICD10CM,hypertension,pre-index
HAT00011,2019-10-16,R10.9,ICD10CM,abdominal pain,pre-index
HAT00011,2020-02-16,I10,ICD10CM,hypertension,pre-index
HAT00011,2020-02-14,E78.5,ICD10CM,hyperlipidemia,pre-index
HAT00012,2014-03-31,J45.909,ICD10CM,asthma,pre-index
HAT00012,2015-07-18,R10.9,ICD10CM,abdominal pain,pre-index
HAT00012,2014-04-07,G43.909,ICD10CM,migraine,pre-index
HAT00012,2014-09-25,I10,ICD10CM,hypertension,pre-index
HAT00012,2015-03-31,K21.9,ICD10CM,GERD,pre-index
HAT00012,2014-10-28,F41.9,ICD10CM,anxiety,pre-index
HAT00013,2016-09-25,E78.5,ICD10CM,hyperlipidemia,pre-index
HAT00013,2015-04-03,I10,ICD10CM,hypertension,pre-index
HAT00013,2015-07-25,E78.5,ICD10CM,hyperlipidemia,pre-index
HAT00013,2015-06-05,F41.9,ICD10CM,anxiety,pre-index
HAT00013,2015-12-14,E78.5,ICD10CM,hyperlipidemia,pre-index
HAT00013,2016-04-19,R10.9,ICD10CM,abdominal pain,pre-index
HAT00013,2015-02-27,F41.9,ICD10CM,anxiety,pre-index
HAT00013,2015-12-28,I10,ICD10CM,hypertension,pre-index
HAT00013,2016-01-27,F41.9,ICD10CM,anxiety,pre-index
HAT00013,2015-04-13,F41.9,ICD10CM,anxiety,pre-index
HAT00015,2023-04-25,R53.83,ICD10CM,fatigue,pre-index
HAT00015,2022-07-20,L50.9,ICD10CM,urticaria,pre-index
HAT00016,2019-06-19,J45.909,ICD10CM,asthma,pre-index
HAT00016,2020-05-07,F41.9,ICD10CM,anxiety,pre-index
HAT00016,2020-03-11,R53.83,ICD10CM,fatigue,pre-index
HAT00016,2021-07-05,G43.909,ICD10CM,migraine,pre-index
HAT00016,2022-01-29,L50.9,ICD10CM,urticaria,pre-index
HAT00016,2019-11-21,E78.5,ICD10CM,hyperlipidemia,pre-index
HAT00016,2021-02-13,F41.9,ICD10CM,anxiety,pre-index
HAT00017,2018-01-10,R10.9,ICD10CM,abdominal pain,pre-index
HAT00017,2018-04-05,K21.9,ICD10CM,GERD,pre-index
HAT00017,2017-08-14,I10,ICD10CM,hypertension,pre-index
HAT00017,2016-10-10,F41.9,ICD10CM,anxiety,pre-index
HAT00017,2017-06-19,J45.909,ICD10CM,asthma,pre-index
HAT00017,2017-02-11,J45.909,ICD10CM,asthma,pre-index
HAT00017,2018-03-21,I10,ICD10CM,hypertension,pre-index
HAT00017,2017-08-26,M79.7,ICD10CM,fibromyalgia,pre-index
HAT00017,2017-04-07,R53.83,ICD10CM,fatigue,pre-index
HAT00017,2018-01-24,R10.9,ICD10CM,abdominal pain,pre-index
HAT00017,2016-01-19,R10.9,ICD10CM,abdominal pain,pre-index
HAT00018,2023-02-04,M79.7,ICD10CM,fibromyalgia,pre-index
HAT00018,2023-02-22,E78.5,ICD10CM,hyperlipidemia,pre-index
HAT00018,2023-04-22,L50.9,ICD10CM,urticaria,pre-index
HAT00018,2022-03-05,L50.9,ICD10CM,urticaria,pre-index
HAT00018,2023-07-09,E78.5,ICD10CM,hyperlipidemia,pre-index
HAT00019,2018-04-26,K21.9,ICD10CM,GERD,pre-index
HAT00019,2018-04-02,K21.9,ICD10CM,GERD,pre-index
HAT00019,2018-02-25,G43.909,ICD10CM,migraine,pre-index
HAT00019,2018-05-12,E78.5,ICD10CM,hyperlipidemia,pre-index
HAT00019,2018-02-26,F41.9,ICD10CM,anxiety,pre-index
HAT00019,2018-07-24,G43.909,ICD10CM,migraine,pre-index
HAT00019,2018-05-19,R53.83,ICD10CM,fatigue,pre-index
HAT00019,2018-02-09,R10.9,ICD10CM,abdominal pain,pre-index
HAT00020,2022-10-03,R10.9,ICD10CM,abdominal pain,pre-index
HAT00020,2023-03-26,G43.909,ICD10CM,migraine,pre-index
HAT00020,2023-08-31,J45.909,ICD10CM,asthma,pre-index
HAT00020,2022-08-21,R53.83,ICD10CM,fatigue,pre-index
HAT00020,2024-01-19,I10,ICD10CM,hypertension,pre-index
HAT00020,2023-12-04,F41.9,ICD10CM,anxiety,pre-index
HAT00020,2021-08-03,K21.9,ICD10CM,GERD,pre-index
HAT00020,2021-07-25,F41.9,ICD10CM,anxiety,pre-index
HAT00021,2022-06-12,F41.9,ICD10CM,anxiety,pre-index
HAT00021,2020-10-21,K21.9,ICD10CM,GERD,pre-index
HAT00021,2022-02-21,I10,ICD10CM,hypertension,pre-index
HAT00021,2021-08-13,R10.9,ICD10CM,abdominal pain,pre-index
HAT00021,2022-05-10,M79.7,ICD10CM,fibromyalgia,pre-index
HAT00021,2020-02-13,J45.909,ICD10CM,asthma,pre-index
HAT00021,2021-05-04,J45.909,ICD10CM,asthma,pre-index
HAT00022,2019-07-25,I10,ICD10CM,hypertension,pre-index
HAT00022,2019-12-03,R53.83,ICD10CM,fatigue,pre-index
HAT00022,2020-02-26,R10.9,ICD10CM,abdominal pain,pre-index
HAT00022,2019-12-15,L50.9,ICD10CM,urticaria,pre-index
HAT00022,2018-09-26,M79.7,ICD10CM,fibromyalgia,pre-index
HAT00023,2022-02-06,L50.9,ICD10CM,urticaria,pre-index
HAT00023,2023-10-19,K21.9,ICD10CM,GERD,pre-index
HAT00023,2023-01-20,J45.909,ICD10CM,asthma,pre-index
HAT00023,2023-05-29,R53.83,ICD10CM,fatigue,pre-index
HAT00023,2021-12-12,K21.9,ICD10CM,GERD,pre-index
HAT00024,2018-06-22,K21.9,ICD10CM,GERD,pre-index
HAT00024,2017-01-08,I10,ICD10CM,hypertension,pre-index
HAT00024,2017-04-08,K21.9,ICD10CM,GERD,pre-index
HAT00024,2017-09-29,F41.9,ICD10CM,anxiety,pre-index
HAT00025,2018-07-30,J45.909,ICD10CM,asthma,pre-index
HAT00025,2019-01-30,L50.9,ICD10CM,urticaria,pre-index
HAT00025,2019-07-05,E78.5,ICD10CM,hyperlipidemia,pre-index
HAT00025,2019-03-18,K21.9,ICD10CM,GERD,pre-index
HAT00025,2018-08-05,K21.9,ICD10CM,GERD,pre-index
HAT00025,2020-03-27,R10.9,ICD10CM,abdominal pain,pre-index
HAT00026,2017-06-25,R10.9,ICD10CM,abdominal pain,pre-index
HAT00026,2017-04-03,L50.9,ICD10CM,urticaria,pre-index
HAT00026,2017-09-14,K21.9,ICD10CM,GERD,pre-index
HAT00026,2016-03-31,R10.9,ICD10CM,abdominal pain,pre-index
HAT00026,2016-07-18,R10.9,ICD10CM,abdominal pain,pre-index
HAT00026,2015-05-23,R53.83,ICD10CM,fatigue,pre-index
HAT00026,2016-01-23,J45.909,ICD10CM,asthma,pre-index
HAT00027,2020-01-21,L50.9,ICD10CM,urticaria,pre-index
HAT00027,2018-11-21,E78.5,ICD10CM,hyperlipidemia,pre-index
HAT00027,2019-01-03,G43.909,ICD10CM,migraine,pre-index
HAT00028,2013-12-17,L50.9,ICD10CM,urticaria,pre-index
HAT00028,2016-07-16,F41.9,ICD10CM,anxiety,pre-index
HAT00028,2014-08-06,I10,ICD10CM,hypertension,pre-index
HAT00028,2014-01-11,G43.909,ICD10CM,migraine,pre-index
HAT00028,2015-06-27,L50.9,ICD10CM,urticaria,pre-index
HAT00028,2016-04-19,I10,ICD10CM,hypertension,pre-index
HAT00028,2015-02-18,F41.9,ICD10CM,anxiety,pre-index
HAT00028,2014-04-02,R53.83,ICD10CM,fatigue,pre-index
HAT00028,2015-10-12,R53.83,ICD10CM,fatigue,pre-index
HAT00028,2015-06-07,K21.9,ICD10CM,GERD,pre-index
HAT00028,2013-12-31,R53.83,ICD10CM,fatigue,pre-index
HAT00029,2014-05-30,K21.9,ICD10CM,GERD,pre-index
HAT00029,2014-02-27,G43.909,ICD10CM,migraine,pre-index
HAT00029,2015-08-31,L50.9,ICD10CM,urticaria,pre-index
HAT00029,2014-03-26,G43.909,ICD10CM,migraine,pre-index
HAT00029,2014-03-31,K21.9,ICD10CM,GERD,pre-index
HAT00029,2014-09-18,J45.909,ICD10CM,asthma,pre-index
HAT00029,2013-07-29,E78.5,ICD10CM,hyperlipidemia,pre-index
HAT00029,2015-10-13,E78.5,ICD10CM,hyperlipidemia,pre-index
HAT00029,2013-07-31,J45.909,ICD10CM,asthma,pre-index
HAT00030,2016-08-22,R10.9,ICD10CM,abdominal pain,pre-index
HAT00030,2016-08-12,R10.9,ICD10CM,abdominal pain,pre-index
HAT00030,2014-08-03,G43.909,ICD10CM,migraine,pre-index
HAT00030,2014-11-23,J45.909,ICD10CM,asthma,pre-index
HAT00031,2014-05-25,L50.9,ICD10CM,urticaria,pre-index
HAT00031,2014-10-14,G43.909,ICD10CM,migraine,pre-index
HAT00031,2013-08-30,I10,ICD10CM,hypertension,pre-index
HAT00031,2016-01-02,J45.909,ICD10CM,asthma,pre-index
HAT00031,2015-02-21,K21.9,ICD10CM,GERD,pre-index
HAT00031,2014-10-05,E78.5,ICD10CM,hyperlipidemia,pre-index
HAT00031,2016-03-05,K21.9,ICD10CM,GERD,pre-index
HAT00031,2016-03-03,J45.909,ICD10CM,asthma,pre-index
HAT00031,2015-03-22,G43.909,ICD10CM,migraine,pre-index
HAT00032,2017-10-31,E78.5,ICD10CM,hyperlipidemia,pre-index
HAT00032,2017-08-22,R10.9,ICD10CM,abdominal pain,pre-index
HAT00032,2016-02-23,E78.5,ICD10CM,hyperlipidemia,pre-index
HAT00033,2017-08-02,L50.9,ICD10CM,urticaria,pre-index
HAT00033,2015-11-11,R53.83,ICD10CM,fatigue,pre-index
HAT00033,2015-11-17,L50.9,ICD10CM,urticaria,pre-index
HAT00033,2016-06-24,E78.5,ICD10CM,hyperlipidemia,pre-index
HAT00033,2017-09-12,K21.9,ICD10CM,GERD,pre-index
HAT00033,2015-11-27,L50.9,ICD10CM,urticaria,pre-index
HAT00033,2016-10-21,E78.5,ICD10CM,hyperlipidemia,pre-index
HAT00034,2020-01-12,F41.9,ICD10CM,anxiety,pre-index
HAT00034,2020-01-17,L50.9,ICD10CM,urticaria,pre-index
HAT00034,2020-07-28,I10,ICD10CM,hypertension,pre-index
HAT00034,2017-10-11,M79.7,ICD10CM,fibromyalgia,pre-index
HAT00034,2018-11-22,M79.7,ICD10CM,fibromyalgia,pre-index
HAT00034,2018-07-03,R10.9,ICD10CM,abdominal pain,pre-index
HAT00034,2017-09-04,E78.5,ICD10CM,hyperlipidemia,pre-index
HAT00034,2020-07-29,I10,ICD10CM,hypertension,pre-index
HAT00034,2019-12-21,J45.909,ICD10CM,asthma,pre-index
HAT00034,2019-05-22,K21.9,ICD10CM,GERD,pre-index
HAT00034,2019-06-23,I10,ICD10CM,hypertension,pre-index
HAT00035,2018-11-18,L50.9,ICD10CM,urticaria,pre-index
HAT00035,2018-03-05,L50.9,ICD10CM,urticaria,pre-index
HAT00035,2019-10-09,L50.9,ICD10CM,urticaria,pre-index
HAT00035,2019-03-28,G43.909,ICD10CM,migraine,pre-index
HAT00035,2018-08-30,J45.909,ICD10CM,asthma,pre-index
HAT00035,2019-08-15,K21.9,ICD10CM,GERD,pre-index
HAT00035,2018-07-31,K21.9,ICD10CM,GERD,pre-index
HAT00036,2017-05-20,R53.83,ICD10CM,fatigue,pre-index
HAT00036,2017-04-09,R10.9,ICD10CM,abdominal pain,pre-index
HAT00036,2019-08-03,K21.9,ICD10CM,GERD,pre-index
HAT00036,2018-10-06,R53.83,ICD10CM,fatigue,pre-index
HAT00037,2016-02-01,M79.7,ICD10CM,fibromyalgia,pre-index
HAT00037,2014-08-23,E78.5,ICD10CM,hyperlipidemia,pre-index
HAT00037,2014-01-10,R53.83,ICD10CM,fatigue,pre-index
HAT00037,2014-11-10,R10.9,ICD10CM,abdominal pain,pre-index
HAT00038,2021-04-26,E78.5,ICD10CM,hyperlipidemia,pre-index
HAT00038,2021-07-08,R10.9,ICD10CM,abdominal pain,pre-index
HAT00038,2021-07-01,G43.909,ICD10CM,migraine,pre-index
HAT00038,2022-05-18,R53.83,ICD10CM,fatigue,pre-index
HAT00038,2021-05-01,G43.909,ICD10CM,migraine,pre-index
HAT00040,2021-05-10,G43.909,ICD10CM,migraine,pre-index
HAT00040,2020-06-24,I10,ICD10CM,hypertension,pre-index
HAT00040,2019-12-08,R53.83,ICD10CM,fatigue,pre-index
HAT00040,2021-07-26,R10.9,ICD10CM,abdominal pain,pre-index
HAT00040,2020-02-10,K21.9,ICD10CM,GERD,pre-index
HAT00040,2020-11-10,R10.9,ICD10CM,abdominal pain,pre-index
HAT00040,2019-09-15,E78.5,ICD10CM,hyperlipidemia,pre-index
HAT00040,2019-11-16,R10.9,ICD10CM,abdominal pain,pre-index
HAT00041,2020-03-27,I10,ICD10CM,hypertension,pre-index
HAT00041,2021-03-17,L50.9,ICD10CM,urticaria,pre-index
HAT00041,2021-02-02,E78.5,ICD10CM,hyperlipidemia,pre-index
HAT00041,2021-07-30,L50.9,ICD10CM,urticaria,pre-index
HAT00041,2020-07-17,I10,ICD10CM,hypertension,pre-index
HAT00041,2019-11-26,I10,ICD10CM,hypertension,pre-index
HAT00041,2021-08-04,G43.909,ICD10CM,migraine,pre-index
HAT00041,2021-01-06,I10,ICD10CM,hypertension,pre-index
HAT00041,2021-06-01,L50.9,ICD10CM,urticaria,pre-index
HAT00042,2020-12-31,I10,ICD10CM,hypertension,pre-index
HAT00042,2020-08-25,I10,ICD10CM,hypertension,pre-index
HAT00042,2020-09-24,K21.9,ICD10CM,GERD,pre-index
HAT00042,2020-10-20,G43.909,ICD10CM,migraine,pre-index
HAT00042,2018-05-02,L50.9,ICD10CM,urticaria,pre-index
HAT00042,2020-05-19,R53.83,ICD10CM,fatigue,pre-index
HAT00042,2020-12-15,R53.83,ICD10CM,fatigue,pre-index
HAT00042,2020-11-08,J45.909,ICD10CM,asthma,pre-index
HAT00042,2019-03-01,J45.909,ICD10CM,asthma,pre-index
HAT00044,2023-05-26,E78.5,ICD10CM,hyperlipidemia,pre-index
HAT00044,2021-12-05,J45.909,ICD10CM,asthma,pre-index
HAT00044,2022-07-10,R53.83,ICD10CM,fatigue,pre-index
HAT00044,2021-12-06,E78.5,ICD10CM,hyperlipidemia,pre-index
HAT00044,2023-06-02,M79.7,ICD10CM,fibromyalgia,pre-index
HAT00045,2019-05-19,K21.9,ICD10CM,GERD,pre-index
HAT00045,2019-02-28,J45.909,ICD10CM,asthma,pre-index
HAT00045,2018-09-20,M79.7,ICD10CM,fibromyalgia,pre-index
HAT00047,2018-09-12,L50.9,ICD10CM,urticaria,pre-index
HAT00047,2019-06-17,R53.83,ICD10CM,fatigue,pre-index
HAT00047,2018-03-12,R53.83,ICD10CM,fatigue,pre-index
HAT00047,2019-04-24,G43.909,ICD10CM,migraine,pre-index
HAT00047,2017-12-02,J45.909,ICD10CM,asthma,pre-index
HAT00047,2018-12-17,R10.9,ICD10CM,abdominal pain,pre-index
HAT00047,2018-12-30,K21.9,ICD10CM,GERD,pre-index
HAT00048,2021-08-06,J45.909,ICD10CM,asthma,pre-index
HAT00048,2019-06-01,M79.7,ICD10CM,fibromyalgia,pre-index
HAT00048,2020-01-14,G43.909,ICD10CM,migraine,pre-index
HAT00048,2020-07-05,R53.83,ICD10CM,fatigue,pre-index
HAT00048,2019-08-04,R10.9,ICD10CM,abdominal pain,pre-index
HAT00048,2019-08-10,E78.5,ICD10CM,hyperlipidemia,pre-index
HAT00048,2020-07-01,F41.9,ICD10CM,anxiety,pre-index
HAT00049,2023-01-18,L50.9,ICD10CM,urticaria,pre-index
HAT00049,2024-03-02,G43.909,ICD10CM,migraine,pre-index
HAT00049,2024-03-23,K21.9,ICD10CM,GERD,pre-index
HAT00049,2024-02-23,R53.83,ICD10CM,fatigue,pre-index
HAT00050,2015-11-10,L50.9,ICD10CM,urticaria,pre-index
HAT00050,2018-07-02,M79.7,ICD10CM,fibromyalgia,pre-index
HAT00050,2017-10-15,R53.83,ICD10CM,fatigue,pre-index
HAT00050,2016-10-26,R10.9,ICD10CM,abdominal pain,pre-index
HAT00050,2015-11-02,E78.5,ICD10CM,hyperlipidemia,pre-index
HAT00051,2015-07-13,L50.9,ICD10CM,urticaria,pre-index
HAT00051,2018-01-23,F41.9,ICD10CM,anxiety,pre-index
HAT00051,2018-01-29,G43.909,ICD10CM,migraine,pre-index
HAT00052,2017-09-21,L50.9,ICD10CM,urticaria,pre-index
HAT00052,2018-06-18,K21.9,ICD10CM,GERD,pre-index
HAT00052,2018-04-07,M79.7,ICD10CM,fibromyalgia,pre-index
HAT00052,2016-02-12,R53.83,ICD10CM,fatigue,pre-index
HAT00052,2018-02-03,L50.9,ICD10CM,urticaria,pre-index
HAT00052,2017-01-04,L50.9,ICD10CM,urticaria,pre-index
HAT00052,2017-06-22,R10.9,ICD10CM,abdominal pain,pre-index
HAT00053,2023-07-05,R10.9,ICD10CM,abdominal pain,pre-index
HAT00053,2023-11-11,E78.5,ICD10CM,hyperlipidemia,pre-index
HAT00053,2023-06-03,R53.83,ICD10CM,fatigue,pre-index
HAT00053,2022-01-17,J45.909,ICD10CM,asthma,pre-index
HAT00053,2023-10-14,E78.5,ICD10CM,hyperlipidemia,pre-index
HAT00053,2022-10-06,I10,ICD10CM,hypertension,pre-index
HAT00053,2022-01-12,F41.9,ICD10CM,anxiety,pre-index
HAT00054,2019-10-31,E78.5,ICD10CM,hyperlipidemia,pre-index
HAT00054,2020-10-05,R10.9,ICD10CM,abdominal pain,pre-index
HAT00054,2021-02-26,R10.9,ICD10CM,abdominal pain,pre-index
HAT00054,2020-03-07,I10,ICD10CM,hypertension,pre-index
HAT00054,2020-12-14,R10.9,ICD10CM,abdominal pain,pre-index
HAT00054,2021-02-15,L50.9,ICD10CM,urticaria,pre-index
HAT00054,2021-02-20,E78.5,ICD10CM,hyperlipidemia,pre-index
HAT00054,2018-12-20,F41.9,ICD10CM,anxiety,pre-index
HAT00054,2019-02-27,I10,ICD10CM,hypertension,pre-index
HAT00055,2014-12-05,K21.9,ICD10CM,GERD,pre-index
HAT00055,2016-01-26,I10,ICD10CM,hypertension,pre-index
HAT00055,2014-12-11,G43.909,ICD10CM,migraine,pre-index
HAT00055,2015-11-09,J45.909,ICD10CM,asthma,pre-index
HAT00055,2016-03-30,I10,ICD10CM,hypertension,pre-index
HAT00055,2016-01-01,M79.7,ICD10CM,fibromyalgia,pre-index
HAT00055,2016-01-31,R10.9,ICD10CM,abdominal pain,pre-index
HAT00057,2023-01-04,K21.9,ICD10CM,GERD,pre-index
HAT00057,2023-01-08,I10,ICD10CM,hypertension,pre-index
HAT00057,2020-09-24,L50.9,ICD10CM,urticaria,pre-index
HAT00057,2021-07-19,L50.9,ICD10CM,urticaria,pre-index
HAT00057,2023-04-28,L50.9,ICD10CM,urticaria,pre-index
HAT00057,2022-06-07,M79.7,ICD10CM,fibromyalgia,pre-index
HAT00057,2020-06-23,I10,ICD10CM,hypertension,pre-index
HAT00057,2023-04-06,I10,ICD10CM,hypertension,pre-index
HAT00057,2020-08-16,F41.9,ICD10CM,anxiety,pre-index
HAT00057,2020-06-12,J45.909,ICD10CM,asthma,pre-index
HAT00057,2020-09-21,G43.909,ICD10CM,migraine,pre-index
HAT00058,2016-01-02,I10,ICD10CM,hypertension,pre-index
HAT00058,2016-01-12,G43.909,ICD10CM,migraine,pre-index
HAT00058,2015-08-21,R53.83,ICD10CM,fatigue,pre-index
HAT00058,2016-03-30,L50.9,ICD10CM,urticaria,pre-index
HAT00058,2015-01-07,I10,ICD10CM,hypertension,pre-index
HAT00058,2014-11-03,R53.83,ICD10CM,fatigue,pre-index
HAT00058,2014-10-27,G43.909,ICD10CM,migraine,pre-index
HAT00058,2016-06-02,I10,ICD10CM,hypertension,pre-index
HAT00058,2014-08-13,J45.909,ICD10CM,asthma,pre-index
HAT00058,2016-09-04,G43.909,ICD10CM,migraine,pre-index
HAT00058,2015-05-28,K21.9,ICD10CM,GERD,pre-index
HAT00058,2015-01-15,G43.909,ICD10CM,migraine,pre-index
HAT00058,2015-02-21,I10,ICD10CM,hypertension,pre-index
HAT00058,2015-01-15,E78.5,ICD10CM,hyperlipidemia,pre-index
HAT00058,2015-04-23,R53.83,ICD10CM,fatigue,pre-index
HAT00058,2015-01-06,I10,ICD10CM,hypertension,pre-index
HAT00058,2014-09-10,K21.9,ICD10CM,GERD,pre-index
HAT00058,2016-07-29,K21.9,ICD10CM,GERD,pre-index
HAT00059,2016-07-13,J45.909,ICD10CM,asthma,pre-index
HAT00059,2016-07-11,R53.83,ICD10CM,fatigue,pre-index
HAT00059,2015-08-14,F41.9,ICD10CM,anxiety,pre-index
HAT00061,2018-03-28,R53.83,ICD10CM,fatigue,pre-index
HAT00061,2016-05-05,R10.9,ICD10CM,abdominal pain,pre-index
HAT00061,2019-02-12,E78.5,ICD10CM,hyperlipidemia,pre-index
HAT00062,2016-11-18,J45.909,ICD10CM,asthma,pre-index
HAT00062,2016-03-13,E78.5,ICD10CM,hyperlipidemia,pre-index
HAT00062,2014-12-26,I10,ICD10CM,hypertension,pre-index
HAT00062,2015-10-29,K21.9,ICD10CM,GERD,pre-index
HAT00062,2017-07-03,M79.7,ICD10CM,fibromyalgia,pre-index
HAT00062,2015-07-30,F41.9,ICD10CM,anxiety,pre-index
HAT00063,2014-03-04,R53.83,ICD10CM,fatigue,pre-index
HAT00063,2014-08-07,L50.9,ICD10CM,urticaria,pre-index
HAT00063,2015-10-05,K21.9,ICD10CM,GERD,pre-index
HAT00063,2014-12-27,F41.9,ICD10CM,anxiety,pre-index
HAT00063,2014-12-30,L50.9,ICD10CM,urticaria,pre-index
HAT00063,2014-12-11,L50.9,ICD10CM,urticaria,pre-index
HAT00064,2021-06-22,L50.9,ICD10CM,urticaria,pre-index
HAT00064,2021-10-03,K21.9,ICD10CM,GERD,pre-index
HAT00064,2019-06-05,E78.5,ICD10CM,hyperlipidemia,pre-index
HAT00064,2021-10-17,E78.5,ICD10CM,hyperlipidemia,pre-index
HAT00064,2021-03-18,K21.9,ICD10CM,GERD,pre-index
HAT00064,2019-06-06,I10,ICD10CM,hypertension,pre-index
HAT00064,2021-11-28,K21.9,ICD10CM,GERD,pre-index
HAT00065,2019-01-21,L50.9,ICD10CM,urticaria,pre-index
HAT00066,2014-07-31,R53.83,ICD10CM,fatigue,pre-index
HAT00066,2014-07-22,R53.83,ICD10CM,fatigue,pre-index
HAT00067,2020-11-02,M79.7,ICD10CM,fibromyalgia,pre-index
HAT00067,2020-11-13,L50.9,ICD10CM,urticaria,pre-index
HAT00067,2022-11-24,F41.9,ICD10CM,anxiety,pre-index
HAT00067,2021-12-10,J45.909,ICD10CM,asthma,pre-index
HAT00068,2017-09-13,I10,ICD10CM,hypertension,pre-index
HAT00068,2019-07-05,I10,ICD10CM,hypertension,pre-index
HAT00068,2018-12-18,E78.5,ICD10CM,hyperlipidemia,pre-index
HAT00068,2017-10-05,G43.909,ICD10CM,migraine,pre-index
HAT00068,2017-09-14,R53.83,ICD10CM,fatigue,pre-index
HAT00069,2014-02-20,R10.9,ICD10CM,abdominal pain,pre-index
HAT00069,2013-05-16,M79.7,ICD10CM,fibromyalgia,pre-index
HAT00069,2015-05-13,G43.909,ICD10CM,migraine,pre-index
HAT00070,2015-07-20,I10,ICD10CM,hypertension,pre-index
HAT00070,2016-10-15,L50.9,ICD10CM,urticaria,pre-index
HAT00070,2016-02-01,L50.9,ICD10CM,urticaria,pre-index
HAT00070,2016-09-08,J45.909,ICD10CM,asthma,pre-index
HAT00070,2015-01-01,R53.83,ICD10CM,fatigue,pre-index
HAT00070,2015-01-14,G43.909,ICD10CM,migraine,pre-index
HAT00070,2017-04-25,L50.9,ICD10CM,urticaria,pre-index
HAT00070,2014-11-03,G43.909,ICD10CM,migraine,pre-index
HAT00071,2020-12-28,J45.909,ICD10CM,asthma,pre-index
HAT00071,2019-02-04,E78.5,ICD10CM,hyperlipidemia,pre-index
HAT00071,2020-01-27,I10,ICD10CM,hypertension,pre-index
HAT00071,2020-12-24,L50.9,ICD10CM,urticaria,pre-index
HAT00072,2019-09-20,K21.9,ICD10CM,GERD,pre-index
HAT00072,2021-10-05,E78.5,ICD10CM,hyperlipidemia,pre-index
HAT00072,2020-03-20,I10,ICD10CM,hypertension,pre-index
HAT00072,2020-09-30,K21.9,ICD10CM,GERD,pre-index
HAT00072,2020-09-10,F41.9,ICD10CM,anxiety,pre-index
HAT00072,2020-05-17,G43.909,ICD10CM,migraine,pre-index
HAT00075,2014-11-17,K21.9,ICD10CM,GERD,pre-index
HAT00075,2014-10-19,I10,ICD10CM,hypertension,pre-index
HAT00075,2015-12-23,E78.5,ICD10CM,hyperlipidemia,pre-index
HAT00075,2016-02-10,G43.909,ICD10CM,migraine,pre-index
HAT00075,2015-06-08,R53.83,ICD10CM,fatigue,pre-index
HAT00075,2017-04-09,K21.9,ICD10CM,GERD,pre-index
HAT00075,2016-01-14,R10.9,ICD10CM,abdominal pain,pre-index
HAT00077,2020-11-03,R10.9,ICD10CM,abdominal pain,pre-index
HAT00077,2020-03-11,M79.7,ICD10CM,fibromyalgia,pre-index
HAT00077,2020-03-25,R53.83,ICD10CM,fatigue,pre-index
HAT00077,2022-04-25,L50.9,ICD10CM,urticaria,pre-index
HAT00077,2019-08-16,L50.9,ICD10CM,urticaria,pre-index
HAT00077,2021-02-04,R10.9,ICD10CM,abdominal pain,pre-index
HAT00077,2019-12-15,R53.83,ICD10CM,fatigue,pre-index
HAT00078,2021-08-01,M79.7,ICD10CM,fibromyalgia,pre-index
HAT00078,2021-06-25,K21.9,ICD10CM,GERD,pre-index
HAT00078,2021-12-23,M79.7,ICD10CM,fibromyalgia,pre-index
HAT00078,2020-06-10,R10.9,ICD10CM,abdominal pain,pre-index
HAT00078,2022-04-25,R53.83,ICD10CM,fatigue,pre-index
HAT00078,2021-02-15,M79.7,ICD10CM,fibromyalgia,pre-index
HAT00078,2022-09-28,G43.909,ICD10CM,migraine,pre-index
HAT00080,2023-08-05,L50.9,ICD10CM,urticaria,pre-index
HAT00080,2020-11-10,I10,ICD10CM,hypertension,pre-index
HAT00080,2023-10-02,F41.9,ICD10CM,anxiety,pre-index
HAT00081,2016-10-23,F41.9,ICD10CM,anxiety,pre-index
HAT00081,2015-11-17,F41.9,ICD10CM,anxiety,pre-index
HAT00081,2016-10-29,L50.9,ICD10CM,urticaria,pre-index
HAT00081,2015-05-31,K21.9,ICD10CM,GERD,pre-index
HAT00081,2015-02-12,J45.909,ICD10CM,asthma,pre-index
HAT00081,2017-04-30,F41.9,ICD10CM,anxiety,pre-index
HAT00082,2016-08-10,L50.9,ICD10CM,urticaria,pre-index
HAT00083,2016-06-07,L50.9,ICD10CM,urticaria,pre-index
HAT00083,2018-05-01,K21.9,ICD10CM,GERD,pre-index
HAT00083,2017-10-30,R53.83,ICD10CM,fatigue,pre-index
HAT00083,2017-12-28,E78.5,ICD10CM,hyperlipidemia,pre-index
HAT00083,2016-11-15,R53.83,ICD10CM,fatigue,pre-index
HAT00083,2017-05-31,L50.9,ICD10CM,urticaria,pre-index
HAT00083,2016-11-08,J45.909,ICD10CM,asthma,pre-index
HAT00083,2018-04-11,R53.83,ICD10CM,fatigue,pre-index
HAT00083,2015-08-29,R53.83,ICD10CM,fatigue,pre-index
HAT00083,2017-03-05,F41.9,ICD10CM,anxiety,pre-index
HAT00084,2015-06-11,L50.9,ICD10CM,urticaria,pre-index
HAT00084,2015-02-18,I10,ICD10CM,hypertension,pre-index
HAT00084,2013-11-28,J45.909,ICD10CM,asthma,pre-index
HAT00084,2013-08-03,I10,ICD10CM,hypertension,pre-index
HAT00084,2015-10-16,K21.9,ICD10CM,GERD,pre-index
HAT00084,2014-08-30,J45.909,ICD10CM,asthma,pre-index
HAT00084,2015-02-07,E78.5,ICD10CM,hyperlipidemia,pre-index
HAT00085,2023-09-01,R53.83,ICD10CM,fatigue,pre-index
HAT00085,2022-08-09,E78.5,ICD10CM,hyperlipidemia,pre-index
HAT00085,2021-02-17,E78.5,ICD10CM,hyperlipidemia,pre-index
HAT00085,2021-01-06,R53.83,ICD10CM,fatigue,pre-index
HAT00085,2022-09-04,M79.7,ICD10CM,fibromyalgia,pre-index
HAT00086,2023-09-23,L50.9,ICD10CM,urticaria,pre-index
HAT00086,2021-07-11,F41.9,ICD10CM,anxiety,pre-index
HAT00086,2022-04-30,K21.9,ICD10CM,GERD,pre-index
HAT00088,2015-05-10,M79.7,ICD10CM,fibromyalgia,pre-index
HAT00088,2015-11-17,G43.909,ICD10CM,migraine,pre-index
HAT00088,2017-09-06,E78.5,ICD10CM,hyperlipidemia,pre-index
HAT00088,2015-09-22,R53.83,ICD10CM,fatigue,pre-index
HAT00088,2015-10-16,G43.909,ICD10CM,migraine,pre-index
HAT00088,2017-02-04,K21.9,ICD10CM,GERD,pre-index
HAT00088,2015-02-03,R10.9,ICD10CM,abdominal pain,pre-index
HAT00089,2017-02-24,F41.9,ICD10CM,anxiety,pre-index
HAT00089,2016-10-08,J45.909,ICD10CM,asthma,pre-index
HAT00089,2017-10-07,R53.83,ICD10CM,fatigue,pre-index
HAT00089,2016-08-04,I10,ICD10CM,hypertension,pre-index
HAT00089,2016-07-20,L50.9,ICD10CM,urticaria,pre-index
HAT00091,2022-10-28,E78.5,ICD10CM,hyperlipidemia,pre-index
HAT00091,2020-06-03,F41.9,ICD10CM,anxiety,pre-index
HAT00091,2020-07-31,K21.9,ICD10CM,GERD,pre-index
HAT00091,2021-06-08,E78.5,ICD10CM,hyperlipidemia,pre-index
HAT00091,2022-07-29,M79.7,ICD10CM,fibromyalgia,pre-index
HAT00091,2022-06-27,L50.9,ICD10CM,urticaria,pre-index
HAT00091,2022-04-02,L50.9,ICD10CM,urticaria,pre-index
HAT00091,2022-07-08,R53.83,ICD10CM,fatigue,pre-index
HAT00092,2023-02-18,R10.9,ICD10CM,abdominal pain,pre-index
HAT00092,2021-07-19,K21.9,ICD10CM,GERD,pre-index
HAT00092,2021-08-30,M79.7,ICD10CM,fibromyalgia,pre-index
HAT00092,2023-01-23,R53.83,ICD10CM,fatigue,pre-index
HAT00092,2022-09-21,R53.83,ICD10CM,fatigue,pre-index
HAT00092,2023-05-02,F41.9,ICD10CM,anxiety,pre-index
HAT00092,2021-11-15,I10,ICD10CM,hypertension,pre-index
HAT00092,2022-05-11,K21.9,ICD10CM,GERD,pre-index
HAT00093,2022-01-28,R10.9,ICD10CM,abdominal pain,pre-index
HAT00093,2022-10-24,R10.9,ICD10CM,abdominal pain,pre-index
HAT00093,2021-11-22,G43.909,ICD10CM,migraine,pre-index
HAT00093,2022-08-24,F41.9,ICD10CM,anxiety,pre-index
HAT00093,2020-05-29,L50.9,ICD10CM,urticaria,pre-index
HAT00093,2022-02-14,J45.909,ICD10CM,asthma,pre-index
HAT00093,2022-10-01,R10.9,ICD10CM,abdominal pain,pre-index
HAT00093,2022-12-21,R53.83,ICD10CM,fatigue,pre-index
HAT00093,2021-04-04,K21.9,ICD10CM,GERD,pre-index
HAT00093,2021-01-18,G43.909,ICD10CM,migraine,pre-index
HAT00094,2017-07-05,L50.9,ICD10CM,urticaria,pre-index
HAT00094,2017-01-28,R53.83,ICD10CM,fatigue,pre-index
HAT00094,2017-09-22,G43.909,ICD10CM,migraine,pre-index
HAT00094,2017-08-19,M79.7,ICD10CM,fibromyalgia,pre-index
HAT00094,2018-03-16,J45.909,ICD10CM,asthma,pre-index
HAT00096,2020-08-02,L50.9,ICD10CM,urticaria,pre-index
HAT00096,2019-12-12,R53.83,ICD10CM,fatigue,pre-index
HAT00096,2020-06-13,R10.9,ICD10CM,abdominal pain,pre-index
HAT00096,2020-03-25,K21.9,ICD10CM,GERD,pre-index
HAT00096,2020-08-20,L50.9,ICD10CM,urticaria,pre-index
HAT00096,2020-06-22,I10,ICD10CM,hypertension,pre-index
HAT00096,2019-11-09,M79.7,ICD10CM,fibromyalgia,pre-index
HAT00096,2020-06-08,R53.83,ICD10CM,fatigue,pre-index
HAT00096,2020-05-06,G43.909,ICD10CM,migraine,pre-index
HAT00098,2021-07-22,R10.9,ICD10CM,abdominal pain,pre-index
HAT00098,2022-02-05,F41.9,ICD10CM,anxiety,pre-index
HAT00098,2021-09-04,R10.9,ICD10CM,abdominal pain,pre-index
HAT00098,2021-05-15,R53.83,ICD10CM,fatigue,pre-index
HAT00098,2022-04-04,R53.83,ICD10CM,fatigue,pre-index
HAT00099,2019-04-06,R10.9,ICD10CM,abdominal pain,pre-index
HAT00099,2018-05-26,J45.909,ICD10CM,asthma,pre-index
HAT00099,2018-11-14,R53.83,ICD10CM,fatigue,pre-index
HAT00099,2018-08-29,K21.9,ICD10CM,GERD,pre-index
HAT00099,2017-10-18,K21.9,ICD10CM,GERD,pre-index
HAT00099,2017-07-15,K21.9,ICD10CM,GERD,pre-index
HAT00099,2019-09-20,R53.83,ICD10CM,fatigue,pre-index
HAT00100,2017-02-26,G43.909,ICD10CM,migraine,pre-index
HAT00100,2018-05-04,J45.909,ICD10CM,asthma,pre-index
HAT00100,2020-01-10,R53.83,ICD10CM,fatigue,pre-index
HAT00100,2018-02-27,G43.909,ICD10CM,migraine,pre-index
HAT00100,2017-08-10,L50.9,ICD10CM,urticaria,pre-index
HAT00102,2017-03-10,R53.83,ICD10CM,fatigue,pre-index
HAT00102,2016-05-05,R53.83,ICD10CM,fatigue,pre-index
HAT00102,2018-07-09,R53.83,ICD10CM,fatigue,pre-index
HAT00102,2017-01-30,M79.7,ICD10CM,fibromyalgia,pre-index
HAT00104,2017-05-18,G43.909,ICD10CM,migraine,pre-index
HAT00104,2015-12-12,R53.83,ICD10CM,fatigue,pre-index
HAT00104,2017-05-29,K21.9,ICD10CM,GERD,pre-index
HAT00104,2015-10-29,K21.9,ICD10CM,GERD,pre-index
HAT00104,2015-08-21,J45.909,ICD10CM,asthma,pre-index
HAT00104,2017-12-12,G43.909,ICD10CM,migraine,pre-index
HAT00104,2016-05-11,E78.5,ICD10CM,hyperlipidemia,pre-index
HAT00104,2018-03-28,R10.9,ICD10CM,abdominal pain,pre-index
HAT00104,2016-02-12,R53.83,ICD10CM,fatigue,pre-index
HAT00104,2016-01-10,R53.83,ICD10CM,fatigue,pre-index
HAT00105,2020-11-01,J45.909,ICD10CM,asthma,pre-index
HAT00105,2021-10-03,R10.9,ICD10CM,abdominal pain,pre-index
HAT00105,2021-05-18,L50.9,ICD10CM,urticaria,pre-index
HAT00105,2021-04-20,K21.9,ICD10CM,GERD,pre-index
HAT00105,2019-04-25,K21.9,ICD10CM,GERD,pre-index
HAT00105,2020-09-25,R53.83,ICD10CM,fatigue,pre-index
HAT00107,2020-05-04,R10.9,ICD10CM,abdominal pain,pre-index
HAT00107,2021-09-13,K21.9,ICD10CM,GERD,pre-index
HAT00107,2019-04-12,G43.909,ICD10CM,migraine,pre-index
HAT00107,2021-11-06,L50.9,ICD10CM,urticaria,pre-index
HAT00110,2021-11-20,G43.909,ICD10CM,migraine,pre-index
HAT00110,2021-11-06,R53.83,ICD10CM,fatigue,pre-index
HAT00110,2021-08-26,F41.9,ICD10CM,anxiety,pre-index
HAT00110,2020-01-14,R10.9,ICD10CM,abdominal pain,pre-index
HAT00110,2020-08-01,R53.83,ICD10CM,fatigue,pre-index
HAT00110,2020-10-18,M79.7,ICD10CM,fibromyalgia,pre-index
HAT00110,2021-05-30,G43.909,ICD10CM,migraine,pre-index
HAT00110,2019-03-26,L50.9,ICD10CM,urticaria,pre-index
HAT00111,2020-07-25,J45.909,ICD10CM,asthma,pre-index
HAT00111,2022-02-26,R53.83,ICD10CM,fatigue,pre-index
HAT00112,2020-10-01,G43.909,ICD10CM,migraine,pre-index
HAT00112,2021-01-07,F41.9,ICD10CM,anxiety,pre-index
HAT00112,2020-01-19,E78.5,ICD10CM,hyperlipidemia,pre-index
HAT00112,2019-10-08,K21.9,ICD10CM,GERD,pre-index
HAT00112,2019-01-25,I10,ICD10CM,hypertension,pre-index
HAT00112,2019-12-16,J45.909,ICD10CM,asthma,pre-index
HAT00113,2020-08-28,L50.9,ICD10CM,urticaria,pre-index
HAT00113,2020-10-28,E78.5,ICD10CM,hyperlipidemia,pre-index
HAT00114,2021-06-13,E78.5,ICD10CM,hyperlipidemia,pre-index
HAT00114,2023-07-02,L50.9,ICD10CM,urticaria,pre-index
HAT00114,2023-11-13,F41.9,ICD10CM,anxiety,pre-index
HAT00115,2015-12-30,J45.909,ICD10CM,asthma,pre-index
HAT00115,2017-03-07,R10.9,ICD10CM,abdominal pain,pre-index
HAT00115,2015-10-13,J45.909,ICD10CM,asthma,pre-index
HAT00115,2016-11-02,J45.909,ICD10CM,asthma,pre-index
HAT00115,2015-01-30,J45.909,ICD10CM,asthma,pre-index
HAT00115,2015-08-01,K21.9,ICD10CM,GERD,pre-index
HAT00115,2016-07-02,R53.83,ICD10CM,fatigue,pre-index
HAT00115,2015-04-07,L50.9,ICD10CM,urticaria,pre-index
HAT00116,2016-05-27,F41.9,ICD10CM,anxiety,pre-index
HAT00116,2018-10-31,R53.83,ICD10CM,fatigue,pre-index
HAT00116,2018-04-26,E78.5,ICD10CM,hyperlipidemia,pre-index
HAT00117,2015-02-15,L50.9,ICD10CM,urticaria,pre-index
HAT00117,2015-03-24,E78.5,ICD10CM,hyperlipidemia,pre-index
HAT00117,2016-07-05,K21.9,ICD10CM,GERD,pre-index
HAT00117,2017-01-19,L50.9,ICD10CM,urticaria,pre-index
HAT00117,2016-07-12,M79.7,ICD10CM,fibromyalgia,pre-index
HAT00117,2017-01-12,R53.83,ICD10CM,fatigue,pre-index
HAT00118,2019-12-24,L50.9,ICD10CM,urticaria,pre-index
HAT00118,2021-02-27,F41.9,ICD10CM,anxiety,pre-index
HAT00118,2019-04-18,J45.909,ICD10CM,asthma,pre-index
HAT00118,2021-02-11,R53.83,ICD10CM,fatigue,pre-index
HAT00118,2019-04-23,R10.9,ICD10CM,abdominal pain,pre-index
HAT00120,2018-11-26,R10.9,ICD10CM,abdominal pain,pre-index
HAT00120,2020-05-20,K21.9,ICD10CM,GERD,pre-index
HAT00120,2020-08-09,K21.9,ICD10CM,GERD,pre-index
HAT00120,2019-04-26,L50.9,ICD10CM,urticaria,pre-index
HAT00121,2016-11-29,K21.9,ICD10CM,GERD,pre-index
HAT00121,2016-08-04,R53.83,ICD10CM,fatigue,pre-index
HAT00121,2017-02-13,R10.9,ICD10CM,abdominal pain,pre-index
HAT00123,2015-11-22,L50.9,ICD10CM,urticaria,pre-index
HAT00123,2015-06-14,R10.9,ICD10CM,abdominal pain,pre-index
HAT00123,2016-02-06,F41.9,ICD10CM,anxiety,pre-index
HAT00123,2016-11-27,R53.83,ICD10CM,fatigue,pre-index
HAT00123,2015-07-21,R53.83,ICD10CM,fatigue,pre-index
HAT00123,2016-10-31,I10,ICD10CM,hypertension,pre-index
HAT00123,2017-10-04,I10,ICD10CM,hypertension,pre-index
HAT00123,2016-02-29,L50.9,ICD10CM,urticaria,pre-index
HAT00123,2015-12-03,G43.909,ICD10CM,migraine,pre-index
HAT00123,2017-07-31,R10.9,ICD10CM,abdominal pain,pre-index
HAT00123,2015-06-19,K21.9,ICD10CM,GERD,pre-index
HAT00124,2013-12-13,R53.83,ICD10CM,fatigue,pre-index
HAT00124,2013-11-22,J45.909,ICD10CM,asthma,pre-index
HAT00124,2016-03-25,R10.9,ICD10CM,abdominal pain,pre-index
HAT00124,2015-03-02,M79.7,ICD10CM,fibromyalgia,pre-index
HAT00124,2015-09-09,R10.9,ICD10CM,abdominal pain,pre-index
HAT00124,2013-08-14,K21.9,ICD10CM,GERD,pre-index
HAT00125,2020-11-20,L50.9,ICD10CM,urticaria,pre-index
HAT00125,2020-02-23,J45.909,ICD10CM,asthma,pre-index
HAT00125,2020-12-18,E78.5,ICD10CM,hyperlipidemia,pre-index
HAT00125,2021-11-04,R53.83,ICD10CM,fatigue,pre-index
HAT00125,2022-04-29,R53.83,ICD10CM,fatigue,pre-index
HAT00127,2023-07-28,R10.9,ICD10CM,abdominal pain,pre-index
HAT00127,2023-03-22,F41.9,ICD10CM,anxiety,pre-index
HAT00127,2022-10-25,M79.7,ICD10CM,fibromyalgia,pre-index
HAT00127,2024-04-15,M79.7,ICD10CM,fibromyalgia,pre-index
HAT00127,2022-11-16,I10,ICD10CM,hypertension,pre-index
HAT00127,2024-02-04,E78.5,ICD10CM,hyperlipidemia,pre-index
HAT00127,2023-11-26,R10.9,ICD10CM,abdominal pain,pre-index
HAT00127,2023-10-12,I10,ICD10CM,hypertension,pre-index
HAT00127,2023-03-06,J45.909,ICD10CM,asthma,pre-index
HAT00127,2023-12-28,M79.7,ICD10CM,fibromyalgia,pre-index
HAT00127,2024-06-10,G43.909,ICD10CM,migraine,pre-index
HAT00128,2018-07-20,F41.9,ICD10CM,anxiety,pre-index
HAT00128,2017-09-14,K21.9,ICD10CM,GERD,pre-index
HAT00128,2018-04-30,R53.83,ICD10CM,fatigue,pre-index
HAT00128,2017-12-10,R53.83,ICD10CM,fatigue,pre-index
HAT00128,2017-11-26,I10,ICD10CM,hypertension,pre-index
HAT00129,2023-01-13,J45.909,ICD10CM,asthma,pre-index
HAT00129,2022-11-19,K21.9,ICD10CM,GERD,pre-index
HAT00129,2022-05-11,R10.9,ICD10CM,abdominal pain,pre-index
HAT00129,2022-05-07,K21.9,ICD10CM,GERD,pre-index
HAT00129,2023-01-26,M79.7,ICD10CM,fibromyalgia,pre-index
HAT00129,2022-04-07,K21.9,ICD10CM,GERD,pre-index
HAT00129,2022-12-31,R53.83,ICD10CM,fatigue,pre-index
HAT00129,2023-01-06,R10.9,ICD10CM,abdominal pain,pre-index
HAT00129,2022-08-28,I10,ICD10CM,hypertension,pre-index
HAT00129,2022-11-22,G43.909,ICD10CM,migraine,pre-index
HAT00130,2020-05-13,K21.9,ICD10CM,GERD,pre-index
HAT00130,2021-03-24,G43.909,ICD10CM,migraine,pre-index
HAT00130,2020-01-21,K21.9,ICD10CM,GERD,pre-index
HAT00130,2019-02-25,R53.83,ICD10CM,fatigue,pre-index
HAT00131,2020-10-27,E78.5,ICD10CM,hyperlipidemia,pre-index
HAT00131,2023-01-12,R53.83,ICD10CM,fatigue,pre-index
HAT00131,2021-03-15,F41.9,ICD10CM,anxiety,pre-index
HAT00131,2022-01-23,L50.9,ICD10CM,urticaria,pre-index
HAT00131,2021-05-22,I10,ICD10CM,hypertension,pre-index
HAT00131,2022-03-09,R53.83,ICD10CM,fatigue,pre-index
HAT00131,2020-11-02,R10.9,ICD10CM,abdominal pain,pre-index
HAT00131,2022-02-11,G43.909,ICD10CM,migraine,pre-index
HAT00131,2020-07-11,L50.9,ICD10CM,urticaria,pre-index
HAT00131,2022-03-03,R53.83,ICD10CM,fatigue,pre-index
HAT00132,2020-03-26,I10,ICD10CM,hypertension,pre-index
HAT00132,2022-06-30,R53.83,ICD10CM,fatigue,pre-index
HAT00132,2021-08-20,G43.909,ICD10CM,migraine,pre-index
HAT00132,2022-10-14,L50.9,ICD10CM,urticaria,pre-index
HAT00132,2020-05-06,R53.83,ICD10CM,fatigue,pre-index
HAT00132,2021-01-27,F41.9,ICD10CM,anxiety,pre-index
HAT00132,2022-07-30,J45.909,ICD10CM,asthma,pre-index
HAT00132,2021-03-06,J45.909,ICD10CM,asthma,pre-index
HAT00132,2022-09-11,I10,ICD10CM,hypertension,pre-index
HAT00134,2014-09-24,R53.83,ICD10CM,fatigue,pre-index
HAT00134,2015-03-02,I10,ICD10CM,hypertension,pre-index
HAT00134,2015-08-05,F41.9,ICD10CM,anxiety,pre-index
HAT00134,2016-01-26,L50.9,ICD10CM,urticaria,pre-index
HAT00134,2014-10-18,I10,ICD10CM,hypertension,pre-index
HAT00134,2013-09-12,E78.5,ICD10CM,hyperlipidemia,pre-index
HAT00134,2014-08-03,I10,ICD10CM,hypertension,pre-index
HAT00134,2015-02-26,F41.9,ICD10CM,anxiety,pre-index
HAT00134,2014-11-22,G43.909,ICD10CM,migraine,pre-index
HAT00134,2013-05-27,J45.909,ICD10CM,asthma,pre-index
HAT00134,2015-03-25,J45.909,ICD10CM,asthma,pre-index
HAT00134,2014-04-28,R53.83,ICD10CM,fatigue,pre-index
HAT00135,2021-04-29,L50.9,ICD10CM,urticaria,pre-index
HAT00135,2021-04-02,M79.7,ICD10CM,fibromyalgia,pre-index
HAT00135,2019-07-12,G43.909,ICD10CM,migraine,pre-index
HAT00135,2018-06-12,R10.9,ICD10CM,abdominal pain,pre-index
HAT00135,2019-12-29,L50.9,ICD10CM,urticaria,pre-index
HAT00135,2019-10-21,F41.9,ICD10CM,anxiety,pre-index
HAT00135,2020-10-09,K21.9,ICD10CM,GERD,pre-index
HAT00135,2021-03-23,L50.9,ICD10CM,urticaria,pre-index
HAT00136,2023-03-09,I10,ICD10CM,hypertension,pre-index
HAT00136,2020-12-24,J45.909,ICD10CM,asthma,pre-index
HAT00136,2022-05-09,K21.9,ICD10CM,GERD,pre-index
HAT00137,2016-08-23,K21.9,ICD10CM,GERD,pre-index
HAT00138,2019-08-19,K21.9,ICD10CM,GERD,pre-index
HAT00138,2018-07-23,K21.9,ICD10CM,GERD,pre-index
HAT00138,2018-07-05,R10.9,ICD10CM,abdominal pain,pre-index
HAT00138,2018-04-01,L50.9,ICD10CM,urticaria,pre-index
HAT00138,2018-12-23,I10,ICD10CM,hypertension,pre-index
HAT00138,2019-02-03,J45.909,ICD10CM,asthma,pre-index
HAT00139,2020-11-28,R10.9,ICD10CM,abdominal pain,pre-index
HAT00139,2019-07-07,R53.83,ICD10CM,fatigue,pre-index
HAT00139,2020-09-27,R53.83,ICD10CM,fatigue,pre-index
HAT00139,2020-04-28,K21.9,ICD10CM,GERD,pre-index
HAT00140,2022-05-27,J45.909,ICD10CM,asthma,pre-index
HAT00140,2022-01-29,G43.909,ICD10CM,migraine,pre-index
HAT00140,2023-03-09,K21.9,ICD10CM,GERD,pre-index
HAT00140,2024-01-11,K21.9,ICD10CM,GERD,pre-index
HAT00140,2023-12-19,R53.83,ICD10CM,fatigue,pre-index
HAT00140,2022-01-12,L50.9,ICD10CM,urticaria,pre-index
HAT00140,2022-12-09,M79.7,ICD10CM,fibromyalgia,pre-index
HAT00140,2021-07-23,I10,ICD10CM,hypertension,pre-index
HAT00140,2023-11-25,E78.5,ICD10CM,hyperlipidemia,pre-index
HAT00141,2017-04-09,E78.5,ICD10CM,hyperlipidemia,pre-index
HAT00141,2018-05-20,R10.9,ICD10CM,abdominal pain,pre-index
HAT00141,2017-01-23,I10,ICD10CM,hypertension,pre-index
HAT00141,2017-06-19,G43.909,ICD10CM,migraine,pre-index
HAT00142,2020-10-21,K21.9,ICD10CM,GERD,pre-index
HAT00142,2020-08-31,I10,ICD10CM,hypertension,pre-index
HAT00142,2020-10-13,G43.909,ICD10CM,migraine,pre-index
HAT00142,2020-09-22,R53.83,ICD10CM,fatigue,pre-index
HAT00142,2020-12-10,I10,ICD10CM,hypertension,pre-index
HAT00142,2020-08-20,G43.909,ICD10CM,migraine,pre-index
HAT00144,2021-11-02,R53.83,ICD10CM,fatigue,pre-index
HAT00144,2021-08-14,E78.5,ICD10CM,hyperlipidemia,pre-index
HAT00144,2021-07-22,E78.5,ICD10CM,hyperlipidemia,pre-index
HAT00144,2022-03-01,G43.909,ICD10CM,migraine,pre-index
HAT00144,2022-10-19,J45.909,ICD10CM,asthma,pre-index
HAT00144,2022-04-17,R10.9,ICD10CM,abdominal pain,pre-index
HAT00145,2021-03-04,R10.9,ICD10CM,abdominal pain,pre-index
HAT00145,2022-05-29,E78.5,ICD10CM,hyperlipidemia,pre-index
HAT00145,2023-09-24,J45.909,ICD10CM,asthma,pre-index
HAT00145,2023-06-20,L50.9,ICD10CM,urticaria,pre-index
HAT00145,2023-03-06,I10,ICD10CM,hypertension,pre-index
HAT00145,2021-01-12,R10.9,ICD10CM,abdominal pain,pre-index
HAT00147,2017-10-09,F41.9,ICD10CM,anxiety,pre-index
HAT00147,2015-08-13,L50.9,ICD10CM,urticaria,pre-index
HAT00147,2017-01-10,E78.5,ICD10CM,hyperlipidemia,pre-index
HAT00147,2015-03-27,J45.909,ICD10CM,asthma,pre-index
HAT00148,2015-06-21,K21.9,ICD10CM,GERD,pre-index
HAT00148,2017-12-24,K21.9,ICD10CM,GERD,pre-index
HAT00148,2015-05-19,R53.83,ICD10CM,fatigue,pre-index
HAT00148,2017-06-06,R53.83,ICD10CM,fatigue,pre-index
HAT00148,2017-12-09,E78.5,ICD10CM,hyperlipidemia,pre-index
HAT00148,2017-08-04,K21.9,ICD10CM,GERD,pre-index
HAT00148,2016-05-01,J45.909,ICD10CM,asthma,pre-index
HAT00148,2017-07-09,F41.9,ICD10CM,anxiety,pre-index
HAT00150,2020-08-14,R10.9,ICD10CM,abdominal pain,pre-index
HAT00150,2020-04-19,R10.9,ICD10CM,abdominal pain,pre-index
HAT00150,2020-12-17,R53.83,ICD10CM,fatigue,pre-index
HAT00150,2019-10-16,L50.9,ICD10CM,urticaria,pre-index
HAT00151,2019-07-15,F41.9,ICD10CM,anxiety,pre-index
HAT00151,2020-08-12,L50.9,ICD10CM,urticaria,pre-index
HAT00151,2017-11-28,F41.9,ICD10CM,anxiety,pre-index
HAT00151,2020-02-20,J45.909,ICD10CM,asthma,pre-index
HAT00151,2020-03-29,M79.7,ICD10CM,fibromyalgia,pre-index
HAT00151,2020-10-07,R53.83,ICD10CM,fatigue,pre-index
HAT00151,2018-11-09,R53.83,ICD10CM,fatigue,pre-index
HAT00151,2018-06-13,I10,ICD10CM,hypertension,pre-index
HAT00151,2019-02-06,L50.9,ICD10CM,urticaria,pre-index
HAT00151,2018-08-22,E78.5,ICD10CM,hyperlipidemia,pre-index
HAT00151,2018-03-16,L50.9,ICD10CM,urticaria,pre-index
HAT00152,2023-09-21,R53.83,ICD10CM,fatigue,pre-index
HAT00152,2021-11-02,I10,ICD10CM,hypertension,pre-index
HAT00152,2022-11-22,R53.83,ICD10CM,fatigue,pre-index
HAT00152,2024-03-14,M79.7,ICD10CM,fibromyalgia,pre-index
HAT00152,2023-09-15,R53.83,ICD10CM,fatigue,pre-index
HAT00153,2018-12-21,R53.83,ICD10CM,fatigue,pre-index
HAT00153,2020-03-18,M79.7,ICD10CM,fibromyalgia,pre-index
HAT00153,2020-07-19,J45.909,ICD10CM,asthma,pre-index
HAT00153,2020-03-10,K21.9,ICD10CM,GERD,pre-index
HAT00154,2014-07-27,I10,ICD10CM,hypertension,pre-index
HAT00154,2016-10-08,J45.909,ICD10CM,asthma,pre-index
HAT00154,2016-07-02,L50.9,ICD10CM,urticaria,pre-index
HAT00154,2014-10-14,L50.9,ICD10CM,urticaria,pre-index
HAT00154,2014-08-26,G43.909,ICD10CM,migraine,pre-index
HAT00154,2016-12-31,R10.9,ICD10CM,abdominal pain,pre-index
HAT00154,2017-02-25,E78.5,ICD10CM,hyperlipidemia,pre-index
HAT00154,2015-12-05,M79.7,ICD10CM,fibromyalgia,pre-index
HAT00154,2015-02-28,R53.83,ICD10CM,fatigue,pre-index
HAT00154,2016-09-16,K21.9,ICD10CM,GERD,pre-index
HAT00154,2016-05-06,L50.9,ICD10CM,urticaria,pre-index
HAT00154,2014-08-22,G43.909,ICD10CM,migraine,pre-index
HAT00154,2016-11-16,J45.909,ICD10CM,asthma,pre-index
HAT00154,2014-08-26,K21.9,ICD10CM,GERD,pre-index
HAT00155,2017-04-20,I10,ICD10CM,hypertension,pre-index
HAT00155,2018-12-11,F41.9,ICD10CM,anxiety,pre-index
HAT00155,2017-05-08,F41.9,ICD10CM,anxiety,pre-index
HAT00155,2016-03-11,F41.9,ICD10CM,anxiety,pre-index
HAT00156,2023-01-14,I10,ICD10CM,hypertension,pre-index
HAT00156,2021-06-24,R53.83,ICD10CM,fatigue,pre-index
HAT00156,2022-08-07,J45.909,ICD10CM,asthma,pre-index
HAT00156,2023-10-14,M79.7,ICD10CM,fibromyalgia,pre-index
HAT00156,2023-12-14,E78.5,ICD10CM,hyperlipidemia,pre-index
HAT00156,2021-10-25,F41.9,ICD10CM,anxiety,pre-index
HAT00156,2022-05-07,G43.909,ICD10CM,migraine,pre-index
HAT00156,2022-03-27,L50.9,ICD10CM,urticaria,pre-index
HAT00157,2017-01-08,R10.9,ICD10CM,abdominal pain,pre-index
HAT00157,2019-02-06,R10.9,ICD10CM,abdominal pain,pre-index
HAT00157,2017-05-19,K21.9,ICD10CM,GERD,pre-index
HAT00157,2017-01-01,I10,ICD10CM,hypertension,pre-index
HAT00157,2017-08-29,L50.9,ICD10CM,urticaria,pre-index
HAT00158,2021-10-03,L50.9,ICD10CM,urticaria,pre-index
HAT00158,2020-06-18,K21.9,ICD10CM,GERD,pre-index
HAT00158,2021-05-19,L50.9,ICD10CM,urticaria,pre-index
HAT00158,2021-06-14,J45.909,ICD10CM,asthma,pre-index
HAT00158,2020-12-12,K21.9,ICD10CM,GERD,pre-index
HAT00158,2022-12-13,R10.9,ICD10CM,abdominal pain,pre-index
HAT00158,2022-01-31,K21.9,ICD10CM,GERD,pre-index
HAT00158,2022-09-24,E78.5,ICD10CM,hyperlipidemia,pre-index
HAT00158,2020-05-23,J45.909,ICD10CM,asthma,pre-index
HAT00158,2020-05-19,R10.9,ICD10CM,abdominal pain,pre-index
HAT00158,2021-06-29,F41.9,ICD10CM,anxiety,pre-index
HAT00158,2021-03-09,R53.83,ICD10CM,fatigue,pre-index
HAT00159,2017-05-22,R53.83,ICD10CM,fatigue,pre-index
HAT00159,2015-06-29,J45.909,ICD10CM,asthma,pre-index
HAT00159,2015-02-19,L50.9,ICD10CM,urticaria,pre-index
HAT00159,2015-06-25,R53.83,ICD10CM,fatigue,pre-index
HAT00159,2016-02-09,F41.9,ICD10CM,anxiety,pre-index
HAT00159,2015-05-30,R53.83,ICD10CM,fatigue,pre-index
HAT00159,2015-04-27,L50.9,ICD10CM,urticaria,pre-index
HAT00160,2017-02-25,K21.9,ICD10CM,GERD,pre-index
HAT00160,2015-11-24,G43.909,ICD10CM,migraine,pre-index
HAT00160,2016-07-24,K21.9,ICD10CM,GERD,pre-index
HAT00160,2017-03-15,J45.909,ICD10CM,asthma,pre-index
HAT00160,2018-01-07,I10,ICD10CM,hypertension,pre-index
HAT00160,2015-12-24,R53.83,ICD10CM,fatigue,pre-index
HAT00160,2016-05-01,R53.83,ICD10CM,fatigue,pre-index
HAT00160,2018-04-27,R53.83,ICD10CM,fatigue,pre-index
HAT00161,2014-12-17,F41.9,ICD10CM,anxiety,pre-index
HAT00161,2015-03-09,R53.83,ICD10CM,fatigue,pre-index
HAT00161,2014-09-15,I10,ICD10CM,hypertension,pre-index
HAT00161,2015-11-30,R53.83,ICD10CM,fatigue,pre-index
HAT00161,2016-09-09,E78.5,ICD10CM,hyperlipidemia,pre-index
HAT00161,2016-07-09,K21.9,ICD10CM,GERD,pre-index
HAT00161,2015-01-08,E78.5,ICD10CM,hyperlipidemia,pre-index
HAT00162,2021-12-08,G43.909,ICD10CM,migraine,pre-index
HAT00162,2020-11-15,I10,ICD10CM,hypertension,pre-index
HAT00162,2020-07-08,L50.9,ICD10CM,urticaria,pre-index
HAT00162,2020-11-28,J45.909,ICD10CM,asthma,pre-index
HAT00162,2020-07-03,K21.9,ICD10CM,GERD,pre-index
HAT00162,2020-04-12,E78.5,ICD10CM,hyperlipidemia,pre-index
HAT00162,2021-11-24,E78.5,ICD10CM,hyperlipidemia,pre-index
HAT00162,2022-02-13,J45.909,ICD10CM,asthma,pre-index
HAT00164,2020-10-26,K21.9,ICD10CM,GERD,pre-index
HAT00164,2023-05-18,L50.9,ICD10CM,urticaria,pre-index
HAT00164,2023-05-08,I10,ICD10CM,hypertension,pre-index
HAT00165,2019-11-01,R53.83,ICD10CM,fatigue,pre-index
HAT00165,2019-03-05,R53.83,ICD10CM,fatigue,pre-index
HAT00166,2023-06-02,R10.9,ICD10CM,abdominal pain,pre-index
HAT00166,2022-02-21,E78.5,ICD10CM,hyperlipidemia,pre-index
HAT00166,2022-12-10,R10.9,ICD10CM,abdominal pain,pre-index
HAT00166,2020-09-15,K21.9,ICD10CM,GERD,pre-index
HAT00167,2022-09-19,K21.9,ICD10CM,GERD,pre-index
HAT00167,2022-09-03,L50.9,ICD10CM,urticaria,pre-index
HAT00167,2022-03-24,K21.9,ICD10CM,GERD,pre-index
HAT00167,2022-12-27,R53.83,ICD10CM,fatigue,pre-index
HAT00167,2023-06-12,G43.909,ICD10CM,migraine,pre-index
HAT00167,2022-05-23,L50.9,ICD10CM,urticaria,pre-index
HAT00167,2023-05-23,R53.83,ICD10CM,fatigue,pre-index
HAT00167,2023-01-13,F41.9,ICD10CM,anxiety,pre-index
HAT00167,2023-03-06,K21.9,ICD10CM,GERD,pre-index
HAT00167,2022-03-07,G43.909,ICD10CM,migraine,pre-index
HAT00168,2017-12-20,G43.909,ICD10CM,migraine,pre-index
HAT00168,2017-06-14,F41.9,ICD10CM,anxiety,pre-index
HAT00168,2017-04-11,M79.7,ICD10CM,fibromyalgia,pre-index
HAT00170,2018-06-16,G43.909,ICD10CM,migraine,pre-index
HAT00170,2018-06-28,J45.909,ICD10CM,asthma,pre-index
HAT00170,2018-02-21,L50.9,ICD10CM,urticaria,pre-index
HAT00170,2018-11-13,R53.83,ICD10CM,fatigue,pre-index
HAT00170,2018-03-12,I10,ICD10CM,hypertension,pre-index
HAT00170,2018-10-30,R53.83,ICD10CM,fatigue,pre-index
HAT00170,2018-01-04,K21.9,ICD10CM,GERD,pre-index
HAT00170,2017-11-05,M79.7,ICD10CM,fibromyalgia,pre-index
HAT00171,2015-03-15,J45.909,ICD10CM,asthma,pre-index
HAT00171,2016-07-29,I10,ICD10CM,hypertension,pre-index
HAT00171,2014-12-18,R10.9,ICD10CM,abdominal pain,pre-index
HAT00171,2016-01-07,R53.83,ICD10CM,fatigue,pre-index
HAT00171,2014-10-18,M79.7,ICD10CM,fibromyalgia,pre-index
HAT00171,2014-08-09,I10,ICD10CM,hypertension,pre-index
HAT00171,2014-10-02,F41.9,ICD10CM,anxiety,pre-index
HAT00171,2016-12-22,F41.9,ICD10CM,anxiety,pre-index
HAT00171,2015-03-23,M79.7,ICD10CM,fibromyalgia,pre-index
HAT00171,2016-07-21,L50.9,ICD10CM,urticaria,pre-index
HAT00171,2014-09-07,R10.9,ICD10CM,abdominal pain,pre-index
HAT00171,2015-05-08,K21.9,ICD10CM,GERD,pre-index
HAT00171,2016-03-29,L50.9,ICD10CM,urticaria,pre-index
HAT00172,2017-10-02,J45.909,ICD10CM,asthma,pre-index
HAT00172,2015-02-26,G43.909,ICD10CM,migraine,pre-index
HAT00172,2015-12-21,G43.909,ICD10CM,migraine,pre-index
HAT00172,2014-11-20,J45.909,ICD10CM,asthma,pre-index
HAT00172,2016-08-05,M79.7,ICD10CM,fibromyalgia,pre-index
HAT00172,2015-02-04,G43.909,ICD10CM,migraine,pre-index
HAT00173,2019-04-14,J45.909,ICD10CM,asthma,pre-index
HAT00173,2017-05-28,G43.909,ICD10CM,migraine,pre-index
HAT00173,2018-11-21,F41.9,ICD10CM,anxiety,pre-index
HAT00173,2017-01-18,K21.9,ICD10CM,GERD,pre-index
HAT00173,2017-09-18,R53.83,ICD10CM,fatigue,pre-index
HAT00173,2018-02-04,R10.9,ICD10CM,abdominal pain,pre-index
HAT00173,2018-07-13,J45.909,ICD10CM,asthma,pre-index
HAT00174,2018-11-06,G43.909,ICD10CM,migraine,pre-index
HAT00174,2019-07-30,M79.7,ICD10CM,fibromyalgia,pre-index
HAT00174,2018-10-24,G43.909,ICD10CM,migraine,pre-index
HAT00174,2019-06-07,M79.7,ICD10CM,fibromyalgia,pre-index
HAT00175,2016-05-21,R10.9,ICD10CM,abdominal pain,pre-index
HAT00175,2017-09-05,R53.83,ICD10CM,fatigue,pre-index
HAT00175,2018-09-16,L50.9,ICD10CM,urticaria,pre-index
HAT00175,2018-08-22,R53.83,ICD10CM,fatigue,pre-index
HAT00175,2016-04-08,E78.5,ICD10CM,hyperlipidemia,pre-index
HAT00175,2017-11-30,M79.7,ICD10CM,fibromyalgia,pre-index
HAT00177,2019-04-29,K21.9,ICD10CM,GERD,pre-index
HAT00177,2019-08-27,I10,ICD10CM,hypertension,pre-index
HAT00177,2019-03-21,K21.9,ICD10CM,GERD,pre-index
HAT00177,2018-08-30,I10,ICD10CM,hypertension,pre-index
HAT00177,2019-04-24,M79.7,ICD10CM,fibromyalgia,pre-index
HAT00178,2020-07-20,R10.9,ICD10CM,abdominal pain,pre-index
HAT00178,2021-04-15,R10.9,ICD10CM,abdominal pain,pre-index
HAT00178,2020-12-16,E78.5,ICD10CM,hyperlipidemia,pre-index
HAT00178,2022-02-03,K21.9,ICD10CM,GERD,pre-index
HAT00179,2016-07-12,F41.9,ICD10CM,anxiety,pre-index
HAT00179,2018-01-12,R10.9,ICD10CM,abdominal pain,pre-index
HAT00179,2018-04-11,I10,ICD10CM,hypertension,pre-index
HAT00179,2017-05-31,R53.83,ICD10CM,fatigue,pre-index
HAT00179,2018-08-23,G43.909,ICD10CM,migraine,pre-index
HAT00180,2017-06-26,K21.9,ICD10CM,GERD,pre-index
HAT00180,2018-06-24,J45.909,ICD10CM,asthma,pre-index
HAT00180,2018-01-07,R53.83,ICD10CM,fatigue,pre-index
HAT00180,2017-10-02,I10,ICD10CM,hypertension,pre-index
HAT00181,2017-12-29,R10.9,ICD10CM,abdominal pain,pre-index
HAT00181,2016-11-19,J45.909,ICD10CM,asthma,pre-index
HAT00181,2016-07-09,J45.909,ICD10CM,asthma,pre-index
HAT00181,2016-12-21,J45.909,ICD10CM,asthma,pre-index
HAT00181,2016-09-23,G43.909,ICD10CM,migraine,pre-index
HAT00181,2018-12-18,R53.83,ICD10CM,fatigue,pre-index
HAT00181,2018-05-12,J45.909,ICD10CM,asthma,pre-index
HAT00181,2019-01-27,K21.9,ICD10CM,GERD,pre-index
HAT00182,2019-05-05,G43.909,ICD10CM,migraine,pre-index
HAT00182,2020-06-10,K21.9,ICD10CM,GERD,pre-index
HAT00182,2019-02-01,G43.909,ICD10CM,migraine,pre-index
HAT00182,2021-04-05,F41.9,ICD10CM,anxiety,pre-index
HAT00182,2020-08-16,M79.7,ICD10CM,fibromyalgia,pre-index
HAT00182,2020-09-20,K21.9,ICD10CM,GERD,pre-index
HAT00182,2018-10-02,F41.9,ICD10CM,anxiety,pre-index
HAT00182,2019-12-30,E78.5,ICD10CM,hyperlipidemia,pre-index
HAT00182,2019-11-18,M79.7,ICD10CM,fibromyalgia,pre-index
HAT00182,2019-11-07,L50.9,ICD10CM,urticaria,pre-index
HAT00182,2019-06-18,R53.83,ICD10CM,fatigue,pre-index
HAT00184,2019-11-28,M79.7,ICD10CM,fibromyalgia,pre-index
HAT00184,2020-01-15,L50.9,ICD10CM,urticaria,pre-index
HAT00184,2021-10-31,K21.9,ICD10CM,GERD,pre-index
HAT00184,2020-02-28,R10.9,ICD10CM,abdominal pain,pre-index
HAT00187,2022-02-13,J45.909,ICD10CM,asthma,pre-index
HAT00187,2024-04-11,K21.9,ICD10CM,GERD,pre-index
HAT00187,2022-05-23,R53.83,ICD10CM,fatigue,pre-index
HAT00187,2022-06-01,J45.909,ICD10CM,asthma,pre-index
HAT00187,2022-08-11,I10,ICD10CM,hypertension,pre-index
HAT00187,2023-05-14,R53.83,ICD10CM,fatigue,pre-index
HAT00187,2022-11-26,R53.83,ICD10CM,fatigue,pre-index
HAT00187,2023-01-22,E78.5,ICD10CM,hyperlipidemia,pre-index
HAT00187,2023-05-08,K21.9,ICD10CM,GERD,pre-index
HAT00188,2021-06-25,G43.909,ICD10CM,migraine,pre-index
HAT00188,2021-04-10,L50.9,ICD10CM,urticaria,pre-index
HAT00188,2021-04-23,E78.5,ICD10CM,hyperlipidemia,pre-index
HAT00189,2013-07-01,E78.5,ICD10CM,hyperlipidemia,pre-index
HAT00189,2013-12-13,R53.83,ICD10CM,fatigue,pre-index
HAT00189,2013-06-29,J45.909,ICD10CM,asthma,pre-index
HAT00189,2014-06-15,K21.9,ICD10CM,GERD,pre-index
HAT00190,2021-05-02,F41.9,ICD10CM,anxiety,pre-index
HAT00190,2023-02-23,L50.9,ICD10CM,urticaria,pre-index
HAT00190,2020-12-09,K21.9,ICD10CM,GERD,pre-index
HAT00190,2022-07-28,R53.83,ICD10CM,fatigue,pre-index
HAT00190,2022-04-26,R53.83,ICD10CM,fatigue,pre-index
HAT00190,2023-04-22,L50.9,ICD10CM,urticaria,pre-index
HAT00191,2014-12-22,L50.9,ICD10CM,urticaria,pre-index
HAT00191,2016-06-03,F41.9,ICD10CM,anxiety,pre-index
HAT00191,2016-06-21,F41.9,ICD10CM,anxiety,pre-index
HAT00191,2015-01-18,J45.909,ICD10CM,asthma,pre-index
HAT00191,2014-04-16,I10,ICD10CM,hypertension,pre-index
HAT00191,2015-11-15,F41.9,ICD10CM,anxiety,pre-index
HAT00191,2015-10-20,E78.5,ICD10CM,hyperlipidemia,pre-index
HAT00192,2019-03-27,G43.909,ICD10CM,migraine,pre-index
HAT00192,2018-10-30,G43.909,ICD10CM,migraine,pre-index
HAT00192,2019-07-28,I10,ICD10CM,hypertension,pre-index
HAT00193,2014-12-23,I10,ICD10CM,hypertension,pre-index
HAT00193,2015-01-11,R53.83,ICD10CM,fatigue,pre-index
HAT00193,2014-10-04,L50.9,ICD10CM,urticaria,pre-index
HAT00193,2015-04-01,L50.9,ICD10CM,urticaria,pre-index
HAT00193,2014-09-22,F41.9,ICD10CM,anxiety,pre-index
HAT00193,2014-02-12,G43.909,ICD10CM,migraine,pre-index
HAT00193,2016-05-29,K21.9,ICD10CM,GERD,pre-index
HAT00193,2015-02-16,F41.9,ICD10CM,anxiety,pre-index
HAT00193,2015-01-04,R53.83,ICD10CM,fatigue,pre-index
HAT00194,2015-12-15,K21.9,ICD10CM,GERD,pre-index
HAT00194,2015-05-30,R53.83,ICD10CM,fatigue,pre-index
HAT00194,2014-08-05,F41.9,ICD10CM,anxiety,pre-index
HAT00196,2017-07-12,K21.9,ICD10CM,GERD,pre-index
HAT00196,2016-12-13,M79.7,ICD10CM,fibromyalgia,pre-index
HAT00196,2018-07-11,M79.7,ICD10CM,fibromyalgia,pre-index
HAT00196,2018-09-25,E78.5,ICD10CM,hyperlipidemia,pre-index
HAT00196,2016-08-26,I10,ICD10CM,hypertension,pre-index
HAT00196,2017-09-26,R53.83,ICD10CM,fatigue,pre-index
HAT00197,2020-08-23,R53.83,ICD10CM,fatigue,pre-index
HAT00197,2020-12-23,L50.9,ICD10CM,urticaria,pre-index
HAT00198,2018-06-26,F41.9,ICD10CM,anxiety,pre-index
HAT00198,2018-09-01,G43.909,ICD10CM,migraine,pre-index
HAT00198,2017-11-08,J45.909,ICD10CM,asthma,pre-index
HAT00198,2018-07-16,K21.9,ICD10CM,GERD,pre-index
HAT00198,2017-01-21,K21.9,ICD10CM,GERD,pre-index
HAT00198,2018-11-19,J45.909,ICD10CM,asthma,pre-index
HAT00199,2021-10-04,K21.9,ICD10CM,GERD,pre-index
HAT00199,2024-02-16,I10,ICD10CM,hypertension,pre-index
HAT00199,2023-06-05,R10.9,ICD10CM,abdominal pain,pre-index
HAT00199,2022-08-11,R53.83,ICD10CM,fatigue,pre-index
HAT00199,2024-04-11,R10.9,ICD10CM,abdominal pain,pre-index
CTRL000002,2020-12-20,J45.909,ICD10CM,asthma,pre-index
CTRL000002,2021-12-30,E78.5,ICD10CM,hyperlipidemia,pre-index
CTRL000002,2020-05-02,F41.9,ICD10CM,anxiety,pre-index
CTRL000002,2019-12-18,I10,ICD10CM,hypertension,pre-index
CTRL000002,2021-04-08,F41.9,ICD10CM,anxiety,pre-index
CTRL000002,2019-11-22,I10,ICD10CM,hypertension,pre-index
CTRL000002,2020-08-01,E78.5,ICD10CM,hyperlipidemia,pre-index
CTRL000002,2021-03-18,K21.9,ICD10CM,GERD,pre-index
CTRL000014,2018-08-17,K21.9,ICD10CM,GERD,pre-index
CTRL000014,2017-08-23,K21.9,ICD10CM,GERD,pre-index
CTRL000014,2017-11-01,L50.9,ICD10CM,urticaria,pre-index
CTRL000014,2019-02-04,R10.9,ICD10CM,abdominal pain,pre-index
CTRL000014,2019-04-20,G43.909,ICD10CM,migraine,pre-index
CTRL000021,2019-11-11,R10.9,ICD10CM,abdominal pain,pre-index
CTRL000021,2019-10-02,R53.83,ICD10CM,fatigue,pre-index
CTRL000021,2019-01-30,I10,ICD10CM,hypertension,pre-index
CTRL000021,2018-11-12,L50.9,ICD10CM,urticaria,pre-index
CTRL000026,2017-01-27,J45.909,ICD10CM,asthma,pre-index
CTRL000026,2016-07-15,R10.9,ICD10CM,abdominal pain,pre-index
CTRL000026,2016-02-17,L50.9,ICD10CM,urticaria,pre-index
CTRL000032,2022-10-22,F41.9,ICD10CM,anxiety,pre-index
CTRL000032,2020-07-20,E78.5,ICD10CM,hyperlipidemia,pre-index
CTRL000032,2021-08-20,G43.909,ICD10CM,migraine,pre-index
CTRL000032,2020-01-16,R53.83,ICD10CM,fatigue,pre-index
CTRL000032,2020-05-29,R10.9,ICD10CM,abdominal pain,pre-index
CTRL000032,2021-12-16,R10.9,ICD10CM,abdominal pain,pre-index
CTRL000050,2020-09-11,R53.83,ICD10CM,fatigue,pre-index
CTRL000050,2023-01-15,I10,ICD10CM,hypertension,pre-index
CTRL000050,2022-04-02,I10,ICD10CM,hypertension,pre-index
CTRL000050,2023-04-15,R53.83,ICD10CM,fatigue,pre-index
CTRL000050,2023-04-28,L50.9,ICD10CM,urticaria,pre-index
CTRL000050,2021-07-18,E78.5,ICD10CM,hyperlipidemia,pre-index
CTRL000053,2013-07-26,J45.909,ICD10CM,asthma,pre-index
CTRL000053,2015-03-06,I10,ICD10CM,hypertension,pre-index
CTRL000053,2014-09-03,J45.909,ICD10CM,asthma,pre-index
CTRL000053,2014-02-12,K21.9,ICD10CM,GERD,pre-index
CTRL000053,2015-05-10,G43.909,ICD10CM,migraine,pre-index
CTRL000064,2016-04-10,R53.83,ICD10CM,fatigue,pre-index
CTRL000064,2015-02-08,I10,ICD10CM,hypertension,pre-index
CTRL000064,2017-03-14,M79.7,ICD10CM,fibromyalgia,pre-index
CTRL000064,2014-07-19,F41.9,ICD10CM,anxiety,pre-index
CTRL000064,2015-10-24,L50.9,ICD10CM,urticaria,pre-index
CTRL000064,2016-06-21,R53.83,ICD10CM,fatigue,pre-index
CTRL000064,2016-08-03,K21.9,ICD10CM,GERD,pre-index
CTRL000064,2017-03-23,J45.909,ICD10CM,asthma,pre-index
CTRL000064,2015-09-30,G43.909,ICD10CM,migraine,pre-index
CTRL000113,2018-03-04,J45.909,ICD10CM,asthma,pre-index
CTRL000113,2018-11-19,K21.9,ICD10CM,GERD,pre-index
CTRL000113,2016-08-31,J45.909,ICD10CM,asthma,pre-index
CTRL000113,2017-02-15,L50.9,ICD10CM,urticaria,pre-index
CTRL000113,2018-07-06,K21.9,ICD10CM,GERD,pre-index
CTRL000139,2023-10-17,F41.9,ICD10CM,anxiety,pre-index
CTRL000139,2021-10-03,G43.909,ICD10CM,migraine,pre-index
CTRL000139,2023-02-17,M79.7,ICD10CM,fibromyalgia,pre-index
CTRL000139,2021-12-08,I10,ICD10CM,hypertension,pre-index
CTRL000139,2022-05-02,E78.5,ICD10CM,hyperlipidemia,pre-index
CTRL000139,2024-03-14,M79.7,ICD10CM,fibromyalgia,pre-index
CTRL000139,2023-01-14,G43.909,ICD10CM,migraine,pre-index
CTRL000146,2020-05-16,I10,ICD10CM,hypertension,pre-index
CTRL000146,2018-12-12,R53.83,ICD10CM,fatigue,pre-index
CTRL000146,2021-01-12,F41.9,ICD10CM,anxiety,pre-index
CTRL000146,2020-07-07,K21.9,ICD10CM,GERD,pre-index
CTRL000146,2021-01-09,R10.9,ICD10CM,abdominal pain,pre-index
CTRL000165,2017-12-05,F41.9,ICD10CM,anxiety,pre-index
CTRL000165,2019-04-17,M79.7,ICD10CM,fibromyalgia,pre-index
CTRL000165,2018-12-27,R10.9,ICD10CM,abdominal pain,pre-index
CTRL000165,2018-12-20,I10,ICD10CM,hypertension,pre-index
CTRL000165,2018-07-24,R10.9,ICD10CM,abdominal pain,pre-index
CTRL000170,2014-03-29,R10.9,ICD10CM,abdominal pain,pre-index
CTRL000170,2015-05-15,E78.5,ICD10CM,hyperlipidemia,pre-index
CTRL000170,2014-01-22,J45.909,ICD10CM,asthma,pre-index
CTRL000186,2014-08-19,R53.83,ICD10CM,fatigue,pre-index
CTRL000186,2014-09-07,F41.9,ICD10CM,anxiety,pre-index
CTRL000205,2021-07-18,E78.5,ICD10CM,hyperlipidemia,pre-index
CTRL000205,2021-01-27,I10,ICD10CM,hypertension,pre-index
CTRL000205,2022-03-30,R10.9,ICD10CM,abdominal pain,pre-index
CTRL000207,2017-03-25,E78.5,ICD10CM,hyperlipidemia,pre-index
CTRL000207,2018-04-04,I10,ICD10CM,hypertension,pre-index
CTRL000207,2017-03-16,E78.5,ICD10CM,hyperlipidemia,pre-index
CTRL000207,2016-12-02,E78.5,ICD10CM,hyperlipidemia,pre-index
CTRL000207,2017-10-14,K21.9,ICD10CM,GERD,pre-index
CTRL000207,2017-07-14,I10,ICD10CM,hypertension,pre-index
CTRL000207,2017-06-01,J45.909,ICD10CM,asthma,pre-index
CTRL000207,2018-08-09,K21.9,ICD10CM,GERD,pre-index
CTRL000209,2023-02-15,I10,ICD10CM,hypertension,pre-index
CTRL000209,2024-03-27,I10,ICD10CM,hypertension,pre-index
CTRL000209,2022-07-21,I10,ICD10CM,hypertension,pre-index
CTRL000209,2022-10-04,I10,ICD10CM,hypertension,pre-index
CTRL000209,2023-07-02,R10.9,ICD10CM,abdominal pain,pre-index
CTRL000209,2022-12-14,J45.909,ICD10CM,asthma,pre-index
CTRL000209,2023-04-12,I10,ICD10CM,hypertension,pre-index
CTRL000222,2015-10-21,R10.9,ICD10CM,abdominal pain,pre-index
CTRL000222,2015-03-24,E78.5,ICD10CM,hyperlipidemia,pre-index
CTRL000222,2017-01-02,R10.9,ICD10CM,abdominal pain,pre-index
CTRL000222,2015-11-26,R53.83,ICD10CM,fatigue,pre-index
CTRL000232,2021-03-20,L50.9,ICD10CM,urticaria,pre-index
CTRL000232,2021-09-14,K21.9,ICD10CM,GERD,pre-index
CTRL000232,2021-03-26,G43.909,ICD10CM,migraine,pre-index
CTRL000232,2022-02-22,R53.83,ICD10CM,fatigue,pre-index
CTRL000232,2022-01-09,R10.9,ICD10CM,abdominal pain,pre-index
CTRL000265,2021-06-17,R53.83,ICD10CM,fatigue,pre-index
CTRL000265,2022-05-21,J45.909,ICD10CM,asthma,pre-index
CTRL000265,2022-09-11,R53.83,ICD10CM,fatigue,pre-index
CTRL000265,2022-03-09,F41.9,ICD10CM,anxiety,pre-index
CTRL000265,2022-04-22,G43.909,ICD10CM,migraine,pre-index
CTRL000265,2022-06-26,F41.9,ICD10CM,anxiety,pre-index
CTRL000265,2022-04-22,I10,ICD10CM,hypertension,pre-index
CTRL000265,2021-04-14,I10,ICD10CM,hypertension,pre-index
CTRL000292,2014-03-30,J45.909,ICD10CM,asthma,pre-index
CTRL000292,2014-12-14,L50.9,ICD10CM,urticaria,pre-index
CTRL000292,2016-07-20,E78.5,ICD10CM,hyperlipidemia,pre-index
CTRL000292,2016-06-14,E78.5,ICD10CM,hyperlipidemia,pre-index
CTRL000292,2014-02-20,L50.9,ICD10CM,urticaria,pre-index
CTRL000292,2016-07-07,E78.5,ICD10CM,hyperlipidemia,pre-index
CTRL000292,2014-04-06,I10,ICD10CM,hypertension,pre-index
CTRL000311,2018-06-14,R53.83,ICD10CM,fatigue,pre-index
CTRL000311,2018-07-20,J45.909,ICD10CM,asthma,pre-index
CTRL000311,2018-04-07,L50.9,ICD10CM,urticaria,pre-index
CTRL000311,2018-07-29,E78.5,ICD10CM,hyperlipidemia,pre-index
CTRL000311,2017-12-25,K21.9,ICD10CM,GERD,pre-index
CTRL000311,2017-11-26,F41.9,ICD10CM,anxiety,pre-index
CTRL000313,2016-06-13,J45.909,ICD10CM,asthma,pre-index
CTRL000313,2014-11-14,I10,ICD10CM,hypertension,pre-index
CTRL000313,2017-01-28,L50.9,ICD10CM,urticaria,pre-index
CTRL000324,2013-08-22,R53.83,ICD10CM,fatigue,pre-index
CTRL000324,2014-11-06,K21.9,ICD10CM,GERD,pre-index
CTRL000324,2015-11-11,K21.9,ICD10CM,GERD,pre-index
CTRL000324,2013-12-11,R53.83,ICD10CM,fatigue,pre-index
CTRL000324,2014-08-20,R53.83,ICD10CM,fatigue,pre-index
CTRL000324,2015-12-10,E78.5,ICD10CM,hyperlipidemia,pre-index
CTRL000324,2014-03-07,K21.9,ICD10CM,GERD,pre-index
CTRL000324,2015-12-15,M79.7,ICD10CM,fibromyalgia,pre-index
CTRL000324,2013-12-11,E78.5,ICD10CM,hyperlipidemia,pre-index
CTRL000324,2014-12-23,F41.9,ICD10CM,anxiety,pre-index
CTRL000324,2015-10-01,F41.9,ICD10CM,anxiety,pre-index
CTRL000324,2014-05-16,R10.9,ICD10CM,abdominal pain,pre-index
CTRL000324,2014-08-24,R53.83,ICD10CM,fatigue,pre-index
CTRL000324,2014-11-21,L50.9,ICD10CM,urticaria,pre-index
CTRL000324,2014-03-13,E78.5,ICD10CM,hyperlipidemia,pre-index
CTRL000324,2014-12-26,R53.83,ICD10CM,fatigue,pre-index
CTRL000338,2018-09-27,E78.5,ICD10CM,hyperlipidemia,pre-index
CTRL000338,2019-05-22,R53.83,ICD10CM,fatigue,pre-index
CTRL000338,2018-11-30,G43.909,ICD10CM,migraine,pre-index
CTRL000338,2020-02-07,E78.5,ICD10CM,hyperlipidemia,pre-index
CTRL000338,2020-04-30,E78.5,ICD10CM,hyperlipidemia,pre-index
CTRL000338,2020-10-25,I10,ICD10CM,hypertension,pre-index
CTRL000388,2020-12-16,R10.9,ICD10CM,abdominal pain,pre-index
CTRL000388,2021-01-04,K21.9,ICD10CM,GERD,pre-index
CTRL000388,2021-01-07,K21.9,ICD10CM,GERD,pre-index
CTRL000388,2021-08-22,M79.7,ICD10CM,fibromyalgia,pre-index
CTRL000451,2017-08-29,F41.9,ICD10CM,anxiety,pre-index
CTRL000451,2018-10-25,E78.5,ICD10CM,hyperlipidemia,pre-index
CTRL000451,2019-05-17,G43.909,ICD10CM,migraine,pre-index
CTRL000451,2017-11-26,R53.83,ICD10CM,fatigue,pre-index
CTRL000457,2013-12-01,F41.9,ICD10CM,anxiety,pre-index
CTRL000457,2014-06-11,J45.909,ICD10CM,asthma,pre-index
CTRL000459,2020-05-12,E78.5,ICD10CM,hyperlipidemia,pre-index
CTRL000459,2020-03-21,R53.83,ICD10CM,fatigue,pre-index
CTRL000459,2018-08-25,K21.9,ICD10CM,GERD,pre-index
CTRL000459,2018-10-28,J45.909,ICD10CM,asthma,pre-index
CTRL000459,2018-03-03,E78.5,ICD10CM,hyperlipidemia,pre-index
CTRL000459,2019-09-06,M79.7,ICD10CM,fibromyalgia,pre-index
CTRL000503,2023-03-08,G43.909,ICD10CM,migraine,pre-index
CTRL000503,2023-02-10,F41.9,ICD10CM,anxiety,pre-index
CTRL000503,2023-07-27,L50.9,ICD10CM,urticaria,pre-index
CTRL000503,2022-05-17,I10,ICD10CM,hypertension,pre-index
CTRL000503,2022-03-15,J45.909,ICD10CM,asthma,pre-index
CTRL000503,2023-02-07,K21.9,ICD10CM,GERD,pre-index
CTRL000537,2014-02-23,G43.909,ICD10CM,migraine,pre-index
CTRL000537,2014-07-30,K21.9,ICD10CM,GERD,pre-index
CTRL000537,2014-11-21,K21.9,ICD10CM,GERD,pre-index
CTRL000544,2021-11-27,F41.9,ICD10CM,anxiety,pre-index
CTRL000544,2022-07-30,L50.9,ICD10CM,urticaria,pre-index
CTRL000544,2021-01-18,R53.83,ICD10CM,fatigue,pre-index
CTRL000544,2022-10-04,K21.9,ICD10CM,GERD,pre-index
CTRL000551,2023-05-15,R53.83,ICD10CM,fatigue,pre-index
CTRL000551,2023-01-14,F41.9,ICD10CM,anxiety,pre-index
CTRL000551,2023-06-06,R10.9,ICD10CM,abdominal pain,pre-index
CTRL000551,2023-10-02,I10,ICD10CM,hypertension,pre-index
CTRL000571,2022-05-12,R53.83,ICD10CM,fatigue,pre-index
CTRL000588,2013-10-20,G43.909,ICD10CM,migraine,pre-index
CTRL000588,2014-09-29,I10,ICD10CM,hypertension,pre-index
CTRL000588,2016-05-03,F41.9,ICD10CM,anxiety,pre-index
CTRL000588,2016-03-31,J45.909,ICD10CM,asthma,pre-index
CTRL000588,2014-09-18,E78.5,ICD10CM,hyperlipidemia,pre-index
CTRL000588,2014-08-30,E78.5,ICD10CM,hyperlipidemia,pre-index
CTRL000588,2016-04-02,G43.909,ICD10CM,migraine,pre-index
CTRL000601,2018-01-21,J45.909,ICD10CM,asthma,pre-index
CTRL000601,2019-04-05,I10,ICD10CM,hypertension,pre-index
CTRL000601,2017-03-14,R53.83,ICD10CM,fatigue,pre-index
CTRL000601,2019-10-15,J45.909,ICD10CM,asthma,pre-index
CTRL000601,2018-09-04,M79.7,ICD10CM,fibromyalgia,pre-index
CTRL000601,2019-09-29,R10.9,ICD10CM,abdominal pain,pre-index
CTRL000601,2019-07-17,E78.5,ICD10CM,hyperlipidemia,pre-index
CTRL000601,2017-10-12,K21.9,ICD10CM,GERD,pre-index
CTRL000601,2019-10-16,J45.909,ICD10CM,asthma,pre-index
CTRL000601,2017-04-20,J45.909,ICD10CM,asthma,pre-index
CTRL000623,2022-07-01,I10,ICD10CM,hypertension,pre-index
CTRL000623,2020-12-30,E78.5,ICD10CM,hyperlipidemia,pre-index
CTRL000623,2021-08-05,M79.7,ICD10CM,fibromyalgia,pre-index
CTRL000632,2016-01-24,I10,ICD10CM,hypertension,pre-index
CTRL000632,2015-09-25,E78.5,ICD10CM,hyperlipidemia,pre-index
CTRL000632,2015-05-02,K21.9,ICD10CM,GERD,pre-index
CTRL000632,2014-04-14,F41.9,ICD10CM,anxiety,pre-index
CTRL000632,2015-02-02,R53.83,ICD10CM,fatigue,pre-index
CTRL000638,2016-10-27,F41.9,ICD10CM,anxiety,pre-index
CTRL000638,2017-10-01,I10,ICD10CM,hypertension,pre-index
CTRL000638,2015-09-13,L50.9,ICD10CM,urticaria,pre-index
CTRL000638,2017-04-09,K21.9,ICD10CM,GERD,pre-index
CTRL000638,2016-12-06,K21.9,ICD10CM,GERD,pre-index
CTRL000638,2017-05-10,J45.909,ICD10CM,asthma,pre-index
CTRL000638,2016-10-22,J45.909,ICD10CM,asthma,pre-index
CTRL000638,2017-02-12,R53.83,ICD10CM,fatigue,pre-index
CTRL000648,2015-05-12,F41.9,ICD10CM,anxiety,pre-index
CTRL000648,2015-04-04,K21.9,ICD10CM,GERD,pre-index
CTRL000648,2014-07-15,M79.7,ICD10CM,fibromyalgia,pre-index
CTRL000648,2015-09-20,F41.9,ICD10CM,anxiety,pre-index
CTRL000648,2015-10-25,J45.909,ICD10CM,asthma,pre-index
CTRL000648,2015-08-02,R53.83,ICD10CM,fatigue,pre-index
CTRL000648,2014-11-08,R53.83,ICD10CM,fatigue,pre-index
CTRL000648,2015-04-24,I10,ICD10CM,hypertension,pre-index
CTRL000670,2016-06-12,E78.5,ICD10CM,hyperlipidemia,pre-index
CTRL000670,2016-07-12,G43.909,ICD10CM,migraine,pre-index
CTRL000670,2018-10-11,G43.909,ICD10CM,migraine,pre-index
CTRL000686,2019-01-14,R10.9,ICD10CM,abdominal pain,pre-index
CTRL000686,2018-12-01,K21.9,ICD10CM,GERD,pre-index
CTRL000686,2017-05-05,K21.9,ICD10CM,GERD,pre-index
CTRL000686,2017-06-07,G43.909,ICD10CM,migraine,pre-index
CTRL000686,2018-07-29,I10,ICD10CM,hypertension,pre-index
CTRL000686,2017-04-20,I10,ICD10CM,hypertension,pre-index
CTRL000686,2017-10-10,K21.9,ICD10CM,GERD,pre-index
CTRL000686,2017-03-20,R53.83,ICD10CM,fatigue,pre-index
CTRL000693,2014-02-10,K21.9,ICD10CM,GERD,pre-index
CTRL000693,2015-03-01,M79.7,ICD10CM,fibromyalgia,pre-index
CTRL000693,2014-02-06,R53.83,ICD10CM,fatigue,pre-index
CTRL000693,2013-11-20,J45.909,ICD10CM,asthma,pre-index
CTRL000693,2014-08-04,F41.9,ICD10CM,anxiety,pre-index
CTRL000713,2016-06-23,I10,ICD10CM,hypertension,pre-index
CTRL000713,2016-10-21,R53.83,ICD10CM,fatigue,pre-index
CTRL000713,2016-04-04,I10,ICD10CM,hypertension,pre-index
CTRL000713,2016-09-22,J45.909,ICD10CM,asthma,pre-index
CTRL000713,2016-06-10,G43.909,ICD10CM,migraine,pre-index
CTRL000713,2016-03-21,K21.9,ICD10CM,GERD,pre-index
CTRL000713,2016-11-05,L50.9,ICD10CM,urticaria,pre-index
CTRL000713,2016-11-02,L50.9,ICD10CM,urticaria,pre-index
CTRL000721,2015-02-17,K21.9,ICD10CM,GERD,pre-index
CTRL000721,2015-11-30,G43.909,ICD10CM,migraine,pre-index
CTRL000721,2016-06-17,I10,ICD10CM,hypertension,pre-index
CTRL000721,2017-04-16,K21.9,ICD10CM,GERD,pre-index
CTRL000721,2016-02-25,R53.83,ICD10CM,fatigue,pre-index
CTRL000721,2016-05-15,J45.909,ICD10CM,asthma,pre-index
CTRL000722,2017-10-21,E78.5,ICD10CM,hyperlipidemia,pre-index
CTRL000722,2018-04-26,E78.5,ICD10CM,hyperlipidemia,pre-index
CTRL000722,2018-08-06,I10,ICD10CM,hypertension,pre-index
CTRL000730,2020-02-29,E78.5,ICD10CM,hyperlipidemia,pre-index
CTRL000730,2020-07-01,J45.909,ICD10CM,asthma,pre-index
CTRL000730,2020-02-27,K21.9,ICD10CM,GERD,pre-index
CTRL000730,2020-03-08,M79.7,ICD10CM,fibromyalgia,pre-index
CTRL000737,2017-08-29,G43.909,ICD10CM,migraine,pre-index
CTRL000737,2018-09-19,K21.9,ICD10CM,GERD,pre-index
CTRL000737,2018-08-16,E78.5,ICD10CM,hyperlipidemia,pre-index
CTRL000737,2017-07-02,R53.83,ICD10CM,fatigue,pre-index
CTRL000755,2016-04-12,G43.909,ICD10CM,migraine,pre-index
CTRL000755,2016-02-25,R10.9,ICD10CM,abdominal pain,pre-index
CTRL000755,2014-04-18,I10,ICD10CM,hypertension,pre-index
CTRL000771,2023-07-01,I10,ICD10CM,hypertension,pre-index
CTRL000771,2023-03-24,F41.9,ICD10CM,anxiety,pre-index
CTRL000771,2023-10-09,J45.909,ICD10CM,asthma,pre-index
CTRL000771,2024-07-17,K21.9,ICD10CM,GERD,pre-index
CTRL000776,2021-04-19,K21.9,ICD10CM,GERD,pre-index
CTRL000779,2022-01-27,R10.9,ICD10CM,abdominal pain,pre-index
CTRL000779,2021-07-13,I10,ICD10CM,hypertension,pre-index
CTRL000779,2022-10-23,E78.5,ICD10CM,hyperlipidemia,pre-index
CTRL000779,2022-10-23,R53.83,ICD10CM,fatigue,pre-index
CTRL000779,2022-10-14,E78.5,ICD10CM,hyperlipidemia,pre-index
CTRL000779,2021-08-15,K21.9,ICD10CM,GERD,pre-index
CTRL000779,2022-10-07,M79.7,ICD10CM,fibromyalgia,pre-index
CTRL000779,2021-01-14,F41.9,ICD10CM,anxiety,pre-index
CTRL000800,2019-11-07,G43.909,ICD10CM,migraine,pre-index
CTRL000800,2018-07-23,K21.9,ICD10CM,GERD,pre-index
CTRL000800,2019-03-07,G43.909,ICD10CM,migraine,pre-index
CTRL000800,2018-10-20,M79.7,ICD10CM,fibromyalgia,pre-index
CTRL000800,2020-06-29,I10,ICD10CM,hypertension,pre-index
CTRL000800,2018-09-18,E78.5,ICD10CM,hyperlipidemia,pre-index
CTRL000800,2018-04-27,F41.9,ICD10CM,anxiety,pre-index
CTRL000800,2019-09-03,R53.83,ICD10CM,fatigue,pre-index
CTRL000809,2018-07-02,R10.9,ICD10CM,abdominal pain,pre-index
CTRL000809,2018-12-24,G43.909,ICD10CM,migraine,pre-index
CTRL000835,2022-10-19,G43.909,ICD10CM,migraine,pre-index
CTRL000835,2023-03-14,E78.5,ICD10CM,hyperlipidemia,pre-index
CTRL000835,2023-03-24,I10,ICD10CM,hypertension,pre-index
CTRL000835,2022-08-28,E78.5,ICD10CM,hyperlipidemia,pre-index
CTRL000835,2024-04-12,R10.9,ICD10CM,abdominal pain,pre-index
CTRL000835,2023-09-13,G43.909,ICD10CM,migraine,pre-index
CTRL000835,2024-02-10,K21.9,ICD10CM,GERD,pre-index
CTRL000841,2020-12-26,F41.9,ICD10CM,anxiety,pre-index
CTRL000841,2021-11-14,I10,ICD10CM,hypertension,pre-index
CTRL000841,2022-09-24,G43.909,ICD10CM,migraine,pre-index
CTRL000841,2020-08-28,E78.5,ICD10CM,hyperlipidemia,pre-index
CTRL000856,2013-12-04,R10.9,ICD10CM,abdominal pain,pre-index
CTRL000856,2014-02-18,R53.83,ICD10CM,fatigue,pre-index
CTRL000856,2013-04-21,K21.9,ICD10CM,GERD,pre-index
CTRL000861,2024-05-16,F41.9,ICD10CM,anxiety,pre-index
CTRL000861,2023-10-23,J45.909,ICD10CM,asthma,pre-index
CTRL000861,2022-05-30,R10.9,ICD10CM,abdominal pain,pre-index
CTRL000869,2017-04-30,I10,ICD10CM,hypertension,pre-index
CTRL000869,2016-08-04,J45.909,ICD10CM,asthma,pre-index
CTRL000869,2017-02-14,R10.9,ICD10CM,abdominal pain,pre-index
CTRL000869,2018-02-04,K21.9,ICD10CM,GERD,pre-index
CTRL000869,2018-03-08,I10,ICD10CM,hypertension,pre-index
CTRL000879,2015-03-17,L50.9,ICD10CM,urticaria,pre-index
CTRL000879,2014-05-17,R53.83,ICD10CM,fatigue,pre-index
CTRL000879,2013-08-01,E78.5,ICD10CM,hyperlipidemia,pre-index
CTRL000911,2015-09-01,R53.83,ICD10CM,fatigue,pre-index
CTRL000911,2015-01-28,M79.7,ICD10CM,fibromyalgia,pre-index
CTRL000911,2015-10-15,I10,ICD10CM,hypertension,pre-index
CTRL000917,2016-10-27,E78.5,ICD10CM,hyperlipidemia,pre-index
CTRL000917,2019-02-18,R10.9,ICD10CM,abdominal pain,pre-index
CTRL000917,2016-11-02,R10.9,ICD10CM,abdominal pain,pre-index
CTRL000917,2019-07-31,J45.909,ICD10CM,asthma,pre-index
CTRL000919,2022-07-15,K21.9,ICD10CM,GERD,pre-index
CTRL000919,2022-06-02,G43.909,ICD10CM,migraine,pre-index
CTRL000919,2022-08-30,J45.909,ICD10CM,asthma,pre-index
CTRL000919,2020-11-30,M79.7,ICD10CM,fibromyalgia,pre-index
CTRL000919,2022-10-03,K21.9,ICD10CM,GERD,pre-index
CTRL000919,2021-01-08,I10,ICD10CM,hypertension,pre-index
CTRL000919,2021-10-11,R10.9,ICD10CM,abdominal pain,pre-index
CTRL000923,2023-07-28,G43.909,ICD10CM,migraine,pre-index
CTRL000923,2021-12-12,G43.909,ICD10CM,migraine,pre-index
CTRL000923,2020-12-06,R53.83,ICD10CM,fatigue,pre-index
CTRL000923,2021-08-21,J45.909,ICD10CM,asthma,pre-index
CTRL000923,2022-12-14,F41.9,ICD10CM,anxiety,pre-index
CTRL000932,2020-10-10,L50.9,ICD10CM,urticaria,pre-index
CTRL000932,2020-07-12,F41.9,ICD10CM,anxiety,pre-index
CTRL000932,2021-10-05,E78.5,ICD10CM,hyperlipidemia,pre-index
CTRL000932,2020-07-08,I10,ICD10CM,hypertension,pre-index
CTRL000948,2017-12-18,R53.83,ICD10CM,fatigue,pre-index
CTRL000948,2017-05-25,E78.5,ICD10CM,hyperlipidemia,pre-index
CTRL000948,2018-06-01,I10,ICD10CM,hypertension,pre-index
CTRL000948,2016-10-08,F41.9,ICD10CM,anxiety,pre-index
CTRL000948,2015-11-23,I10,ICD10CM,hypertension,pre-index
CTRL000948,2016-11-22,F41.9,ICD10CM,anxiety,pre-index
CTRL000948,2017-09-23,L50.9,ICD10CM,urticaria,pre-index
CTRL000948,2017-07-01,J45.909,ICD10CM,asthma,pre-index
CTRL000948,2017-02-12,K21.9,ICD10CM,GERD,pre-index
CTRL000982,2016-10-29,R53.83,ICD10CM,fatigue,pre-index
CTRL000982,2018-01-06,K21.9,ICD10CM,GERD,pre-index
CTRL000982,2018-01-01,G43.909,ICD10CM,migraine,pre-index
CTRL000982,2018-04-10,G43.909,ICD10CM,migraine,pre-index
CTRL001006,2016-04-19,R53.83,ICD10CM,fatigue,pre-index
CTRL001006,2016-08-12,M79.7,ICD10CM,fibromyalgia,pre-index
CTRL001007,2018-10-08,R10.9,ICD10CM,abdominal pain,pre-index
CTRL001007,2017-08-30,R10.9,ICD10CM,abdominal pain,pre-index
CTRL001007,2017-11-21,R53.83,ICD10CM,fatigue,pre-index
CTRL001007,2018-12-02,M79.7,ICD10CM,fibromyalgia,pre-index
CTRL001007,2018-04-07,L50.9,ICD10CM,urticaria,pre-index
CTRL001007,2018-08-21,I10,ICD10CM,hypertension,pre-index
CTRL001007,2018-02-08,R10.9,ICD10CM,abdominal pain,pre-index
CTRL001007,2017-07-07,J45.909,ICD10CM,asthma,pre-index
CTRL001054,2024-04-20,E78.5,ICD10CM,hyperlipidemia,pre-index
CTRL001054,2023-07-21,M79.7,ICD10CM,fibromyalgia,pre-index
CTRL001054,2024-04-02,R10.9,ICD10CM,abdominal pain,pre-index
CTRL001054,2024-03-02,R53.83,ICD10CM,fatigue,pre-index
CTRL001054,2023-11-17,E78.5,ICD10CM,hyperlipidemia,pre-index
CTRL001054,2024-04-02,I10,ICD10CM,hypertension,pre-index
CTRL001054,2022-08-23,M79.7,ICD10CM,fibromyalgia,pre-index
CTRL001054,2022-03-30,J45.909,ICD10CM,asthma,pre-index
CTRL001054,2022-04-19,J45.909,ICD10CM,asthma,pre-index
CTRL001054,2022-03-18,M79.7,ICD10CM,fibromyalgia,pre-index
CTRL001068,2016-10-23,K21.9,ICD10CM,GERD,pre-index
CTRL001068,2016-09-22,R53.83,ICD10CM,fatigue,pre-index
CTRL001068,2016-08-22,L50.9,ICD10CM,urticaria,pre-index
CTRL001068,2017-03-23,F41.9,ICD10CM,anxiety,pre-index
CTRL001068,2015-01-18,M79.7,ICD10CM,fibromyalgia,pre-index
CTRL001069,2021-06-24,I10,ICD10CM,hypertension,pre-index
CTRL001069,2020-03-20,K21.9,ICD10CM,GERD,pre-index
CTRL001069,2022-12-17,L50.9,ICD10CM,urticaria,pre-index
CTRL001069,2021-08-30,R10.9,ICD10CM,abdominal pain,pre-index
CTRL001071,2017-07-22,L50.9,ICD10CM,urticaria,pre-index
CTRL001071,2016-11-27,L50.9,ICD10CM,urticaria,pre-index
CTRL001071,2016-06-27,I10,ICD10CM,hypertension,pre-index
CTRL001071,2017-01-20,F41.9,ICD10CM,anxiety,pre-index
CTRL001079,2018-10-31,E78.5,ICD10CM,hyperlipidemia,pre-index
CTRL001079,2018-04-14,M79.7,ICD10CM,fibromyalgia,pre-index
CTRL001079,2016-06-24,E78.5,ICD10CM,hyperlipidemia,pre-index
CTRL001079,2016-08-13,R53.83,ICD10CM,fatigue,pre-index
CTRL001079,2016-09-07,G43.909,ICD10CM,migraine,pre-index
CTRL001132,2017-02-26,E78.5,ICD10CM,hyperlipidemia,pre-index
CTRL001132,2016-09-30,E78.5,ICD10CM,hyperlipidemia,pre-index
CTRL001132,2017-03-14,G43.909,ICD10CM,migraine,pre-index
CTRL001132,2017-05-16,R53.83,ICD10CM,fatigue,pre-index
CTRL001132,2017-03-30,G43.909,ICD10CM,migraine,pre-index
CTRL001132,2015-05-27,G43.909,ICD10CM,migraine,pre-index
CTRL001132,2015-08-08,F41.9,ICD10CM,anxiety,pre-index
CTRL001132,2016-03-04,R53.83,ICD10CM,fatigue,pre-index
CTRL001132,2016-03-26,R53.83,ICD10CM,fatigue,pre-index
CTRL001132,2015-06-30,L50.9,ICD10CM,urticaria,pre-index
CTRL001132,2017-11-03,J45.909,ICD10CM,asthma,pre-index
CTRL001139,2018-02-02,L50.9,ICD10CM,urticaria,pre-index
CTRL001147,2021-09-18,R10.9,ICD10CM,abdominal pain,pre-index
CTRL001147,2021-07-21,J45.909,ICD10CM,asthma,pre-index
CTRL001147,2020-10-10,R10.9,ICD10CM,abdominal pain,pre-index
CTRL001147,2019-02-17,E78.5,ICD10CM,hyperlipidemia,pre-index
CTRL001147,2019-02-04,R53.83,ICD10CM,fatigue,pre-index
CTRL001173,2018-12-13,K21.9,ICD10CM,GERD,pre-index
CTRL001173,2017-07-11,I10,ICD10CM,hypertension,pre-index
CTRL001173,2017-05-22,J45.909,ICD10CM,asthma,pre-index
CTRL001173,2017-02-09,I10,ICD10CM,hypertension,pre-index
CTRL001173,2018-06-19,E78.5,ICD10CM,hyperlipidemia,pre-index
CTRL001182,2023-03-03,J45.909,ICD10CM,asthma,pre-index
CTRL001182,2022-06-18,E78.5,ICD10CM,hyperlipidemia,pre-index
CTRL001182,2022-01-01,J45.909,ICD10CM,asthma,pre-index
CTRL001182,2021-05-28,E78.5,ICD10CM,hyperlipidemia,pre-index
CTRL001182,2021-11-22,L50.9,ICD10CM,urticaria,pre-index
CTRL001182,2023-06-10,R53.83,ICD10CM,fatigue,pre-index
CTRL001244,2020-03-13,I10,ICD10CM,hypertension,pre-index
CTRL001244,2018-11-04,M79.7,ICD10CM,fibromyalgia,pre-index
CTRL001244,2021-06-07,M79.7,ICD10CM,fibromyalgia,pre-index
CTRL001244,2019-06-26,K21.9,ICD10CM,GERD,pre-index
CTRL001244,2020-09-03,K21.9,ICD10CM,GERD,pre-index
CTRL001244,2019-08-15,I10,ICD10CM,hypertension,pre-index
CTRL001244,2020-02-03,G43.909,ICD10CM,migraine,pre-index
CTRL001244,2019-11-27,R53.83,ICD10CM,fatigue,pre-index
CTRL001259,2021-05-19,R10.9,ICD10CM,abdominal pain,pre-index
CTRL001259,2021-09-08,E78.5,ICD10CM,hyperlipidemia,pre-index
CTRL001259,2021-11-24,R53.83,ICD10CM,fatigue,pre-index
CTRL001259,2021-04-30,G43.909,ICD10CM,migraine,pre-index
CTRL001259,2022-02-05,K21.9,ICD10CM,GERD,pre-index
CTRL001259,2023-04-30,F41.9,ICD10CM,anxiety,pre-index
CTRL001259,2022-01-29,I10,ICD10CM,hypertension,pre-index
CTRL001292,2020-01-23,F41.9,ICD10CM,anxiety,pre-index
CTRL001292,2019-01-21,L50.9,ICD10CM,urticaria,pre-index
CTRL001292,2020-08-27,R53.83,ICD10CM,fatigue,pre-index
CTRL001292,2020-03-15,E78.5,ICD10CM,hyperlipidemia,pre-index
CTRL001292,2019-12-10,R10.9,ICD10CM,abdominal pain,pre-index
CTRL001292,2020-05-05,E78.5,ICD10CM,hyperlipidemia,pre-index
CTRL001292,2018-10-27,F41.9,ICD10CM,anxiety,pre-index
CTRL001292,2019-07-10,F41.9,ICD10CM,anxiety,pre-index
CTRL001346,2019-05-25,K21.9,ICD10CM,GERD,pre-index
CTRL001346,2018-04-04,K21.9,ICD10CM,GERD,pre-index
CTRL001346,2018-10-06,R53.83,ICD10CM,fatigue,pre-index
CTRL001346,2017-06-19,K21.9,ICD10CM,GERD,pre-index
CTRL001346,2018-03-14,G43.909,ICD10CM,migraine,pre-index
CTRL001346,2017-09-26,G43.909,ICD10CM,migraine,pre-index
CTRL001346,2017-05-05,L50.9,ICD10CM,urticaria,pre-index
CTRL001347,2022-10-15,I10,ICD10CM,hypertension,pre-index
CTRL001347,2021-02-24,J45.909,ICD10CM,asthma,pre-index
CTRL001347,2021-11-19,K21.9,ICD10CM,GERD,pre-index
CTRL001347,2022-06-17,R53.83,ICD10CM,fatigue,pre-index
CTRL001347,2020-12-12,F41.9,ICD10CM,anxiety,pre-index
CTRL001347,2021-04-24,I10,ICD10CM,hypertension,pre-index
CTRL001349,2017-01-11,K21.9,ICD10CM,GERD,pre-index
CTRL001366,2017-05-08,R10.9,ICD10CM,abdominal pain,pre-index
CTRL001366,2017-05-14,I10,ICD10CM,hypertension,pre-index
CTRL001366,2017-04-08,K21.9,ICD10CM,GERD,pre-index
CTRL001411,2024-03-30,R53.83,ICD10CM,fatigue,pre-index
CTRL001411,2021-11-19,J45.909,ICD10CM,asthma,pre-index
CTRL001411,2021-09-25,E78.5,ICD10CM,hyperlipidemia,pre-index
CTRL001411,2023-04-06,I10,ICD10CM,hypertension,pre-index
CTRL001411,2022-10-15,F41.9,ICD10CM,anxiety,pre-index
CTRL001460,2019-10-03,I10,ICD10CM,hypertension,pre-index
CTRL001460,2020-05-15,K21.9,ICD10CM,GERD,pre-index
CTRL001460,2017-09-14,M79.7,ICD10CM,fibromyalgia,pre-index
CTRL001460,2019-01-29,I10,ICD10CM,hypertension,pre-index
CTRL001460,2019-10-08,I10,ICD10CM,hypertension,pre-index
CTRL001460,2019-11-23,F41.9,ICD10CM,anxiety,pre-index
CTRL001477,2014-01-10,K21.9,ICD10CM,GERD,pre-index
CTRL001477,2014-08-18,F41.9,ICD10CM,anxiety,pre-index
CTRL001477,2014-07-17,F41.9,ICD10CM,anxiety,pre-index
CTRL001492,2018-01-06,R53.83,ICD10CM,fatigue,pre-index
CTRL001492,2018-03-10,F41.9,ICD10CM,anxiety,pre-index
CTRL001492,2016-11-07,K21.9,ICD10CM,GERD,pre-index
CTRL001492,2019-04-09,I10,ICD10CM,hypertension,pre-index
CTRL001539,2021-02-08,M79.7,ICD10CM,fibromyalgia,pre-index
CTRL001539,2021-07-04,G43.909,ICD10CM,migraine,pre-index
CTRL001576,2015-06-01,R53.83,ICD10CM,fatigue,pre-index
CTRL001576,2016-02-09,E78.5,ICD10CM,hyperlipidemia,pre-index
CTRL001576,2014-03-06,G43.909,ICD10CM,migraine,pre-index
CTRL001576,2014-02-15,G43.909,ICD10CM,migraine,pre-index
CTRL001576,2014-02-28,K21.9,ICD10CM,GERD,pre-index
CTRL001576,2014-07-12,R53.83,ICD10CM,fatigue,pre-index
CTRL001576,2016-02-08,G43.909,ICD10CM,migraine,pre-index
CTRL001584,2018-08-08,R10.9,ICD10CM,abdominal pain,pre-index
CTRL001584,2017-03-02,F41.9,ICD10CM,anxiety,pre-index
CTRL001584,2017-09-07,R53.83,ICD10CM,fatigue,pre-index
CTRL001584,2017-12-26,M79.7,ICD10CM,fibromyalgia,pre-index
CTRL001584,2018-08-03,E78.5,ICD10CM,hyperlipidemia,pre-index
CTRL001585,2021-06-07,R53.83,ICD10CM,fatigue,pre-index
CTRL001585,2020-11-14,E78.5,ICD10CM,hyperlipidemia,pre-index
CTRL001585,2021-04-27,F41.9,ICD10CM,anxiety,pre-index
CTRL001585,2020-07-12,I10,ICD10CM,hypertension,pre-index
CTRL001585,2018-12-18,I10,ICD10CM,hypertension,pre-index
CTRL001585,2019-05-08,F41.9,ICD10CM,anxiety,pre-index
CTRL001585,2021-03-21,G43.909,ICD10CM,migraine,pre-index
CTRL001585,2020-03-19,R53.83,ICD10CM,fatigue,pre-index
CTRL001585,2020-10-11,E78.5,ICD10CM,hyperlipidemia,pre-index
CTRL001585,2019-05-03,J45.909,ICD10CM,asthma,pre-index
CTRL001585,2020-06-06,F41.9,ICD10CM,anxiety,pre-index
CTRL001596,2017-12-23,I10,ICD10CM,hypertension,pre-index
CTRL001596,2018-04-20,K21.9,ICD10CM,GERD,pre-index
CTRL001596,2018-03-28,I10,ICD10CM,hypertension,pre-index
CTRL001599,2014-12-13,R10.9,ICD10CM,abdominal pain,pre-index
CTRL001599,2015-05-16,J45.909,ICD10CM,asthma,pre-index
CTRL001599,2014-11-16,I10,ICD10CM,hypertension,pre-index
CTRL001605,2019-04-10,R53.83,ICD10CM,fatigue,pre-index
CTRL001635,2023-05-14,I10,ICD10CM,hypertension,pre-index
CTRL001635,2023-02-19,K21.9,ICD10CM,GERD,pre-index
CTRL001635,2023-04-23,G43.909,ICD10CM,migraine,pre-index
CTRL001635,2023-07-12,K21.9,ICD10CM,GERD,pre-index
CTRL001635,2023-04-27,K21.9,ICD10CM,GERD,pre-index
CTRL001635,2023-07-28,G43.909,ICD10CM,migraine,pre-index
CTRL001635,2022-07-28,R10.9,ICD10CM,abdominal pain,pre-index
CTRL001635,2022-11-18,F41.9,ICD10CM,anxiety,pre-index
CTRL001635,2022-11-02,R53.83,ICD10CM,fatigue,pre-index
CTRL001635,2022-04-27,L50.9,ICD10CM,urticaria,pre-index
CTRL001635,2022-05-20,M79.7,ICD10CM,fibromyalgia,pre-index
CTRL001673,2018-06-06,E78.5,ICD10CM,hyperlipidemia,pre-index
CTRL001673,2020-06-17,E78.5,ICD10CM,hyperlipidemia,pre-index
CTRL001673,2019-06-28,L50.9,ICD10CM,urticaria,pre-index
CTRL001673,2019-11-03,E78.5,ICD10CM,hyperlipidemia,pre-index
CTRL001673,2018-09-08,R53.83,ICD10CM,fatigue,pre-index
CTRL001673,2018-10-26,F41.9,ICD10CM,anxiety,pre-index
CTRL001673,2018-11-28,L50.9,ICD10CM,urticaria,pre-index
CTRL001673,2019-12-08,K21.9,ICD10CM,GERD,pre-index
CTRL001698,2015-11-13,F41.9,ICD10CM,anxiety,pre-index
CTRL001698,2016-07-20,I10,ICD10CM,hypertension,pre-index
CTRL001707,2021-03-28,G43.909,ICD10CM,migraine,pre-index
CTRL001707,2020-03-03,L50.9,ICD10CM,urticaria,pre-index
CTRL001707,2020-07-19,G43.909,ICD10CM,migraine,pre-index
CTRL001707,2022-01-11,G43.909,ICD10CM,migraine,pre-index
CTRL001707,2020-10-16,F41.9,ICD10CM,anxiety,pre-index
CTRL001707,2020-12-21,I10,ICD10CM,hypertension,pre-index
CTRL001707,2022-03-25,G43.909,ICD10CM,migraine,pre-index
CTRL001713,2016-08-16,I10,ICD10CM,hypertension,pre-index
CTRL001713,2016-11-15,R53.83,ICD10CM,fatigue,pre-index
CTRL001713,2016-06-27,K21.9,ICD10CM,GERD,pre-index
CTRL001713,2015-04-09,G43.909,ICD10CM,migraine,pre-index
CTRL001713,2017-06-11,J45.909,ICD10CM,asthma,pre-index
CTRL001713,2016-01-07,R10.9,ICD10CM,abdominal pain,pre-index
CTRL001730,2016-05-31,K21.9,ICD10CM,GERD,pre-index
CTRL001730,2015-10-15,R10.9,ICD10CM,abdominal pain,pre-index
CTRL001730,2016-11-25,E78.5,ICD10CM,hyperlipidemia,pre-index
CTRL001730,2016-11-20,J45.909,ICD10CM,asthma,pre-index
CTRL001742,2015-12-03,E78.5,ICD10CM,hyperlipidemia,pre-index
CTRL001742,2015-01-20,K21.9,ICD10CM,GERD,pre-index
CTRL001742,2016-03-21,I10,ICD10CM,hypertension,pre-index
CTRL001742,2015-01-12,G43.909,ICD10CM,migraine,pre-index
CTRL001742,2015-11-16,K21.9,ICD10CM,GERD,pre-index
CTRL001742,2014-12-30,F41.9,ICD10CM,anxiety,pre-index
CTRL001742,2016-03-07,F41.9,ICD10CM,anxiety,pre-index
CTRL001742,2014-06-29,E78.5,ICD10CM,hyperlipidemia,pre-index
CTRL001742,2014-04-05,R53.83,ICD10CM,fatigue,pre-index
CTRL001760,2016-06-19,I10,ICD10CM,hypertension,pre-index
CTRL001760,2015-07-01,G43.909,ICD10CM,migraine,pre-index
CTRL001760,2014-08-10,I10,ICD10CM,hypertension,pre-index
CTRL001760,2014-07-09,M79.7,ICD10CM,fibromyalgia,pre-index
CTRL001760,2015-08-09,R10.9,ICD10CM,abdominal pain,pre-index
CTRL001768,2015-08-31,L50.9,ICD10CM,urticaria,pre-index
CTRL001768,2014-10-23,I10,ICD10CM,hypertension,pre-index
CTRL001768,2014-10-25,G43.909,ICD10CM,migraine,pre-index
CTRL001768,2015-11-14,L50.9,ICD10CM,urticaria,pre-index
CTRL001830,2019-07-17,L50.9,ICD10CM,urticaria,pre-index
CTRL001830,2020-08-11,E78.5,ICD10CM,hyperlipidemia,pre-index
CTRL001830,2021-12-08,I10,ICD10CM,hypertension,pre-index
CTRL001839,2021-01-09,R10.9,ICD10CM,abdominal pain,pre-index
CTRL001839,2021-04-23,L50.9,ICD10CM,urticaria,pre-index
CTRL001839,2021-06-01,I10,ICD10CM,hypertension,pre-index
CTRL001839,2022-03-02,E78.5,ICD10CM,hyperlipidemia,pre-index
CTRL001839,2021-08-18,R10.9,ICD10CM,abdominal pain,pre-index
CTRL001839,2021-11-04,F41.9,ICD10CM,anxiety,pre-index
CTRL001873,2013-12-09,G43.909,ICD10CM,migraine,pre-index
CTRL001873,2016-06-13,J45.909,ICD10CM,asthma,pre-index
CTRL001873,2016-07-16,J45.909,ICD10CM,asthma,pre-index
CTRL001873,2015-06-16,E78.5,ICD10CM,hyperlipidemia,pre-index
CTRL001873,2015-12-01,R53.83,ICD10CM,fatigue,pre-index
CTRL001873,2014-04-28,M79.7,ICD10CM,fibromyalgia,pre-index
CTRL001873,2013-12-18,R10.9,ICD10CM,abdominal pain,pre-index
CTRL001883,2015-05-30,R10.9,ICD10CM,abdominal pain,pre-index
CTRL001883,2014-11-03,I10,ICD10CM,hypertension,pre-index
CTRL001883,2014-09-11,J45.909,ICD10CM,asthma,pre-index
CTRL001883,2014-10-14,K21.9,ICD10CM,GERD,pre-index
CTRL001883,2013-12-17,K21.9,ICD10CM,GERD,pre-index
CTRL001883,2014-11-22,G43.909,ICD10CM,migraine,pre-index
CTRL001883,2014-01-27,K21.9,ICD10CM,GERD,pre-index
CTRL001883,2015-09-05,I10,ICD10CM,hypertension,pre-index
CTRL001883,2014-03-27,J45.909,ICD10CM,asthma,pre-index
CTRL001883,2014-12-15,R53.83,ICD10CM,fatigue,pre-index
CTRL001891,2016-10-21,I10,ICD10CM,hypertension,pre-index
CTRL001891,2015-11-08,E78.5,ICD10CM,hyperlipidemia,pre-index
CTRL001891,2015-05-06,E78.5,ICD10CM,hyperlipidemia,pre-index
CTRL001951,2017-10-05,K21.9,ICD10CM,GERD,pre-index
CTRL001951,2017-08-27,K21.9,ICD10CM,GERD,pre-index
CTRL001951,2018-05-02,L50.9,ICD10CM,urticaria,pre-index
CTRL001951,2017-09-01,R53.83,ICD10CM,fatigue,pre-index
CTRL001951,2017-12-19,I10,ICD10CM,hypertension,pre-index
CTRL001951,2018-04-04,K21.9,ICD10CM,GERD,pre-index
CTRL001951,2017-06-27,L50.9,ICD10CM,urticaria,pre-index
CTRL001951,2017-12-05,E78.5,ICD10CM,hyperlipidemia,pre-index
CTRL001951,2019-08-24,G43.909,ICD10CM,migraine,pre-index
CTRL001986,2016-09-06,K21.9,ICD10CM,GERD,pre-index
CTRL001986,2018-01-06,F41.9,ICD10CM,anxiety,pre-index
CTRL002009,2024-03-09,K21.9,ICD10CM,GERD,pre-index
CTRL002009,2022-12-25,J45.909,ICD10CM,asthma,pre-index
CTRL002009,2024-01-24,G43.909,ICD10CM,migraine,pre-index
CTRL002009,2022-04-06,R53.83,ICD10CM,fatigue,pre-index
CTRL002009,2022-02-15,F41.9,ICD10CM,anxiety,pre-index
CTRL002009,2024-01-15,M79.7,ICD10CM,fibromyalgia,pre-index
CTRL002009,2021-11-15,R53.83,ICD10CM,fatigue,pre-index
CTRL002009,2022-03-19,F41.9,ICD10CM,anxiety,pre-index
CTRL002018,2019-01-04,R10.9,ICD10CM,abdominal pain,pre-index
CTRL002018,2019-01-20,K21.9,ICD10CM,GERD,pre-index
CTRL002018,2020-08-15,R53.83,ICD10CM,fatigue,pre-index
CTRL002018,2018-12-24,G43.909,ICD10CM,migraine,pre-index
CTRL002018,2021-02-09,G43.909,ICD10CM,migraine,pre-index
CTRL002023,2020-08-22,R10.9,ICD10CM,abdominal pain,pre-index
CTRL002023,2020-03-14,G43.909,ICD10CM,migraine,pre-index
CTRL002023,2020-02-02,I10,ICD10CM,hypertension,pre-index
CTRL002023,2021-03-19,L50.9,ICD10CM,urticaria,pre-index
CTRL002023,2018-10-22,I10,ICD10CM,hypertension,pre-index
CTRL002031,2017-06-18,L50.9,ICD10CM,urticaria,pre-index
CTRL002031,2016-03-23,R10.9,ICD10CM,abdominal pain,pre-index
CTRL002031,2017-05-17,J45.909,ICD10CM,asthma,pre-index
CTRL002068,2018-05-09,R10.9,ICD10CM,abdominal pain,pre-index
CTRL002068,2017-02-20,E78.5,ICD10CM,hyperlipidemia,pre-index
CTRL002070,2015-02-02,K21.9,ICD10CM,GERD,pre-index
CTRL002070,2015-12-17,G43.909,ICD10CM,migraine,pre-index
CTRL002070,2015-05-06,I10,ICD10CM,hypertension,pre-index
CTRL002070,2015-04-08,I10,ICD10CM,hypertension,pre-index
CTRL002070,2014-07-05,R53.83,ICD10CM,fatigue,pre-index
CTRL002070,2014-03-08,J45.909,ICD10CM,asthma,pre-index
CTRL002070,2015-01-06,K21.9,ICD10CM,GERD,pre-index
CTRL002070,2015-07-14,L50.9,ICD10CM,urticaria,pre-index
CTRL002070,2015-07-24,I10,ICD10CM,hypertension,pre-index
CTRL002080,2014-09-13,I10,ICD10CM,hypertension,pre-index
CTRL002080,2017-05-07,R10.9,ICD10CM,abdominal pain,pre-index
CTRL002085,2017-09-12,K21.9,ICD10CM,GERD,pre-index
CTRL002085,2014-11-25,R10.9,ICD10CM,abdominal pain,pre-index
CTRL002085,2015-04-21,F41.9,ICD10CM,anxiety,pre-index
CTRL002085,2017-09-03,E78.5,ICD10CM,hyperlipidemia,pre-index
CTRL002085,2015-06-16,R53.83,ICD10CM,fatigue,pre-index
CTRL002085,2016-04-29,L50.9,ICD10CM,urticaria,pre-index
CTRL002085,2017-05-23,I10,ICD10CM,hypertension,pre-index
CTRL002085,2017-05-20,R10.9,ICD10CM,abdominal pain,pre-index
CTRL002085,2016-07-04,R10.9,ICD10CM,abdominal pain,pre-index
CTRL002085,2015-04-16,F41.9,ICD10CM,anxiety,pre-index
CTRL002085,2016-09-18,F41.9,ICD10CM,anxiety,pre-index
CTRL002085,2015-11-21,R53.83,ICD10CM,fatigue,pre-index
CTRL002085,2015-12-21,R53.83,ICD10CM,fatigue,pre-index
CTRL002085,2015-01-05,R53.83,ICD10CM,fatigue,pre-index
CTRL002100,2021-10-19,E78.5,ICD10CM,hyperlipidemia,pre-index
CTRL002100,2023-04-05,R53.83,ICD10CM,fatigue,pre-index
CTRL002115,2013-08-24,J45.909,ICD10CM,asthma,pre-index
CTRL002115,2013-06-10,I10,ICD10CM,hypertension,pre-index
CTRL002115,2013-03-23,R10.9,ICD10CM,abdominal pain,pre-index
CTRL002115,2013-08-25,R10.9,ICD10CM,abdominal pain,pre-index
CTRL002115,2016-02-10,F41.9,ICD10CM,anxiety,pre-index
CTRL002115,2015-04-25,R53.83,ICD10CM,fatigue,pre-index
CTRL002115,2013-05-06,J45.909,ICD10CM,asthma,pre-index
CTRL002115,2014-07-20,K21.9,ICD10CM,GERD,pre-index
CTRL002116,2016-08-15,L50.9,ICD10CM,urticaria,pre-index
CTRL002116,2018-02-20,R53.83,ICD10CM,fatigue,pre-index
CTRL002116,2017-03-08,J45.909,ICD10CM,asthma,pre-index
CTRL002116,2018-01-08,I10,ICD10CM,hypertension,pre-index
CTRL002116,2017-11-12,G43.909,ICD10CM,migraine,pre-index
CTRL002116,2017-06-08,I10,ICD10CM,hypertension,pre-index
CTRL002126,2019-06-26,I10,ICD10CM,hypertension,pre-index
CTRL002126,2020-02-07,F41.9,ICD10CM,anxiety,pre-index
CTRL002126,2018-10-30,L50.9,ICD10CM,urticaria,pre-index
CTRL002126,2021-05-10,J45.909,ICD10CM,asthma,pre-index
CTRL002126,2019-05-02,G43.909,ICD10CM,migraine,pre-index
CTRL002126,2018-11-25,I10,ICD10CM,hypertension,pre-index
CTRL002132,2020-02-18,K21.9,ICD10CM,GERD,pre-index
CTRL002132,2019-05-25,R53.83,ICD10CM,fatigue,pre-index
CTRL002132,2019-04-27,J45.909,ICD10CM,asthma,pre-index
CTRL002135,2017-11-19,I10,ICD10CM,hypertension,pre-index
CTRL002135,2018-03-29,I10,ICD10CM,hypertension,pre-index
CTRL002135,2017-12-27,M79.7,ICD10CM,fibromyalgia,pre-index
CTRL002135,2019-07-01,I10,ICD10CM,hypertension,pre-index
CTRL002135,2018-01-24,R53.83,ICD10CM,fatigue,pre-index
CTRL002135,2018-07-13,J45.909,ICD10CM,asthma,pre-index
CTRL002135,2018-12-29,J45.909,ICD10CM,asthma,pre-index
CTRL002135,2019-10-05,R53.83,ICD10CM,fatigue,pre-index
CTRL002156,2017-06-17,L50.9,ICD10CM,urticaria,pre-index
CTRL002156,2016-11-20,I10,ICD10CM,hypertension,pre-index
CTRL002156,2015-05-20,R53.83,ICD10CM,fatigue,pre-index
CTRL002157,2016-05-12,R53.83,ICD10CM,fatigue,pre-index
CTRL002157,2014-11-27,M79.7,ICD10CM,fibromyalgia,pre-index
CTRL002157,2016-02-12,K21.9,ICD10CM,GERD,pre-index
CTRL002157,2016-08-17,L50.9,ICD10CM,urticaria,pre-index
CTRL002157,2017-03-01,R53.83,ICD10CM,fatigue,pre-index
CTRL002163,2020-12-16,I10,ICD10CM,hypertension,pre-index
CTRL002163,2019-09-02,F41.9,ICD10CM,anxiety,pre-index
CTRL002163,2020-02-27,I10,ICD10CM,hypertension,pre-index
CTRL002163,2019-04-26,K21.9,ICD10CM,GERD,pre-index
CTRL002163,2018-04-10,F41.9,ICD10CM,anxiety,pre-index
CTRL002170,2020-12-25,F41.9,ICD10CM,anxiety,pre-index
CTRL002170,2019-10-01,J45.909,ICD10CM,asthma,pre-index
CTRL002170,2019-01-07,G43.909,ICD10CM,migraine,pre-index
CTRL002170,2018-11-06,G43.909,ICD10CM,migraine,pre-index
CTRL002170,2020-12-27,R10.9,ICD10CM,abdominal pain,pre-index
CTRL002170,2019-12-27,R10.9,ICD10CM,abdominal pain,pre-index
CTRL002170,2018-10-14,J45.909,ICD10CM,asthma,pre-index
CTRL002170,2019-12-14,F41.9,ICD10CM,anxiety,pre-index
CTRL002178,2016-07-02,J45.909,ICD10CM,asthma,pre-index
CTRL002178,2017-09-18,R10.9,ICD10CM,abdominal pain,pre-index
CTRL002178,2018-01-13,G43.909,ICD10CM,migraine,pre-index
CTRL002185,2018-04-22,I10,ICD10CM,hypertension,pre-index
CTRL002185,2016-04-09,R10.9,ICD10CM,abdominal pain,pre-index
CTRL002185,2016-09-08,E78.5,ICD10CM,hyperlipidemia,pre-index
CTRL002185,2017-06-27,K21.9,ICD10CM,GERD,pre-index
CTRL002185,2018-04-29,R10.9,ICD10CM,abdominal pain,pre-index
CTRL002185,2016-05-26,L50.9,ICD10CM,urticaria,pre-index
CTRL002185,2017-08-22,R10.9,ICD10CM,abdominal pain,pre-index
CTRL002185,2018-07-01,R10.9,ICD10CM,abdominal pain,pre-index
CTRL002189,2017-03-15,G43.909,ICD10CM,migraine,pre-index
CTRL002189,2016-10-04,M79.7,ICD10CM,fibromyalgia,pre-index
CTRL002189,2017-05-25,J45.909,ICD10CM,asthma,pre-index
CTRL002189,2018-03-13,G43.909,ICD10CM,migraine,pre-index
CTRL002189,2017-12-28,K21.9,ICD10CM,GERD,pre-index
CTRL002189,2017-03-07,J45.909,ICD10CM,asthma,pre-index
CTRL002195,2017-05-24,J45.909,ICD10CM,asthma,pre-index
CTRL002195,2016-08-01,I10,ICD10CM,hypertension,pre-index
CTRL002195,2016-02-27,I10,ICD10CM,hypertension,pre-index
CTRL002195,2017-08-21,R53.83,ICD10CM,fatigue,pre-index
CTRL002195,2015-10-24,R10.9,ICD10CM,abdominal pain,pre-index
CTRL002195,2015-08-13,E78.5,ICD10CM,hyperlipidemia,pre-index
CTRL002204,2017-05-15,E78.5,ICD10CM,hyperlipidemia,pre-index
CTRL002204,2017-12-06,J45.909,ICD10CM,asthma,pre-index
CTRL002204,2017-02-20,E78.5,ICD10CM,hyperlipidemia,pre-index
CTRL002204,2017-06-04,R53.83,ICD10CM,fatigue,pre-index
CTRL002204,2015-10-16,K21.9,ICD10CM,GERD,pre-index
CTRL002204,2017-02-25,I10,ICD10CM,hypertension,pre-index
CTRL002251,2013-03-26,R53.83,ICD10CM,fatigue,pre-index
CTRL002251,2015-08-12,R10.9,ICD10CM,abdominal pain,pre-index
CTRL002251,2014-02-10,E78.5,ICD10CM,hyperlipidemia,pre-index
CTRL002253,2023-05-31,J45.909,ICD10CM,asthma,pre-index
CTRL002253,2021-07-16,I10,ICD10CM,hypertension,pre-index
CTRL002253,2021-07-15,L50.9,ICD10CM,urticaria,pre-index
CTRL002254,2021-04-06,L50.9,ICD10CM,urticaria,pre-index
CTRL002254,2018-10-08,R10.9,ICD10CM,abdominal pain,pre-index
CTRL002254,2020-11-15,F41.9,ICD10CM,anxiety,pre-index
CTRL002254,2020-06-13,K21.9,ICD10CM,GERD,pre-index
CTRL002254,2020-08-25,F41.9,ICD10CM,anxiety,pre-index
CTRL002258,2021-09-03,E78.5,ICD10CM,hyperlipidemia,pre-index
CTRL002258,2021-11-27,J45.909,ICD10CM,asthma,pre-index
CTRL002258,2019-09-26,I10,ICD10CM,hypertension,pre-index
CTRL002258,2022-02-18,K21.9,ICD10CM,GERD,pre-index
CTRL002258,2021-12-08,E78.5,ICD10CM,hyperlipidemia,pre-index
CTRL002258,2021-07-02,F41.9,ICD10CM,anxiety,pre-index
CTRL002258,2021-11-01,I10,ICD10CM,hypertension,pre-index
CTRL002258,2021-11-18,F41.9,ICD10CM,anxiety,pre-index
CTRL002261,2023-09-24,R10.9,ICD10CM,abdominal pain,pre-index
CTRL002261,2021-10-15,J45.909,ICD10CM,asthma,pre-index
CTRL002269,2015-01-03,R53.83,ICD10CM,fatigue,pre-index
CTRL002269,2017-02-03,E78.5,ICD10CM,hyperlipidemia,pre-index
CTRL002269,2015-11-06,I10,ICD10CM,hypertension,pre-index
CTRL002269,2015-09-18,L50.9,ICD10CM,urticaria,pre-index
CTRL002269,2016-08-12,I10,ICD10CM,hypertension,pre-index
CTRL002269,2017-01-10,L50.9,ICD10CM,urticaria,pre-index
CTRL002327,2018-11-14,M79.7,ICD10CM,fibromyalgia,pre-index
CTRL002327,2017-07-15,R53.83,ICD10CM,fatigue,pre-index
CTRL002327,2018-11-13,M79.7,ICD10CM,fibromyalgia,pre-index
CTRL002327,2019-10-03,K21.9,ICD10CM,GERD,pre-index
CTRL002327,2019-10-20,K21.9,ICD10CM,GERD,pre-index
CTRL002327,2018-10-28,J45.909,ICD10CM,asthma,pre-index
CTRL002327,2018-11-06,I10,ICD10CM,hypertension,pre-index
CTRL002327,2018-06-18,K21.9,ICD10CM,GERD,pre-index
CTRL002335,2020-12-16,E78.5,ICD10CM,hyperlipidemia,pre-index
CTRL002335,2021-07-16,E78.5,ICD10CM,hyperlipidemia,pre-index
CTRL002335,2021-04-19,E78.5,ICD10CM,hyperlipidemia,pre-index
CTRL002335,2018-11-25,I10,ICD10CM,hypertension,pre-index
CTRL002345,2018-10-21,G43.909,ICD10CM,migraine,pre-index
CTRL002345,2020-09-12,J45.909,ICD10CM,asthma,pre-index
CTRL002345,2018-10-26,J45.909,ICD10CM,asthma,pre-index
CTRL002345,2020-07-23,F41.9,ICD10CM,anxiety,pre-index
CTRL002345,2019-03-25,E78.5,ICD10CM,hyperlipidemia,pre-index
CTRL002367,2019-12-22,I10,ICD10CM,hypertension,pre-index
CTRL002367,2020-10-15,M79.7,ICD10CM,fibromyalgia,pre-index
CTRL002367,2020-09-27,L50.9,ICD10CM,urticaria,pre-index
CTRL002367,2021-05-03,J45.909,ICD10CM,asthma,pre-index
CTRL002367,2021-07-28,E78.5,ICD10CM,hyperlipidemia,pre-index
CTRL002367,2020-02-29,I10,ICD10CM,hypertension,pre-index
CTRL002367,2021-12-29,F41.9,ICD10CM,anxiety,pre-index
CTRL002367,2019-10-14,F41.9,ICD10CM,anxiety,pre-index
CTRL002367,2019-06-11,R53.83,ICD10CM,fatigue,pre-index
CTRL002379,2020-11-01,I10,ICD10CM,hypertension,pre-index
CTRL002379,2021-08-26,L50.9,ICD10CM,urticaria,pre-index
CTRL002379,2023-02-16,E78.5,ICD10CM,hyperlipidemia,pre-index
CTRL002379,2023-09-20,R53.83,ICD10CM,fatigue,pre-index
CTRL002379,2023-01-01,F41.9,ICD10CM,anxiety,pre-index
CTRL002379,2021-10-30,I10,ICD10CM,hypertension,pre-index
CTRL002379,2020-10-24,R53.83,ICD10CM,fatigue,pre-index
CTRL002379,2022-08-24,E78.5,ICD10CM,hyperlipidemia,pre-index
CTRL002379,2023-03-02,J45.909,ICD10CM,asthma,pre-index
CTRL002384,2019-09-16,I10,ICD10CM,hypertension,pre-index
CTRL002384,2020-09-20,K21.9,ICD10CM,GERD,pre-index
CTRL002384,2021-08-22,I10,ICD10CM,hypertension,pre-index
CTRL002384,2019-05-20,K21.9,ICD10CM,GERD,pre-index
CTRL002384,2021-12-16,R53.83,ICD10CM,fatigue,pre-index
CTRL002388,2022-04-17,F41.9,ICD10CM,anxiety,pre-index
CTRL002388,2022-08-06,M79.7,ICD10CM,fibromyalgia,pre-index
CTRL002388,2023-12-12,K21.9,ICD10CM,GERD,pre-index
CTRL002388,2023-05-24,K21.9,ICD10CM,GERD,pre-index
CTRL002465,2023-02-05,L50.9,ICD10CM,urticaria,pre-index
CTRL002465,2021-11-13,J45.909,ICD10CM,asthma,pre-index
CTRL002465,2022-08-28,R53.83,ICD10CM,fatigue,pre-index
CTRL002465,2020-10-15,K21.9,ICD10CM,GERD,pre-index
CTRL002465,2020-06-24,F41.9,ICD10CM,anxiety,pre-index
CTRL002465,2021-04-30,L50.9,ICD10CM,urticaria,pre-index
CTRL002465,2021-02-07,I10,ICD10CM,hypertension,pre-index
CTRL002465,2022-10-04,F41.9,ICD10CM,anxiety,pre-index
CTRL002465,2020-10-04,F41.9,ICD10CM,anxiety,pre-index
CTRL002467,2022-12-07,K21.9,ICD10CM,GERD,pre-index
CTRL002467,2022-11-25,J45.909,ICD10CM,asthma,pre-index
CTRL002467,2021-09-30,G43.909,ICD10CM,migraine,pre-index
CTRL002467,2022-12-24,R53.83,ICD10CM,fatigue,pre-index
CTRL002467,2020-11-17,J45.909,ICD10CM,asthma,pre-index
CTRL002474,2022-10-15,E78.5,ICD10CM,hyperlipidemia,pre-index
CTRL002474,2022-12-26,K21.9,ICD10CM,GERD,pre-index
CTRL002474,2023-03-02,R53.83,ICD10CM,fatigue,pre-index
CTRL002474,2021-03-12,F41.9,ICD10CM,anxiety,pre-index
CTRL002474,2021-09-14,J45.909,ICD10CM,asthma,pre-index
CTRL002474,2023-09-12,E78.5,ICD10CM,hyperlipidemia,pre-index
CTRL002502,2016-10-09,R53.83,ICD10CM,fatigue,pre-index
CTRL002502,2017-10-24,I10,ICD10CM,hypertension,pre-index
CTRL002502,2017-02-19,L50.9,ICD10CM,urticaria,pre-index
CTRL002502,2017-07-29,F41.9,ICD10CM,anxiety,pre-index
CTRL002502,2017-06-29,I10,ICD10CM,hypertension,pre-index
CTRL002502,2017-05-08,G43.909,ICD10CM,migraine,pre-index
CTRL002517,2016-06-20,I10,ICD10CM,hypertension,pre-index
CTRL002517,2016-07-16,R53.83,ICD10CM,fatigue,pre-index
CTRL002517,2014-12-20,E78.5,ICD10CM,hyperlipidemia,pre-index
CTRL002524,2015-09-05,E78.5,ICD10CM,hyperlipidemia,pre-index
CTRL002524,2016-04-12,K21.9,ICD10CM,GERD,pre-index
CTRL002524,2015-09-28,M79.7,ICD10CM,fibromyalgia,pre-index
CTRL002524,2016-01-16,I10,ICD10CM,hypertension,pre-index
CTRL002524,2016-04-18,E78.5,ICD10CM,hyperlipidemia,pre-index
CTRL002524,2017-09-05,R53.83,ICD10CM,fatigue,pre-index
CTRL002524,2017-11-22,I10,ICD10CM,hypertension,pre-index
CTRL002524,2016-01-27,G43.909,ICD10CM,migraine,pre-index
CTRL002524,2015-08-04,K21.9,ICD10CM,GERD,pre-index
CTRL002546,2022-05-18,R53.83,ICD10CM,fatigue,pre-index
CTRL002546,2022-02-03,F41.9,ICD10CM,anxiety,pre-index
CTRL002546,2021-05-14,I10,ICD10CM,hypertension,pre-index
CTRL002546,2021-02-19,F41.9,ICD10CM,anxiety,pre-index
CTRL002546,2020-11-01,R53.83,ICD10CM,fatigue,pre-index
CTRL002546,2020-12-16,I10,ICD10CM,hypertension,pre-index
CTRL002546,2022-08-09,I10,ICD10CM,hypertension,pre-index
CTRL002546,2020-10-21,F41.9,ICD10CM,anxiety,pre-index
CTRL002546,2020-08-11,M79.7,ICD10CM,fibromyalgia,pre-index
CTRL002546,2020-03-26,L50.9,ICD10CM,urticaria,pre-index
CTRL002569,2020-10-16,E78.5,ICD10CM,hyperlipidemia,pre-index
CTRL002569,2020-08-08,I10,ICD10CM,hypertension,pre-index
CTRL002569,2018-05-23,J45.909,ICD10CM,asthma,pre-index
CTRL002569,2019-09-15,R10.9,ICD10CM,abdominal pain,pre-index
CTRL002569,2018-09-22,F41.9,ICD10CM,anxiety,pre-index
CTRL002569,2018-05-11,F41.9,ICD10CM,anxiety,pre-index
CTRL002578,2020-01-01,R53.83,ICD10CM,fatigue,pre-index
CTRL002578,2019-03-07,R53.83,ICD10CM,fatigue,pre-index
CTRL002578,2019-11-02,R53.83,ICD10CM,fatigue,pre-index
CTRL002578,2020-02-14,I10,ICD10CM,hypertension,pre-index
CTRL002584,2022-01-08,J45.909,ICD10CM,asthma,pre-index
CTRL002584,2021-08-24,I10,ICD10CM,hypertension,pre-index
CTRL002584,2021-03-02,G43.909,ICD10CM,migraine,pre-index
CTRL002624,2021-06-25,J45.909,ICD10CM,asthma,pre-index
CTRL002628,2015-07-04,R10.9,ICD10CM,abdominal pain,pre-index
CTRL002628,2015-12-28,I10,ICD10CM,hypertension,pre-index
CTRL002628,2016-02-05,E78.5,ICD10CM,hyperlipidemia,pre-index
CTRL002628,2015-04-12,M79.7,ICD10CM,fibromyalgia,pre-index
CTRL002628,2016-04-16,L50.9,ICD10CM,urticaria,pre-index
CTRL002628,2015-05-12,R10.9,ICD10CM,abdominal pain,pre-index
CTRL002628,2013-11-05,J45.909,ICD10CM,asthma,pre-index
CTRL002639,2018-08-24,M79.7,ICD10CM,fibromyalgia,pre-index
CTRL002639,2020-06-13,I10,ICD10CM,hypertension,pre-index
CTRL002639,2018-02-08,R53.83,ICD10CM,fatigue,pre-index
CTRL002639,2020-04-11,J45.909,ICD10CM,asthma,pre-index
CTRL002639,2019-05-11,R53.83,ICD10CM,fatigue,pre-index
CTRL002639,2019-12-14,F41.9,ICD10CM,anxiety,pre-index
CTRL002639,2020-08-11,J45.909,ICD10CM,asthma,pre-index
CTRL002639,2018-05-01,E78.5,ICD10CM,hyperlipidemia,pre-index
CTRL002651,2020-01-31,R53.83,ICD10CM,fatigue,pre-index
CTRL002651,2020-02-24,M79.7,ICD10CM,fibromyalgia,pre-index
CTRL002651,2021-09-15,E78.5,ICD10CM,hyperlipidemia,pre-index
CTRL002722,2015-01-25,J45.909,ICD10CM,asthma,pre-index
CTRL002722,2015-04-13,I10,ICD10CM,hypertension,pre-index
CTRL002722,2015-06-12,R53.83,ICD10CM,fatigue,pre-index
CTRL002722,2015-05-06,M79.7,ICD10CM,fibromyalgia,pre-index
CTRL002722,2015-07-03,R53.83,ICD10CM,fatigue,pre-index
CTRL002722,2014-06-12,R53.83,ICD10CM,fatigue,pre-index
CTRL002722,2015-02-01,L50.9,ICD10CM,urticaria,pre-index
CTRL002726,2015-07-10,R53.83,ICD10CM,fatigue,pre-index
CTRL002726,2016-08-05,J45.909,ICD10CM,asthma,pre-index
CTRL002726,2014-11-04,I10,ICD10CM,hypertension,pre-index
CTRL002726,2014-01-14,R53.83,ICD10CM,fatigue,pre-index
CTRL002726,2016-03-04,G43.909,ICD10CM,migraine,pre-index
CTRL002726,2015-05-19,I10,ICD10CM,hypertension,pre-index
CTRL002738,2019-09-29,R10.9,ICD10CM,abdominal pain,pre-index
CTRL002738,2019-11-21,E78.5,ICD10CM,hyperlipidemia,pre-index
CTRL002738,2018-10-01,F41.9,ICD10CM,anxiety,pre-index
CTRL002738,2020-03-23,R53.83,ICD10CM,fatigue,pre-index
CTRL002738,2018-04-25,L50.9,ICD10CM,urticaria,pre-index
CTRL002738,2020-10-01,E78.5,ICD10CM,hyperlipidemia,pre-index
CTRL002738,2020-12-06,G43.909,ICD10CM,migraine,pre-index
CTRL002738,2020-11-24,K21.9,ICD10CM,GERD,pre-index
CTRL002754,2015-10-04,J45.909,ICD10CM,asthma,pre-index
CTRL002754,2015-07-31,K21.9,ICD10CM,GERD,pre-index
CTRL002754,2016-05-05,I10,ICD10CM,hypertension,pre-index
CTRL002754,2016-03-10,R53.83,ICD10CM,fatigue,pre-index
CTRL002754,2016-10-04,J45.909,ICD10CM,asthma,pre-index
CTRL002754,2014-03-06,I10,ICD10CM,hypertension,pre-index
CTRL002802,2021-11-22,G43.909,ICD10CM,migraine,pre-index
CTRL002802,2022-11-20,R10.9,ICD10CM,abdominal pain,pre-index
CTRL002802,2021-06-11,K21.9,ICD10CM,GERD,pre-index
CTRL002802,2024-01-30,G43.909,ICD10CM,migraine,pre-index
CTRL002802,2023-06-19,J45.909,ICD10CM,asthma,pre-index
CTRL002802,2021-12-18,F41.9,ICD10CM,anxiety,pre-index
CTRL002802,2022-02-21,M79.7,ICD10CM,fibromyalgia,pre-index
CTRL002802,2021-06-09,I10,ICD10CM,hypertension,pre-index
CTRL002802,2022-07-20,K21.9,ICD10CM,GERD,pre-index
CTRL002810,2020-05-31,R10.9,ICD10CM,abdominal pain,pre-index
CTRL002810,2022-05-23,G43.909,ICD10CM,migraine,pre-index
CTRL002810,2021-12-30,G43.909,ICD10CM,migraine,pre-index
CTRL002813,2022-10-12,E78.5,ICD10CM,hyperlipidemia,pre-index
CTRL002813,2023-03-19,K21.9,ICD10CM,GERD,pre-index
CTRL002813,2021-08-08,F41.9,ICD10CM,anxiety,pre-index
CTRL002813,2021-01-15,I10,ICD10CM,hypertension,pre-index
CTRL002813,2023-03-01,E78.5,ICD10CM,hyperlipidemia,pre-index
CTRL002813,2021-09-11,R53.83,ICD10CM,fatigue,pre-index
CTRL002821,2017-02-22,G43.909,ICD10CM,migraine,pre-index
CTRL002821,2018-08-27,K21.9,ICD10CM,GERD,pre-index
CTRL002821,2017-12-15,J45.909,ICD10CM,asthma,pre-index
CTRL002821,2017-03-24,F41.9,ICD10CM,anxiety,pre-index
CTRL002821,2017-11-18,L50.9,ICD10CM,urticaria,pre-index
CTRL002821,2018-11-21,I10,ICD10CM,hypertension,pre-index
CTRL002821,2018-07-22,I10,ICD10CM,hypertension,pre-index
CTRL002821,2017-10-08,F41.9,ICD10CM,anxiety,pre-index
CTRL002835,2015-05-08,R10.9,ICD10CM,abdominal pain,pre-index
CTRL002835,2014-07-23,R53.83,ICD10CM,fatigue,pre-index
CTRL002835,2014-12-27,J45.909,ICD10CM,asthma,pre-index
CTRL002835,2014-08-14,K21.9,ICD10CM,GERD,pre-index
CTRL002835,2016-01-16,K21.9,ICD10CM,GERD,pre-index
CTRL002835,2016-05-19,G43.909,ICD10CM,migraine,pre-index
CTRL002835,2013-12-12,R10.9,ICD10CM,abdominal pain,pre-index
CTRL002835,2013-10-10,F41.9,ICD10CM,anxiety,pre-index
CTRL002839,2014-11-03,E78.5,ICD10CM,hyperlipidemia,pre-index
CTRL002839,2016-10-15,I10,ICD10CM,hypertension,pre-index
CTRL002839,2014-12-06,K21.9,ICD10CM,GERD,pre-index
CTRL002839,2014-10-22,R10.9,ICD10CM,abdominal pain,pre-index
CTRL002839,2015-08-16,K21.9,ICD10CM,GERD,pre-index
CTRL002839,2015-06-30,E78.5,ICD10CM,hyperlipidemia,pre-index
CTRL002875,2014-01-27,R53.83,ICD10CM,fatigue,pre-index
CTRL002875,2015-06-24,I10,ICD10CM,hypertension,pre-index
CTRL002875,2013-10-16,L50.9,ICD10CM,urticaria,pre-index
CTRL002880,2015-10-01,R10.9,ICD10CM,abdominal pain,pre-index
CTRL002880,2014-08-17,R10.9,ICD10CM,abdominal pain,pre-index
CTRL002880,2014-08-30,J45.909,ICD10CM,asthma,pre-index
CTRL002880,2015-01-24,I10,ICD10CM,hypertension,pre-index
CTRL002880,2016-01-31,R53.83,ICD10CM,fatigue,pre-index
CTRL002880,2015-06-28,F41.9,ICD10CM,anxiety,pre-index
CTRL002880,2014-01-28,L50.9,ICD10CM,urticaria,pre-index
CTRL002894,2022-03-12,G43.909,ICD10CM,migraine,pre-index
CTRL002894,2022-12-29,R53.83,ICD10CM,fatigue,pre-index
CTRL002894,2020-09-27,K21.9,ICD10CM,GERD,pre-index
CTRL002894,2021-06-27,R10.9,ICD10CM,abdominal pain,pre-index
CTRL002894,2021-12-20,I10,ICD10CM,hypertension,pre-index
CTRL002894,2023-05-24,I10,ICD10CM,hypertension,pre-index
CTRL002894,2020-08-15,F41.9,ICD10CM,anxiety,pre-index
CTRL002894,2022-11-27,R10.9,ICD10CM,abdominal pain,pre-index
CTRL002894,2023-02-10,J45.909,ICD10CM,asthma,pre-index
CTRL002894,2022-06-18,K21.9,ICD10CM,GERD,pre-index
CTRL002895,2014-12-08,R53.83,ICD10CM,fatigue,pre-index
CTRL002895,2017-05-05,R53.83,ICD10CM,fatigue,pre-index
CTRL002895,2016-05-31,L50.9,ICD10CM,urticaria,pre-index
CTRL002895,2016-11-17,G43.909,ICD10CM,migraine,pre-index
CTRL002895,2014-11-14,K21.9,ICD10CM,GERD,pre-index
CTRL002895,2017-04-19,L50.9,ICD10CM,urticaria,pre-index
CTRL002895,2016-01-10,G43.909,ICD10CM,migraine,pre-index
CTRL002895,2016-06-05,R10.9,ICD10CM,abdominal pain,pre-index
CTRL002902,2014-05-19,I10,ICD10CM,hypertension,pre-index
CTRL002902,2014-08-05,I10,ICD10CM,hypertension,pre-index
CTRL002902,2016-07-05,K21.9,ICD10CM,GERD,pre-index
CTRL002902,2014-10-05,K21.9,ICD10CM,GERD,pre-index
CTRL002902,2015-01-29,G43.909,ICD10CM,migraine,pre-index
CTRL002902,2016-03-30,K21.9,ICD10CM,GERD,pre-index
CTRL002922,2017-06-01,I10,ICD10CM,hypertension,pre-index
CTRL002922,2016-06-23,G43.909,ICD10CM,migraine,pre-index
CTRL002922,2017-11-20,E78.5,ICD10CM,hyperlipidemia,pre-index
CTRL002922,2016-03-20,R53.83,ICD10CM,fatigue,pre-index
CTRL002922,2016-07-29,M79.7,ICD10CM,fibromyalgia,pre-index
CTRL002922,2016-11-02,F41.9,ICD10CM,anxiety,pre-index
CTRL002936,2017-03-06,G43.909,ICD10CM,migraine,pre-index
CTRL002936,2015-06-07,F41.9,ICD10CM,anxiety,pre-index
CTRL002936,2014-09-08,R10.9,ICD10CM,abdominal pain,pre-index
CTRL002936,2014-10-22,K21.9,ICD10CM,GERD,pre-index
CTRL002941,2020-06-21,I10,ICD10CM,hypertension,pre-index
CTRL002941,2020-04-23,G43.909,ICD10CM,migraine,pre-index
CTRL002941,2019-09-28,J45.909,ICD10CM,asthma,pre-index
CTRL002941,2021-04-09,I10,ICD10CM,hypertension,pre-index
CTRL002941,2019-01-27,E78.5,ICD10CM,hyperlipidemia,pre-index
CTRL002941,2020-05-10,R53.83,ICD10CM,fatigue,pre-index
CTRL002948,2022-04-02,E78.5,ICD10CM,hyperlipidemia,pre-index
CTRL002948,2021-06-11,I10,ICD10CM,hypertension,pre-index
CTRL002948,2022-04-07,K21.9,ICD10CM,GERD,pre-index
CTRL002948,2021-01-02,K21.9,ICD10CM,GERD,pre-index
CTRL002948,2020-10-25,F41.9,ICD10CM,anxiety,pre-index
CTRL002948,2020-06-18,E78.5,ICD10CM,hyperlipidemia,pre-index
CTRL002948,2021-07-23,I10,ICD10CM,hypertension,pre-index
CTRL002948,2021-10-25,F41.9,ICD10CM,anxiety,pre-index
CTRL002948,2021-12-29,K21.9,ICD10CM,GERD,pre-index
CTRL002957,2022-06-07,J45.909,ICD10CM,asthma,pre-index
CTRL002957,2020-11-20,I10,ICD10CM,hypertension,pre-index
CTRL002957,2022-01-13,G43.909,ICD10CM,migraine,pre-index
CTRL002957,2020-11-11,L50.9,ICD10CM,urticaria,pre-index
CTRL002957,2020-02-21,I10,ICD10CM,hypertension,pre-index
CTRL002957,2021-07-19,G43.909,ICD10CM,migraine,pre-index
CTRL002957,2020-04-14,I10,ICD10CM,hypertension,pre-index
CTRL002957,2021-02-18,E78.5,ICD10CM,hyperlipidemia,pre-index
CTRL002957,2020-07-02,I10,ICD10CM,hypertension,pre-index
CTRL002966,2021-04-05,J45.909,ICD10CM,asthma,pre-index
CTRL002966,2021-02-20,K21.9,ICD10CM,GERD,pre-index
CTRL002966,2021-06-01,F41.9,ICD10CM,anxiety,pre-index
CTRL002966,2022-06-26,R53.83,ICD10CM,fatigue,pre-index
CTRL002966,2021-07-03,R53.83,ICD10CM,fatigue,pre-index
CTRL002966,2022-01-17,R10.9,ICD10CM,abdominal pain,pre-index
CTRL002968,2017-12-05,J45.909,ICD10CM,asthma,pre-index
CTRL002968,2019-04-02,F41.9,ICD10CM,anxiety,pre-index
CTRL002968,2017-01-11,M79.7,ICD10CM,fibromyalgia,pre-index
CTRL002975,2019-05-29,M79.7,ICD10CM,fibromyalgia,pre-index
CTRL002975,2019-09-19,L50.9,ICD10CM,urticaria,pre-index
CTRL002975,2020-06-14,K21.9,ICD10CM,GERD,pre-index
CTRL002975,2021-08-07,J45.909,ICD10CM,asthma,pre-index
CTRL002975,2020-07-24,E78.5,ICD10CM,hyperlipidemia,pre-index
CTRL002975,2019-06-13,R10.9,ICD10CM,abdominal pain,pre-index
CTRL002975,2021-12-14,J45.909,ICD10CM,asthma,pre-index
CTRL003060,2022-03-03,L50.9,ICD10CM,urticaria,pre-index
CTRL003060,2023-08-15,L50.9,ICD10CM,urticaria,pre-index
CTRL003060,2022-09-20,G43.909,ICD10CM,migraine,pre-index
CTRL003060,2023-04-11,I10,ICD10CM,hypertension,pre-index
CTRL003061,2019-10-24,E78.5,ICD10CM,hyperlipidemia,pre-index
CTRL003062,2016-04-15,K21.9,ICD10CM,GERD,pre-index
CTRL003062,2018-02-17,M79.7,ICD10CM,fibromyalgia,pre-index
CTRL003062,2017-03-26,R53.83,ICD10CM,fatigue,pre-index
CTRL003062,2017-02-09,I10,ICD10CM,hypertension,pre-index
CTRL003062,2016-11-14,I10,ICD10CM,hypertension,pre-index
CTRL003062,2018-09-17,I10,ICD10CM,hypertension,pre-index
CTRL003062,2018-07-18,G43.909,ICD10CM,migraine,pre-index
CTRL003062,2016-11-24,K21.9,ICD10CM,GERD,pre-index
CTRL003076,2022-02-05,R53.83,ICD10CM,fatigue,pre-index
CTRL003076,2020-06-27,K21.9,ICD10CM,GERD,pre-index
CTRL003076,2022-07-15,E78.5,ICD10CM,hyperlipidemia,pre-index
CTRL003076,2020-11-20,E78.5,ICD10CM,hyperlipidemia,pre-index
CTRL003076,2021-12-11,G43.909,ICD10CM,migraine,pre-index
CTRL003076,2020-03-08,I10,ICD10CM,hypertension,pre-index
CTRL003076,2020-08-16,I10,ICD10CM,hypertension,pre-index
CTRL003076,2021-10-31,R53.83,ICD10CM,fatigue,pre-index
CTRL003076,2022-08-10,K21.9,ICD10CM,GERD,pre-index
CTRL003076,2020-04-22,J45.909,ICD10CM,asthma,pre-index
CTRL003076,2020-03-10,R10.9,ICD10CM,abdominal pain,pre-index
CTRL003083,2015-02-27,E78.5,ICD10CM,hyperlipidemia,pre-index
CTRL003083,2016-07-18,R10.9,ICD10CM,abdominal pain,pre-index
CTRL003083,2016-03-01,J45.909,ICD10CM,asthma,pre-index
CTRL003083,2014-02-28,L50.9,ICD10CM,urticaria,pre-index
CTRL003083,2015-08-03,E78.5,ICD10CM,hyperlipidemia,pre-index
CTRL003083,2014-04-02,G43.909,ICD10CM,migraine,pre-index
CTRL003083,2016-01-08,I10,ICD10CM,hypertension,pre-index
CTRL003083,2014-02-23,L50.9,ICD10CM,urticaria,pre-index
CTRL003083,2015-11-19,E78.5,ICD10CM,hyperlipidemia,pre-index
CTRL003083,2014-12-28,G43.909,ICD10CM,migraine,pre-index
CTRL003083,2014-10-30,I10,ICD10CM,hypertension,pre-index
CTRL003092,2020-09-11,F41.9,ICD10CM,anxiety,pre-index
CTRL003092,2020-12-04,J45.909,ICD10CM,asthma,pre-index
CTRL003092,2021-06-17,I10,ICD10CM,hypertension,pre-index
CTRL003092,2021-06-18,R10.9,ICD10CM,abdominal pain,pre-index
CTRL003092,2020-03-01,J45.909,ICD10CM,asthma,pre-index
CTRL003092,2022-04-28,G43.909,ICD10CM,migraine,pre-index
CTRL003092,2021-08-14,R53.83,ICD10CM,fatigue,pre-index
CTRL003093,2018-05-29,R53.83,ICD10CM,fatigue,pre-index
CTRL003117,2018-06-12,F41.9,ICD10CM,anxiety,pre-index
CTRL003117,2018-12-20,L50.9,ICD10CM,urticaria,pre-index
CTRL003117,2017-11-15,J45.909,ICD10CM,asthma,pre-index
CTRL003117,2020-01-20,E78.5,ICD10CM,hyperlipidemia,pre-index
CTRL003117,2018-01-02,M79.7,ICD10CM,fibromyalgia,pre-index
CTRL003117,2017-09-14,J45.909,ICD10CM,asthma,pre-index
CTRL003117,2019-08-01,I10,ICD10CM,hypertension,pre-index
CTRL003117,2019-03-27,G43.909,ICD10CM,migraine,pre-index
CTRL003117,2019-12-31,I10,ICD10CM,hypertension,pre-index
CTRL003117,2020-03-28,J45.909,ICD10CM,asthma,pre-index
CTRL003131,2021-02-10,R10.9,ICD10CM,abdominal pain,pre-index
CTRL003131,2023-01-17,I10,ICD10CM,hypertension,pre-index
CTRL003131,2021-05-25,R10.9,ICD10CM,abdominal pain,pre-index
CTRL003131,2023-11-16,J45.909,ICD10CM,asthma,pre-index
CTRL003131,2021-03-23,K21.9,ICD10CM,GERD,pre-index
CTRL003131,2021-02-17,E78.5,ICD10CM,hyperlipidemia,pre-index
CTRL003143,2016-10-05,R53.83,ICD10CM,fatigue,pre-index
CTRL003143,2016-02-20,M79.7,ICD10CM,fibromyalgia,pre-index
CTRL003143,2017-12-17,I10,ICD10CM,hypertension,pre-index
CTRL003143,2016-02-24,R53.83,ICD10CM,fatigue,pre-index
CTRL003143,2017-07-29,E78.5,ICD10CM,hyperlipidemia,pre-index
CTRL003143,2016-04-03,L50.9,ICD10CM,urticaria,pre-index
CTRL003143,2016-10-02,R10.9,ICD10CM,abdominal pain,pre-index
CTRL003143,2018-06-30,R53.83,ICD10CM,fatigue,pre-index
CTRL003145,2023-09-25,R53.83,ICD10CM,fatigue,pre-index
CTRL003145,2021-12-15,I10,ICD10CM,hypertension,pre-index
CTRL003145,2022-05-05,I10,ICD10CM,hypertension,pre-index
CTRL003145,2024-09-05,K21.9,ICD10CM,GERD,pre-index
CTRL003161,2018-06-17,F41.9,ICD10CM,anxiety,pre-index
CTRL003161,2017-07-07,K21.9,ICD10CM,GERD,pre-index
CTRL003161,2017-07-25,K21.9,ICD10CM,GERD,pre-index
CTRL003161,2018-07-20,E78.5,ICD10CM,hyperlipidemia,pre-index
CTRL003161,2017-03-28,G43.909,ICD10CM,migraine,pre-index
CTRL003161,2016-08-26,J45.909,ICD10CM,asthma,pre-index
CTRL003172,2018-09-23,R10.9,ICD10CM,abdominal pain,pre-index
CTRL003172,2018-06-10,K21.9,ICD10CM,GERD,pre-index
CTRL003172,2019-05-07,L50.9,ICD10CM,urticaria,pre-index
CTRL003174,2017-06-12,I10,ICD10CM,hypertension,pre-index
CTRL003174,2017-10-16,E78.5,ICD10CM,hyperlipidemia,pre-index
CTRL003174,2018-06-17,L50.9,ICD10CM,urticaria,pre-index
CTRL003174,2019-01-08,L50.9,ICD10CM,urticaria,pre-index
CTRL003174,2017-05-27,E78.5,ICD10CM,hyperlipidemia,pre-index
CTRL003192,2022-09-28,R53.83,ICD10CM,fatigue,pre-index
CTRL003192,2021-03-03,G43.909,ICD10CM,migraine,pre-index
CTRL003192,2022-09-27,G43.909,ICD10CM,migraine,pre-index
CTRL003192,2022-10-28,G43.909,ICD10CM,migraine,pre-index
CTRL003192,2020-11-06,J45.909,ICD10CM,asthma,pre-index
CTRL003192,2021-11-18,G43.909,ICD10CM,migraine,pre-index
CTRL003192,2021-05-19,F41.9,ICD10CM,anxiety,pre-index
CTRL003195,2020-03-15,I10,ICD10CM,hypertension,pre-index
CTRL003195,2020-03-09,E78.5,ICD10CM,hyperlipidemia,pre-index
CTRL003195,2021-10-26,R10.9,ICD10CM,abdominal pain,pre-index
CTRL003195,2022-11-11,M79.7,ICD10CM,fibromyalgia,pre-index
CTRL003195,2020-09-10,K21.9,ICD10CM,GERD,pre-index
CTRL003266,2019-03-11,I10,ICD10CM,hypertension,pre-index
CTRL003266,2017-11-27,E78.5,ICD10CM,hyperlipidemia,pre-index
CTRL003266,2016-05-30,J45.909,ICD10CM,asthma,pre-index
CTRL003338,2023-05-21,I10,ICD10CM,hypertension,pre-index
CTRL003338,2022-07-01,G43.909,ICD10CM,migraine,pre-index
CTRL003338,2023-06-07,R53.83,ICD10CM,fatigue,pre-index
CTRL003338,2022-12-27,E78.5,ICD10CM,hyperlipidemia,pre-index
CTRL003338,2021-03-19,R53.83,ICD10CM,fatigue,pre-index
CTRL003338,2022-03-31,G43.909,ICD10CM,migraine,pre-index
CTRL003338,2022-07-06,L50.9,ICD10CM,urticaria,pre-index
CTRL003338,2022-01-24,F41.9,ICD10CM,anxiety,pre-index
CTRL003338,2022-08-13,L50.9,ICD10CM,urticaria,pre-index
CTRL003338,2023-05-27,I10,ICD10CM,hypertension,pre-index
CTRL003338,2023-02-01,R10.9,ICD10CM,abdominal pain,pre-index
CTRL003338,2020-12-07,F41.9,ICD10CM,anxiety,pre-index
CTRL003338,2022-02-12,E78.5,ICD10CM,hyperlipidemia,pre-index
CTRL003370,2020-03-29,L50.9,ICD10CM,urticaria,pre-index
CTRL003370,2019-06-07,R10.9,ICD10CM,abdominal pain,pre-index
CTRL003370,2019-08-23,K21.9,ICD10CM,GERD,pre-index
CTRL003370,2020-01-12,I10,ICD10CM,hypertension,pre-index
CTRL003370,2020-07-31,E78.5,ICD10CM,hyperlipidemia,pre-index
CTRL003370,2019-06-22,L50.9,ICD10CM,urticaria,pre-index
CTRL003376,2014-05-16,E78.5,ICD10CM,hyperlipidemia,pre-index
CTRL003376,2016-08-07,J45.909,ICD10CM,asthma,pre-index
CTRL003376,2015-11-01,L50.9,ICD10CM,urticaria,pre-index
CTRL003376,2014-09-06,R53.83,ICD10CM,fatigue,pre-index
CTRL003376,2015-10-16,R10.9,ICD10CM,abdominal pain,pre-index
CTRL003376,2015-08-20,K21.9,ICD10CM,GERD,pre-index
CTRL003376,2015-07-28,F41.9,ICD10CM,anxiety,pre-index
CTRL003378,2022-07-27,K21.9,ICD10CM,GERD,pre-index
CTRL003378,2023-12-06,J45.909,ICD10CM,asthma,pre-index
CTRL003378,2023-03-03,R53.83,ICD10CM,fatigue,pre-index
CTRL003378,2024-04-13,J45.909,ICD10CM,asthma,pre-index
CTRL003378,2022-09-30,G43.909,ICD10CM,migraine,pre-index
CTRL003378,2022-11-12,G43.909,ICD10CM,migraine,pre-index
CTRL003378,2023-08-17,G43.909,ICD10CM,migraine,pre-index
CTRL003378,2024-05-11,I10,ICD10CM,hypertension,pre-index
CTRL003378,2024-03-05,F41.9,ICD10CM,anxiety,pre-index
CTRL003399,2020-05-28,R10.9,ICD10CM,abdominal pain,pre-index
CTRL003399,2019-03-27,I10,ICD10CM,hypertension,pre-index
CTRL003399,2019-11-11,I10,ICD10CM,hypertension,pre-index
CTRL003399,2019-04-03,L50.9,ICD10CM,urticaria,pre-index
CTRL003399,2021-02-08,L50.9,ICD10CM,urticaria,pre-index
CTRL003399,2019-05-16,M79.7,ICD10CM,fibromyalgia,pre-index
CTRL003421,2021-10-22,G43.909,ICD10CM,migraine,pre-index
CTRL003421,2020-12-03,I10,ICD10CM,hypertension,pre-index
CTRL003421,2021-02-11,G43.909,ICD10CM,migraine,pre-index
CTRL003421,2019-10-21,K21.9,ICD10CM,GERD,pre-index
CTRL003440,2023-07-07,J45.909,ICD10CM,asthma,pre-index
CTRL003440,2022-09-19,G43.909,ICD10CM,migraine,pre-index
CTRL003440,2023-06-19,F41.9,ICD10CM,anxiety,pre-index
CTRL003440,2023-03-13,F41.9,ICD10CM,anxiety,pre-index
CTRL003440,2023-12-29,K21.9,ICD10CM,GERD,pre-index
CTRL003447,2022-04-24,E78.5,ICD10CM,hyperlipidemia,pre-index
CTRL003447,2023-02-18,R53.83,ICD10CM,fatigue,pre-index
CTRL003466,2015-01-02,K21.9,ICD10CM,GERD,pre-index
CTRL003466,2015-03-25,R10.9,ICD10CM,abdominal pain,pre-index
CTRL003466,2015-07-05,E78.5,ICD10CM,hyperlipidemia,pre-index
CTRL003466,2017-04-03,I10,ICD10CM,hypertension,pre-index
CTRL003466,2015-03-06,J45.909,ICD10CM,asthma,pre-index
CTRL003466,2016-09-12,R53.83,ICD10CM,fatigue,pre-index
CTRL003466,2016-01-24,L50.9,ICD10CM,urticaria,pre-index
CTRL003466,2014-10-13,I10,ICD10CM,hypertension,pre-index
CTRL003497,2019-06-27,F41.9,ICD10CM,anxiety,pre-index
CTRL003497,2021-03-15,J45.909,ICD10CM,asthma,pre-index
CTRL003497,2020-08-14,G43.909,ICD10CM,migraine,pre-index
CTRL003497,2021-01-01,K21.9,ICD10CM,GERD,pre-index
CTRL003497,2019-06-26,R10.9,ICD10CM,abdominal pain,pre-index
CTRL003497,2021-02-17,R10.9,ICD10CM,abdominal pain,pre-index
CTRL003528,2023-04-06,K21.9,ICD10CM,GERD,pre-index
CTRL003528,2021-09-10,R10.9,ICD10CM,abdominal pain,pre-index
CTRL003528,2022-09-06,L50.9,ICD10CM,urticaria,pre-index
CTRL003528,2022-06-08,F41.9,ICD10CM,anxiety,pre-index
CTRL003528,2022-01-29,L50.9,ICD10CM,urticaria,pre-index
CTRL003528,2022-06-27,E78.5,ICD10CM,hyperlipidemia,pre-index
CTRL003528,2023-12-08,G43.909,ICD10CM,migraine,pre-index
CTRL003528,2022-05-18,K21.9,ICD10CM,GERD,pre-index
CTRL003528,2023-09-20,J45.909,ICD10CM,asthma,pre-index
CTRL003528,2023-10-04,R53.83,ICD10CM,fatigue,pre-index
CTRL003554,2016-03-06,G43.909,ICD10CM,migraine,pre-index
CTRL003554,2017-05-01,G43.909,ICD10CM,migraine,pre-index
CTRL003554,2016-04-10,G43.909,ICD10CM,migraine,pre-index
CTRL003554,2018-08-28,E78.5,ICD10CM,hyperlipidemia,pre-index
CTRL003554,2017-03-28,E78.5,ICD10CM,hyperlipidemia,pre-index
CTRL003554,2016-03-29,R10.9,ICD10CM,abdominal pain,pre-index
CTRL003579,2019-05-27,E78.5,ICD10CM,hyperlipidemia,pre-index
CTRL003579,2016-10-21,R10.9,ICD10CM,abdominal pain,pre-index
CTRL003579,2019-03-22,J45.909,ICD10CM,asthma,pre-index
CTRL003579,2018-12-02,J45.909,ICD10CM,asthma,pre-index
CTRL003579,2019-01-03,K21.9,ICD10CM,GERD,pre-index
CTRL003579,2016-10-15,K21.9,ICD10CM,GERD,pre-index
CTRL003616,2015-04-11,I10,ICD10CM,hypertension,pre-index
CTRL003616,2015-03-24,J45.909,ICD10CM,asthma,pre-index
CTRL003616,2015-09-12,G43.909,ICD10CM,migraine,pre-index
CTRL003616,2015-09-11,E78.5,ICD10CM,hyperlipidemia,pre-index
CTRL003639,2019-12-04,I10,ICD10CM,hypertension,pre-index
CTRL003639,2020-03-16,M79.7,ICD10CM,fibromyalgia,pre-index
CTRL003639,2019-11-27,R10.9,ICD10CM,abdominal pain,pre-index
CTRL003639,2020-03-27,F41.9,ICD10CM,anxiety,pre-index
CTRL003639,2020-04-13,F41.9,ICD10CM,anxiety,pre-index
CTRL003658,2018-07-29,G43.909,ICD10CM,migraine,pre-index
CTRL003658,2018-07-10,L50.9,ICD10CM,urticaria,pre-index
CTRL003658,2015-11-25,F41.9,ICD10CM,anxiety,pre-index
CTRL003666,2018-09-13,K21.9,ICD10CM,GERD,pre-index
CTRL003666,2017-01-15,G43.909,ICD10CM,migraine,pre-index
CTRL003666,2017-01-13,R10.9,ICD10CM,abdominal pain,pre-index
CTRL003666,2018-07-12,E78.5,ICD10CM,hyperlipidemia,pre-index
CTRL003666,2018-08-01,G43.909,ICD10CM,migraine,pre-index
CTRL003666,2019-07-18,E78.5,ICD10CM,hyperlipidemia,pre-index
CTRL003666,2018-09-07,M79.7,ICD10CM,fibromyalgia,pre-index
CTRL003666,2017-10-10,E78.5,ICD10CM,hyperlipidemia,pre-index
CTRL003666,2018-09-09,R53.83,ICD10CM,fatigue,pre-index
CTRL003666,2018-11-05,R53.83,ICD10CM,fatigue,pre-index
CTRL003704,2016-10-24,R10.9,ICD10CM,abdominal pain,pre-index
CTRL003704,2017-01-09,I10,ICD10CM,hypertension,pre-index
CTRL003704,2017-02-03,E78.5,ICD10CM,hyperlipidemia,pre-index
CTRL003704,2016-03-05,I10,ICD10CM,hypertension,pre-index
CTRL003705,2021-03-21,E78.5,ICD10CM,hyperlipidemia,pre-index
CTRL003705,2020-12-24,R53.83,ICD10CM,fatigue,pre-index
CTRL003705,2021-11-05,K21.9,ICD10CM,GERD,pre-index
CTRL003705,2019-02-20,I10,ICD10CM,hypertension,pre-index
CTRL003705,2020-07-16,J45.909,ICD10CM,asthma,pre-index
CTRL003705,2019-08-01,E78.5,ICD10CM,hyperlipidemia,pre-index
CTRL003705,2019-05-08,R10.9,ICD10CM,abdominal pain,pre-index
CTRL003705,2020-02-25,F41.9,ICD10CM,anxiety,pre-index
CTRL003705,2021-01-15,R53.83,ICD10CM,fatigue,pre-index
CTRL003705,2021-01-23,E78.5,ICD10CM,hyperlipidemia,pre-index
CTRL003736,2017-08-21,K21.9,ICD10CM,GERD,pre-index
CTRL003736,2016-05-30,R10.9,ICD10CM,abdominal pain,pre-index
CTRL003736,2018-03-17,R53.83,ICD10CM,fatigue,pre-index
CTRL003762,2019-01-01,K21.9,ICD10CM,GERD,pre-index
CTRL003762,2020-10-28,M79.7,ICD10CM,fibromyalgia,pre-index
CTRL003762,2019-07-03,E78.5,ICD10CM,hyperlipidemia,pre-index
CTRL003765,2023-09-18,F41.9,ICD10CM,anxiety,pre-index
CTRL003765,2021-07-27,R10.9,ICD10CM,abdominal pain,pre-index
CTRL003765,2021-09-01,G43.909,ICD10CM,migraine,pre-index
CTRL003765,2022-10-15,E78.5,ICD10CM,hyperlipidemia,pre-index
CTRL003765,2023-08-03,J45.909,ICD10CM,asthma,pre-index
CTRL003765,2021-06-20,E78.5,ICD10CM,hyperlipidemia,pre-index
CTRL003765,2022-03-29,L50.9,ICD10CM,urticaria,pre-index
CTRL003765,2021-11-22,R53.83,ICD10CM,fatigue,pre-index
CTRL003765,2022-11-02,K21.9,ICD10CM,GERD,pre-index
CTRL003765,2021-10-13,F41.9,ICD10CM,anxiety,pre-index
CTRL003771,2015-12-09,E78.5,ICD10CM,hyperlipidemia,pre-index
CTRL003771,2014-11-16,I10,ICD10CM,hypertension,pre-index
CTRL003771,2015-08-19,R53.83,ICD10CM,fatigue,pre-index
CTRL003836,2014-06-11,M79.7,ICD10CM,fibromyalgia,pre-index
CTRL003836,2015-10-04,M79.7,ICD10CM,fibromyalgia,pre-index
CTRL003836,2014-07-22,R10.9,ICD10CM,abdominal pain,pre-index
CTRL003836,2014-03-18,F41.9,ICD10CM,anxiety,pre-index
CTRL003836,2014-01-18,J45.909,ICD10CM,asthma,pre-index
CTRL003836,2013-11-08,F41.9,ICD10CM,anxiety,pre-index
CTRL003872,2015-07-25,I10,ICD10CM,hypertension,pre-index
CTRL003872,2016-11-02,F41.9,ICD10CM,anxiety,pre-index
CTRL003872,2015-04-14,G43.909,ICD10CM,migraine,pre-index
CTRL003872,2017-06-22,L50.9,ICD10CM,urticaria,pre-index
CTRL003911,2020-09-01,R53.83,ICD10CM,fatigue,pre-index
CTRL003911,2020-10-25,J45.909,ICD10CM,asthma,pre-index
CTRL003911,2022-01-05,F41.9,ICD10CM,anxiety,pre-index
CTRL003911,2022-03-29,R53.83,ICD10CM,fatigue,pre-index
CTRL003911,2020-09-19,E78.5,ICD10CM,hyperlipidemia,pre-index
CTRL003911,2022-06-09,G43.909,ICD10CM,migraine,pre-index
CTRL003911,2021-06-20,E78.5,ICD10CM,hyperlipidemia,pre-index
CTRL003912,2017-12-30,G43.909,ICD10CM,migraine,pre-index
CTRL003912,2015-12-22,L50.9,ICD10CM,urticaria,pre-index
CTRL003912,2015-03-19,I10,ICD10CM,hypertension,pre-index
CTRL003925,2020-08-13,F41.9,ICD10CM,anxiety,pre-index
CTRL003925,2019-11-29,R10.9,ICD10CM,abdominal pain,pre-index
CTRL003925,2019-10-12,G43.909,ICD10CM,migraine,pre-index
CTRL003925,2021-12-08,J45.909,ICD10CM,asthma,pre-index
CTRL003925,2021-07-12,K21.9,ICD10CM,GERD,pre-index
CTRL003925,2020-04-02,K21.9,ICD10CM,GERD,pre-index
CTRL003925,2021-04-29,J45.909,ICD10CM,asthma,pre-index
CTRL003925,2021-09-03,J45.909,ICD10CM,asthma,pre-index
CTRL003925,2020-03-22,I10,ICD10CM,hypertension,pre-index
CTRL003929,2021-03-09,I10,ICD10CM,hypertension,pre-index
CTRL003929,2022-05-28,I10,ICD10CM,hypertension,pre-index
CTRL003929,2022-02-27,K21.9,ICD10CM,GERD,pre-index
CTRL003929,2020-06-24,K21.9,ICD10CM,GERD,pre-index
CTRL003929,2021-05-03,J45.909,ICD10CM,asthma,pre-index
CTRL003929,2020-05-28,I10,ICD10CM,hypertension,pre-index
CTRL003929,2021-05-08,J45.909,ICD10CM,asthma,pre-index
CTRL003929,2021-06-23,E78.5,ICD10CM,hyperlipidemia,pre-index
CTRL003955,2016-09-18,G43.909,ICD10CM,migraine,pre-index
CTRL003955,2018-07-14,E78.5,ICD10CM,hyperlipidemia,pre-index
CTRL003955,2017-12-16,F41.9,ICD10CM,anxiety,pre-index
CTRL003955,2019-01-11,L50.9,ICD10CM,urticaria,pre-index
CTRL003955,2017-05-01,E78.5,ICD10CM,hyperlipidemia,pre-index
CTRL003955,2018-09-25,K21.9,ICD10CM,GERD,pre-index
CTRL003955,2017-11-13,R53.83,ICD10CM,fatigue,pre-index
CTRL003963,2023-11-24,R53.83,ICD10CM,fatigue,pre-index
CTRL003963,2021-05-15,I10,ICD10CM,hypertension,pre-index
CTRL003963,2023-09-06,I10,ICD10CM,hypertension,pre-index
CTRL003963,2022-11-18,J45.909,ICD10CM,asthma,pre-index
CTRL003963,2021-08-17,R53.83,ICD10CM,fatigue,pre-index
CTRL003973,2015-08-26,R10.9,ICD10CM,abdominal pain,pre-index
CTRL003993,2019-07-12,G43.909,ICD10CM,migraine,pre-index
CTRL003993,2019-07-13,M79.7,ICD10CM,fibromyalgia,pre-index
CTRL003993,2018-10-29,E78.5,ICD10CM,hyperlipidemia,pre-index
CTRL003993,2020-09-25,F41.9,ICD10CM,anxiety,pre-index
CTRL004030,2019-01-17,K21.9,ICD10CM,GERD,pre-index
CTRL004030,2020-11-07,F41.9,ICD10CM,anxiety,pre-index
CTRL004049,2017-05-05,E78.5,ICD10CM,hyperlipidemia,pre-index
CTRL004049,2017-11-26,E78.5,ICD10CM,hyperlipidemia,pre-index
CTRL004049,2015-11-15,K21.9,ICD10CM,GERD,pre-index
CTRL004049,2016-04-30,L50.9,ICD10CM,urticaria,pre-index
CTRL004049,2016-12-27,I10,ICD10CM,hypertension,pre-index
CTRL004067,2019-04-17,E78.5,ICD10CM,hyperlipidemia,pre-index
CTRL004067,2020-11-28,I10,ICD10CM,hypertension,pre-index
CTRL004067,2019-01-21,R10.9,ICD10CM,abdominal pain,pre-index
CTRL004067,2019-11-09,I10,ICD10CM,hypertension,pre-index
CTRL004067,2019-04-20,E78.5,ICD10CM,hyperlipidemia,pre-index
CTRL004067,2019-09-01,R53.83,ICD10CM,fatigue,pre-index
CTRL004071,2020-03-25,G43.909,ICD10CM,migraine,pre-index
CTRL004071,2021-03-18,G43.909,ICD10CM,migraine,pre-index
CTRL004071,2021-04-30,J45.909,ICD10CM,asthma,pre-index
CTRL004071,2020-01-10,J45.909,ICD10CM,asthma,pre-index
CTRL004071,2020-06-20,J45.909,ICD10CM,asthma,pre-index
CTRL004071,2021-05-28,G43.909,ICD10CM,migraine,pre-index
CTRL004071,2021-06-21,G43.909,ICD10CM,migraine,pre-index
CTRL004071,2019-06-13,K21.9,ICD10CM,GERD,pre-index
CTRL004077,2016-05-08,F41.9,ICD10CM,anxiety,pre-index
CTRL004077,2015-12-08,R53.83,ICD10CM,fatigue,pre-index
CTRL004088,2018-11-30,M79.7,ICD10CM,fibromyalgia,pre-index
CTRL004088,2018-06-10,L50.9,ICD10CM,urticaria,pre-index
CTRL004088,2017-10-20,G43.909,ICD10CM,migraine,pre-index
CTRL004088,2018-08-27,R10.9,ICD10CM,abdominal pain,pre-index
CTRL004088,2017-07-15,K21.9,ICD10CM,GERD,pre-index
CTRL004088,2018-10-21,E78.5,ICD10CM,hyperlipidemia,pre-index
CTRL004091,2017-02-04,R53.83,ICD10CM,fatigue,pre-index
CTRL004091,2019-02-07,F41.9,ICD10CM,anxiety,pre-index
CTRL004091,2016-09-19,R53.83,ICD10CM,fatigue,pre-index
CTRL004091,2016-11-26,R10.9,ICD10CM,abdominal pain,pre-index
CTRL004091,2017-01-16,G43.909,ICD10CM,migraine,pre-index
CTRL004091,2016-08-03,R53.83,ICD10CM,fatigue,pre-index
CTRL004091,2019-01-20,R10.9,ICD10CM,abdominal pain,pre-index
CTRL004092,2014-04-12,K21.9,ICD10CM,GERD,pre-index
CTRL004092,2016-07-31,K21.9,ICD10CM,GERD,pre-index
CTRL004092,2015-06-01,K21.9,ICD10CM,GERD,pre-index
CTRL004092,2016-06-07,F41.9,ICD10CM,anxiety,pre-index
CTRL004092,2014-01-09,R10.9,ICD10CM,abdominal pain,pre-index
CTRL004121,2016-01-20,M79.7,ICD10CM,fibromyalgia,pre-index
CTRL004121,2017-05-21,G43.909,ICD10CM,migraine,pre-index
CTRL004121,2017-02-04,L50.9,ICD10CM,urticaria,pre-index
CTRL004121,2016-10-10,J45.909,ICD10CM,asthma,pre-index
CTRL004121,2018-02-02,M79.7,ICD10CM,fibromyalgia,pre-index
CTRL004121,2015-08-31,L50.9,ICD10CM,urticaria,pre-index
CTRL004128,2013-03-27,J45.909,ICD10CM,asthma,pre-index
CTRL004128,2015-02-28,G43.909,ICD10CM,migraine,pre-index
CTRL004128,2014-12-03,J45.909,ICD10CM,asthma,pre-index
CTRL004128,2015-12-10,R10.9,ICD10CM,abdominal pain,pre-index
CTRL004128,2014-07-20,M79.7,ICD10CM,fibromyalgia,pre-index
CTRL004128,2014-05-10,M79.7,ICD10CM,fibromyalgia,pre-index
CTRL004128,2014-03-20,E78.5,ICD10CM,hyperlipidemia,pre-index
CTRL004128,2015-03-25,R53.83,ICD10CM,fatigue,pre-index
CTRL004142,2021-11-09,J45.909,ICD10CM,asthma,pre-index
CTRL004142,2020-08-08,E78.5,ICD10CM,hyperlipidemia,pre-index
CTRL004142,2019-11-13,L50.9,ICD10CM,urticaria,pre-index
CTRL004142,2021-01-08,F41.9,ICD10CM,anxiety,pre-index
CTRL004170,2021-09-23,F41.9,ICD10CM,anxiety,pre-index
CTRL004170,2021-03-22,E78.5,ICD10CM,hyperlipidemia,pre-index
CTRL004170,2021-12-25,J45.909,ICD10CM,asthma,pre-index
CTRL004170,2020-09-12,J45.909,ICD10CM,asthma,pre-index
CTRL004170,2021-11-28,J45.909,ICD10CM,asthma,pre-index
CTRL004170,2020-12-01,R10.9,ICD10CM,abdominal pain,pre-index
CTRL004170,2020-11-07,M79.7,ICD10CM,fibromyalgia,pre-index
CTRL004188,2021-09-15,J45.909,ICD10CM,asthma,pre-index
CTRL004188,2020-11-08,G43.909,ICD10CM,migraine,pre-index
CTRL004188,2022-12-07,K21.9,ICD10CM,GERD,pre-index
CTRL004188,2022-07-02,R10.9,ICD10CM,abdominal pain,pre-index
CTRL004188,2021-02-17,J45.909,ICD10CM,asthma,pre-index
CTRL004188,2021-01-12,E78.5,ICD10CM,hyperlipidemia,pre-index
CTRL004188,2020-11-01,F41.9,ICD10CM,anxiety,pre-index
CTRL004188,2021-04-04,K21.9,ICD10CM,GERD,pre-index
CTRL004188,2021-11-22,M79.7,ICD10CM,fibromyalgia,pre-index
CTRL004188,2022-03-09,R53.83,ICD10CM,fatigue,pre-index
CTRL004207,2018-11-13,I10,ICD10CM,hypertension,pre-index
CTRL004207,2017-10-26,G43.909,ICD10CM,migraine,pre-index
CTRL004207,2018-07-21,R10.9,ICD10CM,abdominal pain,pre-index
CTRL004207,2019-06-25,R53.83,ICD10CM,fatigue,pre-index
CTRL004207,2017-08-05,I10,ICD10CM,hypertension,pre-index
CTRL004207,2017-10-05,K21.9,ICD10CM,GERD,pre-index
CTRL004207,2019-06-08,G43.909,ICD10CM,migraine,pre-index
CTRL004207,2019-05-07,J45.909,ICD10CM,asthma,pre-index
CTRL004207,2017-04-27,M79.7,ICD10CM,fibromyalgia,pre-index
CTRL004207,2019-03-20,F41.9,ICD10CM,anxiety,pre-index
CTRL004207,2017-12-26,G43.909,ICD10CM,migraine,pre-index
CTRL004207,2019-01-02,L50.9,ICD10CM,urticaria,pre-index
CTRL004225,2017-12-21,G43.909,ICD10CM,migraine,pre-index
CTRL004225,2018-04-13,R53.83,ICD10CM,fatigue,pre-index
CTRL004225,2017-09-20,M79.7,ICD10CM,fibromyalgia,pre-index
CTRL004225,2017-06-13,E78.5,ICD10CM,hyperlipidemia,pre-index
CTRL004238,2021-07-27,K21.9,ICD10CM,GERD,pre-index
CTRL004238,2021-01-25,E78.5,ICD10CM,hyperlipidemia,pre-index
CTRL004238,2020-11-10,I10,ICD10CM,hypertension,pre-index
CTRL004238,2019-01-10,K21.9,ICD10CM,GERD,pre-index
CTRL004238,2021-04-05,K21.9,ICD10CM,GERD,pre-index
CTRL004244,2015-07-22,F41.9,ICD10CM,anxiety,pre-index
CTRL004244,2016-04-02,I10,ICD10CM,hypertension,pre-index
CTRL004244,2016-06-19,J45.909,ICD10CM,asthma,pre-index
CTRL004244,2016-08-25,G43.909,ICD10CM,migraine,pre-index
CTRL004244,2015-10-03,R53.83,ICD10CM,fatigue,pre-index
CTRL004244,2016-04-04,M79.7,ICD10CM,fibromyalgia,pre-index
CTRL004244,2016-06-07,E78.5,ICD10CM,hyperlipidemia,pre-index
CTRL004246,2017-11-24,J45.909,ICD10CM,asthma,pre-index
CTRL004246,2017-05-24,E78.5,ICD10CM,hyperlipidemia,pre-index
CTRL004246,2018-02-12,I10,ICD10CM,hypertension,pre-index
CTRL004246,2018-03-22,R53.83,ICD10CM,fatigue,pre-index
CTRL004246,2017-10-09,J45.909,ICD10CM,asthma,pre-index
CTRL004246,2016-12-02,K21.9,ICD10CM,GERD,pre-index
CTRL004246,2017-09-10,K21.9,ICD10CM,GERD,pre-index
CTRL004246,2017-05-29,G43.909,ICD10CM,migraine,pre-index
CTRL004246,2017-04-10,L50.9,ICD10CM,urticaria,pre-index
CTRL004246,2017-05-19,R10.9,ICD10CM,abdominal pain,pre-index
CTRL004246,2017-07-20,R10.9,ICD10CM,abdominal pain,pre-index
CTRL004246,2018-01-07,E78.5,ICD10CM,hyperlipidemia,pre-index
CTRL004246,2017-06-03,K21.9,ICD10CM,GERD,pre-index
CTRL004250,2019-01-06,E78.5,ICD10CM,hyperlipidemia,pre-index
CTRL004250,2021-03-22,I10,ICD10CM,hypertension,pre-index
CTRL004250,2019-02-09,R53.83,ICD10CM,fatigue,pre-index
CTRL004250,2021-11-07,R53.83,ICD10CM,fatigue,pre-index
CTRL004250,2020-11-18,E78.5,ICD10CM,hyperlipidemia,pre-index
CTRL004290,2021-04-13,R53.83,ICD10CM,fatigue,pre-index
CTRL004290,2023-01-18,E78.5,ICD10CM,hyperlipidemia,pre-index
CTRL004290,2023-01-13,K21.9,ICD10CM,GERD,pre-index
CTRL004290,2021-09-17,I10,ICD10CM,hypertension,pre-index
CTRL004309,2017-12-05,R10.9,ICD10CM,abdominal pain,pre-index
CTRL004309,2018-03-20,G43.909,ICD10CM,migraine,pre-index
CTRL004309,2018-03-04,R53.83,ICD10CM,fatigue,pre-index
CTRL004361,2014-07-01,I10,ICD10CM,hypertension,pre-index
CTRL004361,2014-11-20,J45.909,ICD10CM,asthma,pre-index
CTRL004361,2015-01-07,R53.83,ICD10CM,fatigue,pre-index
CTRL004361,2014-11-19,K21.9,ICD10CM,GERD,pre-index
CTRL004361,2013-05-11,K21.9,ICD10CM,GERD,pre-index
CTRL004361,2015-06-23,K21.9,ICD10CM,GERD,pre-index
CTRL004361,2014-07-15,R10.9,ICD10CM,abdominal pain,pre-index
CTRL004361,2015-08-16,G43.909,ICD10CM,migraine,pre-index
CTRL004366,2021-10-10,I10,ICD10CM,hypertension,pre-index
CTRL004366,2023-02-12,G43.909,ICD10CM,migraine,pre-index
CTRL004366,2021-02-24,M79.7,ICD10CM,fibromyalgia,pre-index
CTRL004366,2020-11-12,K21.9,ICD10CM,GERD,pre-index
CTRL004366,2020-10-23,I10,ICD10CM,hypertension,pre-index
CTRL004366,2021-05-10,L50.9,ICD10CM,urticaria,pre-index
CTRL004366,2023-09-20,F41.9,ICD10CM,anxiety,pre-index
CTRL004366,2022-11-04,K21.9,ICD10CM,GERD,pre-index
CTRL004366,2021-03-31,I10,ICD10CM,hypertension,pre-index
CTRL004368,2016-06-30,K21.9,ICD10CM,GERD,pre-index
CTRL004368,2013-12-01,G43.909,ICD10CM,migraine,pre-index
CTRL004368,2016-01-04,K21.9,ICD10CM,GERD,pre-index
CTRL004368,2014-08-16,J45.909,ICD10CM,asthma,pre-index
CTRL004368,2015-09-01,F41.9,ICD10CM,anxiety,pre-index
CTRL004368,2016-01-30,E78.5,ICD10CM,hyperlipidemia,pre-index
CTRL004390,2022-03-27,L50.9,ICD10CM,urticaria,pre-index
CTRL004390,2021-04-14,F41.9,ICD10CM,anxiety,pre-index
CTRL004390,2020-11-06,J45.909,ICD10CM,asthma,pre-index
CTRL004390,2023-07-07,L50.9,ICD10CM,urticaria,pre-index
CTRL004390,2022-07-24,R10.9,ICD10CM,abdominal pain,pre-index
CTRL004390,2022-08-25,I10,ICD10CM,hypertension,pre-index
CTRL004390,2022-01-20,F41.9,ICD10CM,anxiety,pre-index
CTRL004390,2023-09-12,M79.7,ICD10CM,fibromyalgia,pre-index
CTRL004390,2023-04-17,R53.83,ICD10CM,fatigue,pre-index
CTRL004390,2023-03-13,E78.5,ICD10CM,hyperlipidemia,pre-index
CTRL004390,2023-02-25,J45.909,ICD10CM,asthma,pre-index
CTRL004390,2021-12-27,K21.9,ICD10CM,GERD,pre-index
CTRL004398,2021-01-09,K21.9,ICD10CM,GERD,pre-index
CTRL004398,2018-12-18,E78.5,ICD10CM,hyperlipidemia,pre-index
CTRL004398,2020-08-07,I10,ICD10CM,hypertension,pre-index
CTRL004460,2015-02-09,R53.83,ICD10CM,fatigue,pre-index
CTRL004494,2023-06-06,R53.83,ICD10CM,fatigue,pre-index
CTRL004494,2020-12-17,E78.5,ICD10CM,hyperlipidemia,pre-index
CTRL004494,2023-09-03,E78.5,ICD10CM,hyperlipidemia,pre-index
CTRL004494,2023-07-09,R53.83,ICD10CM,fatigue,pre-index
CTRL004494,2023-07-23,R53.83,ICD10CM,fatigue,pre-index
CTRL004494,2023-11-26,J45.909,ICD10CM,asthma,pre-index
CTRL004517,2018-01-30,R53.83,ICD10CM,fatigue,pre-index
CTRL004517,2018-03-17,J45.909,ICD10CM,asthma,pre-index
CTRL004517,2019-03-29,I10,ICD10CM,hypertension,pre-index
CTRL004517,2019-06-03,L50.9,ICD10CM,urticaria,pre-index
CTRL004517,2019-06-17,E78.5,ICD10CM,hyperlipidemia,pre-index
CTRL004517,2019-04-28,R10.9,ICD10CM,abdominal pain,pre-index
CTRL004517,2019-01-11,F41.9,ICD10CM,anxiety,pre-index
CTRL004517,2019-10-12,G43.909,ICD10CM,migraine,pre-index
CTRL004517,2017-09-12,E78.5,ICD10CM,hyperlipidemia,pre-index
CTRL004517,2018-07-18,I10,ICD10CM,hypertension,pre-index
CTRL004517,2019-09-09,K21.9,ICD10CM,GERD,pre-index
CTRL004517,2018-10-02,G43.909,ICD10CM,migraine,pre-index
CTRL004529,2014-12-26,L50.9,ICD10CM,urticaria,pre-index
CTRL004529,2014-10-02,I10,ICD10CM,hypertension,pre-index
CTRL004529,2014-02-21,I10,ICD10CM,hypertension,pre-index
CTRL004529,2015-05-13,L50.9,ICD10CM,urticaria,pre-index
CTRL004529,2014-02-01,R53.83,ICD10CM,fatigue,pre-index
CTRL004529,2014-06-27,G43.909,ICD10CM,migraine,pre-index
CTRL004529,2015-04-23,F41.9,ICD10CM,anxiety,pre-index
CTRL004540,2018-02-03,R53.83,ICD10CM,fatigue,pre-index
CTRL004540,2018-03-03,L50.9,ICD10CM,urticaria,pre-index
CTRL004540,2016-08-28,R10.9,ICD10CM,abdominal pain,pre-index
CTRL004540,2015-06-03,R53.83,ICD10CM,fatigue,pre-index
CTRL004540,2017-03-05,J45.909,ICD10CM,asthma,pre-index
CTRL004540,2017-05-21,R53.83,ICD10CM,fatigue,pre-index
CTRL004540,2015-08-08,L50.9,ICD10CM,urticaria,pre-index
CTRL004547,2019-03-03,K21.9,ICD10CM,GERD,pre-index
CTRL004547,2019-06-10,G43.909,ICD10CM,migraine,pre-index
CTRL004547,2017-09-27,I10,ICD10CM,hypertension,pre-index
CTRL004547,2018-06-27,J45.909,ICD10CM,asthma,pre-index
CTRL004547,2017-05-31,G43.909,ICD10CM,migraine,pre-index
CTRL004547,2018-03-21,I10,ICD10CM,hypertension,pre-index
CTRL004547,2018-03-13,K21.9,ICD10CM,GERD,pre-index
CTRL004547,2017-09-06,R10.9,ICD10CM,abdominal pain,pre-index
CTRL004547,2018-05-12,R53.83,ICD10CM,fatigue,pre-index
CTRL004562,2021-01-14,R53.83,ICD10CM,fatigue,pre-index
CTRL004562,2021-10-21,K21.9,ICD10CM,GERD,pre-index
CTRL004562,2020-12-18,R53.83,ICD10CM,fatigue,pre-index
CTRL004562,2020-11-15,K21.9,ICD10CM,GERD,pre-index
CTRL004562,2021-05-13,J45.909,ICD10CM,asthma,pre-index
CTRL004562,2020-11-22,L50.9,ICD10CM,urticaria,pre-index
CTRL004562,2021-08-24,R53.83,ICD10CM,fatigue,pre-index
CTRL004562,2020-09-09,E78.5,ICD10CM,hyperlipidemia,pre-index
CTRL004562,2021-01-28,L50.9,ICD10CM,urticaria,pre-index
CTRL004562,2021-06-23,K21.9,ICD10CM,GERD,pre-index
CTRL004568,2016-04-25,J45.909,ICD10CM,asthma,pre-index
CTRL004568,2015-05-01,R53.83,ICD10CM,fatigue,pre-index
CTRL004568,2015-01-31,L50.9,ICD10CM,urticaria,pre-index
CTRL004568,2016-04-14,R10.9,ICD10CM,abdominal pain,pre-index
CTRL004568,2015-02-03,F41.9,ICD10CM,anxiety,pre-index
CTRL004568,2014-12-24,K21.9,ICD10CM,GERD,pre-index
CTRL004568,2015-10-10,F41.9,ICD10CM,anxiety,pre-index
CTRL004577,2020-05-16,K21.9,ICD10CM,GERD,pre-index
CTRL004577,2021-05-12,G43.909,ICD10CM,migraine,pre-index
CTRL004586,2020-05-09,E78.5,ICD10CM,hyperlipidemia,pre-index
CTRL004586,2020-09-11,J45.909,ICD10CM,asthma,pre-index
CTRL004586,2019-08-11,I10,ICD10CM,hypertension,pre-index
CTRL004586,2020-03-17,K21.9,ICD10CM,GERD,pre-index
CTRL004587,2020-03-30,G43.909,ICD10CM,migraine,pre-index
CTRL004587,2021-11-23,K21.9,ICD10CM,GERD,pre-index
CTRL004587,2021-12-09,F41.9,ICD10CM,anxiety,pre-index
CTRL004587,2020-02-27,R53.83,ICD10CM,fatigue,pre-index
CTRL004587,2020-07-30,M79.7,ICD10CM,fibromyalgia,pre-index
CTRL004587,2019-10-11,F41.9,ICD10CM,anxiety,pre-index
CTRL004587,2019-07-28,J45.909,ICD10CM,asthma,pre-index
CTRL004631,2020-08-29,G43.909,ICD10CM,migraine,pre-index
CTRL004631,2021-11-27,F41.9,ICD10CM,anxiety,pre-index
CTRL004631,2020-09-30,I10,ICD10CM,hypertension,pre-index
CTRL004639,2020-10-04,J45.909,ICD10CM,asthma,pre-index
CTRL004639,2021-11-04,L50.9,ICD10CM,urticaria,pre-index
CTRL004639,2022-04-08,F41.9,ICD10CM,anxiety,pre-index
CTRL004639,2020-12-04,L50.9,ICD10CM,urticaria,pre-index
CTRL004639,2021-05-28,R53.83,ICD10CM,fatigue,pre-index
CTRL004648,2015-07-17,K21.9,ICD10CM,GERD,pre-index
CTRL004648,2013-10-17,K21.9,ICD10CM,GERD,pre-index
CTRL004648,2015-01-31,K21.9,ICD10CM,GERD,pre-index
CTRL004648,2014-06-28,F41.9,ICD10CM,anxiety,pre-index
CTRL004648,2014-07-28,L50.9,ICD10CM,urticaria,pre-index
CTRL004648,2015-08-23,J45.909,ICD10CM,asthma,pre-index
CTRL004648,2014-12-23,F41.9,ICD10CM,anxiety,pre-index
CTRL004657,2018-03-25,R10.9,ICD10CM,abdominal pain,pre-index
CTRL004657,2020-08-21,G43.909,ICD10CM,migraine,pre-index
CTRL004657,2020-10-12,F41.9,ICD10CM,anxiety,pre-index
CTRL004657,2019-04-17,F41.9,ICD10CM,anxiety,pre-index
CTRL004657,2017-12-28,J45.909,ICD10CM,asthma,pre-index
CTRL004693,2014-06-10,J45.909,ICD10CM,asthma,pre-index
CTRL004693,2014-04-11,G43.909,ICD10CM,migraine,pre-index
CTRL004693,2015-05-01,G43.909,ICD10CM,migraine,pre-index
CTRL004693,2014-08-03,L50.9,ICD10CM,urticaria,pre-index
CTRL004693,2014-07-12,I10,ICD10CM,hypertension,pre-index
CTRL004697,2015-09-21,K21.9,ICD10CM,GERD,pre-index
CTRL004697,2015-04-12,R53.83,ICD10CM,fatigue,pre-index
CTRL004697,2015-01-26,G43.909,ICD10CM,migraine,pre-index
CTRL004697,2017-07-29,K21.9,ICD10CM,GERD,pre-index
CTRL004697,2016-03-30,R10.9,ICD10CM,abdominal pain,pre-index
CTRL004728,2021-07-30,K21.9,ICD10CM,GERD,pre-index
CTRL004728,2021-06-05,E78.5,ICD10CM,hyperlipidemia,pre-index
CTRL004728,2024-03-06,K21.9,ICD10CM,GERD,pre-index
CTRL004728,2024-04-14,R10.9,ICD10CM,abdominal pain,pre-index
CTRL004728,2024-04-06,E78.5,ICD10CM,hyperlipidemia,pre-index
CTRL004728,2024-02-19,F41.9,ICD10CM,anxiety,pre-index
CTRL004728,2024-04-21,F41.9,ICD10CM,anxiety,pre-index
CTRL004730,2016-03-15,G43.909,ICD10CM,migraine,pre-index
CTRL004730,2015-05-17,E78.5,ICD10CM,hyperlipidemia,pre-index
CTRL004730,2017-12-08,L50.9,ICD10CM,urticaria,pre-index
CTRL004730,2017-11-23,L50.9,ICD10CM,urticaria,pre-index
CTRL004730,2015-07-30,F41.9,ICD10CM,anxiety,pre-index
CTRL004730,2016-12-05,G43.909,ICD10CM,migraine,pre-index
CTRL004730,2016-02-25,J45.909,ICD10CM,asthma,pre-index
CTRL004733,2018-05-15,K21.9,ICD10CM,GERD,pre-index
CTRL004733,2016-07-17,I10,ICD10CM,hypertension,pre-index
CTRL004733,2017-07-31,J45.909,ICD10CM,asthma,pre-index
CTRL004733,2018-07-23,K21.9,ICD10CM,GERD,pre-index
CTRL004733,2015-10-24,K21.9,ICD10CM,GERD,pre-index
CTRL004733,2017-07-12,R53.83,ICD10CM,fatigue,pre-index
CTRL004733,2016-01-14,F41.9,ICD10CM,anxiety,pre-index
CTRL004733,2016-01-17,J45.909,ICD10CM,asthma,pre-index
CTRL004733,2016-09-26,E78.5,ICD10CM,hyperlipidemia,pre-index
CTRL004737,2022-04-13,L50.9,ICD10CM,urticaria,pre-index
CTRL004737,2021-07-09,I10,ICD10CM,hypertension,pre-index
CTRL004737,2023-02-04,E78.5,ICD10CM,hyperlipidemia,pre-index
CTRL004737,2022-06-25,K21.9,ICD10CM,GERD,pre-index
CTRL004737,2021-10-28,G43.909,ICD10CM,migraine,pre-index
CTRL004739,2017-04-29,F41.9,ICD10CM,anxiety,pre-index
CTRL004739,2017-04-27,K21.9,ICD10CM,GERD,pre-index
CTRL004739,2016-12-17,K21.9,ICD10CM,GERD,pre-index
CTRL004739,2018-03-23,E78.5,ICD10CM,hyperlipidemia,pre-index
CTRL004739,2016-12-28,G43.909,ICD10CM,migraine,pre-index
CTRL004739,2017-06-12,I10,ICD10CM,hypertension,pre-index
CTRL004739,2018-04-07,I10,ICD10CM,hypertension,pre-index
CTRL004746,2018-12-20,K21.9,ICD10CM,GERD,pre-index
CTRL004746,2019-02-21,I10,ICD10CM,hypertension,pre-index
CTRL004746,2017-09-30,R10.9,ICD10CM,abdominal pain,pre-index
CTRL004746,2019-01-28,E78.5,ICD10CM,hyperlipidemia,pre-index
CTRL004746,2019-01-30,L50.9,ICD10CM,urticaria,pre-index
CTRL004746,2018-05-15,R10.9,ICD10CM,abdominal pain,pre-index
CTRL004746,2019-03-15,E78.5,ICD10CM,hyperlipidemia,pre-index
CTRL004746,2017-12-05,F41.9,ICD10CM,anxiety,pre-index
CTRL004746,2018-03-10,J45.909,ICD10CM,asthma,pre-index
CTRL004786,2015-09-29,E78.5,ICD10CM,hyperlipidemia,pre-index
CTRL004786,2015-10-14,R10.9,ICD10CM,abdominal pain,pre-index
CTRL004786,2016-09-11,R53.83,ICD10CM,fatigue,pre-index
CTRL004786,2015-03-29,R53.83,ICD10CM,fatigue,pre-index
CTRL004786,2014-06-29,J45.909,ICD10CM,asthma,pre-index
CTRL004800,2022-04-21,L50.9,ICD10CM,urticaria,pre-index
CTRL004800,2022-06-26,R53.83,ICD10CM,fatigue,pre-index
CTRL004800,2024-02-29,K21.9,ICD10CM,GERD,pre-index
CTRL004800,2021-11-30,L50.9,ICD10CM,urticaria,pre-index
CTRL004800,2021-11-27,G43.909,ICD10CM,migraine,pre-index
CTRL004804,2021-12-12,K21.9,ICD10CM,GERD,pre-index
CTRL004804,2022-01-24,I10,ICD10CM,hypertension,pre-index
CTRL004804,2021-05-14,E78.5,ICD10CM,hyperlipidemia,pre-index
CTRL004804,2021-01-17,G43.909,ICD10CM,migraine,pre-index
CTRL004807,2022-03-11,K21.9,ICD10CM,GERD,pre-index
CTRL004807,2021-11-21,I10,ICD10CM,hypertension,pre-index
CTRL004807,2022-05-23,E78.5,ICD10CM,hyperlipidemia,pre-index
CTRL004807,2022-01-31,M79.7,ICD10CM,fibromyalgia,pre-index
CTRL004807,2022-12-04,G43.909,ICD10CM,migraine,pre-index
CTRL004807,2023-07-12,K21.9,ICD10CM,GERD,pre-index
CTRL004838,2019-08-21,R10.9,ICD10CM,abdominal pain,pre-index
CTRL004838,2019-09-10,R53.83,ICD10CM,fatigue,pre-index
CTRL004838,2020-02-23,K21.9,ICD10CM,GERD,pre-index
CTRL004838,2020-05-25,R10.9,ICD10CM,abdominal pain,pre-index
CTRL004865,2018-02-27,R10.9,ICD10CM,abdominal pain,pre-index
CTRL004865,2018-05-01,F41.9,ICD10CM,anxiety,pre-index
CTRL004865,2017-10-20,G43.909,ICD10CM,migraine,pre-index
CTRL004865,2018-12-28,I10,ICD10CM,hypertension,pre-index
CTRL004865,2018-05-06,R53.83,ICD10CM,fatigue,pre-index
CTRL004865,2018-09-19,G43.909,ICD10CM,migraine,pre-index
CTRL004865,2018-11-04,K21.9,ICD10CM,GERD,pre-index
CTRL004865,2017-09-02,J45.909,ICD10CM,asthma,pre-index
CTRL004896,2017-11-21,M79.7,ICD10CM,fibromyalgia,pre-index
CTRL004896,2019-01-28,G43.909,ICD10CM,migraine,pre-index
CTRL004896,2017-11-03,I10,ICD10CM,hypertension,pre-index
CTRL004896,2017-10-23,E78.5,ICD10CM,hyperlipidemia,pre-index
CTRL004896,2017-04-19,K21.9,ICD10CM,GERD,pre-index
CTRL004896,2017-07-26,J45.909,ICD10CM,asthma,pre-index
CTRL004896,2018-01-24,G43.909,ICD10CM,migraine,pre-index
CTRL004897,2019-05-20,E78.5,ICD10CM,hyperlipidemia,pre-index
CTRL004897,2016-11-26,K21.9,ICD10CM,GERD,pre-index
CTRL004897,2019-08-15,R10.9,ICD10CM,abdominal pain,pre-index
CTRL004897,2017-07-03,R10.9,ICD10CM,abdominal pain,pre-index
CTRL004897,2019-05-23,L50.9,ICD10CM,urticaria,pre-index
CTRL004897,2017-01-02,I10,ICD10CM,hypertension,pre-index
CTRL004897,2016-10-10,E78.5,ICD10CM,hyperlipidemia,pre-index
CTRL004900,2020-05-12,J45.909,ICD10CM,asthma,pre-index
CTRL004900,2020-10-21,E78.5,ICD10CM,hyperlipidemia,pre-index
CTRL004900,2020-07-07,F41.9,ICD10CM,anxiety,pre-index
CTRL004900,2020-07-17,E78.5,ICD10CM,hyperlipidemia,pre-index
CTRL004900,2021-06-08,R53.83,ICD10CM,fatigue,pre-index
CTRL004900,2020-09-07,J45.909,ICD10CM,asthma,pre-index
CTRL004900,2021-01-12,R10.9,ICD10CM,abdominal pain,pre-index
CTRL004907,2022-04-04,E78.5,ICD10CM,hyperlipidemia,pre-index
CTRL004907,2021-04-22,K21.9,ICD10CM,GERD,pre-index
CTRL004907,2021-06-24,G43.909,ICD10CM,migraine,pre-index
CTRL004948,2017-08-26,I10,ICD10CM,hypertension,pre-index
CTRL004948,2017-10-08,J45.909,ICD10CM,asthma,pre-index
CTRL004948,2018-12-18,K21.9,ICD10CM,GERD,pre-index
CTRL004948,2018-12-09,R10.9,ICD10CM,abdominal pain,pre-index
CTRL004948,2018-10-16,R53.83,ICD10CM,fatigue,pre-index
CTRL004948,2019-04-24,I10,ICD10CM,hypertension,pre-index
CTRL004948,2018-04-03,I10,ICD10CM,hypertension,pre-index
CTRL004948,2018-04-20,I10,ICD10CM,hypertension,pre-index
CTRL004951,2021-02-17,E78.5,ICD10CM,hyperlipidemia,pre-index
CTRL004951,2022-08-27,F41.9,ICD10CM,anxiety,pre-index
CTRL004951,2021-03-28,R53.83,ICD10CM,fatigue,pre-index
CTRL004960,2024-01-26,J45.909,ICD10CM,asthma,pre-index
CTRL004960,2022-09-18,E78.5,ICD10CM,hyperlipidemia,pre-index
CTRL004960,2023-04-02,R53.83,ICD10CM,fatigue,pre-index
CTRL004960,2021-11-04,R10.9,ICD10CM,abdominal pain,pre-index
CTRL004972,2019-09-13,R53.83,ICD10CM,fatigue,pre-index
CTRL004972,2020-12-15,F41.9,ICD10CM,anxiety,pre-index
CTRL004972,2021-10-02,K21.9,ICD10CM,GERD,pre-index
CTRL004972,2020-07-24,F41.9,ICD10CM,anxiety,pre-index
CTRL004972,2020-05-31,K21.9,ICD10CM,GERD,pre-index
CTRL004972,2019-10-04,E78.5,ICD10CM,hyperlipidemia,pre-index
CTRL004972,2020-04-27,J45.909,ICD10CM,asthma,pre-index
CTRL004972,2020-12-13,L50.9,ICD10CM,urticaria,pre-index
CTRL004983,2018-10-27,J45.909,ICD10CM,asthma,pre-index
CTRL004989,2019-07-26,L50.9,ICD10CM,urticaria,pre-index
CTRL004989,2018-07-06,E78.5,ICD10CM,hyperlipidemia,pre-index
CTRL004989,2019-04-21,L50.9,ICD10CM,urticaria,pre-index
CTRL004989,2018-09-05,J45.909,ICD10CM,asthma,pre-index
CTRL005023,2016-10-30,L50.9,ICD10CM,urticaria,pre-index
CTRL005023,2019-02-10,K21.9,ICD10CM,GERD,pre-index
CTRL005023,2019-09-27,E78.5,ICD10CM,hyperlipidemia,pre-index
CTRL005023,2017-06-06,E78.5,ICD10CM,hyperlipidemia,pre-index
CTRL005023,2017-04-11,E78.5,ICD10CM,hyperlipidemia,pre-index
CTRL005023,2018-03-27,I10,ICD10CM,hypertension,pre-index
CTRL005023,2017-12-18,R53.83,ICD10CM,fatigue,pre-index
CTRL005073,2016-04-06,M79.7,ICD10CM,fibromyalgia,pre-index
CTRL005073,2015-05-02,K21.9,ICD10CM,GERD,pre-index
CTRL005073,2014-07-23,E78.5,ICD10CM,hyperlipidemia,pre-index
CTRL005073,2014-03-28,K21.9,ICD10CM,GERD,pre-index
CTRL005073,2014-06-12,E78.5,ICD10CM,hyperlipidemia,pre-index
CTRL005073,2015-10-21,I10,ICD10CM,hypertension,pre-index
CTRL005082,2021-08-20,E78.5,ICD10CM,hyperlipidemia,pre-index
CTRL005082,2021-09-16,L50.9,ICD10CM,urticaria,pre-index
CTRL005082,2021-01-17,I10,ICD10CM,hypertension,pre-index
CTRL005082,2020-10-26,R53.83,ICD10CM,fatigue,pre-index
CTRL005082,2021-12-31,E78.5,ICD10CM,hyperlipidemia,pre-index
CTRL005082,2021-10-03,R10.9,ICD10CM,abdominal pain,pre-index
CTRL005083,2021-04-16,G43.909,ICD10CM,migraine,pre-index
CTRL005083,2021-01-06,G43.909,ICD10CM,migraine,pre-index
CTRL005083,2020-07-11,F41.9,ICD10CM,anxiety,pre-index
CTRL005106,2021-11-07,J45.909,ICD10CM,asthma,pre-index
CTRL005106,2024-02-13,F41.9,ICD10CM,anxiety,pre-index
CTRL005106,2022-11-30,M79.7,ICD10CM,fibromyalgia,pre-index
CTRL005106,2023-12-16,R10.9,ICD10CM,abdominal pain,pre-index
CTRL005106,2021-08-01,G43.909,ICD10CM,migraine,pre-index
CTRL005106,2021-11-07,J45.909,ICD10CM,asthma,pre-index
CTRL005106,2022-10-18,F41.9,ICD10CM,anxiety,pre-index
CTRL005111,2023-07-10,E78.5,ICD10CM,hyperlipidemia,pre-index
CTRL005111,2022-09-26,F41.9,ICD10CM,anxiety,pre-index
CTRL005111,2021-10-08,G43.909,ICD10CM,migraine,pre-index
CTRL005111,2023-01-21,J45.909,ICD10CM,asthma,pre-index
CTRL005111,2021-07-13,R53.83,ICD10CM,fatigue,pre-index
CTRL005111,2021-07-23,F41.9,ICD10CM,anxiety,pre-index
CTRL005126,2019-01-08,G43.909,ICD10CM,migraine,pre-index
CTRL005126,2018-11-16,I10,ICD10CM,hypertension,pre-index
CTRL005126,2021-06-30,F41.9,ICD10CM,anxiety,pre-index
CTRL005126,2019-11-29,R53.83,ICD10CM,fatigue,pre-index
CTRL005126,2019-11-03,R10.9,ICD10CM,abdominal pain,pre-index
CTRL005126,2020-09-08,I10,ICD10CM,hypertension,pre-index
CTRL005126,2019-12-28,R10.9,ICD10CM,abdominal pain,pre-index
CTRL005126,2020-12-30,F41.9,ICD10CM,anxiety,pre-index
CTRL005126,2020-03-05,E78.5,ICD10CM,hyperlipidemia,pre-index
CTRL005140,2014-06-02,E78.5,ICD10CM,hyperlipidemia,pre-index
CTRL005140,2016-09-01,R10.9,ICD10CM,abdominal pain,pre-index
CTRL005140,2014-06-25,R10.9,ICD10CM,abdominal pain,pre-index
CTRL005140,2015-07-14,G43.909,ICD10CM,migraine,pre-index
CTRL005140,2014-11-02,E78.5,ICD10CM,hyperlipidemia,pre-index
CTRL005140,2015-11-30,J45.909,ICD10CM,asthma,pre-index
CTRL005140,2016-06-26,R53.83,ICD10CM,fatigue,pre-index
CTRL005140,2014-07-30,J45.909,ICD10CM,asthma,pre-index
CTRL005152,2020-09-05,F41.9,ICD10CM,anxiety,pre-index
CTRL005152,2019-09-14,I10,ICD10CM,hypertension,pre-index
CTRL005152,2021-08-10,F41.9,ICD10CM,anxiety,pre-index
CTRL005152,2020-03-20,E78.5,ICD10CM,hyperlipidemia,pre-index
CTRL005152,2020-11-18,R53.83,ICD10CM,fatigue,pre-index
CTRL005152,2020-04-08,R53.83,ICD10CM,fatigue,pre-index
CTRL005158,2019-09-25,G43.909,ICD10CM,migraine,pre-index
CTRL005158,2020-09-26,K21.9,ICD10CM,GERD,pre-index
CTRL005158,2020-03-09,G43.909,ICD10CM,migraine,pre-index
CTRL005158,2020-02-27,K21.9,ICD10CM,GERD,pre-index
CTRL005158,2021-09-13,F41.9,ICD10CM,anxiety,pre-index
CTRL005158,2019-10-28,J45.909,ICD10CM,asthma,pre-index
CTRL005158,2021-02-26,L50.9,ICD10CM,urticaria,pre-index
CTRL005158,2020-06-18,G43.909,ICD10CM,migraine,pre-index
CTRL005158,2020-11-30,R10.9,ICD10CM,abdominal pain,pre-index
CTRL005180,2022-04-12,K21.9,ICD10CM,GERD,pre-index
CTRL005180,2021-01-27,R53.83,ICD10CM,fatigue,pre-index
CTRL005180,2020-08-11,R53.83,ICD10CM,fatigue,pre-index
CTRL005180,2022-04-19,K21.9,ICD10CM,GERD,pre-index
CTRL005180,2022-05-22,E78.5,ICD10CM,hyperlipidemia,pre-index
CTRL005180,2021-05-12,J45.909,ICD10CM,asthma,pre-index
CTRL005185,2014-12-14,R53.83,ICD10CM,fatigue,pre-index
CTRL005185,2016-05-05,K21.9,ICD10CM,GERD,pre-index
CTRL005185,2016-09-20,R53.83,ICD10CM,fatigue,pre-index
CTRL005195,2019-04-19,L50.9,ICD10CM,urticaria,pre-index
CTRL005195,2018-10-13,J45.909,ICD10CM,asthma,pre-index
CTRL005195,2019-04-22,R10.9,ICD10CM,abdominal pain,pre-index
CTRL005195,2020-06-27,I10,ICD10CM,hypertension,pre-index
CTRL005198,2018-08-22,K21.9,ICD10CM,GERD,pre-index
CTRL005198,2019-01-14,I10,ICD10CM,hypertension,pre-index
CTRL005198,2020-01-16,G43.909,ICD10CM,migraine,pre-index
CTRL005198,2019-10-24,J45.909,ICD10CM,asthma,pre-index
CTRL005204,2015-03-07,I10,ICD10CM,hypertension,pre-index
CTRL005204,2016-01-14,J45.909,ICD10CM,asthma,pre-index
CTRL005204,2015-02-17,I10,ICD10CM,hypertension,pre-index
CTRL005204,2017-03-06,R53.83,ICD10CM,fatigue,pre-index
CTRL005217,2017-08-02,R10.9,ICD10CM,abdominal pain,pre-index
CTRL005217,2016-12-17,K21.9,ICD10CM,GERD,pre-index
CTRL005217,2017-10-02,K21.9,ICD10CM,GERD,pre-index
CTRL005217,2018-09-23,L50.9,ICD10CM,urticaria,pre-index
CTRL005217,2018-08-13,I10,ICD10CM,hypertension,pre-index
CTRL005217,2018-01-30,I10,ICD10CM,hypertension,pre-index
CTRL005217,2017-09-15,I10,ICD10CM,hypertension,pre-index
CTRL005217,2018-08-28,G43.909,ICD10CM,migraine,pre-index
CTRL005217,2016-11-14,G43.909,ICD10CM,migraine,pre-index
CTRL005217,2018-08-17,L50.9,ICD10CM,urticaria,pre-index
CTRL005217,2019-05-23,E78.5,ICD10CM,hyperlipidemia,pre-index
CTRL005231,2019-11-28,F41.9,ICD10CM,anxiety,pre-index
CTRL005231,2018-12-19,K21.9,ICD10CM,GERD,pre-index
CTRL005231,2018-07-25,G43.909,ICD10CM,migraine,pre-index
CTRL005231,2020-04-30,J45.909,ICD10CM,asthma,pre-index
CTRL005231,2020-04-06,R53.83,ICD10CM,fatigue,pre-index
CTRL005231,2020-12-14,I10,ICD10CM,hypertension,pre-index
CTRL005234,2022-07-20,J45.909,ICD10CM,asthma,pre-index
CTRL005234,2022-04-25,I10,ICD10CM,hypertension,pre-index
CTRL005234,2023-01-15,R53.83,ICD10CM,fatigue,pre-index
CTRL005276,2021-03-22,I10,ICD10CM,hypertension,pre-index
CTRL005276,2022-02-03,G43.909,ICD10CM,migraine,pre-index
CTRL005276,2022-03-04,I10,ICD10CM,hypertension,pre-index
CTRL005276,2022-01-07,F41.9,ICD10CM,anxiety,pre-index
CTRL005277,2021-07-13,R10.9,ICD10CM,abdominal pain,pre-index
CTRL005277,2020-02-23,E78.5,ICD10CM,hyperlipidemia,pre-index
CTRL005277,2019-12-31,E78.5,ICD10CM,hyperlipidemia,pre-index
CTRL005277,2021-07-12,F41.9,ICD10CM,anxiety,pre-index
CTRL005345,2021-08-11,F41.9,ICD10CM,anxiety,pre-index
CTRL005345,2020-12-06,G43.909,ICD10CM,migraine,pre-index
CTRL005345,2020-11-05,I10,ICD10CM,hypertension,pre-index
CTRL005345,2020-07-28,F41.9,ICD10CM,anxiety,pre-index
CTRL005370,2022-01-20,G43.909,ICD10CM,migraine,pre-index
CTRL005370,2023-11-20,K21.9,ICD10CM,GERD,pre-index
CTRL005378,2017-04-16,K21.9,ICD10CM,GERD,pre-index
CTRL005378,2015-07-13,K21.9,ICD10CM,GERD,pre-index
CTRL005378,2016-04-08,E78.5,ICD10CM,hyperlipidemia,pre-index
CTRL005378,2017-08-01,K21.9,ICD10CM,GERD,pre-index
CTRL005378,2015-10-22,K21.9,ICD10CM,GERD,pre-index
CTRL005400,2018-09-16,G43.909,ICD10CM,migraine,pre-index
CTRL005400,2019-08-01,J45.909,ICD10CM,asthma,pre-index
CTRL005400,2020-05-04,L50.9,ICD10CM,urticaria,pre-index
CTRL005400,2019-08-30,J45.909,ICD10CM,asthma,pre-index
CTRL005400,2018-11-17,R10.9,ICD10CM,abdominal pain,pre-index
CTRL005400,2020-04-22,R10.9,ICD10CM,abdominal pain,pre-index
CTRL005400,2019-09-10,K21.9,ICD10CM,GERD,pre-index
CTRL005400,2018-11-07,R10.9,ICD10CM,abdominal pain,pre-index
CTRL005400,2018-09-11,I10,ICD10CM,hypertension,pre-index
CTRL005450,2016-08-22,R53.83,ICD10CM,fatigue,pre-index
CTRL005450,2016-07-25,R10.9,ICD10CM,abdominal pain,pre-index
CTRL005450,2016-02-21,R53.83,ICD10CM,fatigue,pre-index
CTRL005450,2015-06-25,J45.909,ICD10CM,asthma,pre-index
CTRL005450,2014-04-20,F41.9,ICD10CM,anxiety,pre-index
CTRL005450,2014-06-27,G43.909,ICD10CM,migraine,pre-index
CTRL005450,2015-10-06,G43.909,ICD10CM,migraine,pre-index
CTRL005450,2016-08-31,M79.7,ICD10CM,fibromyalgia,pre-index
CTRL005450,2016-04-07,K21.9,ICD10CM,GERD,pre-index
CTRL005454,2020-06-10,F41.9,ICD10CM,anxiety,pre-index
CTRL005456,2014-09-22,J45.909,ICD10CM,asthma,pre-index
CTRL005456,2013-09-08,R10.9,ICD10CM,abdominal pain,pre-index
CTRL005477,2016-07-29,L50.9,ICD10CM,urticaria,pre-index
CTRL005477,2016-07-02,F41.9,ICD10CM,anxiety,pre-index
CTRL005477,2016-02-23,G43.909,ICD10CM,migraine,pre-index
CTRL005478,2018-11-21,F41.9,ICD10CM,anxiety,pre-index
CTRL005478,2019-10-04,M79.7,ICD10CM,fibromyalgia,pre-index
CTRL005478,2018-11-25,R53.83,ICD10CM,fatigue,pre-index
CTRL005478,2019-10-14,L50.9,ICD10CM,urticaria,pre-index
CTRL005478,2018-11-11,F41.9,ICD10CM,anxiety,pre-index
CTRL005491,2020-11-02,J45.909,ICD10CM,asthma,pre-index
CTRL005491,2019-12-19,L50.9,ICD10CM,urticaria,pre-index
CTRL005491,2020-10-12,K21.9,ICD10CM,GERD,pre-index
CTRL005491,2021-12-12,R10.9,ICD10CM,abdominal pain,pre-index
CTRL005491,2020-07-18,R53.83,ICD10CM,fatigue,pre-index
CTRL005532,2018-12-01,J45.909,ICD10CM,asthma,pre-index
CTRL005532,2017-09-09,E78.5,ICD10CM,hyperlipidemia,pre-index
CTRL005532,2019-01-04,R53.83,ICD10CM,fatigue,pre-index
CTRL005532,2018-03-12,I10,ICD10CM,hypertension,pre-index
CTRL005532,2018-09-28,M79.7,ICD10CM,fibromyalgia,pre-index
CTRL005532,2018-10-24,I10,ICD10CM,hypertension,pre-index
CTRL005532,2017-04-13,K21.9,ICD10CM,GERD,pre-index
CTRL005553,2023-01-27,M79.7,ICD10CM,fibromyalgia,pre-index
CTRL005553,2022-04-08,L50.9,ICD10CM,urticaria,pre-index
CTRL005553,2023-02-16,R53.83,ICD10CM,fatigue,pre-index
CTRL005553,2021-09-03,I10,ICD10CM,hypertension,pre-index
CTRL005553,2022-06-05,F41.9,ICD10CM,anxiety,pre-index
CTRL005553,2023-08-28,J45.909,ICD10CM,asthma,pre-index
CTRL005553,2021-06-01,R53.83,ICD10CM,fatigue,pre-index
CTRL005553,2022-01-11,K21.9,ICD10CM,GERD,pre-index
CTRL005553,2023-08-26,R53.83,ICD10CM,fatigue,pre-index
CTRL005553,2023-02-20,J45.909,ICD10CM,asthma,pre-index
CTRL005613,2015-09-24,F41.9,ICD10CM,anxiety,pre-index
CTRL005613,2014-10-04,F41.9,ICD10CM,anxiety,pre-index
CTRL005613,2015-12-31,I10,ICD10CM,hypertension,pre-index
CTRL005614,2022-08-26,F41.9,ICD10CM,anxiety,pre-index
CTRL005614,2020-08-11,G43.909,ICD10CM,migraine,pre-index
CTRL005614,2020-10-17,L50.9,ICD10CM,urticaria,pre-index
CTRL005614,2022-10-11,F41.9,ICD10CM,anxiety,pre-index
CTRL005614,2021-06-14,G43.909,ICD10CM,migraine,pre-index
CTRL005614,2021-08-04,I10,ICD10CM,hypertension,pre-index
CTRL005614,2022-07-22,K21.9,ICD10CM,GERD,pre-index
CTRL005614,2021-04-14,R10.9,ICD10CM,abdominal pain,pre-index
CTRL005614,2022-06-05,K21.9,ICD10CM,GERD,pre-index
CTRL005614,2022-12-03,R53.83,ICD10CM,fatigue,pre-index
CTRL005641,2022-09-18,R10.9,ICD10CM,abdominal pain,pre-index
CTRL005641,2022-05-27,G43.909,ICD10CM,migraine,pre-index
CTRL005642,2017-05-31,K21.9,ICD10CM,GERD,pre-index
CTRL005642,2015-06-10,F41.9,ICD10CM,anxiety,pre-index
CTRL005642,2016-05-17,I10,ICD10CM,hypertension,pre-index
CTRL005650,2018-03-19,K21.9,ICD10CM,GERD,pre-index
CTRL005650,2017-09-05,J45.909,ICD10CM,asthma,pre-index
CTRL005650,2016-11-01,J45.909,ICD10CM,asthma,pre-index
CTRL005650,2019-09-15,I10,ICD10CM,hypertension,pre-index
CTRL005650,2016-11-28,I10,ICD10CM,hypertension,pre-index
CTRL005650,2017-03-28,R10.9,ICD10CM,abdominal pain,pre-index
CTRL005650,2018-03-29,R53.83,ICD10CM,fatigue,pre-index
CTRL005679,2015-07-10,E78.5,ICD10CM,hyperlipidemia,pre-index
CTRL005679,2014-06-29,G43.909,ICD10CM,migraine,pre-index
CTRL005679,2016-02-05,R53.83,ICD10CM,fatigue,pre-index
CTRL005679,2015-09-11,L50.9,ICD10CM,urticaria,pre-index
CTRL005679,2015-03-04,F41.9,ICD10CM,anxiety,pre-index
CTRL005679,2014-05-03,I10,ICD10CM,hypertension,pre-index
CTRL005679,2015-10-29,J45.909,ICD10CM,asthma,pre-index
CTRL005679,2014-06-01,L50.9,ICD10CM,urticaria,pre-index
CTRL005679,2014-12-21,R10.9,ICD10CM,abdominal pain,pre-index
CTRL005698,2016-12-21,I10,ICD10CM,hypertension,pre-index
CTRL005704,2020-04-19,G43.909,ICD10CM,migraine,pre-index
CTRL005704,2020-10-11,L50.9,ICD10CM,urticaria,pre-index
CTRL005704,2021-07-15,G43.909,ICD10CM,migraine,pre-index
CTRL005725,2016-06-04,M79.7,ICD10CM,fibromyalgia,pre-index
CTRL005725,2017-06-18,R10.9,ICD10CM,abdominal pain,pre-index
CTRL005725,2015-03-21,I10,ICD10CM,hypertension,pre-index
CTRL005725,2015-01-01,E78.5,ICD10CM,hyperlipidemia,pre-index
CTRL005725,2015-06-05,K21.9,ICD10CM,GERD,pre-index
CTRL005733,2019-07-11,I10,ICD10CM,hypertension,pre-index
CTRL005733,2019-05-03,J45.909,ICD10CM,asthma,pre-index
CTRL005735,2018-07-18,R10.9,ICD10CM,abdominal pain,pre-index
CTRL005735,2017-01-16,J45.909,ICD10CM,asthma,pre-index
CTRL005735,2017-06-07,I10,ICD10CM,hypertension,pre-index
CTRL005735,2018-02-11,R10.9,ICD10CM,abdominal pain,pre-index
CTRL005735,2016-07-27,R53.83,ICD10CM,fatigue,pre-index
CTRL005735,2016-04-24,K21.9,ICD10CM,GERD,pre-index
CTRL005735,2018-02-12,F41.9,ICD10CM,anxiety,pre-index
CTRL005735,2018-02-26,R10.9,ICD10CM,abdominal pain,pre-index
CTRL005735,2017-06-13,I10,ICD10CM,hypertension,pre-index
CTRL005737,2021-07-28,R10.9,ICD10CM,abdominal pain,pre-index
CTRL005737,2021-04-07,J45.909,ICD10CM,asthma,pre-index
CTRL005737,2020-05-16,E78.5,ICD10CM,hyperlipidemia,pre-index
CTRL005737,2022-05-16,L50.9,ICD10CM,urticaria,pre-index
CTRL005737,2022-06-10,E78.5,ICD10CM,hyperlipidemia,pre-index
CTRL005737,2021-08-19,L50.9,ICD10CM,urticaria,pre-index
CTRL005737,2021-04-18,R10.9,ICD10CM,abdominal pain,pre-index
CTRL005744,2021-06-29,F41.9,ICD10CM,anxiety,pre-index
CTRL005744,2020-04-27,R10.9,ICD10CM,abdominal pain,pre-index
CTRL005744,2022-04-24,R53.83,ICD10CM,fatigue,pre-index
CTRL005744,2021-03-20,R10.9,ICD10CM,abdominal pain,pre-index
CTRL005744,2022-04-21,E78.5,ICD10CM,hyperlipidemia,pre-index
CTRL005747,2015-07-19,R10.9,ICD10CM,abdominal pain,pre-index
CTRL005747,2016-08-08,G43.909,ICD10CM,migraine,pre-index
CTRL005747,2017-11-10,F41.9,ICD10CM,anxiety,pre-index
CTRL005747,2015-05-31,R53.83,ICD10CM,fatigue,pre-index
CTRL005750,2020-08-29,R10.9,ICD10CM,abdominal pain,pre-index
CTRL005750,2022-10-02,K21.9,ICD10CM,GERD,pre-index
CTRL005750,2020-11-19,I10,ICD10CM,hypertension,pre-index
CTRL005750,2021-04-30,R53.83,ICD10CM,fatigue,pre-index
CTRL005750,2020-11-01,K21.9,ICD10CM,GERD,pre-index
CTRL005750,2021-01-20,R53.83,ICD10CM,fatigue,pre-index
CTRL005750,2020-09-17,I10,ICD10CM,hypertension,pre-index
CTRL005750,2020-05-19,I10,ICD10CM,hypertension,pre-index
CTRL005750,2022-08-12,K21.9,ICD10CM,GERD,pre-index
CTRL005750,2022-02-05,R10.9,ICD10CM,abdominal pain,pre-index
CTRL005750,2020-10-02,F41.9,ICD10CM,anxiety,pre-index
CTRL005750,2020-06-30,M79.7,ICD10CM,fibromyalgia,pre-index
CTRL005784,2021-09-05,R53.83,ICD10CM,fatigue,pre-index
CTRL005784,2023-06-16,E78.5,ICD10CM,hyperlipidemia,pre-index
CTRL005784,2023-04-10,R53.83,ICD10CM,fatigue,pre-index
CTRL005784,2023-10-17,E78.5,ICD10CM,hyperlipidemia,pre-index
CTRL005784,2022-06-23,G43.909,ICD10CM,migraine,pre-index
CTRL005784,2022-02-22,E78.5,ICD10CM,hyperlipidemia,pre-index
CTRL005793,2016-03-22,K21.9,ICD10CM,GERD,pre-index
CTRL005813,2019-12-16,K21.9,ICD10CM,GERD,pre-index
CTRL005813,2020-02-12,G43.909,ICD10CM,migraine,pre-index
CTRL005813,2019-11-17,G43.909,ICD10CM,migraine,pre-index
CTRL005813,2018-05-29,R53.83,ICD10CM,fatigue,pre-index
CTRL005813,2018-07-25,E78.5,ICD10CM,hyperlipidemia,pre-index
CTRL005813,2019-09-07,J45.909,ICD10CM,asthma,pre-index
CTRL005813,2019-09-08,M79.7,ICD10CM,fibromyalgia,pre-index
CTRL005815,2023-04-15,R53.83,ICD10CM,fatigue,pre-index
CTRL005815,2021-07-29,I10,ICD10CM,hypertension,pre-index
CTRL005815,2023-11-10,G43.909,ICD10CM,migraine,pre-index
CTRL005815,2022-04-21,I10,ICD10CM,hypertension,pre-index
CTRL005815,2023-12-04,E78.5,ICD10CM,hyperlipidemia,pre-index
CTRL005853,2022-03-18,I10,ICD10CM,hypertension,pre-index
CTRL005853,2023-04-28,L50.9,ICD10CM,urticaria,pre-index
CTRL005853,2022-04-16,I10,ICD10CM,hypertension,pre-index
CTRL005853,2023-05-21,I10,ICD10CM,hypertension,pre-index
CTRL005853,2020-06-26,L50.9,ICD10CM,urticaria,pre-index
CTRL005853,2021-05-06,R53.83,ICD10CM,fatigue,pre-index
CTRL005853,2022-04-05,L50.9,ICD10CM,urticaria,pre-index
CTRL005853,2023-05-06,G43.909,ICD10CM,migraine,pre-index
CTRL005856,2020-09-21,E78.5,ICD10CM,hyperlipidemia,pre-index
CTRL005856,2023-08-09,G43.909,ICD10CM,migraine,pre-index
CTRL005856,2023-03-24,L50.9,ICD10CM,urticaria,pre-index
CTRL005856,2021-01-19,K21.9,ICD10CM,GERD,pre-index
CTRL005856,2022-10-15,L50.9,ICD10CM,urticaria,pre-index
CTRL005856,2021-09-12,K21.9,ICD10CM,GERD,pre-index
CTRL005856,2022-07-31,R53.83,ICD10CM,fatigue,pre-index
CTRL005875,2016-05-04,R10.9,ICD10CM,abdominal pain,pre-index
CTRL005875,2017-03-15,F41.9,ICD10CM,anxiety,pre-index
CTRL005875,2018-04-27,L50.9,ICD10CM,urticaria,pre-index
CTRL005875,2018-01-17,L50.9,ICD10CM,urticaria,pre-index
CTRL005875,2016-07-01,I10,ICD10CM,hypertension,pre-index
CTRL005875,2016-08-02,I10,ICD10CM,hypertension,pre-index
CTRL005875,2017-03-15,R10.9,ICD10CM,abdominal pain,pre-index
CTRL005875,2016-06-27,L50.9,ICD10CM,urticaria,pre-index
CTRL005875,2015-12-17,L50.9,ICD10CM,urticaria,pre-index
CTRL005875,2017-06-14,J45.909,ICD10CM,asthma,pre-index
CTRL005875,2017-02-05,F41.9,ICD10CM,anxiety,pre-index
CTRL005875,2016-02-14,R53.83,ICD10CM,fatigue,pre-index
CTRL005875,2016-08-28,G43.909,ICD10CM,migraine,pre-index
CTRL005875,2017-04-18,R53.83,ICD10CM,fatigue,pre-index
CTRL005875,2017-03-10,E78.5,ICD10CM,hyperlipidemia,pre-index
CTRL005887,2019-02-25,R10.9,ICD10CM,abdominal pain,pre-index
CTRL005887,2017-07-26,I10,ICD10CM,hypertension,pre-index
CTRL005887,2019-03-04,F41.9,ICD10CM,anxiety,pre-index
CTRL005887,2017-12-27,F41.9,ICD10CM,anxiety,pre-index
CTRL005887,2018-05-14,K21.9,ICD10CM,GERD,pre-index
CTRL005887,2018-04-12,L50.9,ICD10CM,urticaria,pre-index
CTRL005889,2020-09-08,R10.9,ICD10CM,abdominal pain,pre-index
CTRL005889,2020-01-05,F41.9,ICD10CM,anxiety,pre-index
CTRL005889,2021-04-11,R53.83,ICD10CM,fatigue,pre-index
CTRL005889,2019-06-26,R10.9,ICD10CM,abdominal pain,pre-index
CTRL005889,2020-03-18,J45.909,ICD10CM,asthma,pre-index
CTRL005962,2021-02-12,G43.909,ICD10CM,migraine,pre-index
CTRL005962,2020-06-28,M79.7,ICD10CM,fibromyalgia,pre-index
CTRL005962,2018-05-25,R10.9,ICD10CM,abdominal pain,pre-index
CTRL005962,2018-07-28,J45.909,ICD10CM,asthma,pre-index
CTRL005962,2019-03-02,F41.9,ICD10CM,anxiety,pre-index
CTRL005962,2018-11-02,R53.83,ICD10CM,fatigue,pre-index
CTRL005962,2019-06-29,G43.909,ICD10CM,migraine,pre-index
CTRL005962,2019-03-07,R53.83,ICD10CM,fatigue,pre-index
CTRL005985,2018-09-24,I10,ICD10CM,hypertension,pre-index
CTRL005985,2017-06-02,R10.9,ICD10CM,abdominal pain,pre-index
CTRL005985,2017-09-08,I10,ICD10CM,hypertension,pre-index
CTRL005985,2017-02-18,F41.9,ICD10CM,anxiety,pre-index
CTRL005985,2017-01-07,E78.5,ICD10CM,hyperlipidemia,pre-index
CTRL005985,2016-12-18,R10.9,ICD10CM,abdominal pain,pre-index
CTRL005985,2018-10-04,L50.9,ICD10CM,urticaria,pre-index
CTRL005985,2019-07-19,M79.7,ICD10CM,fibromyalgia,pre-index
CTRL005989,2016-12-13,G43.909,ICD10CM,migraine,pre-index
CTRL005989,2016-09-13,G43.909,ICD10CM,migraine,pre-index
CTRL005989,2019-02-04,I10,ICD10CM,hypertension,pre-index
CTRL005989,2019-07-01,K21.9,ICD10CM,GERD,pre-index
CTRL005989,2016-10-18,J45.909,ICD10CM,asthma,pre-index
CTRL005989,2016-07-16,K21.9,ICD10CM,GERD,pre-index
CTRL005989,2017-10-24,F41.9,ICD10CM,anxiety,pre-index
CTRL005989,2016-09-29,E78.5,ICD10CM,hyperlipidemia,pre-index
CTRL005991,2016-08-14,R53.83,ICD10CM,fatigue,pre-index
CTRL005991,2017-05-15,L50.9,ICD10CM,urticaria,pre-index
CTRL005991,2016-11-27,G43.909,ICD10CM,migraine,pre-index
CTRL005991,2017-08-12,L50.9,ICD10CM,urticaria,pre-index
CTRL005991,2015-10-29,R10.9,ICD10CM,abdominal pain,pre-index
CTRL005996,2020-08-22,R10.9,ICD10CM,abdominal pain,pre-index
CTRL005996,2018-09-10,I10,ICD10CM,hypertension,pre-index
CTRL005996,2020-06-11,K21.9,ICD10CM,GERD,pre-index
CTRL005996,2019-12-09,I10,ICD10CM,hypertension,pre-index
CTRL005996,2021-03-15,I10,ICD10CM,hypertension,pre-index
CTRL005996,2019-08-04,E78.5,ICD10CM,hyperlipidemia,pre-index
CTRL005996,2020-05-02,G43.909,ICD10CM,migraine,pre-index
CTRL005996,2020-08-15,E78.5,ICD10CM,hyperlipidemia,pre-index
CTRL005996,2019-12-31,K21.9,ICD10CM,GERD,pre-index
CTRL006090,2018-09-27,J45.909,ICD10CM,asthma,pre-index
CTRL006090,2019-03-30,E78.5,ICD10CM,hyperlipidemia,pre-index
CTRL006090,2019-05-26,K21.9,ICD10CM,GERD,pre-index
CTRL006090,2019-11-23,G43.909,ICD10CM,migraine,pre-index
CTRL006090,2020-04-13,J45.909,ICD10CM,asthma,pre-index
CTRL006092,2018-12-25,R53.83,ICD10CM,fatigue,pre-index
CTRL006092,2018-05-11,R53.83,ICD10CM,fatigue,pre-index
CTRL006092,2017-11-03,K21.9,ICD10CM,GERD,pre-index
CTRL006092,2018-09-20,R10.9,ICD10CM,abdominal pain,pre-index
CTRL006092,2017-12-19,L50.9,ICD10CM,urticaria,pre-index
CTRL006092,2019-03-05,J45.909,ICD10CM,asthma,pre-index
CTRL006092,2018-06-29,K21.9,ICD10CM,GERD,pre-index
CTRL006092,2018-02-12,R10.9,ICD10CM,abdominal pain,pre-index
CTRL006092,2019-02-22,F41.9,ICD10CM,anxiety,pre-index
CTRL006099,2018-07-22,J45.909,ICD10CM,asthma,pre-index
CTRL006099,2018-05-28,F41.9,ICD10CM,anxiety,pre-index
CTRL006099,2016-12-06,F41.9,ICD10CM,anxiety,pre-index
CTRL006099,2017-08-27,L50.9,ICD10CM,urticaria,pre-index
CTRL006099,2018-01-30,E78.5,ICD10CM,hyperlipidemia,pre-index
CTRL006099,2016-12-06,E78.5,ICD10CM,hyperlipidemia,pre-index
CTRL006099,2017-04-12,J45.909,ICD10CM,asthma,pre-index
CTRL006099,2016-08-01,E78.5,ICD10CM,hyperlipidemia,pre-index
CTRL006099,2015-11-09,R53.83,ICD10CM,fatigue,pre-index
CTRL006099,2016-12-19,J45.909,ICD10CM,asthma,pre-index
CTRL006107,2014-07-25,F41.9,ICD10CM,anxiety,pre-index
CTRL006107,2016-11-15,F41.9,ICD10CM,anxiety,pre-index
CTRL006107,2014-09-07,R53.83,ICD10CM,fatigue,pre-index
CTRL006107,2015-03-23,G43.909,ICD10CM,migraine,pre-index
CTRL006122,2016-11-26,K21.9,ICD10CM,GERD,pre-index
CTRL006122,2016-08-29,K21.9,ICD10CM,GERD,pre-index
CTRL006122,2015-10-28,E78.5,ICD10CM,hyperlipidemia,pre-index
CTRL006122,2017-08-28,F41.9,ICD10CM,anxiety,pre-index
CTRL006122,2016-10-29,K21.9,ICD10CM,GERD,pre-index
CTRL006122,2015-12-22,F41.9,ICD10CM,anxiety,pre-index
CTRL006122,2015-09-11,G43.909,ICD10CM,migraine,pre-index
CTRL006136,2018-09-04,L50.9,ICD10CM,urticaria,pre-index
CTRL006136,2019-05-18,F41.9,ICD10CM,anxiety,pre-index
CTRL006136,2018-06-27,L50.9,ICD10CM,urticaria,pre-index
CTRL006138,2018-01-20,R10.9,ICD10CM,abdominal pain,pre-index
CTRL006138,2017-06-17,R53.83,ICD10CM,fatigue,pre-index
CTRL006138,2017-10-23,I10,ICD10CM,hypertension,pre-index
CTRL006138,2016-06-29,R53.83,ICD10CM,fatigue,pre-index
CTRL006138,2018-04-11,F41.9,ICD10CM,anxiety,pre-index
CTRL006138,2017-07-23,F41.9,ICD10CM,anxiety,pre-index
CTRL006155,2015-11-23,G43.909,ICD10CM,migraine,pre-index
CTRL006155,2016-05-29,K21.9,ICD10CM,GERD,pre-index
CTRL006155,2016-04-30,R53.83,ICD10CM,fatigue,pre-index
CTRL006155,2015-12-06,I10,ICD10CM,hypertension,pre-index
CTRL006155,2014-01-04,G43.909,ICD10CM,migraine,pre-index
CTRL006155,2016-01-06,R10.9,ICD10CM,abdominal pain,pre-index
CTRL006155,2014-08-15,K21.9,ICD10CM,GERD,pre-index
CTRL006155,2015-05-16,K21.9,ICD10CM,GERD,pre-index
CTRL006168,2018-05-16,R53.83,ICD10CM,fatigue,pre-index
CTRL006168,2017-09-22,I10,ICD10CM,hypertension,pre-index
CTRL006168,2017-10-10,R10.9,ICD10CM,abdominal pain,pre-index
CTRL006168,2017-05-22,R10.9,ICD10CM,abdominal pain,pre-index
CTRL006168,2016-10-16,K21.9,ICD10CM,GERD,pre-index
CTRL006168,2017-08-21,I10,ICD10CM,hypertension,pre-index
CTRL006168,2017-08-10,L50.9,ICD10CM,urticaria,pre-index
CTRL006168,2017-08-07,E78.5,ICD10CM,hyperlipidemia,pre-index
CTRL006192,2023-09-06,E78.5,ICD10CM,hyperlipidemia,pre-index
CTRL006192,2021-07-10,I10,ICD10CM,hypertension,pre-index
CTRL006192,2021-05-29,K21.9,ICD10CM,GERD,pre-index
CTRL006192,2023-06-13,F41.9,ICD10CM,anxiety,pre-index
CTRL006192,2022-11-14,F41.9,ICD10CM,anxiety,pre-index
CTRL006194,2020-08-02,E78.5,ICD10CM,hyperlipidemia,pre-index
CTRL006194,2020-02-24,K21.9,ICD10CM,GERD,pre-index
CTRL006194,2020-12-31,K21.9,ICD10CM,GERD,pre-index
CTRL006222,2020-03-04,L50.9,ICD10CM,urticaria,pre-index
CTRL006222,2020-01-25,K21.9,ICD10CM,GERD,pre-index
CTRL006222,2019-10-26,G43.909,ICD10CM,migraine,pre-index
CTRL006238,2016-10-17,I10,ICD10CM,hypertension,pre-index
CTRL006238,2016-07-29,R10.9,ICD10CM,abdominal pain,pre-index
CTRL006238,2017-08-09,F41.9,ICD10CM,anxiety,pre-index
CTRL006238,2017-05-18,E78.5,ICD10CM,hyperlipidemia,pre-index
CTRL006241,2013-06-29,F41.9,ICD10CM,anxiety,pre-index
CTRL006241,2015-04-19,M79.7,ICD10CM,fibromyalgia,pre-index
CTRL006241,2013-06-26,E78.5,ICD10CM,hyperlipidemia,pre-index
CTRL006241,2015-04-15,J45.909,ICD10CM,asthma,pre-index
CTRL006241,2014-03-07,K21.9,ICD10CM,GERD,pre-index
CTRL006241,2015-02-25,I10,ICD10CM,hypertension,pre-index
CTRL006241,2015-06-06,L50.9,ICD10CM,urticaria,pre-index
CTRL006251,2021-12-28,K21.9,ICD10CM,GERD,pre-index
CTRL006251,2023-06-10,G43.909,ICD10CM,migraine,pre-index
CTRL006251,2022-04-27,F41.9,ICD10CM,anxiety,pre-index
CTRL006251,2022-05-02,R53.83,ICD10CM,fatigue,pre-index
CTRL006263,2020-03-12,J45.909,ICD10CM,asthma,pre-index
CTRL006263,2019-07-03,K21.9,ICD10CM,GERD,pre-index
CTRL006263,2020-09-13,L50.9,ICD10CM,urticaria,pre-index
CTRL006263,2019-03-22,L50.9,ICD10CM,urticaria,pre-index
CTRL006263,2021-04-05,I10,ICD10CM,hypertension,pre-index
CTRL006304,2018-03-18,G43.909,ICD10CM,migraine,pre-index
CTRL006304,2016-11-14,R10.9,ICD10CM,abdominal pain,pre-index
CTRL006304,2018-02-21,J45.909,ICD10CM,asthma,pre-index
CTRL006304,2015-12-31,I10,ICD10CM,hypertension,pre-index
CTRL006304,2017-06-02,E78.5,ICD10CM,hyperlipidemia,pre-index
CTRL006359,2023-06-05,E78.5,ICD10CM,hyperlipidemia,pre-index
CTRL006359,2021-11-23,K21.9,ICD10CM,GERD,pre-index
CTRL006359,2023-04-28,L50.9,ICD10CM,urticaria,pre-index
CTRL006359,2020-11-28,G43.909,ICD10CM,migraine,pre-index
CTRL006359,2023-10-07,K21.9,ICD10CM,GERD,pre-index
CTRL006367,2022-05-28,R10.9,ICD10CM,abdominal pain,pre-index
CTRL006367,2022-08-22,M79.7,ICD10CM,fibromyalgia,pre-index
CTRL006367,2021-03-21,K21.9,ICD10CM,GERD,pre-index
CTRL006369,2017-09-30,I10,ICD10CM,hypertension,pre-index
CTRL006369,2016-12-14,F41.9,ICD10CM,anxiety,pre-index
CTRL006369,2017-05-04,F41.9,ICD10CM,anxiety,pre-index
CTRL006369,2016-06-05,R10.9,ICD10CM,abdominal pain,pre-index
CTRL006369,2016-10-30,R53.83,ICD10CM,fatigue,pre-index
CTRL006415,2020-12-18,J45.909,ICD10CM,asthma,pre-index
CTRL006415,2023-05-07,I10,ICD10CM,hypertension,pre-index
CTRL006415,2022-04-24,E78.5,ICD10CM,hyperlipidemia,pre-index
CTRL006415,2021-11-03,G43.909,ICD10CM,migraine,pre-index
CTRL006415,2021-04-04,F41.9,ICD10CM,anxiety,pre-index
CTRL006415,2022-03-11,J45.909,ICD10CM,asthma,pre-index
CTRL006415,2020-12-20,K21.9,ICD10CM,GERD,pre-index
CTRL006415,2022-07-18,G43.909,ICD10CM,migraine,pre-index
CTRL006415,2021-04-29,R10.9,ICD10CM,abdominal pain,pre-index
CTRL006415,2021-08-11,G43.909,ICD10CM,migraine,pre-index
CTRL006423,2016-10-01,I10,ICD10CM,hypertension,pre-index
CTRL006423,2017-07-26,J45.909,ICD10CM,asthma,pre-index
CTRL006423,2019-07-12,I10,ICD10CM,hypertension,pre-index
CTRL006462,2020-12-24,G43.909,ICD10CM,migraine,pre-index
CTRL006462,2019-04-06,F41.9,ICD10CM,anxiety,pre-index
CTRL006462,2019-05-03,R10.9,ICD10CM,abdominal pain,pre-index
CTRL006462,2020-05-07,K21.9,ICD10CM,GERD,pre-index
CTRL006462,2019-09-26,I10,ICD10CM,hypertension,pre-index
CTRL006462,2021-03-03,G43.909,ICD10CM,migraine,pre-index
CTRL006462,2019-07-12,J45.909,ICD10CM,asthma,pre-index
CTRL006467,2020-08-06,K21.9,ICD10CM,GERD,pre-index
CTRL006467,2021-06-25,E78.5,ICD10CM,hyperlipidemia,pre-index
CTRL006467,2019-03-02,E78.5,ICD10CM,hyperlipidemia,pre-index
CTRL006467,2018-10-29,I10,ICD10CM,hypertension,pre-index
CTRL006467,2021-09-05,K21.9,ICD10CM,GERD,pre-index
CTRL006467,2020-06-09,F41.9,ICD10CM,anxiety,pre-index
CTRL006482,2019-06-24,E78.5,ICD10CM,hyperlipidemia,pre-index
CTRL006482,2020-07-07,K21.9,ICD10CM,GERD,pre-index
CTRL006482,2021-04-29,R53.83,ICD10CM,fatigue,pre-index
CTRL006482,2021-08-14,I10,ICD10CM,hypertension,pre-index
CTRL006482,2021-06-22,K21.9,ICD10CM,GERD,pre-index
CTRL006482,2019-04-28,K21.9,ICD10CM,GERD,pre-index
CTRL006482,2019-08-12,K21.9,ICD10CM,GERD,pre-index
CTRL006482,2021-08-14,I10,ICD10CM,hypertension,pre-index
CTRL006482,2019-10-09,K21.9,ICD10CM,GERD,pre-index
CTRL006482,2020-06-24,K21.9,ICD10CM,GERD,pre-index
CTRL006482,2021-02-10,L50.9,ICD10CM,urticaria,pre-index
CTRL006482,2020-07-12,F41.9,ICD10CM,anxiety,pre-index
CTRL006493,2014-10-17,I10,ICD10CM,hypertension,pre-index
CTRL006493,2015-04-15,G43.909,ICD10CM,migraine,pre-index
CTRL006493,2014-05-30,R10.9,ICD10CM,abdominal pain,pre-index
CTRL006493,2016-01-06,J45.909,ICD10CM,asthma,pre-index
CTRL006493,2015-05-05,G43.909,ICD10CM,migraine,pre-index
CTRL006493,2015-07-26,L50.9,ICD10CM,urticaria,pre-index
CTRL006493,2015-12-22,J45.909,ICD10CM,asthma,pre-index
CTRL006501,2022-12-24,R10.9,ICD10CM,abdominal pain,pre-index
CTRL006501,2021-06-25,R53.83,ICD10CM,fatigue,pre-index
CTRL006501,2022-09-10,R10.9,ICD10CM,abdominal pain,pre-index
CTRL006501,2021-02-01,R53.83,ICD10CM,fatigue,pre-index
CTRL006501,2021-06-09,F41.9,ICD10CM,anxiety,pre-index
CTRL006506,2016-11-02,K21.9,ICD10CM,GERD,pre-index
CTRL006506,2018-12-10,I10,ICD10CM,hypertension,pre-index
CTRL006506,2018-02-14,L50.9,ICD10CM,urticaria,pre-index
CTRL006506,2016-11-30,I10,ICD10CM,hypertension,pre-index
CTRL006506,2017-06-13,I10,ICD10CM,hypertension,pre-index
CTRL006506,2018-04-26,L50.9,ICD10CM,urticaria,pre-index
CTRL006575,2020-01-13,F41.9,ICD10CM,anxiety,pre-index
CTRL006575,2019-08-07,J45.909,ICD10CM,asthma,pre-index
CTRL006575,2020-12-24,K21.9,ICD10CM,GERD,pre-index
CTRL006575,2020-08-30,I10,ICD10CM,hypertension,pre-index
CTRL006575,2019-05-13,R53.83,ICD10CM,fatigue,pre-index
CTRL006605,2014-06-29,L50.9,ICD10CM,urticaria,pre-index
CTRL006606,2016-06-05,M79.7,ICD10CM,fibromyalgia,pre-index
CTRL006606,2017-07-20,F41.9,ICD10CM,anxiety,pre-index
CTRL006606,2018-06-06,I10,ICD10CM,hypertension,pre-index
CTRL006606,2016-06-23,E78.5,ICD10CM,hyperlipidemia,pre-index
CTRL006606,2016-12-12,M79.7,ICD10CM,fibromyalgia,pre-index
CTRL006606,2017-04-26,E78.5,ICD10CM,hyperlipidemia,pre-index
CTRL006606,2016-12-25,F41.9,ICD10CM,anxiety,pre-index
CTRL006606,2018-02-20,L50.9,ICD10CM,urticaria,pre-index
CTRL006615,2021-11-19,G43.909,ICD10CM,migraine,pre-index
CTRL006615,2021-08-12,F41.9,ICD10CM,anxiety,pre-index
CTRL006615,2020-06-06,I10,ICD10CM,hypertension,pre-index
CTRL006615,2023-02-16,J45.909,ICD10CM,asthma,pre-index
CTRL006615,2022-03-14,L50.9,ICD10CM,urticaria,pre-index
CTRL006615,2022-06-04,J45.909,ICD10CM,asthma,pre-index
CTRL006615,2021-10-30,K21.9,ICD10CM,GERD,pre-index
CTRL006615,2023-01-28,E78.5,ICD10CM,hyperlipidemia,pre-index
CTRL006615,2020-09-05,F41.9,ICD10CM,anxiety,pre-index
CTRL006615,2020-10-13,E78.5,ICD10CM,hyperlipidemia,pre-index
CTRL006615,2021-01-28,K21.9,ICD10CM,GERD,pre-index
CTRL006615,2021-06-06,R10.9,ICD10CM,abdominal pain,pre-index
CTRL006647,2017-09-19,E78.5,ICD10CM,hyperlipidemia,pre-index
CTRL006647,2016-08-09,K21.9,ICD10CM,GERD,pre-index
CTRL006647,2017-08-17,R53.83,ICD10CM,fatigue,pre-index
CTRL006647,2015-11-08,I10,ICD10CM,hypertension,pre-index
CTRL006647,2015-12-29,F41.9,ICD10CM,anxiety,pre-index
CTRL006647,2018-01-19,I10,ICD10CM,hypertension,pre-index
CTRL006672,2016-12-02,G43.909,ICD10CM,migraine,pre-index
CTRL006672,2017-12-29,G43.909,ICD10CM,migraine,pre-index
CTRL006672,2018-01-11,R10.9,ICD10CM,abdominal pain,pre-index
CTRL006672,2018-10-09,K21.9,ICD10CM,GERD,pre-index
CTRL006673,2014-11-26,K21.9,ICD10CM,GERD,pre-index
CTRL006673,2015-11-13,R53.83,ICD10CM,fatigue,pre-index
CTRL006673,2015-12-16,R53.83,ICD10CM,fatigue,pre-index
CTRL006673,2016-12-03,G43.909,ICD10CM,migraine,pre-index
CTRL006673,2016-12-04,E78.5,ICD10CM,hyperlipidemia,pre-index
CTRL006673,2014-09-29,R10.9,ICD10CM,abdominal pain,pre-index
CTRL006673,2015-09-07,J45.909,ICD10CM,asthma,pre-index
CTRL006681,2017-06-19,M79.7,ICD10CM,fibromyalgia,pre-index
CTRL006681,2018-05-23,M79.7,ICD10CM,fibromyalgia,pre-index
CTRL006681,2017-05-30,K21.9,ICD10CM,GERD,pre-index
CTRL006681,2017-01-28,R10.9,ICD10CM,abdominal pain,pre-index
CTRL006681,2016-12-09,E78.5,ICD10CM,hyperlipidemia,pre-index
CTRL006681,2018-05-28,R53.83,ICD10CM,fatigue,pre-index
CTRL006681,2017-10-09,G43.909,ICD10CM,migraine,pre-index
CTRL006681,2018-07-24,E78.5,ICD10CM,hyperlipidemia,pre-index
CTRL006710,2015-09-23,R10.9,ICD10CM,abdominal pain,pre-index
CTRL006710,2017-07-28,E78.5,ICD10CM,hyperlipidemia,pre-index
CTRL006710,2017-01-27,F41.9,ICD10CM,anxiety,pre-index
CTRL006710,2016-07-22,E78.5,ICD10CM,hyperlipidemia,pre-index
CTRL006710,2016-02-02,R10.9,ICD10CM,abdominal pain,pre-index
CTRL006710,2017-08-22,F41.9,ICD10CM,anxiety,pre-index
CTRL006725,2017-08-27,R10.9,ICD10CM,abdominal pain,pre-index
CTRL006725,2016-04-20,R10.9,ICD10CM,abdominal pain,pre-index
CTRL006725,2017-01-16,J45.909,ICD10CM,asthma,pre-index
CTRL006725,2017-05-07,R53.83,ICD10CM,fatigue,pre-index
CTRL006725,2016-12-28,R53.83,ICD10CM,fatigue,pre-index
CTRL006735,2017-01-27,E78.5,ICD10CM,hyperlipidemia,pre-index
CTRL006735,2016-04-09,R10.9,ICD10CM,abdominal pain,pre-index
CTRL006735,2016-07-04,L50.9,ICD10CM,urticaria,pre-index
CTRL006735,2017-01-16,K21.9,ICD10CM,GERD,pre-index
CTRL006735,2016-09-12,E78.5,ICD10CM,hyperlipidemia,pre-index
CTRL006735,2016-01-30,I10,ICD10CM,hypertension,pre-index
CTRL006760,2022-12-18,K21.9,ICD10CM,GERD,pre-index
CTRL006778,2019-10-05,I10,ICD10CM,hypertension,pre-index
CTRL006778,2020-04-15,J45.909,ICD10CM,asthma,pre-index
CTRL006778,2019-12-05,R10.9,ICD10CM,abdominal pain,pre-index
CTRL006778,2020-03-05,M79.7,ICD10CM,fibromyalgia,pre-index
CTRL006778,2020-03-07,G43.909,ICD10CM,migraine,pre-index
CTRL006778,2020-11-22,R53.83,ICD10CM,fatigue,pre-index
CTRL006778,2019-07-13,R53.83,ICD10CM,fatigue,pre-index
CTRL006778,2019-08-07,R10.9,ICD10CM,abdominal pain,pre-index
CTRL006813,2021-03-18,R10.9,ICD10CM,abdominal pain,pre-index
CTRL006813,2022-12-17,L50.9,ICD10CM,urticaria,pre-index
CTRL006813,2021-09-19,R10.9,ICD10CM,abdominal pain,pre-index
CTRL006813,2023-02-09,J45.909,ICD10CM,asthma,pre-index
CTRL006813,2020-11-08,L50.9,ICD10CM,urticaria,pre-index
CTRL006813,2022-04-03,R53.83,ICD10CM,fatigue,pre-index
CTRL006813,2021-06-16,R10.9,ICD10CM,abdominal pain,pre-index
CTRL006813,2023-02-01,I10,ICD10CM,hypertension,pre-index
CTRL006813,2020-08-19,R53.83,ICD10CM,fatigue,pre-index
CTRL006843,2020-12-20,G43.909,ICD10CM,migraine,pre-index
CTRL006843,2019-05-29,F41.9,ICD10CM,anxiety,pre-index
CTRL006843,2018-12-01,F41.9,ICD10CM,anxiety,pre-index
CTRL006843,2019-12-15,I10,ICD10CM,hypertension,pre-index
CTRL006843,2021-02-18,J45.909,ICD10CM,asthma,pre-index
CTRL006843,2019-04-17,R53.83,ICD10CM,fatigue,pre-index
CTRL006843,2021-08-02,F41.9,ICD10CM,anxiety,pre-index
CTRL006843,2021-06-14,R53.83,ICD10CM,fatigue,pre-index
CTRL006857,2021-01-10,L50.9,ICD10CM,urticaria,pre-index
CTRL006857,2021-07-02,J45.909,ICD10CM,asthma,pre-index
CTRL006857,2020-09-08,K21.9,ICD10CM,GERD,pre-index
CTRL006857,2018-12-31,G43.909,ICD10CM,migraine,pre-index
CTRL006857,2019-02-18,I10,ICD10CM,hypertension,pre-index
CTRL006857,2020-07-15,R10.9,ICD10CM,abdominal pain,pre-index
CTRL006863,2022-12-09,E78.5,ICD10CM,hyperlipidemia,pre-index
CTRL006863,2021-07-07,I10,ICD10CM,hypertension,pre-index
CTRL006889,2018-06-29,R53.83,ICD10CM,fatigue,pre-index
CTRL006889,2019-02-07,R10.9,ICD10CM,abdominal pain,pre-index
CTRL006889,2019-05-15,K21.9,ICD10CM,GERD,pre-index
CTRL006889,2018-07-29,E78.5,ICD10CM,hyperlipidemia,pre-index
CTRL006889,2018-12-22,G43.909,ICD10CM,migraine,pre-index
CTRL006889,2018-05-24,K21.9,ICD10CM,GERD,pre-index
CTRL006889,2018-06-20,I10,ICD10CM,hypertension,pre-index
CTRL006889,2017-02-10,F41.9,ICD10CM,anxiety,pre-index
CTRL006908,2021-10-10,G43.909,ICD10CM,migraine,pre-index
CTRL006908,2024-01-02,I10,ICD10CM,hypertension,pre-index
CTRL006908,2021-10-23,F41.9,ICD10CM,anxiety,pre-index
CTRL006908,2023-09-16,K21.9,ICD10CM,GERD,pre-index
CTRL006908,2021-09-10,K21.9,ICD10CM,GERD,pre-index
CTRL006908,2021-07-11,M79.7,ICD10CM,fibromyalgia,pre-index
CTRL006908,2023-05-05,I10,ICD10CM,hypertension,pre-index
CTRL006908,2022-06-02,J45.909,ICD10CM,asthma,pre-index
CTRL006908,2022-05-07,F41.9,ICD10CM,anxiety,pre-index
CTRL006908,2022-06-14,R53.83,ICD10CM,fatigue,pre-index
CTRL006908,2023-02-13,J45.909,ICD10CM,asthma,pre-index
CTRL006964,2016-01-18,I10,ICD10CM,hypertension,pre-index
CTRL006964,2015-10-10,I10,ICD10CM,hypertension,pre-index
CTRL006964,2016-11-07,M79.7,ICD10CM,fibromyalgia,pre-index
CTRL006964,2017-01-25,G43.909,ICD10CM,migraine,pre-index
CTRL006964,2017-01-06,J45.909,ICD10CM,asthma,pre-index
CTRL006964,2018-02-25,G43.909,ICD10CM,migraine,pre-index
CTRL007003,2018-02-16,M79.7,ICD10CM,fibromyalgia,pre-index
CTRL007003,2016-01-10,L50.9,ICD10CM,urticaria,pre-index
CTRL007003,2015-06-04,L50.9,ICD10CM,urticaria,pre-index
CTRL007003,2016-10-22,G43.909,ICD10CM,migraine,pre-index
CTRL007011,2015-02-01,F41.9,ICD10CM,anxiety,pre-index
CTRL007011,2014-10-19,K21.9,ICD10CM,GERD,pre-index
CTRL007011,2015-07-10,K21.9,ICD10CM,GERD,pre-index
CTRL007018,2016-08-29,R53.83,ICD10CM,fatigue,pre-index
CTRL007018,2015-02-04,K21.9,ICD10CM,GERD,pre-index
CTRL007018,2015-04-05,K21.9,ICD10CM,GERD,pre-index
CTRL007018,2017-07-24,I10,ICD10CM,hypertension,pre-index
CTRL007050,2016-03-20,R53.83,ICD10CM,fatigue,pre-index
CTRL007050,2017-06-24,G43.909,ICD10CM,migraine,pre-index
CTRL007050,2016-09-07,J45.909,ICD10CM,asthma,pre-index
CTRL007050,2016-11-26,K21.9,ICD10CM,GERD,pre-index
CTRL007050,2017-06-14,M79.7,ICD10CM,fibromyalgia,pre-index
CTRL007050,2016-07-30,R53.83,ICD10CM,fatigue,pre-index
CTRL007076,2023-09-11,J45.909,ICD10CM,asthma,pre-index
CTRL007076,2023-02-16,G43.909,ICD10CM,migraine,pre-index
CTRL007076,2020-10-07,G43.909,ICD10CM,migraine,pre-index
CTRL007076,2021-10-13,M79.7,ICD10CM,fibromyalgia,pre-index
CTRL007076,2021-08-30,K21.9,ICD10CM,GERD,pre-index
CTRL007076,2022-06-12,E78.5,ICD10CM,hyperlipidemia,pre-index
CTRL007076,2022-12-31,R10.9,ICD10CM,abdominal pain,pre-index
CTRL007076,2022-03-01,K21.9,ICD10CM,GERD,pre-index
CTRL007076,2021-03-22,F41.9,ICD10CM,anxiety,pre-index
CTRL007106,2017-07-04,E78.5,ICD10CM,hyperlipidemia,pre-index
CTRL007106,2015-08-22,E78.5,ICD10CM,hyperlipidemia,pre-index
CTRL007106,2018-05-25,E78.5,ICD10CM,hyperlipidemia,pre-index
CTRL007149,2020-04-05,E78.5,ICD10CM,hyperlipidemia,pre-index
CTRL007149,2021-08-11,R53.83,ICD10CM,fatigue,pre-index
CTRL007149,2019-07-19,E78.5,ICD10CM,hyperlipidemia,pre-index
CTRL007149,2020-03-17,R53.83,ICD10CM,fatigue,pre-index
CTRL007149,2019-09-25,E78.5,ICD10CM,hyperlipidemia,pre-index
CTRL007149,2020-04-12,K21.9,ICD10CM,GERD,pre-index
CTRL007163,2020-05-02,R53.83,ICD10CM,fatigue,pre-index
CTRL007163,2019-04-02,K21.9,ICD10CM,GERD,pre-index
CTRL007163,2020-10-14,L50.9,ICD10CM,urticaria,pre-index
CTRL007163,2019-11-26,R53.83,ICD10CM,fatigue,pre-index
CTRL007163,2020-03-14,R53.83,ICD10CM,fatigue,pre-index
CTRL007174,2021-04-01,I10,ICD10CM,hypertension,pre-index
CTRL007174,2021-01-24,R53.83,ICD10CM,fatigue,pre-index
CTRL007174,2021-05-20,R10.9,ICD10CM,abdominal pain,pre-index
CTRL007189,2021-05-18,I10,ICD10CM,hypertension,pre-index
CTRL007189,2019-12-31,K21.9,ICD10CM,GERD,pre-index
CTRL007189,2020-05-14,K21.9,ICD10CM,GERD,pre-index
CTRL007189,2020-04-12,R53.83,ICD10CM,fatigue,pre-index
CTRL007189,2019-11-02,I10,ICD10CM,hypertension,pre-index
CTRL007237,2016-03-27,F41.9,ICD10CM,anxiety,pre-index
CTRL007237,2016-07-01,K21.9,ICD10CM,GERD,pre-index
CTRL007237,2016-05-26,L50.9,ICD10CM,urticaria,pre-index
CTRL007237,2017-01-15,E78.5,ICD10CM,hyperlipidemia,pre-index
CTRL007237,2016-06-14,K21.9,ICD10CM,GERD,pre-index
CTRL007237,2016-11-22,R53.83,ICD10CM,fatigue,pre-index
CTRL007237,2016-09-12,I10,ICD10CM,hypertension,pre-index
CTRL007245,2022-04-15,E78.5,ICD10CM,hyperlipidemia,pre-index
CTRL007245,2021-03-26,I10,ICD10CM,hypertension,pre-index
CTRL007245,2022-04-23,R53.83,ICD10CM,fatigue,pre-index
CTRL007245,2021-09-12,K21.9,ICD10CM,GERD,pre-index
CTRL007245,2022-03-28,R53.83,ICD10CM,fatigue,pre-index
CTRL007251,2019-01-09,L50.9,ICD10CM,urticaria,pre-index
CTRL007251,2019-09-12,J45.909,ICD10CM,asthma,pre-index
CTRL007251,2021-08-22,G43.909,ICD10CM,migraine,pre-index
CTRL007251,2019-07-01,L50.9,ICD10CM,urticaria,pre-index
CTRL007251,2020-11-19,R53.83,ICD10CM,fatigue,pre-index
CTRL007251,2021-02-21,I10,ICD10CM,hypertension,pre-index
CTRL007265,2018-10-11,G43.909,ICD10CM,migraine,pre-index
CTRL007265,2019-10-28,I10,ICD10CM,hypertension,pre-index
CTRL007265,2020-12-07,E78.5,ICD10CM,hyperlipidemia,pre-index
CTRL007265,2019-05-24,J45.909,ICD10CM,asthma,pre-index
CTRL007265,2019-03-06,G43.909,ICD10CM,migraine,pre-index
CTRL007265,2020-02-11,F41.9,ICD10CM,anxiety,pre-index
CTRL007272,2018-01-25,K21.9,ICD10CM,GERD,pre-index
CTRL007272,2016-03-27,L50.9,ICD10CM,urticaria,pre-index
CTRL007272,2017-09-27,M79.7,ICD10CM,fibromyalgia,pre-index
CTRL007278,2021-04-22,I10,ICD10CM,hypertension,pre-index
CTRL007278,2022-09-15,F41.9,ICD10CM,anxiety,pre-index
CTRL007278,2020-02-20,R53.83,ICD10CM,fatigue,pre-index
CTRL007278,2020-12-09,K21.9,ICD10CM,GERD,pre-index
CTRL007278,2022-06-29,R53.83,ICD10CM,fatigue,pre-index
CTRL007282,2019-05-12,I10,ICD10CM,hypertension,pre-index
CTRL007282,2019-03-02,F41.9,ICD10CM,anxiety,pre-index
CTRL007282,2020-11-02,I10,ICD10CM,hypertension,pre-index
CTRL007282,2021-04-27,R53.83,ICD10CM,fatigue,pre-index
CTRL007282,2018-10-13,R10.9,ICD10CM,abdominal pain,pre-index
CTRL007291,2019-12-31,R53.83,ICD10CM,fatigue,pre-index
CTRL007291,2022-04-29,G43.909,ICD10CM,migraine,pre-index
CTRL007291,2021-06-08,G43.909,ICD10CM,migraine,pre-index
CTRL007291,2020-08-29,I10,ICD10CM,hypertension,pre-index
CTRL007291,2020-10-07,K21.9,ICD10CM,GERD,pre-index
CTRL007291,2020-11-11,G43.909,ICD10CM,migraine,pre-index
CTRL007291,2020-01-03,E78.5,ICD10CM,hyperlipidemia,pre-index
CTRL007291,2020-06-13,M79.7,ICD10CM,fibromyalgia,pre-index
CTRL007297,2017-05-02,G43.909,ICD10CM,migraine,pre-index
CTRL007297,2018-07-21,K21.9,ICD10CM,GERD,pre-index
CTRL007297,2016-02-12,R10.9,ICD10CM,abdominal pain,pre-index
CTRL007297,2016-05-10,J45.909,ICD10CM,asthma,pre-index
CTRL007297,2016-09-02,R53.83,ICD10CM,fatigue,pre-index
CTRL007297,2017-12-16,L50.9,ICD10CM,urticaria,pre-index
CTRL007297,2016-05-19,G43.909,ICD10CM,migraine,pre-index
CTRL007297,2018-08-15,R53.83,ICD10CM,fatigue,pre-index
CTRL007297,2017-12-22,I10,ICD10CM,hypertension,pre-index
CTRL007349,2022-10-24,G43.909,ICD10CM,migraine,pre-index
CTRL007349,2021-05-23,I10,ICD10CM,hypertension,pre-index
CTRL007349,2023-07-08,E78.5,ICD10CM,hyperlipidemia,pre-index
CTRL007359,2021-04-26,R53.83,ICD10CM,fatigue,pre-index
CTRL007373,2016-03-15,F41.9,ICD10CM,anxiety,pre-index
CTRL007373,2016-12-27,E78.5,ICD10CM,hyperlipidemia,pre-index
CTRL007373,2015-05-23,E78.5,ICD10CM,hyperlipidemia,pre-index
CTRL007373,2016-07-13,F41.9,ICD10CM,anxiety,pre-index
CTRL007373,2015-09-19,K21.9,ICD10CM,GERD,pre-index
CTRL007373,2017-08-02,I10,ICD10CM,hypertension,pre-index
CTRL007385,2015-06-03,F41.9,ICD10CM,anxiety,pre-index
CTRL007385,2017-09-08,G43.909,ICD10CM,migraine,pre-index
CTRL007385,2017-07-06,J45.909,ICD10CM,asthma,pre-index
CTRL007385,2018-02-04,L50.9,ICD10CM,urticaria,pre-index
CTRL007385,2016-10-27,K21.9,ICD10CM,GERD,pre-index
CTRL007385,2017-08-05,I10,ICD10CM,hypertension,pre-index
CTRL007385,2018-03-31,E78.5,ICD10CM,hyperlipidemia,pre-index
CTRL007385,2017-02-19,E78.5,ICD10CM,hyperlipidemia,pre-index
CTRL007482,2022-12-23,F41.9,ICD10CM,anxiety,pre-index
CTRL007482,2020-08-11,L50.9,ICD10CM,urticaria,pre-index
CTRL007482,2020-06-30,E78.5,ICD10CM,hyperlipidemia,pre-index
CTRL007482,2021-12-15,R10.9,ICD10CM,abdominal pain,pre-index
CTRL007482,2022-08-16,K21.9,ICD10CM,GERD,pre-index
CTRL007482,2022-08-25,K21.9,ICD10CM,GERD,pre-index
CTRL007485,2024-02-11,I10,ICD10CM,hypertension,pre-index
CTRL007485,2021-06-19,M79.7,ICD10CM,fibromyalgia,pre-index
CTRL007485,2022-08-06,L50.9,ICD10CM,urticaria,pre-index
CTRL007485,2021-09-27,R53.83,ICD10CM,fatigue,pre-index
CTRL007485,2021-09-03,R10.9,ICD10CM,abdominal pain,pre-index
CTRL007485,2024-02-14,R10.9,ICD10CM,abdominal pain,pre-index
CTRL007485,2021-09-07,E78.5,ICD10CM,hyperlipidemia,pre-index
CTRL007500,2020-05-30,L50.9,ICD10CM,urticaria,pre-index
CTRL007500,2017-10-27,M79.7,ICD10CM,fibromyalgia,pre-index
CTRL007500,2017-12-01,I10,ICD10CM,hypertension,pre-index
CTRL007500,2018-03-03,F41.9,ICD10CM,anxiety,pre-index
CTRL007500,2019-05-10,F41.9,ICD10CM,anxiety,pre-index
CTRL007500,2018-11-25,K21.9,ICD10CM,GERD,pre-index
CTRL007500,2020-05-16,J45.909,ICD10CM,asthma,pre-index
CTRL007513,2023-08-21,I10,ICD10CM,hypertension,pre-index
CTRL007513,2023-03-14,R10.9,ICD10CM,abdominal pain,pre-index
CTRL007513,2024-04-13,R53.83,ICD10CM,fatigue,pre-index
CTRL007513,2022-08-18,R10.9,ICD10CM,abdominal pain,pre-index
CTRL007550,2021-04-04,I10,ICD10CM,hypertension,pre-index
CTRL007550,2023-05-14,I10,ICD10CM,hypertension,pre-index
CTRL007550,2021-02-19,I10,ICD10CM,hypertension,pre-index
CTRL007550,2021-01-23,I10,ICD10CM,hypertension,pre-index
CTRL007550,2021-07-04,K21.9,ICD10CM,GERD,pre-index
CTRL007550,2022-07-05,K21.9,ICD10CM,GERD,pre-index
CTRL007557,2020-03-15,R10.9,ICD10CM,abdominal pain,pre-index
CTRL007557,2019-05-31,F41.9,ICD10CM,anxiety,pre-index
CTRL007557,2021-12-15,F41.9,ICD10CM,anxiety,pre-index
CTRL007557,2021-03-23,I10,ICD10CM,hypertension,pre-index
CTRL007557,2021-05-02,I10,ICD10CM,hypertension,pre-index
CTRL007557,2019-12-20,L50.9,ICD10CM,urticaria,pre-index
CTRL007568,2018-02-19,F41.9,ICD10CM,anxiety,pre-index
CTRL007568,2017-08-13,J45.909,ICD10CM,asthma,pre-index
CTRL007568,2017-12-27,M79.7,ICD10CM,fibromyalgia,pre-index
CTRL007568,2018-06-22,M79.7,ICD10CM,fibromyalgia,pre-index
CTRL007568,2018-04-19,R53.83,ICD10CM,fatigue,pre-index
CTRL007568,2016-11-12,F41.9,ICD10CM,anxiety,pre-index
CTRL007568,2018-02-10,F41.9,ICD10CM,anxiety,pre-index
CTRL007568,2018-03-28,I10,ICD10CM,hypertension,pre-index
CTRL007568,2018-12-02,L50.9,ICD10CM,urticaria,pre-index
CTRL007568,2018-08-15,R53.83,ICD10CM,fatigue,pre-index
CTRL007584,2020-10-24,I10,ICD10CM,hypertension,pre-index
CTRL007584,2021-11-13,I10,ICD10CM,hypertension,pre-index
CTRL007584,2019-06-27,J45.909,ICD10CM,asthma,pre-index
CTRL007584,2021-04-02,L50.9,ICD10CM,urticaria,pre-index
CTRL007584,2019-06-17,I10,ICD10CM,hypertension,pre-index
CTRL007584,2019-07-06,K21.9,ICD10CM,GERD,pre-index
CTRL007584,2021-05-05,I10,ICD10CM,hypertension,pre-index
CTRL007584,2022-01-18,F41.9,ICD10CM,anxiety,pre-index
CTRL007584,2020-10-13,R10.9,ICD10CM,abdominal pain,pre-index
CTRL007653,2016-12-13,G43.909,ICD10CM,migraine,pre-index
CTRL007653,2014-06-11,R53.83,ICD10CM,fatigue,pre-index
CTRL007653,2014-03-22,I10,ICD10CM,hypertension,pre-index
CTRL007653,2016-07-02,M79.7,ICD10CM,fibromyalgia,pre-index
CTRL007653,2014-02-14,J45.909,ICD10CM,asthma,pre-index
CTRL007653,2015-11-09,E78.5,ICD10CM,hyperlipidemia,pre-index
CTRL007678,2020-08-04,I10,ICD10CM,hypertension,pre-index
CTRL007678,2019-06-04,I10,ICD10CM,hypertension,pre-index
CTRL007749,2021-08-08,R53.83,ICD10CM,fatigue,pre-index
CTRL007749,2022-06-23,J45.909,ICD10CM,asthma,pre-index
CTRL007749,2022-11-04,E78.5,ICD10CM,hyperlipidemia,pre-index
CTRL007749,2021-09-01,F41.9,ICD10CM,anxiety,pre-index
CTRL007749,2023-06-19,E78.5,ICD10CM,hyperlipidemia,pre-index
CTRL007754,2022-09-26,G43.909,ICD10CM,migraine,pre-index
CTRL007754,2021-01-30,I10,ICD10CM,hypertension,pre-index
CTRL007754,2023-07-13,K21.9,ICD10CM,GERD,pre-index
CTRL007754,2023-06-21,I10,ICD10CM,hypertension,pre-index
CTRL007760,2021-09-01,E78.5,ICD10CM,hyperlipidemia,pre-index
CTRL007760,2023-02-11,G43.909,ICD10CM,migraine,pre-index
CTRL007760,2020-12-05,F41.9,ICD10CM,anxiety,pre-index
CTRL007760,2022-06-24,I10,ICD10CM,hypertension,pre-index
CTRL007760,2021-03-05,L50.9,ICD10CM,urticaria,pre-index
CTRL007765,2020-02-16,M79.7,ICD10CM,fibromyalgia,pre-index
CTRL007765,2022-02-21,G43.909,ICD10CM,migraine,pre-index
CTRL007765,2020-06-06,E78.5,ICD10CM,hyperlipidemia,pre-index
CTRL007765,2020-12-05,I10,ICD10CM,hypertension,pre-index
CTRL007765,2020-06-10,K21.9,ICD10CM,GERD,pre-index
CTRL007765,2021-10-01,R53.83,ICD10CM,fatigue,pre-index
CTRL007765,2022-03-09,E78.5,ICD10CM,hyperlipidemia,pre-index
CTRL007779,2017-10-25,K21.9,ICD10CM,GERD,pre-index
CTRL007779,2019-06-03,J45.909,ICD10CM,asthma,pre-index
CTRL007779,2018-10-25,M79.7,ICD10CM,fibromyalgia,pre-index
CTRL007802,2019-02-08,I10,ICD10CM,hypertension,pre-index
CTRL007802,2020-12-21,F41.9,ICD10CM,anxiety,pre-index
CTRL007802,2020-07-28,R53.83,ICD10CM,fatigue,pre-index
CTRL007802,2020-11-03,J45.909,ICD10CM,asthma,pre-index
CTRL007805,2021-03-24,E78.5,ICD10CM,hyperlipidemia,pre-index
CTRL007805,2021-03-28,G43.909,ICD10CM,migraine,pre-index
CTRL007805,2022-07-18,F41.9,ICD10CM,anxiety,pre-index
CTRL007805,2022-10-04,F41.9,ICD10CM,anxiety,pre-index
CTRL007805,2022-10-20,G43.909,ICD10CM,migraine,pre-index
CTRL007805,2022-12-10,J45.909,ICD10CM,asthma,pre-index
CTRL007805,2021-03-29,J45.909,ICD10CM,asthma,pre-index
CTRL007805,2021-12-04,G43.909,ICD10CM,migraine,pre-index
CTRL007805,2021-12-19,J45.909,ICD10CM,asthma,pre-index
CTRL007805,2021-07-23,J45.909,ICD10CM,asthma,pre-index
CTRL007805,2022-12-06,I10,ICD10CM,hypertension,pre-index
CTRL007805,2022-01-11,M79.7,ICD10CM,fibromyalgia,pre-index
CTRL007835,2015-11-28,G43.909,ICD10CM,migraine,pre-index
CTRL007835,2018-06-22,R10.9,ICD10CM,abdominal pain,pre-index
CTRL007835,2017-07-02,R10.9,ICD10CM,abdominal pain,pre-index
CTRL007835,2015-11-22,J45.909,ICD10CM,asthma,pre-index
CTRL007835,2016-10-17,R10.9,ICD10CM,abdominal pain,pre-index
CTRL007835,2017-11-20,F41.9,ICD10CM,anxiety,pre-index
CTRL007837,2023-07-02,G43.909,ICD10CM,migraine,pre-index
CTRL007837,2022-06-09,R53.83,ICD10CM,fatigue,pre-index
CTRL007837,2021-12-01,I10,ICD10CM,hypertension,pre-index
CTRL007837,2022-08-07,K21.9,ICD10CM,GERD,pre-index
CTRL007837,2021-06-27,R10.9,ICD10CM,abdominal pain,pre-index
CTRL007837,2021-03-10,L50.9,ICD10CM,urticaria,pre-index
CTRL007857,2021-04-23,G43.909,ICD10CM,migraine,pre-index
CTRL007857,2019-04-09,K21.9,ICD10CM,GERD,pre-index
CTRL007857,2021-12-11,R53.83,ICD10CM,fatigue,pre-index
CTRL007857,2019-12-03,K21.9,ICD10CM,GERD,pre-index
CTRL007857,2020-06-02,K21.9,ICD10CM,GERD,pre-index
CTRL007857,2019-08-22,M79.7,ICD10CM,fibromyalgia,pre-index
CTRL007857,2019-10-06,E78.5,ICD10CM,hyperlipidemia,pre-index
CTRL007873,2020-11-02,K21.9,ICD10CM,GERD,pre-index
CTRL007873,2022-06-20,I10,ICD10CM,hypertension,pre-index
CTRL007873,2020-11-21,R10.9,ICD10CM,abdominal pain,pre-index
CTRL007873,2020-11-12,J45.909,ICD10CM,asthma,pre-index
CTRL007929,2021-05-07,G43.909,ICD10CM,migraine,pre-index
CTRL007929,2021-06-11,R53.83,ICD10CM,fatigue,pre-index
CTRL007932,2021-10-01,J45.909,ICD10CM,asthma,pre-index
CTRL007932,2021-11-01,I10,ICD10CM,hypertension,pre-index
CTRL007932,2022-01-15,J45.909,ICD10CM,asthma,pre-index
CTRL007972,2021-04-11,L50.9,ICD10CM,urticaria,pre-index
CTRL007972,2020-02-29,R10.9,ICD10CM,abdominal pain,pre-index
CTRL007972,2021-05-31,K21.9,ICD10CM,GERD,pre-index
CTRL007972,2019-07-18,R53.83,ICD10CM,fatigue,pre-index
CTRL007972,2021-10-06,G43.909,ICD10CM,migraine,pre-index
CTRL007996,2016-01-27,K21.9,ICD10CM,GERD,pre-index
CTRL007996,2017-08-05,J45.909,ICD10CM,asthma,pre-index
CTRL007996,2016-07-07,R53.83,ICD10CM,fatigue,pre-index
CTRL007996,2016-02-11,R53.83,ICD10CM,fatigue,pre-index
CTRL007996,2017-09-17,I10,ICD10CM,hypertension,pre-index
CTRL007996,2016-02-19,I10,ICD10CM,hypertension,pre-index
CTRL007996,2017-02-03,I10,ICD10CM,hypertension,pre-index
CTRL007996,2017-06-13,R10.9,ICD10CM,abdominal pain,pre-index
CTRL007996,2017-06-11,I10,ICD10CM,hypertension,pre-index
CTRL007996,2016-03-30,I10,ICD10CM,hypertension,pre-index
CTRL007996,2017-05-09,R53.83,ICD10CM,fatigue,pre-index
CTRL007996,2017-06-28,R53.83,ICD10CM,fatigue,pre-index
CTRL007996,2017-07-19,I10,ICD10CM,hypertension,pre-index
CTRL008004,2020-06-10,G43.909,ICD10CM,migraine,pre-index
CTRL008004,2021-09-27,G43.909,ICD10CM,migraine,pre-index
CTRL008005,2022-02-15,R53.83,ICD10CM,fatigue,pre-index
CTRL008005,2021-08-09,E78.5,ICD10CM,hyperlipidemia,pre-index
CTRL008005,2020-10-31,L50.9,ICD10CM,urticaria,pre-index
CTRL008017,2020-09-16,R53.83,ICD10CM,fatigue,pre-index
CTRL008017,2021-06-14,I10,ICD10CM,hypertension,pre-index
CTRL008017,2021-05-24,K21.9,ICD10CM,GERD,pre-index
CTRL008017,2022-06-01,K21.9,ICD10CM,GERD,pre-index
CTRL008017,2022-07-27,I10,ICD10CM,hypertension,pre-index
CTRL008017,2021-05-31,R10.9,ICD10CM,abdominal pain,pre-index
CTRL008017,2020-10-16,K21.9,ICD10CM,GERD,pre-index
CTRL008031,2022-06-11,K21.9,ICD10CM,GERD,pre-index
CTRL008031,2020-03-26,J45.909,ICD10CM,asthma,pre-index
CTRL008031,2021-10-27,L50.9,ICD10CM,urticaria,pre-index
CTRL008031,2022-03-01,E78.5,ICD10CM,hyperlipidemia,pre-index
CTRL008031,2021-04-01,E78.5,ICD10CM,hyperlipidemia,pre-index
CTRL008031,2019-12-28,I10,ICD10CM,hypertension,pre-index
CTRL008042,2013-08-23,R53.83,ICD10CM,fatigue,pre-index
CTRL008042,2013-11-02,E78.5,ICD10CM,hyperlipidemia,pre-index
CTRL008090,2018-05-16,J45.909,ICD10CM,asthma,pre-index
CTRL008090,2015-09-06,E78.5,ICD10CM,hyperlipidemia,pre-index
CTRL008090,2017-08-17,F41.9,ICD10CM,anxiety,pre-index
CTRL008125,2016-01-01,E78.5,ICD10CM,hyperlipidemia,pre-index
CTRL008125,2014-09-06,I10,ICD10CM,hypertension,pre-index
CTRL008125,2014-08-17,I10,ICD10CM,hypertension,pre-index
CTRL008133,2018-02-11,I10,ICD10CM,hypertension,pre-index
CTRL008133,2017-12-05,J45.909,ICD10CM,asthma,pre-index
CTRL008133,2017-02-25,F41.9,ICD10CM,anxiety,pre-index
CTRL008149,2015-02-06,E78.5,ICD10CM,hyperlipidemia,pre-index
CTRL008149,2015-06-14,K21.9,ICD10CM,GERD,pre-index
CTRL008149,2013-10-26,K21.9,ICD10CM,GERD,pre-index
CTRL008149,2014-08-16,K21.9,ICD10CM,GERD,pre-index
CTRL008149,2014-12-22,K21.9,ICD10CM,GERD,pre-index
CTRL008149,2013-11-03,J45.909,ICD10CM,asthma,pre-index
CTRL008155,2019-09-21,E78.5,ICD10CM,hyperlipidemia,pre-index
CTRL008155,2019-01-02,R53.83,ICD10CM,fatigue,pre-index
CTRL008155,2021-05-15,J45.909,ICD10CM,asthma,pre-index
CTRL008155,2020-07-23,E78.5,ICD10CM,hyperlipidemia,pre-index
CTRL008155,2021-02-14,R53.83,ICD10CM,fatigue,pre-index
CTRL008155,2020-09-06,K21.9,ICD10CM,GERD,pre-index
CTRL008167,2022-07-01,K21.9,ICD10CM,GERD,pre-index
CTRL008167,2021-06-28,J45.909,ICD10CM,asthma,pre-index
CTRL008181,2016-05-19,R10.9,ICD10CM,abdominal pain,pre-index
CTRL008181,2015-03-17,R10.9,ICD10CM,abdominal pain,pre-index
CTRL008181,2014-08-14,F41.9,ICD10CM,anxiety,pre-index
CTRL008181,2014-10-11,J45.909,ICD10CM,asthma,pre-index
CTRL008181,2016-07-07,J45.909,ICD10CM,asthma,pre-index
CTRL008181,2015-09-28,J45.909,ICD10CM,asthma,pre-index
CTRL008186,2015-12-27,I10,ICD10CM,hypertension,pre-index
CTRL008186,2015-05-12,G43.909,ICD10CM,migraine,pre-index
CTRL008186,2013-12-05,K21.9,ICD10CM,GERD,pre-index
CTRL008186,2016-01-29,J45.909,ICD10CM,asthma,pre-index
CTRL008186,2016-04-15,G43.909,ICD10CM,migraine,pre-index
CTRL008193,2018-04-23,I10,ICD10CM,hypertension,pre-index
CTRL008193,2017-07-16,M79.7,ICD10CM,fibromyalgia,pre-index
CTRL008193,2019-05-26,L50.9,ICD10CM,urticaria,pre-index
CTRL008193,2017-08-07,I10,ICD10CM,hypertension,pre-index
CTRL008193,2018-09-12,E78.5,ICD10CM,hyperlipidemia,pre-index
CTRL008193,2019-06-26,J45.909,ICD10CM,asthma,pre-index
CTRL008193,2017-09-04,M79.7,ICD10CM,fibromyalgia,pre-index
CTRL008193,2017-04-02,R10.9,ICD10CM,abdominal pain,pre-index
CTRL008217,2022-10-01,F41.9,ICD10CM,anxiety,pre-index
CTRL008217,2023-12-12,I10,ICD10CM,hypertension,pre-index
CTRL008217,2024-02-29,G43.909,ICD10CM,migraine,pre-index
CTRL008217,2022-10-22,G43.909,ICD10CM,migraine,pre-index
CTRL008238,2017-09-14,R10.9,ICD10CM,abdominal pain,pre-index
CTRL008238,2017-04-04,F41.9,ICD10CM,anxiety,pre-index
CTRL008238,2015-07-04,R53.83,ICD10CM,fatigue,pre-index
CTRL008238,2016-05-31,R10.9,ICD10CM,abdominal pain,pre-index
CTRL008238,2017-07-25,J45.909,ICD10CM,asthma,pre-index
CTRL008238,2016-09-09,I10,ICD10CM,hypertension,pre-index
CTRL008287,2023-01-17,F41.9,ICD10CM,anxiety,pre-index
CTRL008287,2023-04-02,L50.9,ICD10CM,urticaria,pre-index
CTRL008287,2022-10-12,K21.9,ICD10CM,GERD,pre-index
CTRL008287,2022-08-30,I10,ICD10CM,hypertension,pre-index
CTRL008287,2024-09-15,R10.9,ICD10CM,abdominal pain,pre-index
CTRL008287,2023-10-19,J45.909,ICD10CM,asthma,pre-index
CTRL008299,2015-06-13,E78.5,ICD10CM,hyperlipidemia,pre-index
CTRL008299,2017-08-12,R10.9,ICD10CM,abdominal pain,pre-index
CTRL008299,2016-04-18,G43.909,ICD10CM,migraine,pre-index
CTRL008299,2017-11-06,R10.9,ICD10CM,abdominal pain,pre-index
CTRL008299,2018-02-01,G43.909,ICD10CM,migraine,pre-index
CTRL008299,2015-03-29,G43.909,ICD10CM,migraine,pre-index
CTRL008299,2016-06-01,L50.9,ICD10CM,urticaria,pre-index
CTRL008327,2019-05-05,G43.909,ICD10CM,migraine,pre-index
CTRL008327,2016-12-29,E78.5,ICD10CM,hyperlipidemia,pre-index
CTRL008327,2017-07-29,G43.909,ICD10CM,migraine,pre-index
CTRL008327,2017-05-22,I10,ICD10CM,hypertension,pre-index
CTRL008327,2019-01-07,R53.83,ICD10CM,fatigue,pre-index
CTRL008327,2018-06-04,R53.83,ICD10CM,fatigue,pre-index
CTRL008327,2016-10-04,K21.9,ICD10CM,GERD,pre-index
CTRL008327,2018-08-11,F41.9,ICD10CM,anxiety,pre-index
CTRL008379,2015-02-05,R10.9,ICD10CM,abdominal pain,pre-index
CTRL008379,2015-10-28,E78.5,ICD10CM,hyperlipidemia,pre-index
CTRL008379,2016-02-02,F41.9,ICD10CM,anxiety,pre-index
CTRL008379,2014-12-18,F41.9,ICD10CM,anxiety,pre-index
CTRL008379,2016-12-08,K21.9,ICD10CM,GERD,pre-index
CTRL008379,2017-01-25,K21.9,ICD10CM,GERD,pre-index
CTRL008379,2014-08-26,R10.9,ICD10CM,abdominal pain,pre-index
CTRL008406,2015-02-09,E78.5,ICD10CM,hyperlipidemia,pre-index
CTRL008406,2015-06-10,K21.9,ICD10CM,GERD,pre-index
CTRL008406,2015-08-30,G43.909,ICD10CM,migraine,pre-index
CTRL008406,2016-05-09,G43.909,ICD10CM,migraine,pre-index
CTRL008406,2016-08-09,G43.909,ICD10CM,migraine,pre-index
CTRL008406,2014-06-25,K21.9,ICD10CM,GERD,pre-index
CTRL008406,2014-11-14,G43.909,ICD10CM,migraine,pre-index
CTRL008406,2016-05-22,I10,ICD10CM,hypertension,pre-index
CTRL008406,2015-03-01,M79.7,ICD10CM,fibromyalgia,pre-index
CTRL008406,2016-12-05,F41.9,ICD10CM,anxiety,pre-index
CTRL008406,2014-02-27,K21.9,ICD10CM,GERD,pre-index
CTRL008406,2015-11-30,K21.9,ICD10CM,GERD,pre-index
CTRL008406,2015-03-09,F41.9,ICD10CM,anxiety,pre-index
CTRL008426,2016-08-18,K21.9,ICD10CM,GERD,pre-index
CTRL008426,2018-02-27,J45.909,ICD10CM,asthma,pre-index
CTRL008426,2016-08-18,I10,ICD10CM,hypertension,pre-index
CTRL008426,2017-04-25,K21.9,ICD10CM,GERD,pre-index
CTRL008426,2019-04-13,R53.83,ICD10CM,fatigue,pre-index
CTRL008426,2017-05-25,E78.5,ICD10CM,hyperlipidemia,pre-index
CTRL008481,2019-06-16,G43.909,ICD10CM,migraine,pre-index
CTRL008481,2017-10-23,J45.909,ICD10CM,asthma,pre-index
CTRL008481,2020-03-02,J45.909,ICD10CM,asthma,pre-index
CTRL008481,2019-10-21,L50.9,ICD10CM,urticaria,pre-index
CTRL008481,2019-01-06,F41.9,ICD10CM,anxiety,pre-index
CTRL008481,2019-07-20,K21.9,ICD10CM,GERD,pre-index
CTRL008481,2020-06-14,R53.83,ICD10CM,fatigue,pre-index
CTRL008491,2016-01-04,R53.83,ICD10CM,fatigue,pre-index
CTRL008491,2013-09-24,F41.9,ICD10CM,anxiety,pre-index
CTRL008491,2014-03-11,G43.909,ICD10CM,migraine,pre-index
CTRL008491,2015-08-03,K21.9,ICD10CM,GERD,pre-index
CTRL008491,2015-08-14,G43.909,ICD10CM,migraine,pre-index
CTRL008491,2013-12-13,R53.83,ICD10CM,fatigue,pre-index
CTRL008502,2020-03-15,F41.9,ICD10CM,anxiety,pre-index
CTRL008502,2019-02-21,K21.9,ICD10CM,GERD,pre-index
CTRL008502,2018-06-13,R53.83,ICD10CM,fatigue,pre-index
CTRL008502,2020-06-15,R53.83,ICD10CM,fatigue,pre-index
CTRL008502,2019-04-18,J45.909,ICD10CM,asthma,pre-index
CTRL008502,2019-07-04,R10.9,ICD10CM,abdominal pain,pre-index
CTRL008502,2020-01-10,J45.909,ICD10CM,asthma,pre-index
CTRL008502,2020-07-16,K21.9,ICD10CM,GERD,pre-index
CTRL008502,2018-12-23,F41.9,ICD10CM,anxiety,pre-index
CTRL008502,2019-11-19,G43.909,ICD10CM,migraine,pre-index
CTRL008537,2019-08-27,I10,ICD10CM,hypertension,pre-index
CTRL008537,2017-06-18,E78.5,ICD10CM,hyperlipidemia,pre-index
CTRL008537,2018-05-20,L50.9,ICD10CM,urticaria,pre-index
CTRL008537,2019-04-23,J45.909,ICD10CM,asthma,pre-index
CTRL008537,2018-02-22,R53.83,ICD10CM,fatigue,pre-index
CTRL008543,2016-05-03,K21.9,ICD10CM,GERD,pre-index
CTRL008543,2014-08-02,I10,ICD10CM,hypertension,pre-index
CTRL008543,2014-07-12,E78.5,ICD10CM,hyperlipidemia,pre-index
CTRL008566,2016-03-24,K21.9,ICD10CM,GERD,pre-index
CTRL008566,2016-09-09,R53.83,ICD10CM,fatigue,pre-index
CTRL008566,2015-03-31,K21.9,ICD10CM,GERD,pre-index
CTRL008566,2015-10-05,L50.9,ICD10CM,urticaria,pre-index
CTRL008566,2017-05-02,I10,ICD10CM,hypertension,pre-index
CTRL008582,2015-03-15,I10,ICD10CM,hypertension,pre-index
CTRL008582,2015-02-27,E78.5,ICD10CM,hyperlipidemia,pre-index
CTRL008582,2015-07-13,K21.9,ICD10CM,GERD,pre-index
CTRL008582,2013-11-11,G43.909,ICD10CM,migraine,pre-index
CTRL008582,2015-07-04,I10,ICD10CM,hypertension,pre-index
CTRL008618,2022-11-18,K21.9,ICD10CM,GERD,pre-index
CTRL008618,2024-08-28,R10.9,ICD10CM,abdominal pain,pre-index
CTRL008618,2024-09-19,F41.9,ICD10CM,anxiety,pre-index
CTRL008618,2023-11-09,I10,ICD10CM,hypertension,pre-index
CTRL008618,2022-09-28,G43.909,ICD10CM,migraine,pre-index
CTRL008654,2021-01-02,L50.9,ICD10CM,urticaria,pre-index
CTRL008654,2021-01-25,R10.9,ICD10CM,abdominal pain,pre-index
CTRL008676,2023-07-25,G43.909,ICD10CM,migraine,pre-index
CTRL008676,2022-11-03,R53.83,ICD10CM,fatigue,pre-index
CTRL008676,2021-05-17,J45.909,ICD10CM,asthma,pre-index
CTRL008676,2022-06-17,E78.5,ICD10CM,hyperlipidemia,pre-index
CTRL008676,2022-06-09,R53.83,ICD10CM,fatigue,pre-index
CTRL008676,2021-11-24,J45.909,ICD10CM,asthma,pre-index
CTRL008679,2017-04-14,G43.909,ICD10CM,migraine,pre-index
CTRL008679,2017-07-21,I10,ICD10CM,hypertension,pre-index
CTRL008679,2017-11-08,I10,ICD10CM,hypertension,pre-index
CTRL008679,2017-10-29,G43.909,ICD10CM,migraine,pre-index
CTRL008679,2018-10-04,M79.7,ICD10CM,fibromyalgia,pre-index
CTRL008679,2017-01-18,E78.5,ICD10CM,hyperlipidemia,pre-index
CTRL008702,2015-04-04,G43.909,ICD10CM,migraine,pre-index
CTRL008702,2013-12-21,E78.5,ICD10CM,hyperlipidemia,pre-index
CTRL008702,2014-01-26,E78.5,ICD10CM,hyperlipidemia,pre-index
CTRL008702,2013-03-07,K21.9,ICD10CM,GERD,pre-index
CTRL008706,2019-06-29,E78.5,ICD10CM,hyperlipidemia,pre-index
CTRL008706,2019-10-09,J45.909,ICD10CM,asthma,pre-index
CTRL008725,2016-09-29,E78.5,ICD10CM,hyperlipidemia,pre-index
CTRL008725,2017-07-01,G43.909,ICD10CM,migraine,pre-index
CTRL008725,2015-10-14,K21.9,ICD10CM,GERD,pre-index
CTRL008725,2015-01-28,G43.909,ICD10CM,migraine,pre-index
CTRL008744,2020-05-30,L50.9,ICD10CM,urticaria,pre-index
CTRL008744,2020-09-15,E78.5,ICD10CM,hyperlipidemia,pre-index
CTRL008744,2019-05-18,K21.9,ICD10CM,GERD,pre-index
CTRL008744,2021-02-24,G43.909,ICD10CM,migraine,pre-index
CTRL008747,2015-10-05,R53.83,ICD10CM,fatigue,pre-index
CTRL008747,2015-11-20,J45.909,ICD10CM,asthma,pre-index
CTRL008747,2016-01-11,F41.9,ICD10CM,anxiety,pre-index
CTRL008747,2016-06-29,F41.9,ICD10CM,anxiety,pre-index
CTRL008747,2016-09-16,M79.7,ICD10CM,fibromyalgia,pre-index
CTRL008747,2014-09-19,F41.9,ICD10CM,anxiety,pre-index
CTRL008750,2021-09-10,F41.9,ICD10CM,anxiety,pre-index
CTRL008750,2021-08-05,J45.909,ICD10CM,asthma,pre-index
CTRL008750,2020-09-28,R53.83,ICD10CM,fatigue,pre-index
CTRL008750,2021-01-14,I10,ICD10CM,hypertension,pre-index
CTRL008750,2022-03-30,I10,ICD10CM,hypertension,pre-index
CTRL008750,2021-06-24,R53.83,ICD10CM,fatigue,pre-index
CTRL008750,2021-05-15,L50.9,ICD10CM,urticaria,pre-index
CTRL008750,2021-03-15,M79.7,ICD10CM,fibromyalgia,pre-index
CTRL008750,2020-12-08,E78.5,ICD10CM,hyperlipidemia,pre-index
CTRL008750,2020-09-05,R10.9,ICD10CM,abdominal pain,pre-index
CTRL008750,2022-06-13,K21.9,ICD10CM,GERD,pre-index
CTRL008750,2021-11-28,F41.9,ICD10CM,anxiety,pre-index
CTRL008750,2020-09-21,E78.5,ICD10CM,hyperlipidemia,pre-index
CTRL008750,2021-02-23,I10,ICD10CM,hypertension,pre-index
CTRL008750,2021-06-05,L50.9,ICD10CM,urticaria,pre-index
CTRL008750,2022-01-10,I10,ICD10CM,hypertension,pre-index
CTRL008750,2021-07-08,J45.909,ICD10CM,asthma,pre-index
CTRL008759,2022-07-05,R10.9,ICD10CM,abdominal pain,pre-index
CTRL008759,2022-05-08,J45.909,ICD10CM,asthma,pre-index
CTRL008759,2022-01-08,K21.9,ICD10CM,GERD,pre-index
CTRL008759,2022-01-22,R53.83,ICD10CM,fatigue,pre-index
CTRL008759,2021-11-07,L50.9,ICD10CM,urticaria,pre-index
CTRL008759,2023-02-09,R53.83,ICD10CM,fatigue,pre-index
CTRL008759,2021-12-03,F41.9,ICD10CM,anxiety,pre-index
CTRL008759,2021-10-19,R53.83,ICD10CM,fatigue,pre-index
CTRL008761,2016-09-23,K21.9,ICD10CM,GERD,pre-index
CTRL008761,2018-01-21,I10,ICD10CM,hypertension,pre-index
CTRL008782,2017-01-17,L50.9,ICD10CM,urticaria,pre-index
CTRL008782,2017-11-26,K21.9,ICD10CM,GERD,pre-index
CTRL008790,2016-09-19,J45.909,ICD10CM,asthma,pre-index
CTRL008794,2017-03-09,R10.9,ICD10CM,abdominal pain,pre-index
CTRL008794,2016-08-07,F41.9,ICD10CM,anxiety,pre-index
CTRL008794,2017-09-11,I10,ICD10CM,hypertension,pre-index
CTRL008794,2016-08-24,J45.909,ICD10CM,asthma,pre-index
CTRL008794,2016-02-03,J45.909,ICD10CM,asthma,pre-index
CTRL008796,2017-07-17,J45.909,ICD10CM,asthma,pre-index
CTRL008796,2016-02-05,G43.909,ICD10CM,migraine,pre-index
CTRL008796,2016-05-08,I10,ICD10CM,hypertension,pre-index
CTRL008796,2015-11-27,R53.83,ICD10CM,fatigue,pre-index
CTRL008796,2017-08-19,M79.7,ICD10CM,fibromyalgia,pre-index
CTRL008796,2017-01-31,K21.9,ICD10CM,GERD,pre-index
CTRL008806,2024-04-03,I10,ICD10CM,hypertension,pre-index
CTRL008806,2023-03-06,K21.9,ICD10CM,GERD,pre-index
CTRL008806,2022-06-02,R53.83,ICD10CM,fatigue,pre-index
CTRL008806,2024-04-29,I10,ICD10CM,hypertension,pre-index
CTRL008822,2020-06-15,E78.5,ICD10CM,hyperlipidemia,pre-index
CTRL008822,2019-01-08,R53.83,ICD10CM,fatigue,pre-index
CTRL008822,2018-04-10,R53.83,ICD10CM,fatigue,pre-index
CTRL008822,2017-09-19,L50.9,ICD10CM,urticaria,pre-index
CTRL008822,2019-01-26,I10,ICD10CM,hypertension,pre-index
CTRL008822,2018-03-26,I10,ICD10CM,hypertension,pre-index
CTRL008822,2019-04-21,K21.9,ICD10CM,GERD,pre-index
CTRL008831,2016-09-25,E78.5,ICD10CM,hyperlipidemia,pre-index
CTRL008831,2016-03-24,R10.9,ICD10CM,abdominal pain,pre-index
CTRL008852,2014-10-08,I10,ICD10CM,hypertension,pre-index
CTRL008852,2016-05-15,E78.5,ICD10CM,hyperlipidemia,pre-index
CTRL008852,2015-05-06,K21.9,ICD10CM,GERD,pre-index
CTRL008859,2019-02-25,G43.909,ICD10CM,migraine,pre-index
CTRL008859,2017-12-25,F41.9,ICD10CM,anxiety,pre-index
CTRL008859,2019-03-21,L50.9,ICD10CM,urticaria,pre-index
CTRL008859,2016-11-12,R53.83,ICD10CM,fatigue,pre-index
CTRL008859,2018-08-17,K21.9,ICD10CM,GERD,pre-index
CTRL008859,2016-11-19,K21.9,ICD10CM,GERD,pre-index
CTRL008859,2018-07-27,J45.909,ICD10CM,asthma,pre-index
CTRL008859,2018-10-06,I10,ICD10CM,hypertension,pre-index
CTRL008859,2018-04-01,J45.909,ICD10CM,asthma,pre-index
CTRL008859,2017-03-10,L50.9,ICD10CM,urticaria,pre-index
CTRL008864,2023-10-02,E78.5,ICD10CM,hyperlipidemia,pre-index
CTRL008864,2022-10-13,F41.9,ICD10CM,anxiety,pre-index
CTRL008864,2023-10-19,E78.5,ICD10CM,hyperlipidemia,pre-index
CTRL008864,2023-09-29,G43.909,ICD10CM,migraine,pre-index
CTRL008878,2016-03-04,F41.9,ICD10CM,anxiety,pre-index
CTRL008878,2017-03-20,L50.9,ICD10CM,urticaria,pre-index
CTRL008878,2015-10-14,R53.83,ICD10CM,fatigue,pre-index
CTRL008878,2017-11-10,F41.9,ICD10CM,anxiety,pre-index
CTRL008878,2015-10-21,G43.909,ICD10CM,migraine,pre-index
CTRL008878,2017-03-22,G43.909,ICD10CM,migraine,pre-index
CTRL008901,2018-05-06,J45.909,ICD10CM,asthma,pre-index
CTRL008901,2017-06-01,G43.909,ICD10CM,migraine,pre-index
CTRL008901,2018-08-13,L50.9,ICD10CM,urticaria,pre-index
CTRL008911,2022-10-27,E78.5,ICD10CM,hyperlipidemia,pre-index
CTRL008911,2024-06-30,R53.83,ICD10CM,fatigue,pre-index
CTRL008911,2024-10-01,K21.9,ICD10CM,GERD,pre-index
CTRL008942,2019-04-19,G43.909,ICD10CM,migraine,pre-index
CTRL008942,2021-01-10,I10,ICD10CM,hypertension,pre-index
CTRL008942,2019-09-12,K21.9,ICD10CM,GERD,pre-index
CTRL008942,2021-03-26,R10.9,ICD10CM,abdominal pain,pre-index
CTRL008942,2019-05-04,R53.83,ICD10CM,fatigue,pre-index
CTRL008942,2021-01-03,R10.9,ICD10CM,abdominal pain,pre-index
CTRL008942,2020-03-17,L50.9,ICD10CM,urticaria,pre-index
CTRL008942,2019-05-22,R53.83,ICD10CM,fatigue,pre-index
CTRL008942,2019-06-30,M79.7,ICD10CM,fibromyalgia,pre-index
CTRL008942,2019-07-27,K21.9,ICD10CM,GERD,pre-index
CTRL008942,2019-12-11,F41.9,ICD10CM,anxiety,pre-index
CTRL008942,2019-11-14,F41.9,ICD10CM,anxiety,pre-index
CTRL008953,2020-12-30,F41.9,ICD10CM,anxiety,pre-index
CTRL008953,2019-06-22,K21.9,ICD10CM,GERD,pre-index
CTRL008953,2019-11-25,K21.9,ICD10CM,GERD,pre-index
CTRL008953,2021-07-01,I10,ICD10CM,hypertension,pre-index
CTRL008953,2018-10-11,R53.83,ICD10CM,fatigue,pre-index
CTRL008966,2023-10-10,J45.909,ICD10CM,asthma,pre-index
CTRL008966,2023-03-12,R10.9,ICD10CM,abdominal pain,pre-index
CTRL008966,2022-08-11,R53.83,ICD10CM,fatigue,pre-index
CTRL008966,2023-11-09,E78.5,ICD10CM,hyperlipidemia,pre-index
CTRL008966,2023-04-02,G43.909,ICD10CM,migraine,pre-index
CTRL008966,2024-01-01,R53.83,ICD10CM,fatigue,pre-index
CTRL008966,2023-12-23,E78.5,ICD10CM,hyperlipidemia,pre-index
CTRL008966,2023-04-01,R53.83,ICD10CM,fatigue,pre-index
CTRL008984,2019-06-03,G43.909,ICD10CM,migraine,pre-index
CTRL008984,2020-10-15,J45.909,ICD10CM,asthma,pre-index
CTRL008984,2020-03-28,R53.83,ICD10CM,fatigue,pre-index
CTRL008991,2017-03-09,F41.9,ICD10CM,anxiety,pre-index
CTRL008991,2016-09-30,K21.9,ICD10CM,GERD,pre-index
CTRL008991,2017-05-21,L50.9,ICD10CM,urticaria,pre-index
CTRL009020,2019-11-16,R10.9,ICD10CM,abdominal pain,pre-index
CTRL009020,2019-07-21,J45.909,ICD10CM,asthma,pre-index
CTRL009020,2020-07-26,F41.9,ICD10CM,anxiety,pre-index
CTRL009020,2018-04-09,E78.5,ICD10CM,hyperlipidemia,pre-index
CTRL009020,2019-03-12,R53.83,ICD10CM,fatigue,pre-index
CTRL009020,2018-11-18,I10,ICD10CM,hypertension,pre-index
CTRL009020,2020-02-15,M79.7,ICD10CM,fibromyalgia,pre-index
CTRL009020,2019-03-19,E78.5,ICD10CM,hyperlipidemia,pre-index
CTRL009027,2013-07-18,E78.5,ICD10CM,hyperlipidemia,pre-index
CTRL009027,2015-07-15,I10,ICD10CM,hypertension,pre-index
CTRL009027,2015-06-20,E78.5,ICD10CM,hyperlipidemia,pre-index
CTRL009027,2015-06-13,K21.9,ICD10CM,GERD,pre-index
CTRL009027,2014-05-30,J45.909,ICD10CM,asthma,pre-index
CTRL009027,2015-09-02,K21.9,ICD10CM,GERD,pre-index
CTRL009037,2020-09-03,E78.5,ICD10CM,hyperlipidemia,pre-index
CTRL009037,2020-01-08,I10,ICD10CM,hypertension,pre-index
CTRL009037,2019-10-04,G43.909,ICD10CM,migraine,pre-index
CTRL009037,2021-07-26,K21.9,ICD10CM,GERD,pre-index
CTRL009037,2020-09-06,E78.5,ICD10CM,hyperlipidemia,pre-index
CTRL009037,2020-03-24,K21.9,ICD10CM,GERD,pre-index
CTRL009037,2021-07-21,L50.9,ICD10CM,urticaria,pre-index
CTRL009037,2020-09-14,R53.83,ICD10CM,fatigue,pre-index
CTRL009037,2022-01-09,K21.9,ICD10CM,GERD,pre-index
CTRL009051,2019-03-11,E78.5,ICD10CM,hyperlipidemia,pre-index
CTRL009051,2017-01-07,K21.9,ICD10CM,GERD,pre-index
CTRL009051,2018-02-14,G43.909,ICD10CM,migraine,pre-index
CTRL009051,2017-12-23,R10.9,ICD10CM,abdominal pain,pre-index
CTRL009051,2017-07-23,R53.83,ICD10CM,fatigue,pre-index
CTRL009071,2016-01-21,I10,ICD10CM,hypertension,pre-index
CTRL009071,2014-03-06,I10,ICD10CM,hypertension,pre-index
CTRL009071,2014-04-29,L50.9,ICD10CM,urticaria,pre-index
CTRL009071,2016-06-07,R53.83,ICD10CM,fatigue,pre-index
CTRL009071,2014-01-23,L50.9,ICD10CM,urticaria,pre-index
CTRL009071,2015-04-22,I10,ICD10CM,hypertension,pre-index
CTRL009075,2016-12-18,F41.9,ICD10CM,anxiety,pre-index
CTRL009075,2016-03-28,R53.83,ICD10CM,fatigue,pre-index
CTRL009075,2018-04-18,G43.909,ICD10CM,migraine,pre-index
CTRL009075,2017-05-29,R53.83,ICD10CM,fatigue,pre-index
CTRL009075,2017-08-13,R10.9,ICD10CM,abdominal pain,pre-index
CTRL009075,2016-03-11,G43.909,ICD10CM,migraine,pre-index
CTRL009075,2018-04-02,R53.83,ICD10CM,fatigue,pre-index
CTRL009075,2018-04-08,R53.83,ICD10CM,fatigue,pre-index
CTRL009075,2017-08-19,G43.909,ICD10CM,migraine,pre-index
CTRL009075,2016-10-09,R53.83,ICD10CM,fatigue,pre-index
CTRL009075,2016-07-26,K21.9,ICD10CM,GERD,pre-index
CTRL009075,2016-04-15,R53.83,ICD10CM,fatigue,pre-index
CTRL009075,2018-02-28,G43.909,ICD10CM,migraine,pre-index
CTRL009076,2021-04-14,R53.83,ICD10CM,fatigue,pre-index
CTRL009076,2019-05-23,R53.83,ICD10CM,fatigue,pre-index
CTRL009076,2020-01-04,R10.9,ICD10CM,abdominal pain,pre-index
CTRL009076,2021-02-03,G43.909,ICD10CM,migraine,pre-index
CTRL009088,2017-03-13,M79.7,ICD10CM,fibromyalgia,pre-index
CTRL009088,2016-04-15,I10,ICD10CM,hypertension,pre-index
CTRL009088,2018-09-19,L50.9,ICD10CM,urticaria,pre-index
CTRL009088,2016-05-30,G43.909,ICD10CM,migraine,pre-index
CTRL009104,2015-10-18,I10,ICD10CM,hypertension,pre-index
CTRL009104,2015-12-05,K21.9,ICD10CM,GERD,pre-index
CTRL009104,2015-09-06,R53.83,ICD10CM,fatigue,pre-index
CTRL009104,2016-11-03,G43.909,ICD10CM,migraine,pre-index
CTRL009104,2015-08-22,L50.9,ICD10CM,urticaria,pre-index
CTRL009104,2015-07-22,J45.909,ICD10CM,asthma,pre-index
CTRL009104,2015-06-14,I10,ICD10CM,hypertension,pre-index
CTRL009104,2016-09-23,F41.9,ICD10CM,anxiety,pre-index
CTRL009104,2015-05-31,G43.909,ICD10CM,migraine,pre-index
CTRL009104,2016-02-01,F41.9,ICD10CM,anxiety,pre-index
CTRL009104,2015-04-12,J45.909,ICD10CM,asthma,pre-index
CTRL009104,2015-07-14,K21.9,ICD10CM,GERD,pre-index
CTRL009107,2019-06-25,R10.9,ICD10CM,abdominal pain,pre-index
CTRL009107,2018-08-26,E78.5,ICD10CM,hyperlipidemia,pre-index
CTRL009107,2017-09-25,G43.909,ICD10CM,migraine,pre-index
CTRL009107,2017-06-29,J45.909,ICD10CM,asthma,pre-index
CTRL009107,2019-02-05,E78.5,ICD10CM,hyperlipidemia,pre-index
CTRL009107,2018-02-10,J45.909,ICD10CM,asthma,pre-index
CTRL009139,2016-12-07,R53.83,ICD10CM,fatigue,pre-index
CTRL009139,2014-09-12,G43.909,ICD10CM,migraine,pre-index
CTRL009139,2016-09-07,M79.7,ICD10CM,fibromyalgia,pre-index
CTRL009139,2015-09-30,L50.9,ICD10CM,urticaria,pre-index
CTRL009139,2015-03-20,I10,ICD10CM,hypertension,pre-index
CTRL009139,2015-08-20,L50.9,ICD10CM,urticaria,pre-index
CTRL009144,2018-09-22,K21.9,ICD10CM,GERD,pre-index
CTRL009144,2018-11-11,E78.5,ICD10CM,hyperlipidemia,pre-index
CTRL009144,2019-01-16,K21.9,ICD10CM,GERD,pre-index
CTRL009144,2020-10-18,J45.909,ICD10CM,asthma,pre-index
CTRL009144,2019-06-13,E78.5,ICD10CM,hyperlipidemia,pre-index
CTRL009144,2019-12-31,M79.7,ICD10CM,fibromyalgia,pre-index
CTRL009145,2020-04-12,J45.909,ICD10CM,asthma,pre-index
CTRL009145,2020-01-03,L50.9,ICD10CM,urticaria,pre-index
CTRL009145,2020-09-05,E78.5,ICD10CM,hyperlipidemia,pre-index
CTRL009145,2019-11-12,R53.83,ICD10CM,fatigue,pre-index
CTRL009145,2020-02-16,G43.909,ICD10CM,migraine,pre-index
CTRL009145,2021-10-10,L50.9,ICD10CM,urticaria,pre-index
CTRL009145,2021-01-18,R53.83,ICD10CM,fatigue,pre-index
CTRL009145,2021-09-02,R53.83,ICD10CM,fatigue,pre-index
CTRL009205,2018-09-21,J45.909,ICD10CM,asthma,pre-index
CTRL009205,2017-12-01,K21.9,ICD10CM,GERD,pre-index
CTRL009205,2016-05-15,R10.9,ICD10CM,abdominal pain,pre-index
CTRL009205,2016-12-08,M79.7,ICD10CM,fibromyalgia,pre-index
CTRL009237,2023-11-06,G43.909,ICD10CM,migraine,pre-index
CTRL009237,2021-09-12,K21.9,ICD10CM,GERD,pre-index
CTRL009237,2022-10-27,I10,ICD10CM,hypertension,pre-index
CTRL009237,2022-02-10,E78.5,ICD10CM,hyperlipidemia,pre-index
CTRL009237,2023-09-16,M79.7,ICD10CM,fibromyalgia,pre-index
CTRL009237,2022-03-17,K21.9,ICD10CM,GERD,pre-index
CTRL009245,2018-01-02,F41.9,ICD10CM,anxiety,pre-index
CTRL009245,2017-12-02,K21.9,ICD10CM,GERD,pre-index
CTRL009245,2018-03-03,K21.9,ICD10CM,GERD,pre-index
CTRL009269,2019-11-15,R10.9,ICD10CM,abdominal pain,pre-index
CTRL009322,2021-03-07,R53.83,ICD10CM,fatigue,pre-index
CTRL009322,2021-10-03,K21.9,ICD10CM,GERD,pre-index
CTRL009322,2021-01-03,I10,ICD10CM,hypertension,pre-index
CTRL009322,2021-12-23,F41.9,ICD10CM,anxiety,pre-index
CTRL009322,2020-05-15,I10,ICD10CM,hypertension,pre-index
CTRL009322,2020-03-12,K21.9,ICD10CM,GERD,pre-index
CTRL009322,2020-11-25,I10,ICD10CM,hypertension,pre-index
CTRL009322,2021-03-27,L50.9,ICD10CM,urticaria,pre-index
CTRL009344,2017-04-27,K21.9,ICD10CM,GERD,pre-index
CTRL009363,2017-03-20,R10.9,ICD10CM,abdominal pain,pre-index
CTRL009363,2016-07-03,R53.83,ICD10CM,fatigue,pre-index
CTRL009363,2017-07-28,E78.5,ICD10CM,hyperlipidemia,pre-index
CTRL009363,2015-09-11,I10,ICD10CM,hypertension,pre-index
CTRL009363,2016-05-27,F41.9,ICD10CM,anxiety,pre-index
CTRL009372,2021-10-17,K21.9,ICD10CM,GERD,pre-index
CTRL009372,2022-08-31,R53.83,ICD10CM,fatigue,pre-index
CTRL009372,2020-11-04,R10.9,ICD10CM,abdominal pain,pre-index
CTRL009372,2022-05-05,R53.83,ICD10CM,fatigue,pre-index
CTRL009372,2022-11-18,E78.5,ICD10CM,hyperlipidemia,pre-index
CTRL009372,2022-10-15,M79.7,ICD10CM,fibromyalgia,pre-index
CTRL009372,2023-07-05,R10.9,ICD10CM,abdominal pain,pre-index
CTRL009372,2021-10-19,M79.7,ICD10CM,fibromyalgia,pre-index
CTRL009372,2023-07-01,K21.9,ICD10CM,GERD,pre-index
CTRL009372,2022-08-25,R53.83,ICD10CM,fatigue,pre-index
CTRL009372,2022-11-05,K21.9,ICD10CM,GERD,pre-index
CTRL009374,2019-07-29,E78.5,ICD10CM,hyperlipidemia,pre-index
CTRL009374,2018-07-14,M79.7,ICD10CM,fibromyalgia,pre-index
CTRL009377,2020-12-12,E78.5,ICD10CM,hyperlipidemia,pre-index
CTRL009377,2021-09-25,M79.7,ICD10CM,fibromyalgia,pre-index
CTRL009377,2022-03-15,F41.9,ICD10CM,anxiety,pre-index
CTRL009377,2022-01-21,K21.9,ICD10CM,GERD,pre-index
CTRL009377,2020-12-18,I10,ICD10CM,hypertension,pre-index
CTRL009390,2019-10-08,K21.9,ICD10CM,GERD,pre-index
CTRL009390,2018-10-13,R10.9,ICD10CM,abdominal pain,pre-index
CTRL009390,2019-04-22,J45.909,ICD10CM,asthma,pre-index
CTRL009397,2018-04-06,I10,ICD10CM,hypertension,pre-index
CTRL009399,2017-03-11,R53.83,ICD10CM,fatigue,pre-index
CTRL009399,2015-03-20,J45.909,ICD10CM,asthma,pre-index
CTRL009399,2017-08-12,I10,ICD10CM,hypertension,pre-index
CTRL009417,2021-03-26,E78.5,ICD10CM,hyperlipidemia,pre-index
CTRL009417,2020-09-19,R53.83,ICD10CM,fatigue,pre-index
CTRL009417,2023-01-04,K21.9,ICD10CM,GERD,pre-index
CTRL009417,2021-03-15,K21.9,ICD10CM,GERD,pre-index
CTRL009417,2021-05-18,R10.9,ICD10CM,abdominal pain,pre-index
CTRL009417,2021-05-15,K21.9,ICD10CM,GERD,pre-index
CTRL009417,2022-06-26,F41.9,ICD10CM,anxiety,pre-index
CTRL009448,2020-08-08,E78.5,ICD10CM,hyperlipidemia,pre-index
CTRL009448,2022-10-15,E78.5,ICD10CM,hyperlipidemia,pre-index
CTRL009448,2020-08-11,F41.9,ICD10CM,anxiety,pre-index
CTRL009448,2022-09-02,F41.9,ICD10CM,anxiety,pre-index
CTRL009448,2021-02-28,F41.9,ICD10CM,anxiety,pre-index
CTRL009448,2022-08-22,E78.5,ICD10CM,hyperlipidemia,pre-index
CTRL009495,2015-12-14,R10.9,ICD10CM,abdominal pain,pre-index
CTRL009495,2013-04-29,L50.9,ICD10CM,urticaria,pre-index
CTRL009495,2014-05-10,I10,ICD10CM,hypertension,pre-index
CTRL009495,2016-02-17,I10,ICD10CM,hypertension,pre-index
CTRL009513,2018-06-15,R53.83,ICD10CM,fatigue,pre-index
CTRL009513,2016-12-29,E78.5,ICD10CM,hyperlipidemia,pre-index
CTRL009513,2016-08-23,K21.9,ICD10CM,GERD,pre-index
CTRL009513,2018-12-24,G43.909,ICD10CM,migraine,pre-index
CTRL009515,2020-08-21,J45.909,ICD10CM,asthma,pre-index
CTRL009515,2020-09-22,J45.909,ICD10CM,asthma,pre-index
CTRL009517,2019-03-16,K21.9,ICD10CM,GERD,pre-index
CTRL009517,2018-04-18,F41.9,ICD10CM,anxiety,pre-index
CTRL009517,2019-01-06,M79.7,ICD10CM,fibromyalgia,pre-index
CTRL009517,2019-01-12,K21.9,ICD10CM,GERD,pre-index
CTRL009517,2016-11-10,G43.909,ICD10CM,migraine,pre-index
CTRL009517,2018-12-20,I10,ICD10CM,hypertension,pre-index
CTRL009540,2016-01-08,J45.909,ICD10CM,asthma,pre-index
CTRL009540,2015-04-15,K21.9,ICD10CM,GERD,pre-index
CTRL009540,2015-12-06,R53.83,ICD10CM,fatigue,pre-index
CTRL009540,2015-10-16,E78.5,ICD10CM,hyperlipidemia,pre-index
CTRL009540,2016-02-26,R10.9,ICD10CM,abdominal pain,pre-index
CTRL009540,2014-06-02,M79.7,ICD10CM,fibromyalgia,pre-index
CTRL009540,2015-07-07,I10,ICD10CM,hypertension,pre-index
CTRL009550,2016-06-07,E78.5,ICD10CM,hyperlipidemia,pre-index
CTRL009550,2014-10-01,R10.9,ICD10CM,abdominal pain,pre-index
CTRL009550,2013-10-25,K21.9,ICD10CM,GERD,pre-index
CTRL009550,2015-01-02,I10,ICD10CM,hypertension,pre-index
CTRL009550,2015-07-03,I10,ICD10CM,hypertension,pre-index
CTRL009550,2013-09-20,F41.9,ICD10CM,anxiety,pre-index
CTRL009555,2021-09-18,K21.9,ICD10CM,GERD,pre-index
CTRL009555,2019-11-04,J45.909,ICD10CM,asthma,pre-index
CTRL009555,2020-12-31,I10,ICD10CM,hypertension,pre-index
CTRL009569,2020-08-05,R53.83,ICD10CM,fatigue,pre-index
CTRL009569,2020-07-28,R10.9,ICD10CM,abdominal pain,pre-index
CTRL009569,2020-08-30,I10,ICD10CM,hypertension,pre-index
CTRL009569,2020-03-06,M79.7,ICD10CM,fibromyalgia,pre-index
CTRL009569,2022-01-14,M79.7,ICD10CM,fibromyalgia,pre-index
CTRL009569,2020-03-18,J45.909,ICD10CM,asthma,pre-index
CTRL009569,2021-07-24,L50.9,ICD10CM,urticaria,pre-index
CTRL009578,2019-10-12,F41.9,ICD10CM,anxiety,pre-index
CTRL009578,2020-02-03,L50.9,ICD10CM,urticaria,pre-index
CTRL009582,2016-06-06,I10,ICD10CM,hypertension,pre-index
CTRL009582,2014-06-13,E78.5,ICD10CM,hyperlipidemia,pre-index
CTRL009582,2017-03-31,K21.9,ICD10CM,GERD,pre-index
CTRL009582,2017-02-14,R53.83,ICD10CM,fatigue,pre-index
CTRL009582,2014-10-29,J45.909,ICD10CM,asthma,pre-index
CTRL009582,2016-08-31,E78.5,ICD10CM,hyperlipidemia,pre-index
CTRL009617,2015-02-11,F41.9,ICD10CM,anxiety,pre-index
CTRL009617,2014-06-26,R10.9,ICD10CM,abdominal pain,pre-index
CTRL009617,2015-11-17,K21.9,ICD10CM,GERD,pre-index
CTRL009617,2014-11-07,R53.83,ICD10CM,fatigue,pre-index
CTRL009617,2016-07-02,L50.9,ICD10CM,urticaria,pre-index
CTRL009617,2014-11-17,F41.9,ICD10CM,anxiety,pre-index
CTRL009658,2023-03-31,R53.83,ICD10CM,fatigue,pre-index
CTRL009658,2023-09-02,R53.83,ICD10CM,fatigue,pre-index
CTRL009658,2022-12-04,R53.83,ICD10CM,fatigue,pre-index
CTRL009658,2022-05-12,E78.5,ICD10CM,hyperlipidemia,pre-index
CTRL009699,2015-12-10,R10.9,ICD10CM,abdominal pain,pre-index
CTRL009699,2016-11-30,R53.83,ICD10CM,fatigue,pre-index
CTRL009699,2017-01-27,M79.7,ICD10CM,fibromyalgia,pre-index
CTRL009699,2015-02-23,K21.9,ICD10CM,GERD,pre-index
CTRL009699,2015-03-16,M79.7,ICD10CM,fibromyalgia,pre-index
CTRL009702,2015-03-12,K21.9,ICD10CM,GERD,pre-index
CTRL009702,2014-07-03,K21.9,ICD10CM,GERD,pre-index
CTRL009702,2015-10-27,J45.909,ICD10CM,asthma,pre-index
CTRL009702,2014-08-29,E78.5,ICD10CM,hyperlipidemia,pre-index
CTRL009714,2013-06-14,L50.9,ICD10CM,urticaria,pre-index
CTRL009714,2015-08-25,I10,ICD10CM,hypertension,pre-index
CTRL009714,2014-01-13,R53.83,ICD10CM,fatigue,pre-index
CTRL009714,2014-03-18,J45.909,ICD10CM,asthma,pre-index
CTRL009714,2014-11-10,G43.909,ICD10CM,migraine,pre-index
CTRL009714,2015-06-25,G43.909,ICD10CM,migraine,pre-index
CTRL009716,2017-02-23,R53.83,ICD10CM,fatigue,pre-index
CTRL009716,2017-04-18,F41.9,ICD10CM,anxiety,pre-index
CTRL009716,2018-12-23,G43.909,ICD10CM,migraine,pre-index
CTRL009772,2019-07-01,I10,ICD10CM,hypertension,pre-index
CTRL009772,2019-05-16,J45.909,ICD10CM,asthma,pre-index
CTRL009772,2018-10-05,K21.9,ICD10CM,GERD,pre-index
CTRL009772,2019-03-27,K21.9,ICD10CM,GERD,pre-index
CTRL009772,2019-07-17,R53.83,ICD10CM,fatigue,pre-index
CTRL009772,2018-10-18,K21.9,ICD10CM,GERD,pre-index
CTRL009772,2019-03-04,F41.9,ICD10CM,anxiety,pre-index
CTRL009774,2018-08-13,K21.9,ICD10CM,GERD,pre-index
CTRL009774,2017-09-03,G43.909,ICD10CM,migraine,pre-index
CTRL009774,2017-04-07,J45.909,ICD10CM,asthma,pre-index
CTRL009774,2017-02-20,G43.909,ICD10CM,migraine,pre-index
CTRL009785,2018-11-09,R10.9,ICD10CM,abdominal pain,pre-index
CTRL009785,2017-02-10,L50.9,ICD10CM,urticaria,pre-index
CTRL009785,2016-11-24,K21.9,ICD10CM,GERD,pre-index
CTRL009785,2019-06-17,R53.83,ICD10CM,fatigue,pre-index
CTRL009809,2024-03-17,M79.7,ICD10CM,fibromyalgia,pre-index
CTRL009809,2024-07-28,I10,ICD10CM,hypertension,pre-index
CTRL009809,2023-03-08,E78.5,ICD10CM,hyperlipidemia,pre-index
CTRL009824,2018-06-23,E78.5,ICD10CM,hyperlipidemia,pre-index
CTRL009824,2019-04-10,K21.9,ICD10CM,GERD,pre-index
CTRL009824,2020-08-03,K21.9,ICD10CM,GERD,pre-index
CTRL009824,2018-08-30,J45.909,ICD10CM,asthma,pre-index
CTRL009824,2020-10-09,F41.9,ICD10CM,anxiety,pre-index
CTRL009824,2019-04-25,G43.909,ICD10CM,migraine,pre-index
CTRL009824,2021-01-10,R53.83,ICD10CM,fatigue,pre-index
CTRL009824,2018-11-05,K21.9,ICD10CM,GERD,pre-index
CTRL009846,2015-05-16,I10,ICD10CM,hypertension,pre-index
CTRL009846,2016-12-10,I10,ICD10CM,hypertension,pre-index
CTRL009846,2017-06-09,J45.909,ICD10CM,asthma,pre-index
CTRL009846,2015-11-24,K21.9,ICD10CM,GERD,pre-index
CTRL009849,2020-06-15,G43.909,ICD10CM,migraine,pre-index
CTRL009849,2021-09-23,K21.9,ICD10CM,GERD,pre-index
CTRL009849,2021-03-15,I10,ICD10CM,hypertension,pre-index
CTRL009849,2020-04-15,G43.909,ICD10CM,migraine,pre-index
CTRL009849,2021-01-16,G43.909,ICD10CM,migraine,pre-index
CTRL009849,2020-07-03,R10.9,ICD10CM,abdominal pain,pre-index
CTRL009849,2022-04-20,M79.7,ICD10CM,fibromyalgia,pre-index
CTRL009849,2020-11-08,G43.909,ICD10CM,migraine,pre-index
CTRL009849,2022-04-18,I10,ICD10CM,hypertension,pre-index
CTRL009856,2016-12-03,L50.9,ICD10CM,urticaria,pre-index
CTRL009856,2017-11-14,E78.5,ICD10CM,hyperlipidemia,pre-index
CTRL009856,2017-05-31,R10.9,ICD10CM,abdominal pain,pre-index
CTRL009856,2018-04-10,G43.909,ICD10CM,migraine,pre-index
CTRL009856,2016-07-22,J45.909,ICD10CM,asthma,pre-index
CTRL009856,2018-08-29,I10,ICD10CM,hypertension,pre-index
CTRL009856,2018-05-11,F41.9,ICD10CM,anxiety,pre-index
CTRL009856,2018-08-11,I10,ICD10CM,hypertension,pre-index
CTRL009864,2014-11-14,G43.909,ICD10CM,migraine,pre-index
CTRL009864,2014-08-02,E78.5,ICD10CM,hyperlipidemia,pre-index
CTRL009864,2013-12-26,G43.909,ICD10CM,migraine,pre-index
CTRL009905,2016-05-15,R10.9,ICD10CM,abdominal pain,pre-index
CTRL009905,2015-09-29,I10,ICD10CM,hypertension,pre-index
CTRL009905,2017-01-22,R53.83,ICD10CM,fatigue,pre-index
CTRL009905,2017-10-25,L50.9,ICD10CM,urticaria,pre-index
CTRL009905,2017-09-15,G43.909,ICD10CM,migraine,pre-index
CTRL009905,2017-10-28,K21.9,ICD10CM,GERD,pre-index
CTRL009919,2014-12-02,R53.83,ICD10CM,fatigue,pre-index
CTRL009919,2015-11-16,E78.5,ICD10CM,hyperlipidemia,pre-index
CTRL009919,2016-04-06,K21.9,ICD10CM,GERD,pre-index
CTRL009943,2016-05-18,R10.9,ICD10CM,abdominal pain,pre-index
CTRL009943,2015-03-31,I10,ICD10CM,hypertension,pre-index
CTRL009943,2016-04-07,R10.9,ICD10CM,abdominal pain,pre-index
CTRL009943,2016-02-18,G43.909,ICD10CM,migraine,pre-index
CTRL009951,2013-03-04,I10,ICD10CM,hypertension,pre-index
CTRL009951,2015-09-14,K21.9,ICD10CM,GERD,pre-index
CTRL009953,2016-12-26,R10.9,ICD10CM,abdominal pain,pre-index
CTRL009953,2016-12-05,J45.909,ICD10CM,asthma,pre-index
CTRL009953,2016-03-03,E78.5,ICD10CM,hyperlipidemia,pre-index
CTRL009953,2016-12-14,L50.9,ICD10CM,urticaria,pre-index
CTRL009965,2022-06-13,M79.7,ICD10CM,fibromyalgia,pre-index
CTRL009965,2021-02-01,M79.7,ICD10CM,fibromyalgia,pre-index
CTRL009965,2020-12-08,E78.5,ICD10CM,hyperlipidemia,pre-index
CTRL009965,2020-06-14,R53.83,ICD10CM,fatigue,pre-index
CTRL009965,2021-03-05,I10,ICD10CM,hypertension,pre-index
CTRL009965,2020-09-09,I10,ICD10CM,hypertension,pre-index
CTRL009975,2014-05-06,G43.909,ICD10CM,migraine,pre-index
CTRL009975,2013-05-11,L50.9,ICD10CM,urticaria,pre-index
CTRL009976,2023-03-13,E78.5,ICD10CM,hyperlipidemia,pre-index
CTRL009976,2021-11-07,L50.9,ICD10CM,urticaria,pre-index
CTRL009976,2022-09-15,R53.83,ICD10CM,fatigue,pre-index
CTRL009976,2022-02-17,I10,ICD10CM,hypertension,pre-index
CTRL009976,2022-05-13,K21.9,ICD10CM,GERD,pre-index
CTRL009976,2021-10-30,G43.909,ICD10CM,migraine,pre-index
