Patient_ID,HaT_Flag,Sex,Race,Ethnicity,BirthYear,IndexDate,IndexYear,IndexQuarter,AgeAtIndex,ObservationStartDate,ObservationEndDate,YearsBeforeIndex,YearsAfterIndex,ClinicVisitCountPreIndex,ClinicVisitCountPostIndex,DiagnosisEventCountPreIndex,ProblemListCount,RepeatedHaTDiagnosisCount,PriorMastCellDiagnosisFlag,NoKnownHaTDiagnosis,EligibleForControlPool,distance,weights,subclass
HAT00000,1,Female,White,Hispanic or Latino,1976,2024-06-12,2024,2024Q2,44.2,2018-05-08,2025-05-08,6.1,0.91,26,5,46,10,5,1,0,0,0.07412206047316235,1.0,1
HAT00001,1,Female,Asian,Not Hispanic or Latino,1947,2022-06-29,2022,2022Q2,75.4,2017-10-20,2024-04-06,4.69,1.77,17,9,38,10,6,0,0,0,0.026970049786487402,1.0,2
HAT00002,1,Female,White,Not Hispanic or Latino,1941,2017-02-15,2017,2017Q1,78.9,2013-12-29,2019-08-18,3.13,2.5,18,11,26,8,4,0,0,0,0.03644651546541876,1.0,3
HAT00004,1,Female,Unknown,Not Hispanic or Latino,1990,2018-01-08,2018,2018Q1,29.0,2017-04-02,2019-02-18,0.77,1.11,7,7,14,7,3,1,0,0,0.0026225610958258982,1.0,4
HAT00006,1,Male,Other,Not Hispanic or Latino,1965,2023-01-06,2023,2023Q1,57.7,2015-12-18,2026-05-14,7.05,3.35,28,17,57,11,4,1,0,0,0.06813772950585492,1.0,5
HAT00007,1,Female,Unknown,Not Hispanic or Latino,1976,2022-12-26,2022,2022Q4,45.9,2016-03-24,2024-06-16,6.76,1.47,22,9,46,11,2,0,0,0,0.02443239610849777,1.0,6
HAT00008,1,Male,Black,Not Hispanic or Latino,1949,2017-03-10,2017,2017Q1,68.4,2009-03-01,2018-01-18,8.03,0.86,25,6,43,11,2,0,0,0,0.03664980581443106,1.0,7
HAT00009,1,Female,White,Not Hispanic or Latino,1946,2019-08-23,2019,2019Q3,73.8,2013-06-09,2022-12-13,6.2,3.31,23,11,50,21,3,0,0,0,0.028788570104781926,1.0,8
HAT00010,1,Male,Black,Not Hispanic or Latino,1973,2023-09-13,2023,2023Q3,50.5,2018-07-17,2026-05-03,5.16,2.64,13,9,36,13,6,0,0,0,0.005332110216301346,1.0,9
HAT00011,1,Male,Unknown,Not Hispanic or Latino,1950,2020-10-21,2020,2020Q4,68.5,2017-02-10,2021-05-02,3.7,0.53,9,7,20,9,5,0,0,0,0.0030479005745956793,1.0,10
HAT00012,1,Male,Asian,Not Hispanic or Latino,1990,2016-01-23,2016,2016Q1,27.1,2010-01-19,2017-09-06,6.01,1.62,16,11,38,20,6,1,0,0,0.012990839879372457,1.0,11
HAT00013,1,Male,Black,Hispanic or Latino,1983,2016-10-29,2016,2016Q4,34.6,2015-02-19,2017-06-17,1.69,0.63,11,10,28,8,2,0,0,0,0.013733689573008648,1.0,12
HAT00015,1,Female,White,Not Hispanic or Latino,1991,2023-10-15,2023,2023Q4,33.5,2017-05-13,2024-05-28,6.42,0.62,17,8,33,14,3,0,0,0,0.013529757790395345,1.0,13
HAT00016,1,Male,Black,Unknown,1938,2022-03-21,2022,2022Q1,83.9,2018-04-03,2024-07-28,3.97,2.36,18,11,36,13,6,1,0,0,0.036172901877707414,1.0,14
HAT00017,1,Male,White,Not Hispanic or Latino,1975,2018-07-11,2018,2018Q3,41.2,2014-12-11,2020-09-06,3.58,2.16,19,4,27,12,3,0,0,0,0.037895693301383114,1.0,15
HAT00018,1,Male,White,Not Hispanic or Latino,1948,2024-03-13,2024,2024Q1,76.3,2017-11-09,2025-04-04,6.34,1.06,26,12,54,7,4,1,0,0,0.06776556540514532,1.0,16
HAT00019,1,Female,White,Not Hispanic or Latino,1993,2018-08-15,2018,2018Q3,23.5,2017-12-24,2019-06-27,0.64,0.87,12,5,23,10,3,0,0,0,0.022286991115020652,1.0,17
HAT00020,1,Male,White,Not Hispanic or Latino,2001,2024-07-19,2024,2024Q3,21.3,2021-07-23,2024-10-09,2.99,0.23,19,4,41,11,5,0,0,0,0.06352722094958059,1.0,18
HAT00021,1,Female,Asian,Hispanic or Latino,1960,2022-07-25,2022,2022Q3,62.4,2017-12-06,2024-03-25,4.63,1.67,13,13,23,10,5,0,0,0,0.010720499519679816,1.0,19
HAT00022,1,Female,Black,Not Hispanic or Latino,2000,2020-10-20,2020,2020Q4,20.5,2015-09-22,2022-03-20,5.08,1.41,19,11,34,10,5,0,0,0,0.02699958274868815,1.0,20
HAT00023,1,Female,White,Not Hispanic or Latino,1971,2024-06-18,2024,2024Q2,53.8,2019-10-23,2024-09-25,4.65,0.27,19,5,27,12,5,0,0,0,0.04046319943218637,1.0,21
HAT00024,1,Male,White,Not Hispanic or Latino,1988,2019-12-06,2019,2019Q4,30.1,2010-10-27,2022-07-12,9.11,2.6,36,11,62,16,2,1,0,0,0.06380220365262516,1.0,22
HAT00025,1,Female,White,Not Hispanic or Latino,1946,2020-10-30,2020,2020Q4,74.4,2013-04-01,2021-05-25,7.58,0.57,25,7,46,11,2,1,0,0,0.04381386512788988,1.0,23
HAT00026,1,Female,White,Not Hispanic or Latino,1985,2018-04-01,2018,2018Q2,36.1,2013-11-30,2019-01-06,4.34,0.77,18,10,26,8,3,0,0,0,0.0318167011069423,1.0,24
HAT00027,1,Female,White,Not Hispanic or Latino,1999,2020-09-12,2020,2020Q3,19.5,2014-06-14,2022-01-20,6.25,1.36,15,1,33,12,2,0,0,0,0.007445274245676177,1.0,25
HAT00028,1,Female,White,Not Hispanic or Latino,1958,2016-08-07,2016,2016Q3,57.3,2013-10-05,2019-04-18,2.84,2.69,14,8,29,9,3,0,0,0,0.014473305586214435,1.0,26
HAT00029,1,Female,Unknown,Unknown,1996,2016-03-25,2016,2016Q1,18.2,2012-01-02,2018-04-26,4.23,2.09,18,14,38,13,5,0,0,0,0.025865172425422366,1.0,27
HAT00030,1,Female,Unknown,Not Hispanic or Latino,1951,2016-11-05,2016,2016Q4,63.7,2008-07-07,2017-10-12,8.33,0.94,24,8,33,14,2,0,0,0,0.02378226894916593,1.0,28
HAT00031,1,Female,White,Not Hispanic or Latino,1980,2016-03-15,2016,2016Q1,36.5,2013-05-29,2016-11-27,2.8,0.7,13,7,21,12,6,0,0,0,0.0159111028314011,1.0,29
HAT00032,1,Female,White,Not Hispanic or Latino,1955,2018-02-12,2018,2018Q1,65.9,2011-01-31,2020-01-31,7.03,1.97,21,8,40,7,4,0,0,0,0.02016923566834161,1.0,30
HAT00033,1,Female,Other,Not Hispanic or Latino,1976,2017-12-29,2017,2017Q4,43.6,2014-09-23,2021-10-29,3.27,3.83,17,15,32,17,3,1,0,0,0.03140016076570941,1.0,31
HAT00034,1,Female,Unknown,Not Hispanic or Latino,1986,2020-08-30,2020,2020Q3,33.9,2017-05-03,2023-01-13,3.33,2.37,13,12,23,9,6,1,0,0,0.008366563149254493,1.0,32
HAT00035,1,Female,White,Hispanic or Latino,1942,2020-04-04,2020,2020Q2,78.8,2015-06-08,2020-05-04,4.83,0.08,23,3,33,11,5,0,0,0,0.08858061174871372,1.0,33
HAT00036,1,Male,White,Hispanic or Latino,1966,2020-02-04,2020,2020Q1,53.2,2013-08-25,2021-06-07,6.45,1.34,23,4,63,16,4,1,0,0,0.03988975718400075,1.0,34
HAT00037,1,Male,White,Not Hispanic or Latino,2000,2016-03-03,2016,2016Q1,18.0,2004-03-03,2018-06-18,12.0,2.29,37,9,50,15,3,0,0,0,0.02961062163773847,1.0,35
HAT00038,1,Female,Other,Not Hispanic or Latino,1957,2022-07-05,2022,2022Q3,65.2,2021-04-12,2023-05-10,1.23,0.85,8,4,19,11,2,0,0,0,0.007493022596942978,1.0,36
HAT00040,1,Female,Asian,Not Hispanic or Latino,1971,2022-01-20,2022,2022Q1,53.8,2017-02-19,2022-09-01,4.92,0.61,19,14,39,7,6,1,0,0,0.04525935749830953,1.0,37
HAT00041,1,Female,Black,Hispanic or Latino,1976,2022-09-01,2022,2022Q3,45.6,2017-08-18,2024-07-03,5.04,1.84,23,10,35,8,2,0,0,0,0.0570584908610802,1.0,38
HAT00042,1,Female,White,Not Hispanic or Latino,1949,2021-02-04,2021,2021Q1,71.9,2017-05-12,2021-09-29,3.73,0.65,15,6,32,15,6,0,0,0,0.021914589061425557,1.0,39
HAT00044,1,Female,White,Unknown,1967,2024-11-27,2024,2024Q4,54.4,2015-03-26,2025-11-15,9.68,0.97,23,6,36,9,5,1,0,0,0.017457190664143394,1.0,40
HAT00045,1,Female,White,Not Hispanic or Latino,1975,2019-12-16,2019,2019Q4,45.9,2016-10-20,2020-07-23,3.16,0.61,13,8,24,8,6,0,0,0,0.014745407995021737,1.0,41
HAT00047,1,Female,White,Not Hispanic or Latino,1972,2019-11-17,2019,2019Q4,46.3,2014-06-07,2020-01-11,5.45,0.15,21,7,35,14,4,0,0,0,0.04576523203623742,1.0,42
HAT00048,1,Female,White,Not Hispanic or Latino,1952,2021-11-21,2021,2021Q4,70.6,2018-02-15,2025-04-10,3.76,3.39,20,9,26,11,5,0,0,0,0.036229447799960145,1.0,43
HAT00049,1,Female,White,Not Hispanic or Latino,1992,2024-11-02,2024,2024Q4,35.2,2019-04-03,2026-03-17,5.59,1.37,19,9,38,9,4,0,0,0,0.023114964290611432,1.0,44
HAT00050,1,Female,Black,Not Hispanic or Latino,1963,2018-08-26,2018,2018Q3,55.1,2013-09-23,2021-02-10,4.92,2.46,22,7,36,11,4,0,0,0,0.04291706872415115,1.0,45
HAT00051,1,Female,White,Not Hispanic or Latino,1984,2018-06-24,2018,2018Q2,34.1,2014-08-15,2018-10-09,3.86,0.29,14,5,25,10,6,0,0,0,0.016057500745602322,1.0,46
HAT00052,1,Male,Other,Not Hispanic or Latino,1943,2018-09-14,2018,2018Q3,72.1,2011-09-17,2020-04-26,6.99,1.62,27,10,56,19,3,0,0,0,0.08727605751171785,1.0,47
HAT00053,1,Female,White,Not Hispanic or Latino,1947,2023-12-22,2023,2023Q4,76.6,2012-06-02,2024-10-09,11.55,0.8,34,4,44,22,3,0,0,0,0.03809333578965172,1.0,48
HAT00054,1,Female,Black,Not Hispanic or Latino,1957,2021-05-24,2021,2021Q2,62.2,2017-09-20,2021-06-25,3.68,0.09,18,3,42,12,6,1,0,0,0.0491259300832705,1.0,49
HAT00055,1,Male,White,Not Hispanic or Latino,1948,2017-03-19,2017,2017Q1,68.6,2011-05-27,2020-01-01,5.81,2.79,22,14,32,16,2,0,0,0,0.03025630999374751,1.0,50
HAT00056,1,Male,White,Not Hispanic or Latino,1964,2016-08-19,2016,2016Q3,52.5,2005-12-21,2017-01-22,10.66,0.43,28,3,42,14,6,0,0,0,0.024731369355658665,1.0,51
HAT00057,1,Male,White,Not Hispanic or Latino,1980,2023-06-02,2023,2023Q2,44.0,2019-06-22,2024-10-16,3.95,1.38,15,7,26,14,3,0,0,0,0.016524726837696582,1.0,52
HAT00058,1,Female,White,Not Hispanic or Latino,1986,2016-10-14,2016,2016Q4,30.5,2014-06-11,2017-04-01,2.35,0.46,19,6,27,12,2,0,0,0,0.0753802783657105,1.0,53
HAT00059,1,Female,Other,Not Hispanic or Latino,1973,2016-08-01,2016,2016Q3,43.6,2009-12-18,2019-03-05,6.62,2.59,23,7,27,6,6,0,0,0,0.042571559117184604,1.0,54
HAT00060,1,Female,White,Unknown,1997,2019-12-29,2019,2019Q4,24.2,2007-12-29,2022-11-16,12.0,2.88,38,7,53,14,3,0,0,0,0.035559014448863314,1.0,55
HAT00061,1,Female,White,Hispanic or Latino,1980,2019-04-14,2019,2019Q2,37.8,2010-05-06,2019-09-01,8.94,0.39,26,8,50,14,4,0,0,0,0.03347561368654403,1.0,56
HAT00062,1,Female,Asian,Not Hispanic or Latino,1940,2017-12-11,2017,2017Q4,76.3,2012-09-11,2020-06-19,5.25,2.52,24,9,54,11,2,1,0,0,0.06917665401075601,1.0,57
HAT00063,1,Female,Black,Not Hispanic or Latino,1975,2016-11-28,2016,2016Q4,40.5,2009-05-19,2018-10-09,7.53,1.86,32,11,51,13,3,0,0,0,0.0818639829575994,1.0,58
HAT00064,1,Male,Asian,Not Hispanic or Latino,1967,2022-01-05,2022,2022Q1,50.6,2018-10-18,2024-03-23,3.22,2.21,16,9,29,8,4,0,0,0,0.02979429606975435,1.0,59
HAT00065,1,Female,Asian,Not Hispanic or Latino,1967,2021-10-24,2021,2021Q4,52.5,2015-03-15,2024-07-24,6.61,2.75,22,16,40,10,4,0,0,0,0.029787269777529605,1.0,60
HAT00066,1,Female,White,Not Hispanic or Latino,1968,2016-06-04,2016,2016Q2,48.9,2007-06-07,2021-04-28,9.0,4.9,29,23,42,14,6,0,0,0,0.019395831645643628,1.0,61
HAT00067,1,Female,White,Not Hispanic or Latino,2001,2023-02-22,2023,2023Q1,20.3,2012-09-25,2025-03-08,10.41,2.04,44,16,74,22,3,1,0,0,0.09693253595723955,1.0,62
HAT00068,1,Female,White,Not Hispanic or Latino,1989,2019-09-03,2019,2019Q3,33.1,2013-05-30,2020-08-05,6.26,0.92,24,7,34,20,4,0,0,0,0.04844508624532708,1.0,63
HAT00069,1,Female,White,Not Hispanic or Latino,2003,2016-03-26,2016,2016Q1,18.0,2004-03-26,2018-03-16,12.0,1.97,35,10,51,19,5,0,0,0,0.025549172776295488,1.0,64
HAT00070,1,Male,White,Not Hispanic or Latino,1978,2017-08-28,2017,2017Q3,39.7,2014-09-26,2020-08-19,2.92,2.98,13,12,28,9,3,0,0,0,0.009701739808729066,1.0,65
HAT00071,1,Male,Asian,Not Hispanic or Latino,1953,2022-01-17,2022,2022Q1,72.5,2017-12-26,2023-02-14,4.06,1.08,14,14,29,10,2,0,0,0,0.018381256391655713,1.0,66
HAT00072,1,Female,Other,Not Hispanic or Latino,1992,2021-10-21,2021,2021Q4,31.5,2017-02-28,2025-08-22,4.64,3.84,20,14,43,13,4,0,0,0,0.03599283420391515,1.0,67
HAT00075,1,Male,Other,Unknown,1973,2017-06-02,2017,2017Q2,43.8,2011-10-23,2018-08-19,5.61,1.21,21,10,43,16,6,0,0,0,0.06559068630460149,1.0,68
HAT00077,1,Male,White,Not Hispanic or Latino,1940,2022-05-28,2022,2022Q2,85.1,2014-12-31,2022-12-09,7.41,0.54,19,7,40,9,2,0,0,0,0.017094302781668853,1.0,69
HAT00078,1,Male,White,Not Hispanic or Latino,2002,2023-02-25,2023,2023Q1,18.0,2015-07-17,2027-03-03,7.61,4.02,34,13,48,12,2,1,0,0,0.06070024926737356,1.0,70
HAT00080,1,Female,Unknown,Not Hispanic or Latino,1968,2023-10-14,2023,2023Q4,56.6,2014-12-31,2024-08-16,8.79,0.84,20,6,44,15,6,0,0,0,0.010322732692139841,1.0,71
HAT00081,1,Male,Unknown,Not Hispanic or Latino,1971,2018-01-11,2018,2018Q1,46.8,2012-04-05,2018-07-14,5.77,0.5,24,7,35,7,2,1,0,0,0.05595046752166462,1.0,72
HAT00082,1,Female,White,Not Hispanic or Latino,1987,2016-08-28,2016,2016Q3,29.8,2011-04-18,2017-05-21,5.36,0.73,19,6,24,11,3,1,0,0,0.027934698740595256,1.0,73
HAT00083,1,Male,Other,Not Hispanic or Latino,1995,2018-06-22,2018,2018Q2,21.0,2015-07-26,2018-09-05,2.91,0.21,13,7,16,5,3,1,0,0,0.025818375823931403,1.0,74
HAT00084,1,Female,White,Not Hispanic or Latino,1998,2016-06-08,2016,2016Q2,18.0,2010-12-01,2019-05-10,5.52,2.92,16,11,21,16,3,0,0,0,0.008711871134494353,1.0,75
HAT00085,1,Male,White,Not Hispanic or Latino,1981,2023-12-29,2023,2023Q4,40.7,2019-02-23,2026-04-26,4.85,2.33,21,12,34,9,2,0,0,0,0.03547736781521177,1.0,76
HAT00086,1,Female,Black,Not Hispanic or Latino,1952,2024-06-24,2024,2024Q2,68.9,2019-03-26,2025-11-29,5.25,1.43,18,8,28,10,6,0,0,0,0.023269474987406023,1.0,77
HAT00088,1,Female,White,Not Hispanic or Latino,1962,2017-10-04,2017,2017Q4,54.5,2012-07-04,2018-12-18,5.25,1.21,22,6,33,15,3,0,0,0,0.04779201403726577,1.0,78
HAT00089,1,Female,White,Not Hispanic or Latino,1994,2019-07-12,2019,2019Q3,26.4,2014-12-02,2020-01-22,4.61,0.53,21,12,50,12,3,1,0,0,0.05278490424933109,1.0,79
HAT00091,1,Female,White,Not Hispanic or Latino,1985,2023-02-14,2023,2023Q1,37.7,2019-10-19,2025-07-02,3.33,2.38,12,9,24,13,4,0,0,0,0.0071082973022629685,1.0,80
HAT00092,1,Male,White,Not Hispanic or Latino,1958,2024-04-30,2024,2024Q2,64.8,2021-02-20,2027-11-01,3.19,3.51,17,19,29,17,5,1,0,0,0.02291095703505633,1.0,81
HAT00093,1,Male,Black,Not Hispanic or Latino,1943,2023-05-23,2023,2023Q2,80.1,2017-11-01,2025-09-01,5.56,2.28,21,14,33,9,2,0,0,0,0.03238074197413769,1.0,82
HAT00094,1,Male,White,Not Hispanic or Latino,1952,2018-04-19,2018,2018Q2,66.3,2017-01-08,2021-05-17,1.28,3.08,7,16,18,9,3,0,0,0,0.0018353239305585617,1.0,83
HAT00096,1,Female,White,Not Hispanic or Latino,1954,2020-10-01,2020,2020Q4,65.5,2019-09-09,2021-08-22,1.06,0.89,13,11,30,9,4,0,0,0,0.028581468724544232,1.0,84
HAT00098,1,Female,White,Not Hispanic or Latino,1943,2022-10-11,2022,2022Q4,78.8,2021-02-03,2024-04-07,1.69,1.49,13,11,16,3,5,1,0,0,0.021362738347471884,1.0,85
HAT00099,1,Female,White,Unknown,1968,2019-12-25,2019,2019Q4,47.8,2016-07-09,2023-03-29,3.46,3.26,19,7,34,6,2,0,0,0,0.038630037546382126,1.0,86
HAT00100,1,Female,White,Not Hispanic or Latino,1959,2020-01-30,2020,2020Q1,58.2,2008-01-30,2026-11-24,12.0,6.82,34,17,55,18,5,1,0,0,0.009393004599767432,1.0,87
HAT00102,1,Female,White,Not Hispanic or Latino,1979,2019-01-26,2019,2019Q1,38.6,2011-09-06,2020-10-22,7.39,1.74,29,14,56,14,6,0,0,0,0.05897610544332976,1.0,88
HAT00104,1,Male,White,Not Hispanic or Latino,1963,2018-04-08,2018,2018Q2,54.0,2014-12-04,2021-02-12,3.34,2.85,17,9,21,17,4,0,0,0,0.024325369561304683,1.0,89
HAT00105,1,Male,White,Not Hispanic or Latino,1947,2021-12-22,2021,2021Q4,73.6,2018-10-12,2023-03-09,3.2,1.21,12,5,31,8,2,0,0,0,0.01023459387019634,1.0,90
HAT00107,1,Female,Other,Not Hispanic or Latino,1944,2021-12-30,2021,2021Q4,74.0,2013-09-30,2023-02-16,8.25,1.13,24,4,37,13,5,0,0,0,0.04267157259847427,1.0,91
HAT00110,1,Female,Black,Unknown,1964,2022-02-23,2022,2022Q1,58.3,2019-01-28,2025-05-28,3.07,3.26,19,8,42,8,5,0,0,0,0.04622631524840684,1.0,92
HAT00111,1,Male,White,Not Hispanic or Latino,1986,2022-05-13,2022,2022Q2,35.4,2016-05-24,2022-10-31,5.97,0.47,16,10,24,18,3,0,0,0,0.012912353089426206,1.0,93
HAT00112,1,Female,White,Hispanic or Latino,1977,2022-01-01,2022,2022Q1,43.5,2017-10-30,2022-11-04,4.17,0.84,15,1,23,15,6,0,0,0,0.01823756868196062,1.0,94
HAT00113,1,Male,Black,Unknown,1940,2023-08-16,2023,2023Q3,84.7,2018-09-27,2025-05-18,4.89,1.76,22,10,43,14,6,1,0,0,0.06358558583148365,1.0,95
HAT00114,1,Male,White,Not Hispanic or Latino,1974,2024-04-30,2024,2024Q2,48.9,2020-07-07,2027-06-12,3.81,3.12,16,16,33,9,4,1,0,0,0.015626510913586328,1.0,96
HAT00115,1,Male,Asian,Not Hispanic or Latino,1995,2017-05-31,2017,2017Q2,26.3,2013-12-08,2019-06-07,3.48,2.02,16,7,27,13,4,1,0,0,0.02695437332479027,1.0,97
HAT00116,1,Female,White,Not Hispanic or Latino,1985,2019-03-17,2019,2019Q1,32.8,2012-09-27,2021-09-19,6.47,2.51,15,11,24,14,4,0,0,0,0.005651486038789429,1.0,98
HAT00117,1,Female,White,Not Hispanic or Latino,1985,2017-05-14,2017,2017Q2,32.2,2012-02-10,2021-02-11,5.26,3.75,20,12,28,13,4,0,0,0,0.01914524498418205,1.0,99
HAT00118,1,Female,White,Not Hispanic or Latino,1946,2021-08-18,2021,2021Q3,73.4,2016-08-17,2025-05-09,5.0,3.73,20,18,42,6,2,0,0,0,0.022969135997114375,1.0,100
HAT00120,1,Male,White,Not Hispanic or Latino,1974,2021-05-04,2021,2021Q2,47.0,2017-05-06,2022-03-28,4.0,0.9,17,5,33,7,4,1,0,0,0.028669669316629745,1.0,101
HAT00121,1,Male,White,Not Hispanic or Latino,1955,2017-05-21,2017,2017Q2,59.9,2007-08-23,2018-01-13,9.75,0.65,29,3,52,15,4,1,0,0,0.03667917860297553,1.0,102
HAT00123,1,Female,Unknown,Not Hispanic or Latino,1941,2017-12-12,2017,2017Q4,74.8,2013-12-27,2019-07-28,3.96,1.63,20,8,36,9,2,1,0,0,0.04304638660961905,1.0,103
HAT00124,1,Female,White,Unknown,1946,2016-08-11,2016,2016Q3,73.0,2009-08-20,2017-02-06,6.98,0.49,21,8,31,13,4,0,0,0,0.03376307972352985,1.0,104
HAT00125,1,Female,White,Not Hispanic or Latino,1956,2022-11-04,2022,2022Q4,68.4,2017-03-15,2023-01-09,5.64,0.18,22,8,34,18,2,0,0,0,0.053403611920790586,1.0,105
HAT00127,1,Female,White,Hispanic or Latino,2002,2024-06-20,2024,2024Q2,22.0,2022-10-14,2025-08-06,1.69,1.13,10,8,21,18,3,0,0,0,0.00822926941136667,1.0,106
HAT00128,1,Female,White,Not Hispanic or Latino,1955,2018-10-23,2018,2018Q4,65.4,2014-01-30,2018-12-07,4.73,0.13,15,3,21,12,2,1,0,0,0.017393643566379346,1.0,107
HAT00129,1,Male,White,Not Hispanic or Latino,1971,2023-03-10,2023,2023Q1,47.3,2022-03-06,2023-11-21,1.01,0.7,8,6,15,11,4,1,0,0,0.005010667138682391,1.0,108
HAT00130,1,Female,White,Unknown,1950,2021-11-27,2021,2021Q4,73.3,2015-08-12,2023-04-15,6.3,1.38,29,12,51,14,2,0,0,0,0.11246291979206947,1.0,109
HAT00131,1,Female,Black,Unknown,2005,2023-03-26,2023,2023Q1,19.0,2017-04-05,2024-12-16,5.97,1.73,25,10,43,15,5,1,0,0,0.06308789850527118,1.0,110
HAT00132,1,Female,White,Not Hispanic or Latino,1977,2022-12-23,2022,2022Q4,46.0,2018-02-26,2025-08-26,4.82,2.68,22,13,48,13,5,1,0,0,0.04017023700416158,1.0,111
HAT00134,1,Female,White,Unknown,1979,2016-03-17,2016,2016Q1,34.0,2013-04-08,2020-01-25,2.94,3.86,19,21,40,12,4,0,0,0,0.0391669764553928,1.0,112
HAT00135,1,Female,White,Hispanic or Latino,1984,2021-05-10,2021,2021Q2,36.8,2014-01-10,2023-02-06,7.33,1.74,30,7,52,23,2,0,0,0,0.07175520333048521,1.0,113
HAT00136,1,Female,White,Hispanic or Latino,1956,2023-05-14,2023,2023Q2,66.2,2017-11-14,2026-11-17,5.5,3.51,19,11,35,7,2,0,0,0,0.01764341507989993,1.0,114
HAT00137,1,Male,White,Hispanic or Latino,1975,2019-07-31,2019,2019Q3,41.3,2008-11-24,2024-07-23,10.68,4.98,35,7,44,12,2,1,0,0,0.02386033202841498,1.0,115
HAT00138,1,Male,White,Not Hispanic or Latino,1969,2019-09-06,2019,2019Q3,50.7,2017-05-09,2024-11-30,2.33,5.24,17,14,34,11,3,0,0,0,0.02062236892914725,1.0,116
HAT00139,1,Female,Black,Not Hispanic or Latino,1953,2021-01-30,2021,2021Q1,69.2,2013-09-30,2023-07-10,7.34,2.44,23,10,38,6,3,0,0,0,0.024400043363532284,1.0,117
HAT00140,1,Female,Asian,Unknown,1946,2024-05-15,2024,2024Q2,79.2,2020-09-11,2024-12-04,3.68,0.56,17,4,30,13,5,0,0,0,0.05702714545086657,1.0,118
HAT00141,1,Female,White,Not Hispanic or Latino,1976,2019-12-12,2019,2019Q4,45.1,2009-02-23,2020-10-02,10.8,0.81,37,9,66,11,4,1,0,0,0.061315937925011416,1.0,119
HAT00142,1,Female,Other,Not Hispanic or Latino,1980,2021-06-01,2021,2021Q2,42.9,2015-09-10,2023-01-13,5.72,1.62,19,6,30,11,2,0,0,0,0.03376259478066841,1.0,120
HAT00144,1,Male,White,Not Hispanic or Latino,1968,2023-12-06,2023,2023Q4,56.5,2019-03-24,2025-12-18,4.71,2.03,14,8,30,14,3,0,0,0,0.009020644862565907,1.0,121
HAT00145,1,Female,White,Not Hispanic or Latino,1961,2023-10-05,2023,2023Q4,60.7,2015-05-30,2024-08-11,8.35,0.85,29,11,45,14,6,0,0,0,0.05472869409685614,1.0,122
HAT00147,1,Female,White,Not Hispanic or Latino,1981,2018-03-19,2018,2018Q1,34.5,2013-09-16,2021-02-08,4.51,2.9,17,15,32,7,5,0,0,0,0.01581637543514548,1.0,123
HAT00148,1,Female,Black,Not Hispanic or Latino,1950,2018-02-16,2018,2018Q1,66.5,2014-07-05,2022-04-06,3.62,4.14,20,18,35,10,5,0,0,0,0.03343898992300722,1.0,124
HAT00150,1,Female,White,Not Hispanic or Latino,1960,2022-03-24,2022,2022Q1,62.9,2018-09-28,2023-02-13,3.49,0.89,21,2,38,10,4,0,0,0,0.07523191260820591,1.0,125
HAT00151,1,Female,Black,Not Hispanic or Latino,1966,2020-11-03,2020,2020Q4,57.8,2017-05-19,2022-07-29,3.46,1.73,13,6,21,4,3,0,0,0,0.011344199285650452,1.0,126
HAT00152,1,Male,White,Not Hispanic or Latino,2004,2024-08-31,2024,2024Q3,23.2,2019-03-05,2026-11-20,5.49,2.22,17,11,37,14,3,1,0,0,0.012891362684916268,1.0,127
HAT00153,1,Female,White,Not Hispanic or Latino,1973,2020-09-24,2020,2020Q3,47.0,2017-01-22,2021-09-07,3.67,0.95,16,4,23,12,5,1,0,0,0.025207784112970394,1.0,128
HAT00154,1,Female,White,Hispanic or Latino,1953,2017-06-06,2017,2017Q2,60.6,2014-04-20,2019-11-11,3.13,2.43,23,15,43,18,2,1,0,0,0.09105095337182063,1.0,129
HAT00155,1,Male,Black,Not Hispanic or Latino,1964,2019-01-12,2019,2019Q1,53.0,2007-12-24,2022-12-08,11.05,3.9,24,12,46,17,4,0,0,0,0.006197364761789589,1.0,130
HAT00156,1,Female,White,Not Hispanic or Latino,1997,2024-03-25,2024,2024Q1,25.6,2019-05-17,2024-09-19,4.86,0.49,25,4,40,13,2,0,0,0,0.09190525431046849,1.0,131
HAT00157,1,Male,White,Not Hispanic or Latino,1940,2019-03-25,2019,2019Q1,78.4,2011-12-07,2020-08-08,7.3,1.38,30,6,60,12,5,0,0,0,0.08010914306046157,1.0,132
HAT00158,1,Male,White,Not Hispanic or Latino,1987,2023-01-07,2023,2023Q1,35.4,2020-03-13,2024-11-22,2.82,1.88,22,3,40,19,3,0,0,0,0.0847833564196837,1.0,133
HAT00159,1,Male,Unknown,Not Hispanic or Latino,1971,2017-10-25,2017,2017Q4,41.4,2013-12-22,2018-05-18,3.84,0.56,14,6,27,8,6,0,0,0,0.013729908562245905,1.0,134
HAT00160,1,Male,White,Not Hispanic or Latino,1964,2018-09-10,2018,2018Q3,51.3,2012-07-30,2019-11-05,6.12,1.15,26,5,50,9,2,0,0,0,0.06743744743282612,1.0,135
HAT00161,1,Female,Unknown,Hispanic or Latino,1966,2017-06-15,2017,2017Q2,51.5,2014-03-24,2019-01-19,3.23,1.6,16,15,28,6,4,1,0,0,0.024153847061725298,1.0,136
HAT00162,1,Female,White,Not Hispanic or Latino,1971,2022-03-06,2022,2022Q1,54.4,2018-04-21,2024-02-06,3.88,1.92,13,9,26,8,5,1,0,0,0.00912706972443113,1.0,137
HAT00164,1,Male,Black,Hispanic or Latino,1949,2023-05-30,2023,2023Q2,72.6,2014-12-31,2024-11-18,8.41,1.47,28,8,43,10,2,1,0,0,0.047099336326914376,1.0,138
HAT00165,1,Female,White,Not Hispanic or Latino,1991,2021-03-16,2021,2021Q1,28.0,2011-03-28,2021-07-28,9.97,0.37,34,5,51,14,3,1,0,0,0.06081282193133267,1.0,139
HAT00166,1,Male,Other,Not Hispanic or Latino,1989,2023-08-07,2023,2023Q3,34.7,2017-10-22,2024-01-26,5.79,0.47,21,10,28,13,2,0,0,0,0.05863264921229765,1.0,140
HAT00167,1,Female,Unknown,Not Hispanic or Latino,1946,2023-06-25,2023,2023Q2,77.7,2021-07-29,2026-08-24,1.91,3.17,9,14,25,15,3,0,0,0,0.0032498395370004645,1.0,141
HAT00168,1,Female,Black,Not Hispanic or Latino,1942,2019-06-22,2019,2019Q2,77.6,2014-07-17,2020-07-26,4.93,1.1,15,4,27,13,6,1,0,0,0.014266678469145507,1.0,142
HAT00170,1,Female,White,Not Hispanic or Latino,1978,2019-03-09,2019,2019Q1,39.9,2017-11-02,2020-11-27,1.35,1.72,15,11,18,10,3,1,0,0,0.035074768490944465,1.0,143
HAT00171,1,Male,White,Not Hispanic or Latino,1995,2017-06-07,2017,2017Q2,21.1,2014-05-23,2017-07-26,3.04,0.14,14,4,22,10,6,0,0,0,0.020906325174120728,1.0,144
HAT00172,1,Male,White,Not Hispanic or Latino,1939,2017-10-15,2017,2017Q4,78.1,2013-07-29,2024-01-10,4.22,6.24,21,16,33,3,6,1,0,0,0.021598029222952373,1.0,145
HAT00173,1,Male,Unknown,Not Hispanic or Latino,1963,2019-09-02,2019,2019Q3,55.9,2015-09-28,2021-06-28,3.93,1.82,21,7,41,14,4,0,0,0,0.04797313326495143,1.0,146
HAT00174,1,Female,Other,Not Hispanic or Latino,1985,2019-09-12,2019,2019Q3,34.4,2018-08-23,2021-06-04,1.06,1.73,11,10,25,9,2,0,0,0,0.01933266030661371,1.0,147
HAT00175,1,Male,White,Hispanic or Latino,1978,2019-04-05,2019,2019Q2,41.2,2015-08-26,2021-07-23,3.61,2.3,15,11,33,14,4,0,0,0,0.0161685290784681,1.0,148
HAT00177,1,Female,White,Not Hispanic or Latino,1941,2021-07-19,2021,2021Q3,77.8,2012-04-20,2023-03-17,9.25,1.66,25,6,33,18,2,1,0,0,0.020915716330324685,1.0,149
HAT00178,1,Male,White,Not Hispanic or Latino,1983,2023-05-06,2023,2023Q2,41.9,2018-08-08,2024-12-15,4.74,1.61,17,8,28,10,2,0,0,0,0.019393988862835675,1.0,150
HAT00179,1,Male,White,Not Hispanic or Latino,2001,2019-04-22,2019,2019Q2,18.1,2013-08-19,2021-06-06,5.67,2.13,29,12,42,15,4,1,0,0,0.088257587457746,1.0,151
HAT00180,1,Male,White,Not Hispanic or Latino,1956,2018-09-17,2018,2018Q3,64.3,2012-05-15,2020-09-04,6.34,1.97,25,9,44,7,6,0,0,0,0.04793187467518537,1.0,152
HAT00181,1,Female,White,Not Hispanic or Latino,1939,2019-06-15,2019,2019Q2,81.6,2012-11-11,2021-06-27,6.59,2.04,29,6,44,11,2,0,0,0,0.07808461497161559,1.0,153
HAT00182,1,Male,White,Not Hispanic or Latino,1943,2021-09-25,2021,2021Q3,77.6,2016-09-11,2024-07-28,5.04,2.84,24,19,49,10,4,0,0,0,0.05371486153561252,1.0,154
HAT00184,1,Male,White,Not Hispanic or Latino,1994,2022-01-10,2022,2022Q1,29.5,2011-10-08,2023-03-17,10.26,1.18,38,11,60,10,6,1,0,0,0.07176429979055471,1.0,155
HAT00187,1,Female,White,Not Hispanic or Latino,1965,2024-12-27,2024,2024Q4,61.7,2018-02-12,2026-11-25,6.87,1.91,28,11,48,10,4,1,0,0,0.06199311266339816,1.0,156
HAT00188,1,Female,White,Not Hispanic or Latino,1959,2021-07-28,2021,2021Q3,58.2,2009-10-27,2023-12-14,11.75,2.38,34,8,49,17,3,0,0,0,0.025020028003484684,1.0,157
HAT00189,1,Female,White,Hispanic or Latino,1995,2016-03-05,2016,2016Q1,19.8,2008-07-15,2019-06-09,7.64,3.26,24,15,55,14,4,0,0,0,0.020235686526036595,1.0,158
HAT00190,1,Female,Black,Not Hispanic or Latino,1971,2023-12-03,2023,2023Q4,54.4,2016-11-18,2026-02-12,7.04,2.2,29,12,41,15,4,0,0,0,0.0643019975788646,1.0,159
HAT00191,1,Female,White,Hispanic or Latino,1963,2017-04-05,2017,2017Q2,50.9,2011-01-20,2019-03-17,6.21,1.95,20,10,39,13,3,1,0,0,0.022519242695593505,1.0,160
HAT00192,1,Male,White,Not Hispanic or Latino,1939,2019-11-26,2019,2019Q4,80.1,2018-06-16,2023-08-28,1.45,3.76,6,16,13,11,6,0,0,0,0.000911770585439196,1.0,161
HAT00193,1,Female,Black,Not Hispanic or Latino,1976,2016-09-29,2016,2016Q3,38.3,2013-07-10,2018-10-20,3.22,2.06,18,18,40,10,4,0,0,0,0.03647590641556376,1.0,162
HAT00194,1,Female,White,Hispanic or Latino,1955,2016-06-25,2016,2016Q2,62.1,2007-02-05,2017-08-01,9.39,1.1,27,10,44,16,2,0,0,0,0.030681495386045393,1.0,163
HAT00196,1,Male,White,Hispanic or Latino,1997,2019-08-06,2019,2019Q3,18.8,2012-06-03,2021-08-10,7.17,2.01,22,6,38,17,6,0,0,0,0.021740513702624847,1.0,164
HAT00197,1,Female,White,Not Hispanic or Latino,2000,2022-03-25,2022,2022Q1,24.0,2016-03-16,2023-06-17,6.02,1.23,17,5,22,8,2,0,0,0,0.013306226293653425,1.0,165
HAT00198,1,Female,White,Not Hispanic or Latino,1994,2018-12-12,2018,2018Q4,22.8,2016-06-27,2019-11-17,2.46,0.93,9,3,17,8,6,1,0,0,0.004291485740302346,1.0,166
HAT00199,1,Male,Asian,Not Hispanic or Latino,1947,2024-04-21,2024,2024Q2,79.4,2019-12-27,2025-08-31,4.32,1.36,19,10,28,10,2,0,0,0,0.049887390299077454,1.0,167
CTRL000002,0,Female,White,Not Hispanic or Latino,1951,2022-01-24,2022,2022Q1,70.5,2018-01-14,2022-07-14,4.03,0.47,12,2,26,8,0,0,1,1,0.009027310544564994,0.8727544910179639,137
CTRL000014,0,Female,Asian,Not Hispanic or Latino,1946,2019-04-30,2019,2019Q2,72.0,2013-05-17,2019-08-31,5.95,0.34,15,2,30,8,0,0,1,1,0.01498124304192738,0.8727544910179639,142
CTRL000021,0,Female,Unknown,Not Hispanic or Latino,2002,2019-12-15,2019,2019Q4,18.0,2013-01-16,2020-08-31,6.91,0.71,25,4,41,8,0,0,1,1,0.04101269364945787,0.8727544910179639,86
CTRL000026,0,Male,White,Not Hispanic or Latino,1998,2018-09-12,2018,2018Q3,18.7,2012-03-10,2019-07-01,6.51,0.8,25,5,39,8,0,0,1,1,0.05162119574564737,1.1636726546906184,152
CTRL000032,0,Female,White,Not Hispanic or Latino,1961,2023-01-13,2023,2023Q1,62.6,2017-12-30,2027-02-28,5.04,4.13,15,13,33,2,0,0,1,1,0.006926954702744954,0.8727544910179639,80
CTRL000050,0,Male,White,Not Hispanic or Latino,1958,2023-06-02,2023,2023Q2,66.0,2016-10-14,2025-12-14,6.63,2.54,24,10,39,11,0,0,1,1,0.03373377420913404,0.8727544910179639,82
CTRL000053,0,Female,White,Unknown,1987,2016-06-03,2016,2016Q2,29.4,2010-08-18,2017-09-16,5.8,1.29,14,6,22,7,0,0,1,1,0.008360349397505054,0.8727544910179639,75
CTRL000064,0,Female,Unknown,Not Hispanic or Latino,1968,2017-06-10,2017,2017Q2,50.8,2014-04-15,2019-03-28,3.16,1.8,16,6,29,6,0,0,1,1,0.022287547109289128,0.8727544910179639,160
CTRL000113,0,Male,White,Not Hispanic or Latino,1946,2019-01-21,2019,2019Q1,74.4,2013-11-07,2021-12-24,5.21,2.92,14,7,26,8,0,0,1,1,0.00666626039929805,0.8727544910179639,130
CTRL000139,0,Male,White,Not Hispanic or Latino,1966,2024-04-20,2024,2024Q2,56.3,2019-03-22,2024-08-14,5.08,0.32,17,2,34,7,0,0,1,1,0.023311434930722318,0.8727544910179639,81
CTRL000146,0,Female,White,Not Hispanic or Latino,1974,2021-07-27,2021,2021Q3,46.6,2017-07-19,2021-11-07,4.02,0.28,15,1,27,5,0,0,1,1,0.020299209915279785,0.8727544910179639,149
CTRL000165,0,Female,White,Not Hispanic or Latino,1959,2020-10-01,2020,2020Q4,64.7,2013-12-10,2023-09-06,6.81,2.93,24,8,48,6,0,0,1,1,0.029392301948506085,0.8727544910179639,84
CTRL000170,0,Female,White,Not Hispanic or Latino,1942,2016-06-15,2016,2016Q2,74.6,2010-01-16,2020-01-13,6.41,3.58,24,11,45,9,0,0,1,1,0.029981175958727936,0.8727544910179639,163
CTRL000186,0,Female,White,Not Hispanic or Latino,1962,2016-06-20,2016,2016Q2,55.6,2010-05-28,2021-11-30,6.07,5.45,19,9,34,8,0,0,1,1,0.009077779119329912,0.8727544910179639,75
CTRL000205,0,Male,Black,Not Hispanic or Latino,1945,2023-07-08,2023,2023Q3,79.2,2019-04-10,2028-10-24,4.25,5.3,14,15,32,11,0,0,1,1,0.005863507851715091,0.8727544910179639,9
CTRL000207,0,Female,White,Not Hispanic or Latino,1962,2018-12-11,2018,2018Q4,54.3,2013-04-16,2019-09-22,5.66,0.78,17,2,31,14,0,0,1,1,0.017558754099364197,0.8727544910179639,107
CTRL000209,0,Female,White,Not Hispanic or Latino,2001,2024-06-05,2024,2024Q2,25.7,2022-07-02,2025-09-21,1.93,1.3,14,2,30,1,0,0,1,1,0.023867598412767005,0.8727544910179639,77
CTRL000222,0,Female,White,Not Hispanic or Latino,1998,2018-01-12,2018,2018Q1,18.6,2013-08-02,2020-09-16,4.45,2.68,17,10,33,4,0,0,1,1,0.016251458934162487,0.8727544910179639,123
CTRL000232,0,Male,White,Not Hispanic or Latino,1982,2022-04-12,2022,2022Q2,42.4,2021-03-13,2024-06-12,1.08,2.17,12,13,29,8,0,0,1,1,0.015543788288328688,0.8727544910179639,69
CTRL000265,0,Male,White,Not Hispanic or Latino,1944,2023-07-20,2023,2023Q3,80.5,2021-03-26,2024-07-12,2.32,0.98,18,4,26,2,0,0,1,1,0.06338748627478197,3.4910179640718555,95
CTRL000292,0,Female,White,Not Hispanic or Latino,1989,2016-11-15,2016,2016Q4,26.3,2012-06-21,2017-11-04,4.4,0.97,17,3,35,7,0,0,1,1,0.023734328782216478,0.8727544910179639,28
CTRL000311,0,Female,White,Hispanic or Latino,1961,2018-11-13,2018,2018Q4,56.0,2017-08-11,2022-07-09,1.26,3.65,9,14,23,2,0,0,1,1,0.0041798267552715035,0.8727544910179639,166
CTRL000313,0,Female,White,Not Hispanic or Latino,1970,2017-03-23,2017,2017Q1,48.2,2009-02-27,2018-01-23,8.07,0.84,25,7,52,16,0,0,1,1,0.033551967015248006,0.8727544910179639,3
CTRL000324,0,Female,Other,Not Hispanic or Latino,1976,2016-08-17,2016,2016Q3,40.7,2012-06-10,2017-06-17,4.19,0.83,17,3,28,8,0,1,1,1,0.04230346510806759,0.8727544910179639,54
CTRL000338,0,Female,White,Not Hispanic or Latino,1988,2021-02-04,2021,2021Q1,35.4,2015-12-09,2023-06-16,5.16,2.36,25,5,30,7,0,0,1,1,0.060050112638117964,3.4910179640718555,139
CTRL000388,0,Female,White,Not Hispanic or Latino,2004,2022-02-17,2022,2022Q1,18.0,2014-02-18,2023-10-13,8.0,1.65,29,13,57,16,0,0,1,1,0.047452322620614766,1.1636726546906184,92
CTRL000451,0,Female,Black,Not Hispanic or Latino,1971,2020-02-10,2020,2020Q1,51.0,2016-04-29,2020-08-05,3.79,0.49,12,4,36,8,0,0,1,1,0.00961599666384875,0.8727544910179639,87
CTRL000457,0,Female,White,Unknown,1956,2016-02-01,2016,2016Q1,58.3,2007-01-26,2018-09-22,9.02,2.64,29,7,50,9,0,0,1,1,0.03729376397438808,0.8727544910179639,112
CTRL000459,0,Female,White,Not Hispanic or Latino,1967,2020-08-24,2020,2020Q3,54.6,2012-09-30,2022-05-08,7.9,1.71,24,3,41,12,0,0,1,1,0.025914171274292654,0.8727544910179639,128
CTRL000503,0,Female,Other,Unknown,1995,2024-06-10,2024,2024Q2,29.5,2019-09-27,2025-05-20,4.7,0.94,20,2,30,10,0,0,1,1,0.07421009295478377,0.8727544910179639,1
CTRL000537,0,Female,White,Not Hispanic or Latino,1971,2016-08-06,2016,2016Q3,48.9,2006-01-11,2020-12-31,10.57,4.4,30,11,39,7,0,0,1,1,0.014740570318025057,0.8727544910179639,26
CTRL000544,0,Male,Black,Not Hispanic or Latino,1945,2023-09-13,2023,2023Q3,80.5,2019-01-06,2024-10-10,4.68,1.08,11,9,24,8,0,0,1,1,0.004965392211752301,0.8727544910179639,9
CTRL000551,0,Female,Unknown,Not Hispanic or Latino,1982,2024-10-19,2024,2024Q4,42.1,2022-07-02,2025-04-06,2.3,0.46,13,3,24,3,0,0,1,1,0.01754065006600968,0.8727544910179639,40
CTRL000571,0,Female,White,Not Hispanic or Latino,1943,2024-04-08,2024,2024Q2,80.8,2017-07-27,2026-05-22,6.7,2.12,21,12,36,6,0,0,1,1,0.022509464995610833,0.8727544910179639,77
CTRL000588,0,Female,White,Not Hispanic or Latino,1978,2016-07-19,2016,2016Q3,35.6,2008-05-12,2021-04-11,8.19,4.73,32,12,53,15,0,0,1,1,0.03659231754992627,0.8727544910179639,162
CTRL000601,0,Female,White,Hispanic or Latino,1955,2019-12-06,2019,2019Q4,67.5,2016-05-31,2021-03-20,3.52,1.29,17,11,39,9,0,0,1,1,0.034378304803493284,0.8727544910179639,55
CTRL000623,0,Female,White,Not Hispanic or Latino,1989,2023-02-13,2023,2023Q1,35.8,2015-03-04,2024-02-19,7.95,1.02,34,5,57,15,0,0,1,1,0.1005347449480145,1.7455089820359277,62
CTRL000632,0,Male,White,Not Hispanic or Latino,1998,2017-04-11,2017,2017Q2,19.0,2012-10-17,2018-05-11,4.48,1.08,19,5,35,7,0,0,1,1,0.03360729950006648,0.8727544910179639,102
CTRL000638,0,Female,White,Not Hispanic or Latino,1959,2018-01-15,2018,2018Q1,57.4,2012-08-16,2018-05-17,5.42,0.34,17,4,29,6,0,0,1,1,0.0208756330232883,0.8727544910179639,30
CTRL000648,0,Female,White,Not Hispanic or Latino,1980,2016-03-01,2016,2016Q1,36.6,2014-01-18,2018-01-22,2.12,1.9,14,9,34,7,0,0,1,1,0.020408858168929456,0.8727544910179639,158
CTRL000670,0,Female,Other,Not Hispanic or Latino,1960,2019-05-18,2019,2019Q2,58.5,2012-05-25,2024-07-28,6.98,5.2,20,13,33,12,0,0,1,1,0.01378356049625043,0.8727544910179639,142
CTRL000686,0,Male,White,Unknown,1951,2020-03-08,2020,2020Q1,70.8,2013-05-16,2022-09-26,6.81,2.55,24,9,42,8,0,0,1,1,0.03867532806951441,0.8727544910179639,34
CTRL000693,0,Female,White,Not Hispanic or Latino,1989,2016-06-02,2016,2016Q2,26.3,2013-06-09,2018-04-02,2.98,1.83,12,5,20,6,0,0,1,1,0.00867714528061571,0.8727544910179639,75
CTRL000713,0,Female,White,Not Hispanic or Latino,1974,2017-05-31,2017,2017Q2,42.3,2016-02-19,2017-10-23,1.28,0.4,12,4,27,5,0,0,1,1,0.02083886949757091,0.8727544910179639,160
CTRL000721,0,Male,White,Not Hispanic or Latino,1965,2017-06-23,2017,2017Q2,49.9,2015-02-14,2018-06-24,2.36,1.0,16,6,32,10,0,0,1,1,0.03806532344290205,0.8727544910179639,102
CTRL000722,0,Male,White,Not Hispanic or Latino,1962,2018-08-24,2018,2018Q3,54.2,2011-12-29,2021-02-08,6.65,2.46,27,13,45,12,0,0,1,1,0.05133354101056882,1.1636726546906184,152
CTRL000730,0,Female,Unknown,Unknown,1944,2021-12-26,2021,2021Q4,76.4,2018-08-16,2023-04-28,3.36,1.34,18,7,36,4,0,0,1,1,0.04509812027039632,0.8727544910179639,91
CTRL000737,0,Female,Unknown,Not Hispanic or Latino,1952,2019-06-09,2019,2019Q2,66.4,2013-02-19,2020-09-18,6.3,1.28,28,5,52,8,0,0,1,1,0.07470917969947616,3.4910179640718555,153
CTRL000755,0,Female,White,Hispanic or Latino,1946,2016-07-18,2016,2016Q3,68.3,2008-10-13,2017-12-14,7.76,1.41,23,6,50,15,0,0,1,1,0.0268890367238277,0.8727544910179639,73
CTRL000771,0,Male,White,Not Hispanic or Latino,1951,2024-08-19,2024,2024Q3,71.1,2023-01-16,2025-11-12,1.59,1.23,11,5,17,6,0,0,1,1,0.01241159403389173,0.8727544910179639,127
CTRL000776,0,Male,White,Unknown,1941,2022-01-12,2022,2022Q1,80.5,2013-09-26,2023-10-03,8.3,1.72,24,11,30,13,0,0,1,1,0.02910365910486938,0.8727544910179639,59
CTRL000779,0,Female,Black,Not Hispanic or Latino,1997,2023-04-29,2023,2023Q2,27.4,2020-06-21,2025-02-15,2.85,1.8,9,9,12,7,0,0,1,1,0.00330946473948067,0.8727544910179639,141
CTRL000800,0,Female,Unknown,Not Hispanic or Latino,1982,2020-07-23,2020,2020Q3,36.4,2016-09-03,2021-12-29,3.89,1.44,13,7,28,4,0,0,1,1,0.008482820205303089,0.8727544910179639,32
CTRL000809,0,Male,White,Not Hispanic or Latino,1993,2019-12-12,2019,2019Q4,27.3,2017-11-13,2021-08-21,2.08,1.69,6,2,13,4,0,0,1,1,0.0010032842089089209,0.8727544910179639,161
CTRL000835,0,Male,Other,Not Hispanic or Latino,1944,2024-05-22,2024,2024Q2,79.5,2020-02-03,2026-07-22,4.3,2.17,19,10,26,8,0,0,1,1,0.051350396793144376,1.1636726546906184,167
CTRL000841,0,Male,Asian,Not Hispanic or Latino,1979,2023-02-01,2023,2023Q1,43.8,2019-04-07,2023-12-11,3.82,0.86,19,6,32,5,0,0,1,1,0.05931118302117449,1.7455089820359277,70
CTRL000856,0,Female,White,Not Hispanic or Latino,1986,2016-03-25,2016,2016Q1,27.9,2009-03-02,2017-09-07,7.06,1.46,21,5,42,8,0,0,1,1,0.02028599715613212,0.8727544910179639,158
CTRL000861,0,Female,Black,Hispanic or Latino,1979,2024-12-07,2024,2024Q4,45.3,2016-03-18,2025-04-15,8.72,0.35,30,1,58,13,0,0,1,1,0.0645246906972541,1.1636726546906184,156
CTRL000869,0,Male,White,Not Hispanic or Latino,1993,2019-08-03,2019,2019Q3,25.7,2014-02-13,2021-06-13,5.47,1.86,19,7,41,7,0,0,1,1,0.021295091383725557,0.8727544910179639,115
CTRL000879,0,Male,Asian,Not Hispanic or Latino,1949,2016-01-29,2016,2016Q1,68.6,2010-12-24,2017-04-06,5.1,1.19,17,8,41,10,0,0,1,1,0.02617233538709426,0.8727544910179639,35
CTRL000911,0,Male,White,Not Hispanic or Latino,1994,2017-01-07,2017,2017Q1,21.8,2008-06-13,2019-02-26,8.57,2.14,27,10,55,13,0,0,1,1,0.027771570955370514,0.8727544910179639,50
CTRL000917,0,Female,White,Not Hispanic or Latino,1989,2019-10-05,2019,2019Q4,28.9,2014-09-11,2020-07-17,5.07,0.78,20,4,48,17,0,1,1,1,0.03659081192634447,0.8727544910179639,55
CTRL000919,0,Male,Black,Not Hispanic or Latino,1997,2023-11-14,2023,2023Q4,27.3,2020-07-02,2026-12-31,3.37,3.13,13,13,36,7,0,0,1,1,0.008179379077187085,0.8727544910179639,121
CTRL000923,0,Male,Unknown,Not Hispanic or Latino,1989,2023-08-11,2023,2023Q3,32.3,2019-12-26,2024-01-08,3.63,0.41,20,5,22,7,0,0,1,1,0.05508765726063316,1.1636726546906184,140
CTRL000932,0,Male,White,Hispanic or Latino,2002,2022-03-06,2022,2022Q1,20.2,2015-10-21,2022-11-03,6.38,0.66,26,1,53,12,0,0,1,1,0.06775995073729865,3.4910179640718555,155
CTRL000948,0,Female,White,Not Hispanic or Latino,1942,2018-08-23,2018,2018Q3,75.2,2014-02-01,2019-10-09,4.56,1.13,20,4,29,5,0,0,1,1,0.04448942743946125,0.8727544910179639,45
CTRL000982,0,Female,Asian,Not Hispanic or Latino,1941,2018-10-01,2018,2018Q4,80.1,2016-07-19,2020-07-24,2.2,1.81,12,5,30,5,0,0,1,1,0.016673865957634048,0.8727544910179639,107
CTRL001006,0,Male,Unknown,Not Hispanic or Latino,1986,2017-06-08,2017,2017Q2,33.0,2013-04-10,2018-10-16,4.16,1.36,17,6,29,9,0,0,1,1,0.02125145125146102,0.8727544910179639,144
CTRL001007,0,Female,White,Not Hispanic or Latino,1952,2018-12-19,2018,2018Q4,65.6,2017-05-13,2021-07-29,1.6,2.61,13,9,35,2,0,0,1,1,0.01701422778239489,0.8727544910179639,107
CTRL001054,0,Female,Black,Not Hispanic or Latino,1943,2024-06-06,2024,2024Q2,80.4,2019-03-04,2025-12-29,5.26,1.57,25,8,42,6,0,0,1,1,0.07727092221514051,0.8727544910179639,1
CTRL001068,0,Female,White,Hispanic or Latino,1995,2017-11-23,2017,2017Q4,22.7,2010-04-26,2018-09-18,7.58,0.82,29,7,36,12,0,0,1,1,0.06801376532701132,0.8727544910179639,57
CTRL001069,0,Female,White,Hispanic or Latino,2001,2023-03-14,2023,2023Q1,24.0,2014-05-03,2025-01-25,8.86,1.87,33,10,58,8,0,0,1,1,0.06030798909075676,0.8727544910179639,110
CTRL001071,0,Male,White,Not Hispanic or Latino,1992,2017-10-15,2017,2017Q4,23.0,2013-08-25,2020-09-20,4.14,2.93,18,2,20,4,0,0,1,1,0.021347421771152248,0.8727544910179639,145
CTRL001079,0,Female,White,Not Hispanic or Latino,1952,2019-04-15,2019,2019Q2,64.5,2013-08-05,2020-11-29,5.69,1.63,21,8,27,7,0,0,1,1,0.03299631181084645,0.8727544910179639,56
CTRL001132,0,Male,White,Unknown,1963,2018-02-18,2018,2018Q1,56.5,2014-03-01,2019-11-02,3.97,1.7,20,8,40,13,0,0,1,1,0.05501836423225723,0.8727544910179639,72
CTRL001139,0,Female,White,Not Hispanic or Latino,2001,2019-10-18,2019,2019Q4,18.0,2010-09-02,2021-12-15,9.13,2.16,24,8,60,5,0,0,1,1,0.014658146931425432,0.8727544910179639,41
CTRL001147,0,Male,Black,Not Hispanic or Latino,1987,2021-12-23,2021,2021Q4,34.0,2017-11-08,2022-11-12,4.13,0.89,13,6,22,8,0,0,1,1,0.010251498928085828,0.8727544910179639,90
CTRL001173,0,Male,White,Not Hispanic or Latino,1999,2019-07-07,2019,2019Q3,22.0,2014-02-23,2021-07-19,5.37,2.04,19,9,34,12,0,0,1,1,0.021025976234180524,0.8727544910179639,116
CTRL001182,0,Male,Unknown,Not Hispanic or Latino,1961,2024-01-27,2024,2024Q1,65.6,2018-06-07,2027-11-06,5.64,3.78,29,12,49,8,0,0,1,1,0.06414102562740247,1.7455089820359277,16
CTRL001238,0,Male,White,Not Hispanic or Latino,1961,2018-07-30,2018,2018Q3,59.5,2006-07-30,2020-09-05,12.0,2.1,38,10,61,15,0,0,1,1,0.037381756763782505,0.8727544910179639,15
CTRL001244,0,Female,White,Not Hispanic or Latino,1945,2021-10-17,2021,2021Q4,74.1,2018-01-21,2025-09-19,3.74,3.93,21,13,38,12,0,0,1,1,0.039537945411921925,0.8727544910179639,91
CTRL001259,0,Male,White,Hispanic or Latino,1988,2023-12-03,2023,2023Q4,34.3,2018-05-23,2024-05-17,5.53,0.46,20,5,46,9,0,0,1,1,0.03625286370341291,0.8727544910179639,76
CTRL001292,0,Male,White,Not Hispanic or Latino,1985,2020-10-09,2020,2020Q4,36.3,2018-06-17,2021-08-20,2.32,0.86,8,8,20,5,0,0,1,1,0.003082788263094654,0.8727544910179639,10
CTRL001346,0,Male,White,Not Hispanic or Latino,1967,2019-08-26,2019,2019Q3,50.9,2011-01-15,2024-01-02,8.61,4.36,28,12,49,9,0,0,1,1,0.021541287472909364,1.1636726546906184,164
CTRL001347,0,Male,White,Not Hispanic or Latino,1978,2023-02-01,2023,2023Q1,44.2,2012-09-04,2024-03-15,10.41,1.12,37,7,62,18,0,0,1,1,0.06496949930274303,1.7455089820359277,5
CTRL001349,0,Male,White,Not Hispanic or Latino,1962,2017-10-15,2017,2017Q4,55.0,2011-03-25,2019-12-19,6.56,2.18,21,5,40,12,0,0,1,1,0.02192077215897058,0.8727544910179639,145
CTRL001366,0,Male,White,Hispanic or Latino,1954,2018-06-04,2018,2018Q2,66.4,2014-05-16,2019-09-13,4.05,1.28,16,5,32,11,0,0,1,1,0.023216551011918864,0.8727544910179639,89
CTRL001411,0,Male,Black,Not Hispanic or Latino,1940,2024-05-26,2024,2024Q2,79.3,2016-10-16,2027-09-27,7.61,3.34,30,5,56,10,0,0,1,1,0.051734089814495655,1.1636726546906184,167
CTRL001460,0,Female,White,Not Hispanic or Latino,1988,2020-07-11,2020,2020Q3,33.2,2016-05-11,2022-03-05,4.17,1.65,13,7,32,10,0,0,1,1,0.008354929353915016,0.8727544910179639,32
CTRL001477,0,Male,White,Not Hispanic or Latino,1974,2016-03-20,2016,2016Q1,41.3,2008-05-14,2018-09-20,7.85,2.5,21,8,40,10,0,0,1,1,0.013144146492890045,0.8727544910179639,11
CTRL001492,0,Female,White,Not Hispanic or Latino,1968,2019-10-20,2019,2019Q4,54.2,2014-05-31,2022-03-25,5.39,2.43,25,5,43,8,0,0,1,1,0.05752959958492923,1.7455089820359277,119
CTRL001539,0,Male,Black,Not Hispanic or Latino,1970,2023-10-17,2023,2023Q4,52.7,2011-10-17,2024-02-29,12.0,0.37,35,1,61,12,0,0,1,1,0.03933959115032697,0.8727544910179639,76
CTRL001576,0,Male,White,Unknown,1956,2016-07-31,2016,2016Q3,60.1,2012-10-15,2018-05-26,3.79,1.82,16,7,32,10,0,0,1,1,0.025305709610161445,0.8727544910179639,51
CTRL001584,0,Female,White,Not Hispanic or Latino,1948,2019-08-27,2019,2019Q3,70.4,2013-11-09,2022-07-22,5.8,2.9,22,14,37,14,0,0,1,1,0.029815330365838163,0.8727544910179639,8
CTRL001585,0,Female,White,Not Hispanic or Latino,2003,2021-08-06,2021,2021Q3,18.0,2016-11-10,2022-09-05,4.74,1.08,18,4,30,6,0,0,1,1,0.025266081552576695,0.8727544910179639,157
CTRL001596,0,Female,White,Unknown,1972,2019-11-10,2019,2019Q4,41.7,2013-07-14,2020-11-09,6.33,1.0,21,3,40,11,0,0,1,1,0.034901753799368065,0.8727544910179639,55
CTRL001599,0,Female,White,Not Hispanic or Latino,1951,2016-06-11,2016,2016Q2,70.2,2009-12-09,2017-05-13,6.51,0.92,21,6,23,8,0,0,1,1,0.02969080792460311,0.8727544910179639,163
CTRL001605,0,Male,Other,Not Hispanic or Latino,1986,2019-08-26,2019,2019Q3,34.1,2012-09-07,2022-03-08,6.97,2.53,24,7,39,12,0,0,1,1,0.04421970359803232,1.1636726546906184,146
CTRL001635,0,Female,White,Hispanic or Latino,1950,2023-10-13,2023,2023Q4,70.9,2022-02-18,2024-10-22,1.65,1.03,11,6,21,4,0,0,1,1,0.013477715014804822,0.8727544910179639,13
CTRL001673,0,Female,White,Not Hispanic or Latino,1938,2020-08-04,2020,2020Q3,81.7,2018-05-28,2021-12-23,2.19,1.39,14,8,27,7,0,0,1,1,0.02452560123325133,0.8727544910179639,128
CTRL001698,0,Female,White,Not Hispanic or Latino,1944,2018-02-04,2018,2018Q1,72.9,2008-11-27,2021-05-29,9.19,3.31,16,7,32,14,0,0,1,1,0.00276693889204819,0.8727544910179639,4
CTRL001707,0,Female,Asian,Unknown,1967,2023-02-21,2023,2023Q1,54.5,2019-04-25,2023-06-06,3.83,0.29,18,3,33,8,0,0,1,1,0.06663893607077342,0.8727544910179639,110
CTRL001713,0,Female,White,Hispanic or Latino,1968,2017-11-04,2017,2017Q4,50.3,2013-06-28,2018-12-28,4.36,1.15,18,6,40,5,0,0,1,1,0.03215845868688178,0.8727544910179639,31
CTRL001730,0,Female,Black,Not Hispanic or Latino,1972,2018-05-24,2018,2018Q2,48.7,2009-07-18,2019-12-18,8.85,1.57,27,8,41,9,0,0,1,1,0.0313202918684799,0.8727544910179639,24
CTRL001742,0,Male,White,Not Hispanic or Latino,1960,2016-07-15,2016,2016Q3,55.6,2012-12-16,2017-01-21,3.58,0.52,15,2,32,4,0,0,1,1,0.022734828199744962,0.8727544910179639,51
CTRL001760,0,Male,Asian,Hispanic or Latino,1945,2016-09-29,2016,2016Q3,72.8,2014-04-10,2018-03-08,2.47,1.44,13,4,28,5,0,0,1,1,0.023070656739923465,0.8727544910179639,51
CTRL001768,0,Female,White,Not Hispanic or Latino,1998,2016-06-28,2016,2016Q2,18.0,2012-02-15,2018-05-09,4.37,1.86,17,5,30,2,0,0,1,1,0.019653579983742484,0.8727544910179639,61
CTRL001830,0,Female,White,Hispanic or Latino,1966,2022-03-05,2022,2022Q1,58.1,2014-04-21,2023-02-08,7.87,0.93,26,3,40,14,0,0,1,1,0.04410743247633429,0.8727544910179639,37
CTRL001839,0,Female,Black,Not Hispanic or Latino,1953,2022-03-29,2022,2022Q1,68.5,2020-10-04,2026-06-18,1.48,4.22,12,9,22,5,0,0,1,1,0.00990376752654666,0.8727544910179639,137
CTRL001861,0,Female,White,Not Hispanic or Latino,1953,2024-04-27,2024,2024Q2,72.0,2012-04-27,2025-02-13,12.0,0.8,31,6,57,6,0,0,1,1,0.023031150956601725,0.8727544910179639,77
CTRL001873,0,Female,Asian,Not Hispanic or Latino,1959,2016-09-08,2016,2016Q3,52.7,2013-11-23,2017-11-10,2.79,1.17,12,11,27,7,0,0,1,1,0.014731766481894741,0.8727544910179639,26
CTRL001883,0,Male,White,Not Hispanic or Latino,1959,2016-01-31,2016,2016Q1,57.1,2013-11-03,2017-08-30,2.24,1.58,15,8,26,7,0,0,1,1,0.02828429071910815,0.8727544910179639,35
CTRL001891,0,Male,Black,Not Hispanic or Latino,1978,2017-03-18,2017,2017Q1,39.5,2009-11-30,2018-01-31,7.3,0.88,23,6,37,6,0,0,1,1,0.03155154832725973,0.8727544910179639,50
CTRL001951,0,Female,White,Not Hispanic or Latino,1955,2020-03-15,2020,2020Q1,64.6,2017-05-28,2022-03-06,2.8,1.98,12,5,16,4,0,0,1,1,0.00975343479180005,0.8727544910179639,87
CTRL001986,0,Male,Other,Not Hispanic or Latino,1966,2019-08-17,2019,2019Q3,53.2,2013-12-24,2021-08-01,5.65,1.96,17,8,42,8,0,0,1,1,0.021862432583642337,1.1636726546906184,164
CTRL002009,0,Female,White,Not Hispanic or Latino,1977,2024-05-02,2024,2024Q2,48.4,2020-08-24,2025-03-01,3.69,0.83,20,3,32,5,0,0,1,1,0.05823069789310991,1.1636726546906184,118
CTRL002018,0,Female,Asian,Not Hispanic or Latino,1971,2021-12-14,2021,2021Q4,46.8,2017-09-20,2022-06-09,4.23,0.49,17,3,28,6,0,0,1,1,0.03773066003495093,0.8727544910179639,43
CTRL002023,0,Female,White,Not Hispanic or Latino,1958,2021-04-30,2021,2021Q2,62.4,2013-04-12,2021-08-13,8.05,0.29,24,2,33,10,0,0,1,1,0.033398869547853004,0.8727544910179639,120
CTRL002031,0,Female,White,Not Hispanic or Latino,1961,2018-02-02,2018,2018Q1,57.6,2013-11-23,2018-09-28,4.19,0.65,18,5,43,7,0,0,1,1,0.03587679453056599,0.8727544910179639,124
CTRL002068,0,Female,White,Not Hispanic or Latino,1949,2019-05-27,2019,2019Q2,67.1,2013-09-12,2021-06-03,5.71,2.02,17,9,46,7,0,0,1,1,0.013843611129412504,0.8727544910179639,142
CTRL002070,0,Female,White,Not Hispanic or Latino,1943,2016-04-29,2016,2016Q2,74.1,2012-01-15,2017-10-13,4.29,1.46,18,4,45,3,0,0,1,1,0.030714696364428463,0.8727544910179639,163
CTRL002080,0,Male,Other,Not Hispanic or Latino,1999,2017-06-03,2017,2017Q2,18.0,2011-05-27,2017-11-23,6.02,0.47,22,4,47,4,0,0,1,1,0.062286641676447214,3.4910179640718555,68
CTRL002085,0,Female,White,Not Hispanic or Latino,1982,2017-11-01,2017,2017Q4,34.8,2014-06-21,2019-01-12,3.37,1.2,21,4,42,8,0,1,1,1,0.06917246955856508,0.8727544910179639,57
CTRL002100,0,Female,White,Not Hispanic or Latino,1951,2024-05-09,2024,2024Q2,73.3,2017-10-09,2026-09-22,6.58,2.37,25,6,38,11,0,0,1,1,0.04194209895870223,0.8727544910179639,21
CTRL002115,0,Female,White,Not Hispanic or Latino,1986,2016-02-23,2016,2016Q1,29.3,2011-10-08,2018-07-04,4.38,2.36,19,12,45,11,0,0,1,1,0.027509683593572188,0.8727544910179639,64
CTRL002116,0,Male,Asian,Hispanic or Latino,1996,2018-06-13,2018,2018Q2,28.2,2016-07-25,2020-02-29,1.88,1.72,13,8,30,4,0,0,1,1,0.02377518689873879,0.8727544910179639,89
CTRL002126,0,Female,Asian,Not Hispanic or Latino,2001,2021-08-08,2021,2021Q3,21.4,2013-07-23,2024-03-29,8.05,2.64,23,12,43,10,0,0,1,1,0.021164227451524478,0.8727544910179639,149
CTRL002132,0,Female,White,Not Hispanic or Latino,2004,2021-11-24,2021,2021Q4,18.2,2009-11-24,2022-08-10,12.0,0.71,34,3,69,11,0,0,1,1,0.029459228890484496,0.8727544910179639,60
CTRL002135,0,Female,Other,Not Hispanic or Latino,1994,2020-01-25,2020,2020Q1,24.4,2016-09-22,2023-01-06,3.34,2.95,12,10,28,6,0,0,1,1,0.00970450644574078,0.8727544910179639,87
CTRL002156,0,Female,Unknown,Not Hispanic or Latino,1972,2017-10-03,2017,2017Q4,47.2,2010-08-31,2020-03-29,7.09,2.49,28,11,41,8,0,0,1,1,0.04439270741022769,1.1636726546906184,103
CTRL002157,0,Male,White,Not Hispanic or Latino,1969,2017-06-18,2017,2017Q2,49.1,2011-12-28,2018-05-14,5.47,0.9,19,4,24,8,0,0,1,1,0.027245912901196278,0.8727544910179639,97
CTRL002163,0,Female,Other,Not Hispanic or Latino,1956,2020-12-28,2020,2020Q4,64.5,2014-05-28,2024-06-04,6.59,3.44,24,10,45,8,0,0,1,1,0.04458172829963637,0.8727544910179639,23
CTRL002170,0,Female,White,Not Hispanic or Latino,1966,2021-06-18,2021,2021Q2,56.1,2018-03-11,2022-12-21,3.27,1.51,17,5,34,7,0,0,1,1,0.032673102299831135,0.8727544910179639,120
CTRL002178,0,Female,White,Not Hispanic or Latino,1957,2019-04-26,2019,2019Q2,59.2,2012-07-22,2019-11-15,6.76,0.56,22,7,51,10,0,0,1,1,0.034174425077131046,0.8727544910179639,56
CTRL002185,0,Female,White,Unknown,1993,2019-03-28,2019,2019Q1,24.6,2014-01-23,2021-08-06,5.18,2.36,24,13,39,4,0,0,1,1,0.06015266241458568,1.1636726546906184,88
CTRL002189,0,Female,Black,Unknown,1941,2018-09-27,2018,2018Q3,77.0,2010-12-21,2019-06-30,7.77,0.76,24,5,37,11,0,0,1,1,0.04272214020768118,0.8727544910179639,45
CTRL002195,0,Female,White,Not Hispanic or Latino,1942,2018-01-25,2018,2018Q1,75.2,2006-01-25,2019-01-28,12.0,1.01,34,2,54,17,0,0,1,1,0.031592928843605796,0.8727544910179639,124
CTRL002204,0,Female,Unknown,Not Hispanic or Latino,1967,2018-01-04,2018,2018Q1,50.2,2014-06-30,2019-03-12,3.52,1.18,9,4,20,8,0,0,1,1,0.002710074430044913,0.8727544910179639,4
CTRL002251,0,Female,Other,Not Hispanic or Latino,1997,2016-01-03,2016,2016Q1,21.4,2009-07-21,2017-12-16,6.45,1.95,17,3,34,11,0,0,1,1,0.015743870504259763,0.8727544910179639,29
CTRL002253,0,Male,Asian,Not Hispanic or Latino,1948,2024-06-30,2024,2024Q2,74.1,2020-06-16,2027-02-21,4.04,2.64,15,6,38,8,0,0,1,1,0.017482472034560798,0.8727544910179639,96
CTRL002254,0,Female,White,Not Hispanic or Latino,1959,2021-07-15,2021,2021Q3,60.6,2016-06-08,2024-12-02,5.1,3.39,20,16,35,8,0,0,1,1,0.02313059464693691,0.8727544910179639,100
CTRL002258,0,Male,Asian,Not Hispanic or Latino,1965,2022-04-12,2022,2022Q2,53.7,2019-02-25,2023-10-13,3.13,1.5,12,8,29,16,0,0,1,1,0.012372938900725567,0.8727544910179639,93
CTRL002261,0,Male,White,Not Hispanic or Latino,1965,2023-10-31,2023,2023Q4,58.3,2016-09-09,2025-11-02,7.14,2.01,25,9,40,11,0,0,1,1,0.036505361763164206,0.8727544910179639,76
CTRL002269,0,Male,White,Not Hispanic or Latino,1983,2017-04-20,2017,2017Q2,32.8,2008-07-30,2018-08-31,8.72,1.36,26,7,58,17,0,0,1,1,0.027527131603967508,0.8727544910179639,97
CTRL002327,0,Male,White,Unknown,1962,2020-03-25,2020,2020Q1,58.7,2015-09-24,2020-12-17,4.5,0.73,18,5,37,4,0,0,1,1,0.038606690156412014,0.8727544910179639,34
CTRL002335,0,Female,White,Not Hispanic or Latino,1978,2021-10-24,2021,2021Q4,41.2,2010-12-23,2024-05-20,10.84,2.57,35,12,55,16,0,0,1,1,0.03454064089584338,0.8727544910179639,67
CTRL002345,0,Male,White,Not Hispanic or Latino,1979,2021-06-16,2021,2021Q2,41.1,2017-01-23,2022-11-11,4.4,1.41,18,8,24,5,0,0,1,1,0.027785961609451397,0.8727544910179639,101
CTRL002367,0,Male,White,Not Hispanic or Latino,1950,2022-04-18,2022,2022Q2,72.7,2019-04-10,2023-10-24,3.03,1.52,14,2,28,7,0,0,1,1,0.017878387816503638,0.8727544910179639,69
CTRL002379,0,Female,Asian,Not Hispanic or Latino,1991,2023-10-16,2023,2023Q4,33.1,2020-04-12,2024-09-24,3.51,0.94,19,9,26,8,0,0,1,1,0.062742978814436,1.1636726546906184,159
CTRL002384,0,Female,White,Not Hispanic or Latino,1951,2021-12-30,2021,2021Q4,68.4,2017-04-16,2023-05-25,4.71,1.4,19,4,30,4,0,0,1,1,0.0328002312734867,0.8727544910179639,67
CTRL002388,0,Female,Asian,Not Hispanic or Latino,1989,2024-04-13,2024,2024Q2,34.6,2021-09-17,2025-02-11,2.57,0.83,10,6,22,7,0,0,1,1,0.008362306566307709,0.8727544910179639,106
CTRL002465,0,Female,White,Unknown,1996,2023-04-08,2023,2023Q2,29.9,2018-09-09,2030-04-07,4.58,7.0,13,16,25,7,0,0,1,1,0.002935338078862934,0.8727544910179639,141
CTRL002467,0,Female,White,Not Hispanic or Latino,1959,2023-10-14,2023,2023Q4,66.0,2016-06-15,2025-12-05,7.33,2.14,18,10,33,13,0,0,1,1,0.009891736381768174,0.8727544910179639,71
CTRL002474,0,Male,Other,Not Hispanic or Latino,1994,2024-01-03,2024,2024Q1,27.3,2020-01-21,2025-10-15,3.95,1.78,20,14,33,6,0,0,1,1,0.06612610211417687,1.7455089820359277,16
CTRL002502,0,Male,White,Not Hispanic or Latino,1957,2017-12-19,2017,2017Q4,61.6,2016-06-28,2018-07-19,1.48,0.58,11,5,23,6,0,0,1,1,0.014355537747866721,0.8727544910179639,134
CTRL002517,0,Female,White,Not Hispanic or Latino,1945,2016-09-02,2016,2016Q3,67.4,2012-06-18,2017-10-01,4.21,1.08,17,3,34,6,0,0,1,1,0.027100807724372837,0.8727544910179639,73
CTRL002524,0,Male,Asian,Hispanic or Latino,2003,2018-07-14,2018,2018Q3,18.0,2014-01-27,2021-01-12,4.46,2.5,23,5,44,7,0,0,1,1,0.07073986487482177,1.1636726546906184,135
CTRL002546,0,Female,Black,Not Hispanic or Latino,1977,2022-09-07,2022,2022Q3,44.7,2016-03-03,2024-08-02,6.52,1.9,27,6,64,6,0,0,1,1,0.060306731274108565,1.1636726546906184,38
CTRL002569,0,Female,White,Not Hispanic or Latino,1957,2020-11-06,2020,2020Q4,60.5,2016-11-08,2023-05-10,4.0,2.51,18,2,33,7,0,0,1,1,0.026470407946026016,0.8727544910179639,20
CTRL002578,0,Female,White,Not Hispanic or Latino,1938,2021-08-31,2021,2021Q3,85.1,2014-01-23,2024-04-29,7.6,2.66,24,12,40,10,0,0,1,1,0.025274324249110743,0.8727544910179639,157
CTRL002584,0,Female,Unknown,Not Hispanic or Latino,1996,2022-03-07,2022,2022Q1,28.0,2018-10-16,2023-06-16,3.39,1.28,14,5,25,4,0,0,1,1,0.013299150522985565,0.8727544910179639,165
CTRL002624,0,Female,White,Not Hispanic or Latino,1955,2023-03-22,2023,2023Q1,66.5,2011-03-22,2024-05-08,12.0,1.13,41,5,77,16,0,0,1,1,0.06098502560413661,0.8727544910179639,110
CTRL002628,0,Female,Black,Not Hispanic or Latino,1938,2016-09-18,2016,2016Q3,78.7,2009-11-29,2018-04-26,6.81,1.6,23,5,45,7,0,0,1,1,0.03489964744080921,0.8727544910179639,104
CTRL002639,0,Female,Asian,Not Hispanic or Latino,1987,2020-11-01,2020,2020Q4,33.9,2016-07-05,2022-03-28,4.33,1.4,17,6,23,5,0,0,1,1,0.029622863065564647,0.8727544910179639,84
CTRL002651,0,Female,White,Not Hispanic or Latino,1955,2022-02-19,2022,2022Q1,66.4,2018-01-29,2023-12-30,4.06,1.86,13,7,33,5,0,0,1,1,0.00896213028820893,0.8727544910179639,137
CTRL002722,0,Male,Other,Not Hispanic or Latino,1991,2016-01-30,2016,2016Q1,26.0,2013-11-17,2019-04-08,2.2,3.19,12,6,26,2,0,0,1,1,0.013416011174362535,0.8727544910179639,11
CTRL002726,0,Female,White,Not Hispanic or Latino,1947,2016-10-12,2016,2016Q4,70.6,2009-08-09,2017-07-18,7.18,0.77,21,5,31,14,0,0,1,1,0.024738793688367032,0.8727544910179639,28
CTRL002738,0,Female,White,Not Hispanic or Latino,1945,2021-03-15,2021,2021Q1,76.6,2015-08-07,2022-09-25,5.61,1.53,19,9,34,11,0,0,1,1,0.024455630250437774,0.8727544910179639,117
CTRL002754,0,Male,White,Not Hispanic or Latino,1942,2016-12-07,2016,2016Q4,74.6,2013-05-21,2019-04-02,3.55,2.32,14,9,25,9,0,0,1,1,0.012912597296592226,0.8727544910179639,12
CTRL002802,0,Male,White,Not Hispanic or Latino,2002,2024-05-15,2024,2024Q2,24.1,2021-04-25,2026-04-26,3.06,1.95,14,8,27,7,0,0,1,1,0.01450602031194559,0.8727544910179639,96
CTRL002810,0,Female,White,Not Hispanic or Latino,1987,2022-12-19,2022,2022Q4,33.1,2015-05-28,2023-11-13,7.56,0.9,27,7,45,9,0,0,1,1,0.050060769225375584,0.8727544910179639,105
CTRL002813,0,Male,Black,Not Hispanic or Latino,1971,2023-05-29,2023,2023Q2,51.0,2018-10-01,2024-08-27,4.66,1.25,16,6,29,12,0,0,1,1,0.018048978620060607,0.8727544910179639,52
CTRL002821,0,Male,White,Unknown,1973,2019-06-19,2019,2019Q2,44.0,2017-01-25,2020-03-21,2.4,0.76,12,4,28,11,0,0,1,1,0.016380881611912135,0.8727544910179639,148
CTRL002835,0,Female,White,Hispanic or Latino,1982,2016-06-16,2016,2016Q2,33.2,2011-07-31,2020-01-26,4.88,3.61,19,17,34,12,0,0,1,1,0.01955684081534269,0.8727544910179639,61
CTRL002839,0,Male,Unknown,Not Hispanic or Latino,1978,2017-01-22,2017,2017Q1,39.3,2014-06-25,2019-01-04,2.58,1.95,17,4,19,9,0,0,1,1,0.03170176169071743,0.8727544910179639,50
CTRL002875,0,Male,White,Unknown,1997,2016-03-09,2016,2016Q1,18.0,2013-08-10,2017-08-13,2.58,1.43,15,6,34,11,0,0,1,1,0.028818772908871297,0.8727544910179639,35
CTRL002880,0,Female,Other,Not Hispanic or Latino,1976,2016-04-20,2016,2016Q2,40.2,2013-01-03,2016-09-26,3.29,0.44,10,5,24,8,0,0,1,1,0.008770233919921188,0.8727544910179639,75
CTRL002894,0,Female,White,Not Hispanic or Latino,1954,2023-06-13,2023,2023Q2,67.9,2019-11-18,2024-05-03,3.57,0.89,14,3,29,4,0,0,1,1,0.016880986462678594,0.8727544910179639,114
CTRL002895,0,Female,Other,Hispanic or Latino,1976,2017-10-29,2017,2017Q4,42.0,2012-06-12,2018-09-18,5.38,0.89,21,4,26,15,0,0,1,1,0.06607195451144397,0.8727544910179639,57
CTRL002902,0,Female,Unknown,Not Hispanic or Latino,1947,2016-07-30,2016,2016Q3,66.9,2004-07-30,2017-09-26,12.0,1.16,36,5,61,17,0,0,1,1,0.03303600962513283,0.8727544910179639,104
CTRL002922,0,Female,White,Not Hispanic or Latino,2002,2019-02-01,2019,2019Q1,18.0,2011-12-10,2022-03-25,7.15,3.14,31,9,55,9,0,0,1,1,0.059074572988555014,1.1636726546906184,88
CTRL002936,0,Male,White,Not Hispanic or Latino,1938,2017-06-24,2017,2017Q2,78.5,2010-06-29,2017-10-03,6.99,0.28,19,3,44,11,0,0,1,1,0.020307519999135347,0.8727544910179639,144
CTRL002941,0,Female,Other,Hispanic or Latino,1995,2021-06-05,2021,2021Q2,27.2,2014-09-25,2024-08-13,6.7,3.19,22,9,38,4,0,0,1,1,0.03198223162476695,0.8727544910179639,120
CTRL002948,0,Male,White,Hispanic or Latino,1955,2022-06-04,2022,2022Q2,66.7,2020-06-01,2023-03-07,2.01,0.76,11,5,20,10,0,0,1,1,0.012551134895400494,0.8727544910179639,93
CTRL002957,0,Female,White,Not Hispanic or Latino,1945,2022-11-20,2022,2022Q4,80.1,2019-12-31,2023-11-27,2.89,1.02,14,9,26,14,0,0,1,1,0.02104124615810439,0.8727544910179639,85
CTRL002966,0,Female,White,Not Hispanic or Latino,1960,2023-05-14,2023,2023Q2,61.3,2017-11-30,2024-08-19,5.45,1.27,17,8,36,12,0,0,1,1,0.01729086845417285,0.8727544910179639,114
CTRL002968,0,Male,Black,Not Hispanic or Latino,1939,2019-11-21,2019,2019Q4,79.8,2015-07-23,2021-09-12,4.33,1.81,7,9,26,8,0,0,1,1,0.0009395926520127162,0.8727544910179639,161
CTRL002975,0,Female,White,Not Hispanic or Latino,1966,2022-01-18,2022,2022Q1,59.1,2015-12-21,2024-01-10,6.08,1.98,19,5,31,11,0,1,1,1,0.018456157368624895,0.8727544910179639,94
CTRL003060,0,Female,White,Not Hispanic or Latino,1977,2024-11-23,2024,2024Q4,45.7,2020-09-16,2026-05-08,4.19,1.45,17,4,30,11,0,0,1,1,0.02409692681966181,0.8727544910179639,44
CTRL003061,0,Female,White,Not Hispanic or Latino,1972,2022-01-06,2022,2022Q1,50.3,2010-11-11,2022-04-20,11.16,0.29,34,4,61,11,0,0,1,1,0.044873517565341414,0.8727544910179639,37
CTRL003062,0,Female,White,Not Hispanic or Latino,2000,2019-02-19,2019,2019Q1,18.4,2014-09-07,2020-06-28,4.45,1.36,19,4,43,7,0,0,1,1,0.032045190860903176,0.8727544910179639,143
CTRL003076,0,Female,Other,Hispanic or Latino,1943,2022-11-17,2022,2022Q4,78.2,2018-05-26,2023-02-24,4.48,0.27,17,1,38,7,0,0,1,1,0.049790858377328676,0.8727544910179639,105
CTRL003083,0,Female,White,Not Hispanic or Latino,1993,2016-08-19,2016,2016Q3,24.7,2013-01-21,2017-03-04,3.58,0.54,17,6,28,7,0,0,1,1,0.03345267582899903,0.8727544910179639,104
CTRL003092,0,Female,White,Not Hispanic or Latino,1964,2022-12-27,2022,2022Q4,57.4,2017-02-22,2025-11-22,5.84,2.91,21,9,48,12,0,0,1,1,0.023962309223392136,0.8727544910179639,6
CTRL003093,0,Female,Black,Not Hispanic or Latino,1965,2019-03-24,2019,2019Q1,52.9,2012-11-16,2020-05-29,6.35,1.19,22,3,38,8,0,0,1,1,0.03500553149009756,0.8727544910179639,143
CTRL003117,0,Female,White,Not Hispanic or Latino,1990,2020-09-03,2020,2020Q3,27.1,2016-03-13,2023-12-17,4.48,3.29,14,8,31,9,0,0,1,1,0.007018022338320512,0.8727544910179639,25
CTRL003131,0,Female,White,Not Hispanic or Latino,1985,2023-12-05,2023,2023Q4,39.1,2018-03-29,2024-08-18,5.69,0.7,24,3,35,6,0,0,1,1,0.06112997510110957,1.1636726546906184,159
CTRL003143,0,Female,White,Not Hispanic or Latino,1938,2019-01-22,2019,2019Q1,78.7,2012-02-21,2019-12-16,6.92,0.9,26,5,44,9,0,0,1,1,0.058808317662272784,1.1636726546906184,88
CTRL003145,0,Male,Black,Not Hispanic or Latino,1972,2024-09-30,2024,2024Q3,51.8,2017-05-01,2025-03-04,7.42,0.43,18,2,44,6,0,0,1,1,0.013627987219410378,0.8727544910179639,127
CTRL003161,0,Female,White,Not Hispanic or Latino,2000,2019-02-12,2019,2019Q1,18.3,2016-08-19,2022-04-13,2.48,3.17,11,8,14,6,0,0,1,1,0.0055340309942420295,0.8727544910179639,98
CTRL003172,0,Female,White,Not Hispanic or Latino,1962,2020-10-19,2020,2020Q4,55.6,2011-12-13,2021-12-13,8.85,1.15,26,8,39,15,0,0,1,1,0.029015845335288736,0.8727544910179639,84
CTRL003174,0,Female,White,Not Hispanic or Latino,1950,2019-03-01,2019,2019Q1,70.7,2014-03-28,2020-11-07,4.93,1.69,20,5,42,11,0,0,1,1,0.0350955868091076,0.8727544910179639,143
CTRL003192,0,Male,White,Not Hispanic or Latino,1998,2023-09-19,2023,2023Q3,26.1,2018-12-04,2025-11-01,4.79,2.12,12,4,27,14,0,0,1,1,0.004536226758429981,0.8727544910179639,9
CTRL003195,0,Female,White,Not Hispanic or Latino,1982,2023-03-04,2023,2023Q1,41.7,2016-09-08,2023-10-01,6.49,0.58,26,3,47,10,0,1,1,1,0.06579716532336104,0.8727544910179639,110
CTRL003266,0,Female,White,Not Hispanic or Latino,1967,2019-05-04,2019,2019Q2,51.1,2013-10-26,2020-04-08,5.52,0.93,20,6,25,8,0,0,1,1,0.032397244576944116,0.8727544910179639,56
CTRL003338,0,Female,White,Not Hispanic or Latino,1992,2023-10-23,2023,2023Q4,28.6,2019-03-19,2027-08-10,4.6,3.8,26,9,41,8,0,0,1,1,0.061355136719506126,1.1636726546906184,159
CTRL003370,0,Female,Asian,Unknown,1979,2021-01-26,2021,2021Q1,43.9,2017-11-06,2023-10-24,3.22,2.74,15,8,31,9,0,0,1,1,0.025077163653024044,0.8727544910179639,117
CTRL003376,0,Female,Asian,Not Hispanic or Latino,1980,2016-12-26,2016,2016Q4,35.2,2014-03-24,2017-04-24,2.76,0.33,18,4,25,12,0,0,1,1,0.07348960923484639,3.4910179640718555,53
CTRL003378,0,Female,White,Not Hispanic or Latino,1988,2024-06-10,2024,2024Q2,34.8,2022-06-18,2024-11-26,1.98,0.47,10,3,26,8,0,0,1,1,0.008298940568280226,0.8727544910179639,106
CTRL003399,0,Female,White,Hispanic or Latino,1938,2022-02-10,2022,2022Q1,83.7,2018-03-09,2023-09-24,3.93,1.62,15,11,27,5,0,0,1,1,0.018462099755347783,0.8727544910179639,94
CTRL003421,0,Female,White,Not Hispanic or Latino,1980,2022-08-10,2022,2022Q3,40.8,2012-07-24,2023-07-30,10.05,0.97,34,6,46,9,0,0,1,1,0.0543295143527232,1.1636726546906184,38
CTRL003440,0,Female,Asian,Not Hispanic or Latino,1968,2024-05-04,2024,2024Q2,53.6,2017-10-05,2025-01-06,6.58,0.68,23,6,45,5,0,0,1,1,0.05346589359252183,1.1636726546906184,118
CTRL003447,0,Female,White,Not Hispanic or Latino,1989,2023-03-25,2023,2023Q1,34.0,2021-12-21,2023-10-15,1.26,0.56,9,5,16,11,0,0,1,1,0.007023269750619042,0.8727544910179639,80
CTRL003466,0,Female,White,Not Hispanic or Latino,1975,2017-05-02,2017,2017Q2,38.5,2014-05-16,2018-07-13,2.96,1.2,15,8,37,9,0,0,1,1,0.023248973161111155,0.8727544910179639,136
CTRL003497,0,Male,White,Not Hispanic or Latino,1956,2022-04-02,2022,2022Q2,66.1,2019-03-11,2024-05-07,3.06,2.1,13,5,28,8,0,0,1,1,0.011792474826819966,0.8727544910179639,93
CTRL003528,0,Female,Unknown,Not Hispanic or Latino,1960,2024-05-26,2024,2024Q2,63.1,2020-02-13,2025-11-07,4.28,1.45,24,5,33,9,0,0,1,1,0.07620238822806844,0.8727544910179639,1
CTRL003554,0,Male,Other,Unknown,1969,2018-09-17,2018,2018Q3,48.9,2014-09-05,2021-05-17,4.03,2.66,17,7,35,6,0,0,1,1,0.037939415192815545,0.8727544910179639,15
CTRL003579,0,Male,White,Not Hispanic or Latino,1956,2019-08-23,2019,2019Q3,60.8,2016-04-10,2022-11-29,3.37,3.27,16,7,38,10,0,0,1,1,0.01795271160619461,0.8727544910179639,116
CTRL003616,0,Female,Unknown,Not Hispanic or Latino,1971,2016-08-16,2016,2016Q3,45.2,2009-10-26,2017-01-11,6.81,0.41,24,2,40,10,0,0,1,1,0.04103400690218522,0.8727544910179639,54
CTRL003633,0,Female,White,Not Hispanic or Latino,1942,2023-11-19,2023,2023Q4,81.1,2015-07-25,2024-08-05,8.32,0.71,18,1,20,10,0,0,1,1,0.009946960180780803,0.8727544910179639,71
CTRL003639,0,Female,White,Not Hispanic or Latino,1942,2020-11-09,2020,2020Q4,77.0,2016-09-29,2021-02-13,4.11,0.27,16,4,34,12,0,0,1,1,0.02689031995786421,0.8727544910179639,20
CTRL003658,0,Female,Black,Not Hispanic or Latino,1945,2018-10-11,2018,2018Q4,70.8,2013-05-26,2021-02-12,5.38,2.34,12,12,21,8,0,0,1,1,0.004113006482091726,0.8727544910179639,166
CTRL003666,0,Female,White,Not Hispanic or Latino,1972,2019-08-27,2019,2019Q3,46.3,2014-06-25,2021-09-10,5.17,2.04,23,6,44,11,0,0,1,1,0.04812876377535873,1.1636726546906184,63
CTRL003704,0,Male,Black,Unknown,1966,2018-09-05,2018,2018Q3,55.1,2012-03-02,2019-10-23,6.51,1.13,27,7,49,11,0,0,1,1,0.08561470453253316,1.1636726546906184,47
CTRL003705,0,Female,Asian,Unknown,1974,2022-02-09,2022,2022Q1,48.3,2017-02-26,2023-01-26,4.95,0.96,21,7,31,10,0,0,1,1,0.07117804477702314,3.4910179640718555,125
CTRL003736,0,Male,White,Not Hispanic or Latino,2001,2018-04-18,2018,2018Q2,18.6,2014-12-14,2018-10-23,3.34,0.52,8,5,22,8,0,0,1,1,0.0022729778365690066,0.8727544910179639,83
CTRL003762,0,Male,White,Not Hispanic or Latino,1961,2020-12-04,2020,2020Q4,58.2,2018-01-14,2023-11-15,2.89,2.95,9,10,13,2,0,0,1,1,0.002677504763251322,0.8727544910179639,10
CTRL003765,0,Female,Asian,Not Hispanic or Latino,1965,2023-11-02,2023,2023Q4,56.6,2019-12-27,2030-01-19,3.85,6.22,17,18,23,7,0,0,1,1,0.01378037727592763,0.8727544910179639,13
CTRL003771,0,Female,White,Not Hispanic or Latino,2000,2017-06-24,2017,2017Q2,18.0,2008-07-04,2018-06-18,8.97,0.98,24,10,39,21,0,0,1,1,0.0195936690007836,0.8727544910179639,99
CTRL003836,0,Female,White,Not Hispanic or Latino,1968,2016-02-19,2016,2016Q1,47.4,2012-11-16,2017-09-01,3.26,1.54,16,5,39,10,0,0,1,1,0.02554798747978527,0.8727544910179639,27
CTRL003872,0,Male,White,Not Hispanic or Latino,1983,2017-12-01,2017,2017Q4,35.1,2014-01-01,2021-04-20,3.92,3.39,16,8,29,8,0,0,1,1,0.01382946053736347,0.8727544910179639,134
CTRL003911,0,Male,White,Not Hispanic or Latino,1954,2023-05-31,2023,2023Q2,71.5,2020-03-27,2024-06-05,3.18,1.02,14,4,32,11,0,0,1,1,0.01879571911240918,0.8727544910179639,150
CTRL003912,0,Female,White,Not Hispanic or Latino,2005,2018-01-26,2018,2018Q1,18.0,2013-01-19,2019-10-12,5.02,1.71,18,4,27,10,0,0,1,1,0.02035164865973179,0.8727544910179639,30
CTRL003925,0,Female,White,Not Hispanic or Latino,1978,2022-03-23,2022,2022Q1,41.8,2016-11-09,2025-07-04,5.37,3.28,24,15,34,14,0,0,1,1,0.04103100737964104,0.8727544910179639,37
CTRL003929,0,Female,White,Not Hispanic or Latino,1971,2022-09-21,2022,2022Q3,50.9,2020-05-09,2023-04-12,2.37,0.56,10,4,24,9,0,0,1,1,0.007452728287851881,0.8727544910179639,36
CTRL003955,0,Male,Other,Not Hispanic or Latino,1951,2019-04-08,2019,2019Q2,69.5,2015-12-02,2019-10-11,3.35,0.51,19,1,38,5,0,0,1,1,0.09219017358940314,3.4910179640718555,151
CTRL003963,0,Female,Other,Not Hispanic or Latino,1956,2024-04-18,2024,2024Q2,68.0,2018-01-27,2025-02-12,6.23,0.82,23,2,37,10,0,0,1,1,0.07150479704351853,0.8727544910179639,1
CTRL003973,0,Female,White,Not Hispanic or Latino,1954,2018-03-11,2018,2018Q1,65.7,2011-07-29,2020-01-27,6.62,1.88,23,5,41,11,0,0,1,1,0.03290077063025324,0.8727544910179639,124
CTRL003993,0,Female,White,Not Hispanic or Latino,1975,2021-10-21,2021,2021Q4,47.1,2009-10-21,2024-12-14,12.0,3.15,38,11,57,15,0,0,1,1,0.029492361350849733,0.8727544910179639,60
CTRL004030,0,Female,Asian,Not Hispanic or Latino,1997,2021-08-25,2021,2021Q3,23.7,2018-11-27,2023-03-06,2.74,1.53,14,5,40,7,0,0,1,1,0.022912141782667105,0.8727544910179639,100
CTRL004049,0,Female,White,Not Hispanic or Latino,1981,2017-12-09,2017,2017Q4,34.3,2011-12-21,2018-12-03,5.97,0.98,23,2,39,8,0,0,1,1,0.0449372020879161,0.8727544910179639,78
CTRL004067,0,Female,White,Not Hispanic or Latino,2003,2020-12-29,2020,2020Q4,18.0,2016-06-02,2022-03-10,4.58,1.2,21,5,46,11,0,0,1,1,0.0458654040842563,0.8727544910179639,23
CTRL004071,0,Female,White,Not Hispanic or Latino,1961,2021-08-25,2021,2021Q3,61.6,2016-12-21,2022-05-26,4.68,0.75,17,8,33,6,0,0,1,1,0.024595062841783193,0.8727544910179639,157
CTRL004077,0,Male,White,Not Hispanic or Latino,2004,2016-11-29,2016,2016Q4,18.0,2009-03-05,2021-07-27,7.74,4.66,24,12,25,10,0,0,1,1,0.013824446482744761,0.8727544910179639,12
CTRL004088,0,Male,White,Not Hispanic or Latino,1982,2019-02-20,2019,2019Q1,37.1,2015-07-20,2023-05-29,3.59,4.27,13,12,31,8,0,0,1,1,0.005960298698515815,0.8727544910179639,130
CTRL004091,0,Male,Asian,Not Hispanic or Latino,1992,2019-03-07,2019,2019Q1,29.2,2014-07-28,2019-12-19,4.61,0.79,22,8,36,13,0,0,1,1,0.07727485373950344,3.4910179640718555,132
CTRL004092,0,Female,White,Not Hispanic or Latino,1981,2016-12-24,2016,2016Q4,35.3,2010-01-10,2018-11-21,6.96,1.91,22,5,38,6,0,0,1,1,0.02318140367042065,0.8727544910179639,28
CTRL004121,0,Male,Asian,Not Hispanic or Latino,1951,2018-07-16,2018,2018Q3,67.7,2006-12-20,2020-11-22,11.57,2.36,40,7,78,17,0,0,1,1,0.06505226011673913,1.1636726546906184,135
CTRL004128,0,Female,Black,Not Hispanic or Latino,1941,2016-01-08,2016,2016Q1,73.4,2012-09-30,2017-03-17,3.27,1.19,17,5,32,5,0,0,1,1,0.037456616155947066,0.8727544910179639,112
CTRL004142,0,Male,White,Not Hispanic or Latino,1994,2022-06-18,2022,2022Q2,28.6,2013-06-08,2023-05-10,9.03,0.89,22,6,42,11,0,0,1,1,0.014421506685604062,0.8727544910179639,93
CTRL004170,0,Female,White,Not Hispanic or Latino,1971,2022-01-16,2022,2022Q1,51.3,2020-04-28,2024-01-02,1.72,1.96,11,8,22,9,0,0,1,1,0.009796018180439152,0.8727544910179639,137
CTRL004188,0,Male,Unknown,Not Hispanic or Latino,1942,2023-05-19,2023,2023Q2,83.1,2020-09-15,2025-06-20,2.67,2.09,14,4,19,8,0,0,1,1,0.016171117077652956,0.8727544910179639,52
CTRL004207,0,Female,Black,Hispanic or Latino,1951,2019-08-25,2019,2019Q3,65.0,2015-09-14,2020-10-11,3.95,1.13,19,7,42,9,0,0,1,1,0.04787908184282996,1.1636726546906184,63
CTRL004225,0,Male,Asian,Not Hispanic or Latino,1992,2018-05-11,2018,2018Q2,25.4,2016-07-05,2020-11-09,1.85,2.5,14,10,28,8,0,0,1,1,0.02515677904818274,0.8727544910179639,89
CTRL004238,0,Female,White,Hispanic or Latino,1991,2021-09-15,2021,2021Q3,26.8,2018-11-30,2023-12-20,2.79,2.26,15,12,30,12,0,0,1,1,0.020522483139612756,0.8727544910179639,149
CTRL004244,0,Female,White,Not Hispanic or Latino,2000,2017-03-12,2017,2017Q1,19.7,2015-06-07,2020-02-20,1.76,2.95,17,8,40,4,0,0,1,1,0.03642355903161283,0.8727544910179639,3
CTRL004246,0,Female,Asian,Not Hispanic or Latino,1968,2018-04-19,2018,2018Q2,48.3,2016-11-21,2019-10-07,1.41,1.47,11,6,30,6,0,0,1,1,0.01559265935507268,0.8727544910179639,46
CTRL004250,0,Male,White,Not Hispanic or Latino,1944,2022-01-04,2022,2022Q1,79.1,2017-08-04,2022-06-22,4.42,0.46,17,6,33,7,0,0,1,1,0.029472044491132506,0.8727544910179639,59
CTRL004290,0,Female,White,Unknown,1987,2023-10-06,2023,2023Q4,37.3,2021-01-17,2024-10-04,2.72,1.0,11,4,23,8,0,0,1,1,0.010079636695055159,0.8727544910179639,71
CTRL004309,0,Female,White,Not Hispanic or Latino,1988,2020-09-19,2020,2020Q3,32.7,2016-01-14,2022-03-23,4.68,1.51,13,10,28,8,0,0,1,1,0.007276118505256274,0.8727544910179639,25
CTRL004361,0,Female,Black,Not Hispanic or Latino,1972,2016-02-03,2016,2016Q1,44.8,2011-09-19,2017-03-20,4.38,1.13,15,3,22,7,0,0,1,1,0.015695057030459744,0.8727544910179639,29
CTRL004366,0,Female,Other,Not Hispanic or Latino,1967,2023-10-16,2023,2023Q4,55.0,2017-08-06,2029-11-27,6.2,6.12,26,21,47,11,0,0,1,1,0.039116421170635796,0.8727544910179639,48
CTRL004368,0,Female,White,Not Hispanic or Latino,2002,2016-08-02,2016,2016Q3,18.0,2010-11-10,2018-10-27,5.73,2.23,23,4,39,10,0,0,1,1,0.03649276046947946,0.8727544910179639,162
CTRL004390,0,Female,Black,Not Hispanic or Latino,1958,2023-10-13,2023,2023Q4,65.9,2019-11-06,2025-10-05,3.94,1.98,21,12,49,8,0,0,1,1,0.055279943788882624,0.8727544910179639,122
CTRL004398,0,Female,White,Not Hispanic or Latino,1994,2021-12-05,2021,2021Q4,27.3,2015-10-27,2022-06-23,6.11,0.55,21,3,41,11,0,0,1,1,0.03291304674374196,0.8727544910179639,43
CTRL004460,0,Male,Black,Not Hispanic or Latino,1946,2016-07-28,2016,2016Q3,72.5,2009-07-08,2022-06-05,7.06,5.85,27,23,43,12,0,0,1,1,0.024830498641548276,0.8727544910179639,51
CTRL004494,0,Male,White,Not Hispanic or Latino,2004,2023-12-11,2023,2023Q4,18.3,2019-06-18,2029-02-16,4.48,5.19,17,16,22,7,0,0,1,1,0.009657874560125282,0.8727544910179639,121
CTRL004517,0,Female,White,Unknown,2004,2019-12-28,2019,2019Q4,18.0,2017-08-01,2021-09-05,2.41,1.69,17,5,23,6,0,0,1,1,0.04559078580049688,0.8727544910179639,42
CTRL004529,0,Male,White,Not Hispanic or Latino,1952,2016-02-05,2016,2016Q1,65.0,2013-05-09,2016-06-20,2.75,0.37,12,0,25,7,0,0,1,1,0.013766110643051874,0.8727544910179639,11
CTRL004540,0,Male,Black,Not Hispanic or Latino,1971,2018-04-10,2018,2018Q2,47.8,2013-02-14,2022-11-30,5.15,4.64,22,12,30,4,0,0,1,1,0.02543866770669195,0.8727544910179639,74
CTRL004547,0,Female,White,Not Hispanic or Latino,1989,2019-12-17,2019,2019Q4,30.6,2016-02-15,2023-03-29,3.84,3.28,16,9,18,5,0,0,1,1,0.014361118291604403,0.8727544910179639,41
CTRL004562,0,Male,White,Not Hispanic or Latino,1966,2022-01-25,2022,2022Q1,55.3,2020-09-02,2022-08-25,1.4,0.58,14,5,30,3,0,0,1,1,0.03489631310396922,0.8727544910179639,14
CTRL004568,0,Female,White,Not Hispanic or Latino,1943,2016-06-21,2016,2016Q2,68.7,2014-11-11,2017-09-21,1.61,1.25,14,5,32,7,0,0,1,1,0.02945405487792784,0.8727544910179639,163
CTRL004577,0,Female,White,Not Hispanic or Latino,1986,2021-10-01,2021,2021Q4,36.8,2015-05-04,2022-04-22,6.41,0.56,22,7,27,8,0,0,1,1,0.03628051149860126,0.8727544910179639,43
CTRL004586,0,Male,Black,Unknown,2004,2022-01-18,2022,2022Q1,18.6,2016-06-27,2024-05-31,5.56,2.37,18,9,29,10,0,0,1,1,0.018732169753861876,0.8727544910179639,66
CTRL004587,0,Female,White,Not Hispanic or Latino,2003,2022-04-04,2022,2022Q2,20.5,2016-11-05,2023-01-18,5.41,0.79,19,4,36,11,0,0,1,1,0.026594053682122316,0.8727544910179639,2
CTRL004631,0,Female,Asian,Not Hispanic or Latino,1972,2022-10-13,2022,2022Q4,45.2,2011-04-15,2023-05-13,11.5,0.58,32,2,53,8,0,0,1,1,0.03907763252872686,0.8727544910179639,111
CTRL004639,0,Male,Asian,Not Hispanic or Latino,1938,2023-04-14,2023,2023Q2,84.2,2020-01-27,2025-06-17,3.21,2.18,13,7,24,12,0,0,1,1,0.015126022187866675,0.8727544910179639,52
CTRL004648,0,Male,Unknown,Not Hispanic or Latino,1941,2016-03-10,2016,2016Q1,74.1,2008-03-02,2018-01-04,8.02,1.82,25,9,35,11,0,0,1,1,0.02628530833225914,0.8727544910179639,35
CTRL004657,0,Female,White,Not Hispanic or Latino,1957,2020-11-13,2020,2020Q4,61.5,2014-09-21,2025-05-17,6.15,4.51,19,16,39,10,0,0,1,1,0.01086064805420708,0.8727544910179639,126
CTRL004693,0,Female,Other,Not Hispanic or Latino,2000,2016-12-28,2016,2016Q4,18.0,2010-03-08,2017-06-09,6.81,0.45,25,5,38,12,0,0,1,1,0.07778028273355077,3.4910179640718555,58
CTRL004697,0,Male,Black,Hispanic or Latino,1950,2017-12-15,2017,2017Q4,68.2,2014-04-02,2019-01-26,3.71,1.12,15,4,24,11,0,0,1,1,0.02188619421632681,0.8727544910179639,145
CTRL004728,0,Female,Other,Hispanic or Latino,1986,2024-05-02,2024,2024Q2,39.7,2020-01-31,2027-01-29,4.25,2.74,12,10,28,4,0,0,1,1,0.008311533806031788,0.8727544910179639,106
CTRL004730,0,Male,White,Not Hispanic or Latino,1991,2018-04-18,2018,2018Q2,28.3,2015-01-01,2020-07-05,3.29,2.22,17,9,34,7,0,0,1,1,0.026443602059050088,0.8727544910179639,74
CTRL004733,0,Male,Unknown,Not Hispanic or Latino,1996,2018-09-07,2018,2018Q3,22.8,2015-01-29,2019-05-14,3.61,0.68,23,3,34,8,0,0,1,1,0.08500735402085882,1.1636726546906184,47
CTRL004737,0,Male,White,Not Hispanic or Latino,1986,2023-02-22,2023,2023Q1,39.9,2021-05-03,2024-10-24,1.81,1.67,9,9,24,9,0,0,1,1,0.00474391341559213,0.8727544910179639,108
CTRL004739,0,Female,White,Not Hispanic or Latino,1968,2019-11-04,2019,2019Q4,53.4,2011-03-05,2022-07-18,8.67,2.7,30,6,52,14,0,0,1,1,0.03842775432811728,0.8727544910179639,86
CTRL004746,0,Male,Unknown,Not Hispanic or Latino,1940,2019-05-12,2019,2019Q2,80.1,2017-08-25,2020-02-16,1.71,0.77,12,7,31,7,0,0,1,1,0.016220551841439345,0.8727544910179639,148
CTRL004786,0,Female,Black,Not Hispanic or Latino,1972,2017-04-13,2017,2017Q2,45.0,2013-09-06,2018-07-23,3.6,1.28,16,5,30,6,0,0,1,1,0.024851724103075727,0.8727544910179639,136
CTRL004800,0,Female,White,Not Hispanic or Latino,1943,2024-05-17,2024,2024Q2,82.7,2021-05-27,2026-03-14,2.98,1.83,15,4,22,11,0,0,1,1,0.02252453345721584,0.8727544910179639,77
CTRL004804,0,Female,White,Not Hispanic or Latino,1958,2022-12-02,2022,2022Q4,64.8,2014-01-28,2026-04-03,8.84,3.34,28,8,63,13,0,0,1,1,0.025363611115175762,0.8727544910179639,6
CTRL004807,0,Male,White,Hispanic or Latino,1992,2023-09-27,2023,2023Q3,30.0,2020-06-25,2027-05-30,3.26,3.67,12,17,27,5,0,0,1,1,0.005837676979908148,0.8727544910179639,9
CTRL004838,0,Female,Other,Not Hispanic or Latino,1998,2020-07-21,2020,2020Q3,24.2,2015-04-25,2024-09-23,5.24,4.18,14,6,35,12,0,0,1,1,0.007208392492436617,0.8727544910179639,25
CTRL004865,0,Female,White,Hispanic or Latino,1985,2019-02-02,2019,2019Q1,37.8,2017-06-23,2020-11-02,1.61,1.75,9,9,24,4,0,0,1,1,0.005274352809290841,0.8727544910179639,98
CTRL004896,0,Male,Black,Not Hispanic or Latino,1969,2019-11-24,2019,2019Q4,50.9,2017-01-15,2021-08-01,2.86,1.69,6,3,17,7,0,0,1,1,0.0008509336409824622,0.8727544910179639,161
CTRL004897,0,Male,White,Unknown,1979,2019-09-06,2019,2019Q3,39.4,2016-01-28,2023-11-22,3.61,4.21,22,12,37,13,0,0,1,1,0.0513540728998043,1.1636726546906184,146
CTRL004900,0,Male,White,Not Hispanic or Latino,1952,2021-10-02,2021,2021Q4,69.8,2020-03-14,2023-12-17,1.55,2.21,11,14,25,3,0,0,1,1,0.010269265999008938,0.8727544910179639,90
CTRL004907,0,Female,Other,Not Hispanic or Latino,1967,2022-11-21,2022,2022Q4,57.5,2020-08-03,2024-03-30,2.3,1.36,12,6,22,7,0,0,1,1,0.020234105404829904,0.8727544910179639,85
CTRL004948,0,Female,White,Not Hispanic or Latino,1946,2019-10-24,2019,2019Q4,72.2,2017-07-13,2023-07-14,2.28,3.72,14,6,24,6,0,0,1,1,0.01456441351997744,0.8727544910179639,41
CTRL004951,0,Male,White,Not Hispanic or Latino,1995,2023-05-16,2023,2023Q2,24.1,2019-01-04,2024-01-30,4.36,0.71,18,4,28,7,0,0,1,1,0.03113439282621055,0.8727544910179639,82
CTRL004960,0,Male,White,Not Hispanic or Latino,1939,2024-06-26,2024,2024Q2,83.3,2020-03-25,2024-12-28,4.26,0.51,19,2,46,7,0,0,1,1,0.0465980574969816,1.1636726546906184,167
CTRL004972,0,Female,White,Not Hispanic or Latino,1986,2022-02-11,2022,2022Q1,37.8,2016-05-22,2023-04-01,5.73,1.13,23,5,39,6,0,0,1,1,0.04739954853519721,1.1636726546906184,92
CTRL004983,0,Male,White,Not Hispanic or Latino,1979,2019-11-03,2019,2019Q4,38.2,2016-08-19,2023-09-11,3.21,3.86,7,11,17,2,0,0,1,1,0.0007786892445319979,0.8727544910179639,161
CTRL004989,0,Male,Unknown,Not Hispanic or Latino,1984,2019-08-11,2019,2019Q3,36.4,2008-02-23,2021-01-23,11.46,1.46,34,8,39,12,0,0,1,1,0.027740196837709126,0.8727544910179639,115
CTRL005023,0,Female,White,Not Hispanic or Latino,1940,2019-10-11,2019,2019Q4,81.5,2013-10-03,2021-12-23,6.02,2.2,24,12,38,11,0,0,1,1,0.04526739881144823,0.8727544910179639,42
CTRL005029,0,Female,White,Unknown,1979,2023-05-13,2023,2023Q2,44.8,2019-10-02,2024-11-25,3.61,1.54,9,9,23,8,0,0,1,1,0.0033160272179472263,0.8727544910179639,141
CTRL005073,0,Female,White,Not Hispanic or Latino,1978,2016-07-19,2016,2016Q3,37.9,2006-03-26,2018-05-07,10.32,1.8,34,8,61,13,0,0,1,1,0.042174344803132646,0.8727544910179639,54
CTRL005082,0,Male,White,Not Hispanic or Latino,1967,2023-04-05,2023,2023Q2,54.9,2015-01-22,2024-09-13,8.2,1.44,26,3,47,9,0,0,1,1,0.033602406793442126,0.8727544910179639,82
CTRL005083,0,Female,Black,Not Hispanic or Latino,1943,2021-06-22,2021,2021Q2,76.8,2014-07-15,2022-07-05,6.94,1.04,25,4,45,11,0,0,1,1,0.050716907599264796,0.8727544910179639,49
CTRL005106,0,Male,White,Hispanic or Latino,1994,2024-05-05,2024,2024Q2,29.3,2021-03-07,2025-08-20,3.16,1.29,15,2,29,4,0,0,1,1,0.022288557665991603,0.8727544910179639,81
CTRL005111,0,Male,Black,Not Hispanic or Latino,2005,2024-07-01,2024,2024Q3,18.0,2019-06-05,2025-08-03,5.07,1.09,15,4,28,4,0,0,1,1,0.011900389096942111,0.8727544910179639,127
CTRL005126,0,Female,White,Not Hispanic or Latino,1956,2021-09-25,2021,2021Q3,63.1,2018-10-05,2021-12-28,2.98,0.26,14,2,17,3,0,0,1,1,0.022910388125506616,0.8727544910179639,100
CTRL005140,0,Female,Black,Not Hispanic or Latino,1942,2017-02-13,2017,2017Q1,75.6,2006-01-16,2017-09-14,11.08,0.58,31,3,64,14,0,0,1,1,0.03364860001654005,0.8727544910179639,3
CTRL005152,0,Female,White,Hispanic or Latino,1968,2022-05-25,2022,2022Q2,55.2,2010-12-28,2024-08-26,11.41,2.26,33,5,47,10,0,0,1,1,0.026910157492053895,0.8727544910179639,2
CTRL005158,0,Male,White,Hispanic or Latino,1987,2021-12-07,2021,2021Q4,32.6,2019-04-05,2022-04-30,2.68,0.4,11,8,21,4,0,1,1,1,0.01004409225757086,0.8727544910179639,90
CTRL005180,0,Female,White,Not Hispanic or Latino,1962,2022-08-03,2022,2022Q3,60.3,2020-07-06,2025-03-05,2.08,2.59,11,12,19,9,0,0,1,1,0.007826978789851696,0.8727544910179639,36
CTRL005185,0,Female,White,Not Hispanic or Latino,1986,2016-12-12,2016,2016Q4,32.8,2009-10-05,2017-08-25,7.19,0.7,21,4,44,12,0,0,1,1,0.022933051585597213,0.8727544910179639,28
CTRL005195,0,Female,Black,Not Hispanic or Latino,1977,2020-12-02,2020,2020Q4,45.2,2013-08-04,2024-04-11,7.33,3.36,25,7,43,12,0,0,1,1,0.02636979968109278,0.8727544910179639,20
CTRL005198,0,Male,Black,Not Hispanic or Latino,1941,2021-06-26,2021,2021Q2,84.6,2014-06-13,2022-06-08,7.04,0.95,22,6,53,9,0,0,1,1,0.031716492859451176,0.8727544910179639,101
CTRL005204,0,Male,White,Unknown,1984,2017-08-22,2017,2017Q3,32.3,2013-02-12,2020-12-26,4.52,3.35,15,12,25,10,0,0,1,1,0.01083351832309499,0.8727544910179639,65
CTRL005217,0,Female,Asian,Not Hispanic or Latino,1957,2019-08-30,2019,2019Q3,61.9,2015-10-04,2021-10-15,3.91,2.13,15,12,21,10,0,0,1,1,0.019645817046404748,0.8727544910179639,147
CTRL005231,0,Female,Black,Not Hispanic or Latino,1995,2021-03-06,2021,2021Q1,27.2,2013-10-07,2022-12-31,7.41,1.82,23,3,38,14,0,0,1,1,0.02454421640251857,0.8727544910179639,117
CTRL005234,0,Female,White,Not Hispanic or Latino,1944,2024-12-01,2024,2024Q4,81.4,2017-10-24,2028-03-04,7.11,3.26,23,8,35,13,0,0,1,1,0.02213156292873052,0.8727544910179639,44
CTRL005276,0,Male,Black,Unknown,1980,2023-05-06,2023,2023Q2,42.1,2020-11-20,2024-08-20,2.46,1.29,13,6,39,4,0,0,1,1,0.01993777000180499,0.8727544910179639,150
CTRL005277,0,Female,Black,Not Hispanic or Latino,1968,2021-10-17,2021,2021Q4,54.7,2015-03-01,2022-10-18,6.63,1.0,22,3,35,5,0,0,1,1,0.03340863142363751,0.8727544910179639,67
CTRL005345,0,Female,White,Unknown,1998,2022-03-07,2022,2022Q1,22.3,2020-07-29,2023-04-26,1.61,1.14,11,12,19,3,0,0,1,1,0.013550054936737757,0.8727544910179639,165
CTRL005370,0,Male,White,Unknown,1975,2024-07-25,2024,2024Q3,46.2,2012-07-25,2024-12-01,12.0,0.35,25,3,50,15,0,0,1,1,0.012622621547609182,0.8727544910179639,127
CTRL005378,0,Female,White,Not Hispanic or Latino,1972,2017-11-25,2017,2017Q4,44.0,2006-05-12,2019-06-26,11.54,1.58,34,8,64,17,0,0,1,1,0.030392598889501524,0.8727544910179639,31
CTRL005400,0,Female,Black,Not Hispanic or Latino,1964,2020-08-22,2020,2020Q3,55.3,2018-05-23,2024-01-04,2.25,3.37,16,10,31,8,0,1,1,1,0.025740964332879427,0.8727544910179639,128
CTRL005450,0,Female,Other,Unknown,1971,2017-04-12,2017,2017Q2,48.2,2014-03-26,2019-09-18,3.05,2.44,14,12,31,11,0,0,1,1,0.02653914545147079,0.8727544910179639,136
CTRL005454,0,Male,White,Not Hispanic or Latino,1943,2023-04-03,2023,2023Q2,80.0,2011-04-03,2024-08-29,12.0,1.41,39,7,67,11,0,0,1,1,0.04943259184075407,0.8727544910179639,138
CTRL005456,0,Female,White,Not Hispanic or Latino,1950,2016-08-20,2016,2016Q3,67.7,2013-04-20,2018-09-16,3.34,2.07,14,1,25,8,0,0,1,1,0.014307598759861612,0.8727544910179639,26
CTRL005477,0,Female,Unknown,Unknown,1989,2017-06-08,2017,2017Q2,27.9,2008-02-17,2018-01-17,9.31,0.61,36,4,54,10,0,0,1,1,0.09256737139946973,1.7455089820359277,129
CTRL005478,0,Female,Other,Not Hispanic or Latino,2003,2020-11-07,2020,2020Q4,20.5,2017-08-21,2022-11-13,3.22,2.02,17,9,28,9,0,0,1,1,0.043338076614659556,0.8727544910179639,23
CTRL005491,0,Female,White,Not Hispanic or Latino,1949,2022-05-30,2022,2022Q2,70.7,2010-05-30,2027-02-25,12.0,4.74,40,17,64,11,0,0,1,1,0.027538386945109607,0.8727544910179639,2
CTRL005532,0,Female,Other,Not Hispanic or Latino,1996,2019-11-21,2019,2019Q4,26.9,2017-01-13,2021-08-14,2.85,1.73,12,3,23,10,0,0,1,1,0.014657569977866717,0.8727544910179639,41
CTRL005553,0,Female,White,Not Hispanic or Latino,1941,2024-01-04,2024,2024Q1,83.5,2014-08-06,2024-12-22,9.41,0.97,36,5,53,24,0,0,1,1,0.08920402826881307,3.4910179640718555,131
CTRL005613,0,Female,White,Not Hispanic or Latino,1965,2016-01-11,2016,2016Q1,51.4,2014-05-13,2017-03-24,1.67,1.2,12,3,19,8,0,0,1,1,0.01597170455859595,0.8727544910179639,29
CTRL005614,0,Male,White,Not Hispanic or Latino,1960,2023-04-24,2023,2023Q2,62.1,2019-10-06,2025-02-14,3.55,1.81,15,8,34,6,0,0,1,1,0.017964033332360622,0.8727544910179639,52
CTRL005641,0,Female,White,Not Hispanic or Latino,1972,2024-10-24,2024,2024Q4,50.0,2018-11-14,2028-01-06,5.95,3.2,21,6,33,11,0,0,1,1,0.02145527370012802,0.8727544910179639,44
CTRL005642,0,Male,White,Not Hispanic or Latino,1982,2018-01-18,2018,2018Q1,37.5,2011-04-02,2018-09-03,6.8,0.63,26,2,48,10,0,0,1,1,0.05870298581083925,0.8727544910179639,72
CTRL005650,0,Male,Unknown,Not Hispanic or Latino,1975,2019-10-25,2019,2019Q4,43.4,2011-10-06,2022-02-27,8.05,2.34,33,5,58,13,0,0,1,1,0.06171197415958504,3.4910179640718555,22
CTRL005679,0,Female,Other,Not Hispanic or Latino,1955,2016-08-04,2016,2016Q3,60.2,2014-04-22,2017-08-29,2.29,1.07,13,3,22,7,0,0,1,1,0.028960258447195426,0.8727544910179639,73
CTRL005698,0,Female,White,Not Hispanic or Latino,1990,2017-03-16,2017,2017Q1,25.9,2005-03-16,2020-06-11,12.0,3.24,41,11,56,13,0,0,1,1,0.03683430088309996,0.8727544910179639,3
CTRL005704,0,Male,Unknown,Not Hispanic or Latino,1961,2022-03-16,2022,2022Q1,62.7,2010-03-16,2023-03-28,12.0,1.03,31,4,43,14,0,0,1,1,0.019004883773507803,0.8727544910179639,66
CTRL005725,0,Female,Asian,Unknown,1961,2017-11-08,2017,2017Q4,57.4,2007-04-06,2018-11-08,10.59,1.0,27,3,37,22,0,0,1,1,0.031317021470123906,0.8727544910179639,31
CTRL005733,0,Female,White,Not Hispanic or Latino,1965,2019-12-30,2019,2019Q4,53.7,2011-05-15,2020-08-27,8.63,0.66,27,4,49,11,0,0,1,1,0.039327211904350276,0.8727544910179639,86
CTRL005735,0,Male,White,Not Hispanic or Latino,1973,2019-02-11,2019,2019Q1,47.9,2014-08-18,2022-02-10,4.49,3.0,13,10,28,8,0,0,1,1,0.005913457561917648,0.8727544910179639,130
CTRL005737,0,Female,Black,Not Hispanic or Latino,1950,2023-01-28,2023,2023Q1,74.0,2014-11-15,2023-10-11,8.2,0.7,33,4,52,13,0,0,1,1,0.09982958321505134,1.7455089820359277,62
CTRL005744,0,Female,Black,Not Hispanic or Latino,1956,2022-06-11,2022,2022Q2,65.7,2014-07-24,2024-12-06,7.88,2.49,25,7,47,15,0,0,1,1,0.027606879127491688,0.8727544910179639,2
CTRL005747,0,Male,White,Not Hispanic or Latino,1967,2017-12-22,2017,2017Q4,52.1,2014-12-23,2019-05-26,3.0,1.42,13,6,23,7,0,0,1,1,0.013364205888528595,0.8727544910179639,134
CTRL005750,0,Male,White,Not Hispanic or Latino,1949,2023-01-19,2023,2023Q1,73.5,2017-01-30,2025-06-02,5.97,2.37,29,9,42,5,0,0,1,1,0.08685904355124408,3.4910179640718555,133
CTRL005784,0,Female,White,Not Hispanic or Latino,1985,2024-05-17,2024,2024Q2,40.2,2019-04-08,2025-07-28,5.11,1.2,21,5,31,4,0,0,1,1,0.04083657214794061,0.8727544910179639,21
CTRL005793,0,Female,White,Not Hispanic or Latino,1992,2017-12-29,2017,2017Q4,23.7,2006-04-03,2019-11-06,11.74,1.85,39,7,61,12,0,0,1,1,0.043351338629948825,1.1636726546906184,103
CTRL005813,0,Female,White,Not Hispanic or Latino,1985,2020-12-29,2020,2020Q4,33.5,2018-05-03,2022-01-16,2.66,1.05,12,6,33,4,0,0,1,1,0.01147388657072534,0.8727544910179639,126
CTRL005815,0,Female,Black,Hispanic or Latino,1978,2024-05-19,2024,2024Q2,45.6,2018-08-08,2027-09-21,5.78,3.34,26,6,44,12,0,0,1,1,0.05305228128817718,1.1636726546906184,118
CTRL005853,0,Male,White,Not Hispanic or Latino,1968,2023-06-10,2023,2023Q2,55.8,2014-10-28,2024-04-16,8.62,0.85,29,8,45,5,0,0,1,1,0.04978414462775584,0.8727544910179639,138
CTRL005856,0,Male,White,Not Hispanic or Latino,1974,2023-09-12,2023,2023Q3,50.3,2015-10-27,2026-06-15,7.88,2.76,31,11,58,10,0,0,1,1,0.05452592631969799,1.1636726546906184,140
CTRL005875,0,Female,White,Not Hispanic or Latino,1999,2018-08-29,2018,2018Q3,18.0,2015-07-14,2020-09-16,3.13,2.05,16,8,30,3,0,0,1,1,0.022471937933267162,0.8727544910179639,17
CTRL005887,0,Male,Asian,Not Hispanic or Latino,1989,2019-07-23,2019,2019Q3,33.9,2017-05-23,2019-11-24,2.17,0.34,15,3,27,8,0,0,1,1,0.04575020060287999,1.1636726546906184,146
CTRL005889,0,Male,Unknown,Not Hispanic or Latino,1961,2022-02-28,2022,2022Q1,59.9,2017-05-11,2024-10-31,4.8,2.67,21,15,45,11,0,0,1,1,0.031118595224124208,0.8727544910179639,59
CTRL005962,0,Female,White,Not Hispanic or Latino,1982,2021-02-28,2021,2021Q1,40.1,2017-12-20,2023-01-30,3.19,1.92,16,11,39,9,0,0,1,1,0.023805456498115447,0.8727544910179639,117
CTRL005985,0,Female,White,Not Hispanic or Latino,1961,2019-08-02,2019,2019Q3,59.6,2015-01-09,2020-07-24,4.56,0.98,16,6,28,8,0,0,1,1,0.019397000085853558,0.8727544910179639,147
CTRL005989,0,Female,White,Not Hispanic or Latino,1988,2019-07-15,2019,2019Q3,30.2,2010-02-18,2022-10-11,9.4,3.24,31,7,47,11,0,0,1,1,0.0294072678676309,0.8727544910179639,8
CTRL005991,0,Female,White,Not Hispanic or Latino,1974,2018-02-27,2018,2018Q1,40.8,2015-08-08,2020-09-06,2.56,2.53,14,10,29,6,0,0,1,1,0.015750332577548407,0.8727544910179639,123
CTRL005996,0,Female,Other,Not Hispanic or Latino,1966,2021-05-27,2021,2021Q2,55.0,2018-01-26,2024-02-21,3.33,2.74,18,12,29,10,0,0,1,1,0.048336506032766006,0.8727544910179639,49
CTRL006090,0,Female,White,Not Hispanic or Latino,1988,2020-05-05,2020,2020Q2,30.2,2011-11-18,2021-01-25,8.47,0.73,34,2,55,7,0,0,1,1,0.08988662961657932,3.4910179640718555,33
CTRL006092,0,Male,Other,Not Hispanic or Latino,1957,2020-01-25,2020,2020Q1,64.1,2017-08-13,2021-11-03,2.45,1.78,15,6,30,9,0,0,1,1,0.04052486132769025,0.8727544910179639,34
CTRL006099,0,Female,Black,Not Hispanic or Latino,1946,2018-10-12,2018,2018Q4,71.6,2014-04-30,2021-09-17,4.45,2.93,17,9,39,11,0,0,1,1,0.018073622824513465,0.8727544910179639,107
CTRL006107,0,Female,White,Hispanic or Latino,1976,2017-05-19,2017,2017Q2,40.9,2011-08-05,2019-09-19,5.79,2.34,19,5,44,7,0,0,1,1,0.019205407445090597,0.8727544910179639,99
CTRL006122,0,Female,White,Not Hispanic or Latino,1945,2018-01-31,2018,2018Q1,73.9,2015-07-28,2021-01-08,2.52,2.94,15,14,18,6,0,0,1,1,0.02045488860263151,0.8727544910179639,30
CTRL006136,0,Female,White,Not Hispanic or Latino,1972,2019-12-11,2019,2019Q4,44.1,2014-11-22,2020-06-12,5.05,0.5,22,8,33,4,0,0,1,1,0.05706811391448192,1.7455089820359277,119
CTRL006138,0,Female,White,Not Hispanic or Latino,1989,2018-06-06,2018,2018Q2,31.6,2015-07-08,2018-12-24,2.91,0.55,13,4,19,4,0,0,1,1,0.015652445121100648,0.8727544910179639,46
CTRL006155,0,Female,Asian,Not Hispanic or Latino,1959,2016-07-21,2016,2016Q3,54.9,2012-12-06,2017-03-31,3.62,0.69,16,5,26,9,0,0,1,1,0.03587300366304051,0.8727544910179639,162
CTRL006168,0,Female,White,Unknown,1953,2018-07-30,2018,2018Q3,64.3,2014-01-11,2018-12-18,4.55,0.39,18,5,26,9,0,0,1,1,0.041162101406744575,0.8727544910179639,45
CTRL006171,0,Female,White,Not Hispanic or Latino,1974,2020-10-15,2020,2020Q4,44.4,2014-10-02,2021-09-13,6.04,0.91,16,8,29,10,0,0,1,1,0.011786908179104136,0.8727544910179639,126
CTRL006192,0,Male,White,Not Hispanic or Latino,1938,2023-09-16,2023,2023Q3,86.2,2014-10-14,2025-04-18,8.92,1.59,32,3,50,13,0,0,1,1,0.06039269160959487,1.1636726546906184,140
CTRL006194,0,Female,White,Not Hispanic or Latino,1963,2021-10-22,2021,2021Q4,56.2,2009-10-22,2022-09-05,12.0,0.87,35,0,63,13,0,0,1,1,0.03471764797421084,0.8727544910179639,67
CTRL006222,0,Female,White,Not Hispanic or Latino,2005,2022-07-10,2022,2022Q3,18.0,2015-12-07,2022-12-03,6.59,0.4,16,5,29,13,0,0,1,1,0.010292156635281048,0.8727544910179639,19
CTRL006238,0,Male,White,Not Hispanic or Latino,1963,2019-06-13,2019,2019Q2,56.4,2012-09-17,2019-11-21,6.74,0.44,18,4,30,10,0,0,1,1,0.01653462983053413,0.8727544910179639,148
CTRL006241,0,Female,White,Unknown,1963,2016-01-03,2016,2016Q1,53.8,2007-01-14,2016-11-01,8.97,0.83,27,8,56,5,0,0,1,1,0.041081830033221405,0.8727544910179639,112
CTRL006251,0,Male,White,Unknown,1944,2023-12-13,2023,2023Q4,78.1,2013-02-21,2024-12-12,10.81,1.0,30,4,49,18,0,0,1,1,0.034856810741145834,0.8727544910179639,76
CTRL006263,0,Male,Asian,Not Hispanic or Latino,1978,2022-01-05,2022,2022Q1,45.4,2016-09-05,2023-01-22,5.34,1.05,19,6,42,4,0,0,1,1,0.03568032764963503,0.8727544910179639,14
CTRL006304,0,Male,White,Not Hispanic or Latino,2003,2018-05-22,2018,2018Q2,18.0,2015-10-19,2019-01-01,2.59,0.61,7,0,21,5,0,0,1,1,0.0017740580503856384,0.8727544910179639,83
CTRL006359,0,Female,White,Not Hispanic or Latino,1963,2023-11-04,2023,2023Q4,61.4,2016-11-30,2025-02-18,6.93,1.29,24,1,35,13,0,0,1,1,0.03891383487769241,0.8727544910179639,48
CTRL006367,0,Female,Asian,Hispanic or Latino,1988,2022-11-14,2022,2022Q4,34.5,2017-07-29,2023-11-11,5.3,0.99,21,2,33,10,0,0,1,1,0.05462870741221151,0.8727544910179639,105
CTRL006369,0,Male,White,Not Hispanic or Latino,1987,2017-10-14,2017,2017Q4,30.8,2015-08-29,2019-03-30,2.13,1.46,14,6,30,10,0,0,1,1,0.02193464375477588,0.8727544910179639,145
CTRL006415,0,Male,Unknown,Not Hispanic or Latino,1947,2023-11-01,2023,2023Q4,75.8,2020-06-15,2029-09-13,3.38,5.87,16,14,36,6,0,0,1,1,0.009640289355605344,0.8727544910179639,121
CTRL006423,0,Female,White,Not Hispanic or Latino,2001,2019-09-23,2019,2019Q3,18.3,2013-03-17,2020-10-25,6.52,1.09,26,5,34,12,0,0,1,1,0.05610160228342446,3.4910179640718555,79
CTRL006462,0,Female,White,Not Hispanic or Latino,1957,2022-03-05,2022,2022Q1,66.0,2018-12-23,2023-09-22,3.2,1.55,13,5,36,11,0,0,1,1,0.012600819878344889,0.8727544910179639,165
CTRL006467,0,Male,White,Not Hispanic or Latino,1969,2021-09-28,2021,2021Q3,47.9,2014-09-15,2023-09-18,7.04,1.97,28,11,42,8,0,0,1,1,0.05640432421236885,1.7455089820359277,154
CTRL006482,0,Female,White,Hispanic or Latino,1994,2022-03-12,2022,2022Q1,31.4,2018-11-28,2022-12-05,3.29,0.74,14,3,32,8,0,0,1,1,0.018609859943548572,0.8727544910179639,94
CTRL006493,0,Male,White,Not Hispanic or Latino,1998,2016-02-13,2016,2016Q1,22.5,2012-06-10,2017-09-01,3.68,1.55,14,6,34,11,0,0,1,1,0.012830572837913381,0.8727544910179639,11
CTRL006501,0,Female,White,Not Hispanic or Latino,1986,2023-11-25,2023,2023Q4,33.3,2019-12-02,2025-06-28,3.98,1.59,19,7,34,7,0,0,1,1,0.03673862145748914,0.8727544910179639,48
CTRL006506,0,Female,Black,Not Hispanic or Latino,1988,2019-06-02,2019,2019Q2,31.9,2013-10-12,2019-11-19,5.64,0.47,20,3,36,10,0,0,1,1,0.033850692730008604,0.8727544910179639,56
CTRL006575,0,Female,White,Not Hispanic or Latino,1960,2021-01-13,2021,2021Q1,61.8,2018-03-02,2023-01-11,2.87,2.0,15,6,26,2,0,0,1,1,0.021490406337082504,0.8727544910179639,39
CTRL006605,0,Female,White,Not Hispanic or Latino,1941,2017-06-14,2017,2017Q2,76.8,2012-05-01,2018-09-27,5.12,1.29,17,4,31,7,0,0,1,1,0.0198441447739285,0.8727544910179639,99
CTRL006606,0,Male,Black,Not Hispanic or Latino,1991,2019-05-07,2019,2019Q2,29.2,2016-04-08,2023-05-21,3.08,4.04,16,7,27,8,0,0,1,1,0.01623003146043593,0.8727544910179639,148
CTRL006615,0,Male,Black,Not Hispanic or Latino,1970,2023-04-14,2023,2023Q2,53.4,2019-05-04,2024-08-01,3.95,1.3,18,4,28,12,0,0,1,1,0.03485496241085854,0.8727544910179639,82
CTRL006647,0,Male,White,Not Hispanic or Latino,1958,2018-07-19,2018,2018Q3,62.8,2015-10-09,2020-04-21,2.78,1.76,17,5,28,4,0,0,1,1,0.0368530283702093,0.8727544910179639,15
CTRL006672,0,Male,White,Not Hispanic or Latino,1994,2019-07-28,2019,2019Q3,26.1,2007-12-14,2020-10-08,11.62,1.2,32,2,56,13,0,0,1,1,0.02437576676185175,0.8727544910179639,115
CTRL006673,0,Female,Asian,Not Hispanic or Latino,1950,2017-04-13,2017,2017Q2,64.9,2011-02-02,2018-05-20,6.19,1.1,26,8,53,10,0,0,1,1,0.08850531450761119,1.7455089820359277,129
CTRL006681,0,Male,White,Not Hispanic or Latino,1990,2019-08-18,2019,2019Q3,32.5,2014-04-29,2021-06-30,5.31,1.87,19,8,35,5,0,0,1,1,0.022721595890004182,0.8727544910179639,115
CTRL006710,0,Female,White,Not Hispanic or Latino,1965,2017-12-15,2017,2017Q4,51.0,2014-09-17,2020-03-20,3.24,2.26,19,6,33,5,0,0,1,1,0.042268305862200505,1.1636726546906184,103
CTRL006725,0,Female,Black,Not Hispanic or Latino,1977,2018-05-20,2018,2018Q2,42.2,2012-12-04,2018-10-09,5.46,0.39,16,3,22,5,0,0,1,1,0.016269518539218226,0.8727544910179639,46
CTRL006735,0,Male,Black,Not Hispanic or Latino,1997,2017-12-06,2017,2017Q4,19.6,2016-01-22,2019-02-02,1.87,1.16,12,8,21,10,0,0,1,1,0.014519053487641417,0.8727544910179639,134
CTRL006760,0,Male,Unknown,Not Hispanic or Latino,1956,2023-06-11,2023,2023Q2,66.9,2017-01-23,2025-02-14,6.38,1.68,20,6,37,7,0,0,1,1,0.01940451863418327,0.8727544910179639,150
CTRL006778,0,Male,White,Not Hispanic or Latino,1967,2020-12-14,2020,2020Q4,52.4,2019-07-12,2023-12-14,1.43,3.0,8,5,20,9,0,0,1,1,0.00275922666853485,0.8727544910179639,10
CTRL006813,0,Male,White,Not Hispanic or Latino,1992,2023-04-07,2023,2023Q2,33.6,2017-03-05,2027-03-12,6.09,3.93,22,13,46,12,0,0,1,1,0.02031611900287749,0.8727544910179639,150
CTRL006843,0,Female,White,Hispanic or Latino,1945,2021-10-15,2021,2021Q4,76.1,2014-06-26,2023-06-09,7.31,1.65,23,4,31,11,0,0,1,1,0.030104362439075407,0.8727544910179639,60
CTRL006857,0,Female,White,Not Hispanic or Latino,1997,2021-11-29,2021,2021Q4,21.4,2017-09-06,2022-05-27,4.23,0.49,25,1,48,7,0,0,1,1,0.10966322369416065,3.4910179640718555,109
CTRL006863,0,Male,White,Not Hispanic or Latino,1975,2023-01-04,2023,2023Q1,50.8,2019-12-07,2024-05-22,3.08,1.38,10,8,22,6,0,0,1,1,0.0050007787573558985,0.8727544910179639,108
CTRL006889,0,Male,Other,Not Hispanic or Latino,1958,2020-01-22,2020,2020Q1,61.7,2013-10-21,2021-02-18,6.25,1.08,20,8,33,7,0,0,1,1,0.04008005946188835,0.8727544910179639,34
CTRL006908,0,Male,White,Hispanic or Latino,1992,2024-05-05,2024,2024Q2,30.9,2020-07-09,2027-05-25,3.82,3.05,16,5,30,6,0,0,1,1,0.01611532861857245,0.8727544910179639,96
CTRL006964,0,Female,White,Not Hispanic or Latino,1951,2018-09-13,2018,2018Q3,66.6,2014-07-15,2020-11-09,4.17,2.16,20,7,43,9,0,0,1,1,0.04025329896737469,0.8727544910179639,45
CTRL007003,0,Female,Black,Not Hispanic or Latino,2003,2018-03-09,2018,2018Q1,18.0,2013-02-02,2019-02-13,5.1,0.93,16,7,33,5,0,0,1,1,0.015486808491929347,0.8727544910179639,123
CTRL007011,0,Male,White,Not Hispanic or Latino,1951,2017-03-13,2017,2017Q1,64.9,2008-04-26,2017-11-02,8.88,0.64,25,9,44,10,0,0,1,1,0.02804897045754575,0.8727544910179639,50
CTRL007018,0,Female,White,Not Hispanic or Latino,2003,2017-10-02,2017,2017Q4,18.0,2012-08-09,2018-06-16,5.15,0.7,22,3,33,9,0,0,1,1,0.050213793842221945,0.8727544910179639,78
CTRL007050,0,Male,White,Hispanic or Latino,1952,2018-05-28,2018,2018Q2,67.0,2015-04-02,2024-05-22,3.15,5.99,9,12,24,9,0,0,1,1,0.0014311496860483998,0.8727544910179639,83
CTRL007076,0,Female,Black,Not Hispanic or Latino,1991,2023-10-07,2023,2023Q4,34.5,2020-05-28,2025-06-04,3.36,1.66,18,6,36,7,0,0,1,1,0.037456938147042644,0.8727544910179639,48
CTRL007106,0,Male,White,Not Hispanic or Latino,1992,2018-07-14,2018,2018Q3,25.1,2012-08-26,2018-12-10,5.88,0.41,25,7,50,9,0,0,1,1,0.0685448655128783,1.1636726546906184,135
CTRL007149,0,Male,White,Not Hispanic or Latino,1941,2022-02-04,2022,2022Q1,78.9,2017-07-30,2023-08-09,4.52,1.51,19,4,38,7,0,0,1,1,0.03490016959713033,0.8727544910179639,14
CTRL007163,0,Male,White,Not Hispanic or Latino,1986,2021-04-06,2021,2021Q2,35.4,2017-07-28,2022-02-16,3.69,0.87,17,6,39,5,0,0,1,1,0.0309963562355341,0.8727544910179639,101
CTRL007174,0,Female,White,Not Hispanic or Latino,2004,2022-10-20,2022,2022Q4,18.3,2016-06-19,2023-06-28,6.34,0.69,23,3,51,9,0,0,1,1,0.040873251987914715,0.8727544910179639,111
CTRL007189,0,Female,White,Not Hispanic or Latino,1976,2021-10-16,2021,2021Q4,42.9,2013-02-22,2023-04-26,8.65,1.53,29,5,51,16,0,0,1,1,0.04192449017399898,0.8727544910179639,91
CTRL007237,0,Female,White,Not Hispanic or Latino,1956,2017-05-10,2017,2017Q2,58.4,2016-02-02,2018-07-15,1.27,1.18,12,4,25,8,0,1,1,1,0.01853626835813082,0.8727544910179639,99
CTRL007245,0,Female,White,Not Hispanic or Latino,1992,2022-10-13,2022,2022Q4,27.8,2018-02-01,2025-04-22,4.7,2.53,19,6,35,6,0,0,1,1,0.02392530155106732,0.8727544910179639,6
CTRL007251,0,Female,Black,Not Hispanic or Latino,2003,2021-10-22,2021,2021Q4,18.0,2017-04-29,2023-08-13,4.48,1.81,19,7,37,10,0,0,1,1,0.029993886969773023,0.8727544910179639,60
CTRL007265,0,Female,White,Hispanic or Latino,1978,2021-04-06,2021,2021Q2,45.8,2018-07-19,2022-08-26,2.72,1.39,16,8,32,6,0,0,1,1,0.033087202069733146,0.8727544910179639,120
CTRL007272,0,Female,White,Unknown,1999,2018-04-01,2018,2018Q2,21.2,2011-03-13,2020-11-05,7.05,2.6,20,6,35,11,0,0,1,1,0.01598408155947562,0.8727544910179639,46
CTRL007278,0,Female,White,Not Hispanic or Latino,1942,2022-10-03,2022,2022Q4,77.7,2017-06-27,2027-05-09,5.27,4.6,21,11,32,7,0,0,1,1,0.02144628392399711,0.8727544910179639,85
CTRL007282,0,Female,White,Not Hispanic or Latino,2001,2021-08-29,2021,2021Q3,21.8,2014-10-09,2024-02-12,6.89,2.46,22,6,47,7,0,0,1,1,0.020574207706887452,0.8727544910179639,149
CTRL007291,0,Female,White,Not Hispanic or Latino,1991,2022-07-15,2022,2022Q3,31.0,2019-11-29,2026-10-29,2.63,4.29,14,12,24,7,0,0,1,1,0.010527680950422377,0.8727544910179639,19
CTRL007297,0,Male,Unknown,Not Hispanic or Latino,2004,2018-09-02,2018,2018Q3,18.0,2010-02-27,2019-04-03,8.51,0.59,29,6,40,11,0,0,1,1,0.044136299658349976,1.1636726546906184,152
CTRL007349,0,Female,White,Not Hispanic or Latino,1994,2023-12-25,2023,2023Q4,25.8,2017-10-03,2026-02-05,6.23,2.12,26,7,42,10,0,0,1,1,0.05106375290961526,0.8727544910179639,122
CTRL007359,0,Female,White,Not Hispanic or Latino,1975,2024-04-11,2024,2024Q2,49.9,2017-10-04,2027-06-26,6.52,3.21,26,13,47,6,0,0,1,1,0.039736423472895424,0.8727544910179639,21
CTRL007373,0,Male,White,Not Hispanic or Latino,1987,2017-08-15,2017,2017Q3,30.4,2013-04-29,2018-01-22,4.3,0.44,13,7,25,3,0,0,1,1,0.01018468976777202,0.8727544910179639,65
CTRL007385,0,Female,White,Not Hispanic or Latino,1959,2018-05-31,2018,2018Q2,57.3,2015-02-23,2019-02-12,3.27,0.71,16,3,32,11,0,0,1,1,0.03075321471539785,0.8727544910179639,24
CTRL007482,0,Male,White,Not Hispanic or Latino,1978,2023-02-22,2023,2023Q1,45.3,2019-11-09,2023-08-03,3.29,0.45,20,5,26,6,0,0,1,1,0.0703412448730396,1.7455089820359277,5
CTRL007485,0,Male,White,Hispanic or Latino,1946,2024-05-03,2024,2024Q2,75.6,2020-10-15,2027-11-22,3.55,3.55,17,12,36,5,0,0,1,1,0.022069168344977835,0.8727544910179639,81
CTRL007500,0,Female,White,Hispanic or Latino,1962,2020-10-05,2020,2020Q4,63.4,2015-07-21,2023-01-02,5.21,2.24,22,9,48,3,0,0,1,1,0.042800521668139316,0.8727544910179639,23
CTRL007513,0,Female,White,Not Hispanic or Latino,1993,2024-11-01,2024,2024Q4,27.3,2017-09-24,2026-03-18,7.11,1.38,28,4,45,15,0,0,1,1,0.059132154440430094,1.1636726546906184,156
CTRL007550,0,Female,White,Not Hispanic or Latino,1980,2023-10-25,2023,2023Q4,42.2,2019-04-04,2025-02-19,4.56,1.32,15,2,26,11,0,0,1,1,0.013682854071773356,0.8727544910179639,13
CTRL007557,0,Male,White,Not Hispanic or Latino,1971,2022-01-23,2022,2022Q1,53.4,2017-12-01,2024-11-05,4.15,2.78,17,10,29,10,0,0,1,1,0.019005937431452277,0.8727544910179639,66
CTRL007568,0,Female,White,Not Hispanic or Latino,1941,2019-02-23,2019,2019Q1,75.9,2016-07-28,2021-04-25,2.57,2.17,17,9,36,4,0,0,1,1,0.03739433364710071,0.8727544910179639,143
CTRL007584,0,Male,White,Not Hispanic or Latino,1947,2022-05-06,2022,2022Q2,75.4,2019-03-12,2023-11-09,3.15,1.51,14,5,20,6,0,0,1,1,0.01734399611207965,0.8727544910179639,69
CTRL007653,0,Male,Unknown,Not Hispanic or Latino,1942,2017-01-05,2017,2017Q1,76.9,2009-01-26,2019-01-22,7.94,2.05,27,5,69,11,0,0,1,1,0.034607301211689936,1.7455089820359277,7
CTRL007678,0,Female,White,Not Hispanic or Latino,1984,2021-01-13,2021,2021Q1,38.2,2012-08-21,2024-02-13,8.4,3.08,26,13,42,10,0,0,1,1,0.021855700150519634,0.8727544910179639,39
CTRL007749,0,Female,White,Not Hispanic or Latino,1938,2023-06-29,2023,2023Q2,83.5,2021-05-03,2024-10-17,2.15,1.31,8,8,20,5,0,0,1,1,0.0033184531540322365,0.8727544910179639,141
CTRL007754,0,Female,White,Not Hispanic or Latino,1972,2023-11-07,2023,2023Q4,50.1,2019-06-22,2026-11-09,4.38,3.01,16,7,36,9,0,0,1,1,0.013331504517662822,0.8727544910179639,13
CTRL007760,0,Male,White,Not Hispanic or Latino,1947,2023-05-20,2023,2023Q2,74.2,2016-12-29,2024-10-19,6.39,1.42,24,3,50,12,0,0,1,1,0.04623830725233507,0.8727544910179639,138
CTRL007765,0,Male,Black,Not Hispanic or Latino,1981,2023-01-26,2023,2023Q1,41.1,2013-08-08,2024-03-30,9.47,1.18,33,6,52,15,0,0,1,1,0.057813372066716884,1.7455089820359277,70
CTRL007779,0,Female,White,Not Hispanic or Latino,1952,2020-09-12,2020,2020Q3,68.6,2015-12-26,2022-04-23,4.72,1.61,13,3,20,6,0,0,1,1,0.007651151281967324,0.8727544910179639,32
CTRL007802,0,Female,Black,Not Hispanic or Latino,1939,2021-05-25,2021,2021Q2,83.7,2013-02-08,2023-04-22,8.29,1.91,29,6,56,20,0,0,1,1,0.049337704581857406,0.8727544910179639,49
CTRL007805,0,Female,Unknown,Not Hispanic or Latino,1944,2022-12-24,2022,2022Q4,75.4,2020-11-08,2023-08-15,2.13,0.64,16,4,32,3,0,0,1,1,0.04119186750793993,0.8727544910179639,111
CTRL007835,0,Male,White,Hispanic or Latino,1983,2018-08-20,2018,2018Q3,34.8,2012-08-09,2020-04-01,6.03,1.62,22,5,26,11,0,0,1,1,0.03504292821019887,0.8727544910179639,15
CTRL007837,0,Female,White,Not Hispanic or Latino,1964,2023-12-02,2023,2023Q4,62.3,2016-10-27,2025-07-20,7.1,1.63,27,9,43,19,0,0,1,1,0.05344333045811004,0.8727544910179639,122
CTRL007857,0,Female,Black,Not Hispanic or Latino,1963,2022-03-14,2022,2022Q1,57.2,2016-04-30,2022-06-23,5.87,0.28,17,4,32,10,0,0,1,1,0.018920074003902897,0.8727544910179639,94
CTRL007873,0,Female,White,Not Hispanic or Latino,1975,2023-04-08,2023,2023Q2,50.6,2020-10-30,2024-06-02,2.44,1.15,13,5,29,4,0,0,1,1,0.016851385206336646,0.8727544910179639,114
CTRL007929,0,Female,White,Not Hispanic or Latino,1961,2021-07-28,2021,2021Q3,59.8,2014-01-13,2024-06-20,7.54,2.9,24,14,45,11,0,0,1,1,0.02316821423087522,0.8727544910179639,100
CTRL007932,0,Female,Other,Not Hispanic or Latino,1994,2022-11-04,2022,2022Q4,29.3,2017-04-17,2023-12-16,5.55,1.12,21,8,27,9,0,0,1,1,0.05499663409356455,0.8727544910179639,105
CTRL007972,0,Male,White,Not Hispanic or Latino,1962,2022-02-16,2022,2022Q1,63.8,2015-05-23,2023-12-09,6.74,1.81,24,7,39,16,0,0,1,1,0.03747497901731517,0.8727544910179639,14
CTRL007996,0,Female,Asian,Not Hispanic or Latino,1954,2017-10-11,2017,2017Q4,63.2,2015-10-06,2020-10-11,2.02,3.0,15,8,25,6,0,0,1,1,0.030258930699505398,0.8727544910179639,31
CTRL008004,0,Male,White,Not Hispanic or Latino,2001,2022-02-07,2022,2022Q1,19.2,2017-09-22,2026-06-25,4.38,4.38,19,11,50,4,0,0,1,1,0.017902294252902767,0.8727544910179639,66
CTRL008005,0,Male,White,Not Hispanic or Latino,1974,2023-04-04,2023,2023Q2,51.9,2012-05-12,2024-12-10,10.89,1.69,36,4,43,17,0,0,1,1,0.04607335443137339,0.8727544910179639,138
CTRL008017,0,Female,Unknown,Not Hispanic or Latino,1949,2022-08-15,2022,2022Q3,78.0,2020-09-10,2024-12-21,1.93,2.35,12,9,33,7,0,0,1,1,0.010908422724910572,0.8727544910179639,19
CTRL008031,0,Female,Unknown,Not Hispanic or Latino,1968,2022-09-06,2022,2022Q3,53.7,2018-06-18,2024-02-12,4.22,1.44,14,7,25,6,0,0,1,1,0.010446487350633736,0.8727544910179639,19
CTRL008042,0,Female,White,Not Hispanic or Latino,1984,2016-01-25,2016,2016Q1,31.2,2009-09-04,2017-11-17,6.39,1.82,19,2,39,9,0,0,1,1,0.01617752914602001,0.8727544910179639,29
CTRL008090,0,Female,White,Not Hispanic or Latino,1951,2018-07-19,2018,2018Q3,67.6,2013-09-10,2020-08-16,4.86,2.08,18,4,29,6,0,0,1,1,0.02228499827323516,0.8727544910179639,17
CTRL008125,0,Male,White,Not Hispanic or Latino,1965,2016-12-21,2016,2016Q4,50.6,2006-05-28,2019-10-31,10.57,2.86,27,8,40,17,0,0,1,1,0.013507133240275079,0.8727544910179639,12
CTRL008133,0,Female,White,Not Hispanic or Latino,1991,2018-12-29,2018,2018Q4,25.8,2009-02-11,2020-12-12,9.88,1.96,18,9,31,10,0,0,1,1,0.004076712769013693,0.8727544910179639,166
CTRL008149,0,Female,Black,Not Hispanic or Latino,1955,2016-04-10,2016,2016Q2,63.4,2013-09-09,2016-10-19,2.59,0.53,13,3,22,10,0,0,1,1,0.019404054346737754,0.8727544910179639,61
CTRL008155,0,Female,Black,Hispanic or Latino,1960,2021-09-15,2021,2021Q3,62.8,2018-02-05,2022-04-02,3.61,0.55,15,1,21,10,0,0,1,1,0.025028230151147902,0.8727544910179639,157
CTRL008167,0,Female,White,Not Hispanic or Latino,1991,2022-12-16,2022,2022Q4,32.0,2015-07-18,2026-03-03,7.42,3.21,25,10,46,13,0,0,1,1,0.02475860862895831,0.8727544910179639,6
CTRL008181,0,Female,White,Not Hispanic or Latino,1948,2016-08-14,2016,2016Q3,65.0,2012-03-19,2017-06-11,4.41,0.83,18,3,33,5,0,1,1,1,0.032836598248571346,0.8727544910179639,104
CTRL008186,0,Female,White,Not Hispanic or Latino,1978,2016-07-19,2016,2016Q3,36.4,2011-03-13,2017-02-08,5.35,0.56,21,5,39,10,0,0,1,1,0.04260381997191596,0.8727544910179639,54
CTRL008193,0,Female,Asian,Not Hispanic or Latino,1951,2019-12-31,2019,2019Q4,66.3,2013-10-05,2021-05-06,6.24,1.35,22,5,45,11,0,0,1,1,0.04557456039567255,0.8727544910179639,42
CTRL008217,0,Male,Other,Not Hispanic or Latino,1997,2024-05-03,2024,2024Q2,27.2,2018-05-31,2024-11-21,5.93,0.56,15,2,33,13,0,0,1,1,0.015681878766086163,0.8727544910179639,96
CTRL008238,0,Male,White,Hispanic or Latino,1941,2018-04-10,2018,2018Q2,75.5,2011-08-04,2023-03-30,6.68,4.97,25,18,40,14,0,0,1,1,0.02586053927725006,0.8727544910179639,74
CTRL008287,0,Female,White,Hispanic or Latino,1946,2024-12-30,2024,2024Q4,77.0,2019-11-29,2028-10-05,5.09,3.77,20,13,35,13,0,0,1,1,0.023726031525880854,0.8727544910179639,44
CTRL008299,0,Female,White,Not Hispanic or Latino,1938,2018-03-16,2018,2018Q1,79.9,2013-02-19,2019-10-23,5.07,1.61,20,10,39,9,0,0,1,1,0.03483352474255549,0.8727544910179639,124
CTRL008327,0,Female,White,Not Hispanic or Latino,1997,2019-08-26,2019,2019Q3,23.2,2016-04-28,2020-06-10,3.33,0.79,16,6,33,12,0,0,1,1,0.027472331731239526,0.8727544910179639,8
CTRL008379,0,Male,White,Not Hispanic or Latino,1947,2017-06-02,2017,2017Q2,70.7,2013-10-24,2018-11-24,3.61,1.48,18,7,27,8,0,0,1,1,0.0376415093704807,0.8727544910179639,102
CTRL008406,0,Male,Unknown,Not Hispanic or Latino,1938,2017-02-18,2017,2017Q1,77.5,2013-09-30,2020-12-09,3.39,3.81,21,5,28,9,0,0,1,1,0.04031168877934813,1.7455089820359277,7
CTRL008426,0,Female,White,Not Hispanic or Latino,1975,2019-05-06,2019,2019Q2,45.4,2015-04-27,2021-02-12,4.03,1.78,15,7,26,9,0,0,1,1,0.014898851249560372,0.8727544910179639,142
CTRL008481,0,Male,Other,Unknown,1996,2020-10-13,2020,2020Q4,24.8,2017-06-03,2021-02-13,3.36,0.34,7,3,7,7,0,0,1,1,0.0028545896224025304,0.8727544910179639,10
CTRL008491,0,Female,Unknown,Not Hispanic or Latino,1961,2016-01-27,2016,2016Q1,53.2,2013-06-25,2016-09-19,2.59,0.65,15,4,33,6,0,0,1,1,0.026695481548604707,0.8727544910179639,64
CTRL008502,0,Female,White,Not Hispanic or Latino,2003,2020-11-30,2020,2020Q4,18.0,2017-03-01,2022-04-08,3.75,1.35,17,4,35,5,0,0,1,1,0.026553197600025974,0.8727544910179639,20
CTRL008537,0,Female,Black,Not Hispanic or Latino,1957,2020-02-09,2020,2020Q1,64.9,2017-05-01,2020-12-30,2.78,0.89,11,2,25,8,0,0,1,1,0.009232591042177482,0.8727544910179639,87
CTRL008543,0,Male,Black,Not Hispanic or Latino,1944,2017-05-25,2017,2017Q2,73.4,2005-06-19,2019-02-26,11.93,1.76,31,9,51,10,0,0,1,1,0.020156461413721606,0.8727544910179639,144
CTRL008566,0,Female,White,Not Hispanic or Latino,1989,2017-10-21,2017,2017Q4,26.6,2011-04-02,2019-04-28,6.56,1.52,28,6,58,10,0,0,1,1,0.0680264259498929,0.8727544910179639,57
CTRL008582,0,Female,Other,Not Hispanic or Latino,1959,2016-03-07,2016,2016Q1,56.0,2012-04-09,2018-10-29,3.91,2.65,16,6,30,11,0,0,1,1,0.026684813566556633,0.8727544910179639,27
CTRL008618,0,Female,Black,Not Hispanic or Latino,1992,2024-10-06,2024,2024Q4,32.8,2018-01-05,2026-09-24,6.75,1.97,28,10,42,11,0,0,1,1,0.06165496437525559,1.1636726546906184,156
CTRL008654,0,Female,White,Not Hispanic or Latino,1954,2022-08-25,2022,2022Q3,69.8,2019-05-07,2023-08-15,3.3,0.97,11,5,32,5,0,0,1,1,0.007494583824018446,0.8727544910179639,36
CTRL008676,0,Female,White,Not Hispanic or Latino,1983,2023-12-28,2023,2023Q4,42.5,2020-06-26,2024-06-16,3.5,0.47,19,6,29,6,0,0,1,1,0.05430855921089336,0.8727544910179639,122
CTRL008679,0,Female,Asian,Not Hispanic or Latino,1997,2019-09-14,2019,2019Q3,21.3,2014-07-17,2023-10-23,5.16,4.11,19,12,42,6,0,0,1,1,0.019374310124470755,0.8727544910179639,147
CTRL008702,0,Female,Unknown,Not Hispanic or Latino,1972,2016-01-13,2016,2016Q1,44.6,2011-06-02,2017-02-24,4.62,1.12,17,3,36,6,0,0,1,1,0.019766100273085785,0.8727544910179639,158
CTRL008706,0,Female,White,Not Hispanic or Latino,1995,2020-07-21,2020,2020Q3,22.9,2014-12-25,2021-10-05,5.57,1.21,14,8,34,4,0,0,1,1,0.0074585704663452344,0.8727544910179639,25
CTRL008725,0,Female,White,Not Hispanic or Latino,1990,2017-12-30,2017,2017Q4,29.0,2011-04-01,2019-09-12,6.75,1.7,26,4,45,5,0,0,1,1,0.047490601178562165,0.8727544910179639,78
CTRL008744,0,Female,White,Not Hispanic or Latino,1957,2021-10-06,2021,2021Q4,64.0,2012-05-07,2022-05-19,9.42,0.62,29,5,51,10,0,0,1,1,0.041315329000964886,0.8727544910179639,91
CTRL008747,0,Female,White,Not Hispanic or Latino,1964,2017-04-11,2017,2017Q2,51.2,2014-02-22,2017-11-25,3.13,0.63,15,5,33,8,0,0,1,1,0.02541933897396385,0.8727544910179639,136
CTRL008750,0,Female,White,Not Hispanic or Latino,1993,2022-08-01,2022,2022Q3,29.4,2020-06-23,2023-01-23,2.11,0.48,10,3,20,12,0,0,1,1,0.007840374296015822,0.8727544910179639,36
CTRL008759,0,Female,White,Not Hispanic or Latino,1961,2023-12-31,2023,2023Q4,62.8,2021-09-20,2026-09-05,2.28,2.68,12,9,26,5,0,0,1,1,0.009967879389900236,0.8727544910179639,71
CTRL008761,0,Female,Black,Not Hispanic or Latino,1942,2018-04-06,2018,2018Q2,74.1,2012-09-22,2019-06-15,5.54,1.19,20,4,46,9,0,1,1,1,0.03332075747758337,0.8727544910179639,24
CTRL008782,0,Male,Black,Not Hispanic or Latino,1991,2018-06-13,2018,2018Q2,27.3,2015-08-23,2025-03-17,2.81,6.76,10,15,28,6,0,0,1,1,0.0017752278175615422,0.8727544910179639,83
CTRL008790,0,Male,Black,Not Hispanic or Latino,1948,2018-05-25,2018,2018Q2,71.8,2010-02-28,2022-04-26,8.24,3.92,27,17,52,8,0,0,1,1,0.025054458044837507,0.8727544910179639,89
CTRL008794,0,Male,White,Not Hispanic or Latino,1966,2018-09-22,2018,2018Q3,54.6,2013-10-21,2019-01-29,4.92,0.35,24,2,39,11,0,0,1,1,0.0854004195022063,1.1636726546906184,47
CTRL008796,0,Male,Black,Not Hispanic or Latino,1971,2017-09-12,2017,2017Q3,46.8,2015-08-17,2020-12-21,2.07,3.28,12,12,22,10,0,0,1,1,0.009418939972950593,0.8727544910179639,65
CTRL008806,0,Male,White,Not Hispanic or Latino,1974,2024-07-30,2024,2024Q3,49.4,2016-08-05,2025-12-04,7.99,1.35,30,6,48,6,0,0,1,1,0.06130021505186191,3.4910179640718555,18
CTRL008822,0,Female,White,Not Hispanic or Latino,1949,2020-09-10,2020,2020Q3,73.4,2016-12-08,2022-12-07,3.76,2.24,13,8,27,3,0,0,1,1,0.009291812544660534,0.8727544910179639,32
CTRL008831,0,Male,White,Not Hispanic or Latino,1941,2018-01-28,2018,2018Q1,77.4,2010-07-24,2018-08-04,7.52,0.52,27,7,47,4,0,0,1,1,0.060209976967436116,0.8727544910179639,72
CTRL008852,0,Female,White,Not Hispanic or Latino,1940,2017-06-11,2017,2017Q2,78.4,2005-06-11,2018-03-08,12.0,0.74,30,6,35,13,0,0,1,1,0.02087755587923784,0.8727544910179639,160
CTRL008859,0,Male,White,Hispanic or Latino,1968,2019-07-23,2019,2019Q3,49.4,2016-10-25,2019-12-02,2.74,0.36,13,0,21,8,0,0,1,1,0.019033366538301264,1.1636726546906184,164
CTRL008864,0,Female,White,Not Hispanic or Latino,1978,2024-12-18,2024,2024Q4,43.8,2017-09-22,2028-10-03,7.24,3.79,23,10,40,9,0,0,1,1,0.01749286984525877,0.8727544910179639,40
CTRL008878,0,Female,White,Not Hispanic or Latino,1938,2018-04-05,2018,2018Q2,81.1,2015-09-04,2019-07-12,2.59,1.27,15,5,20,5,0,0,1,1,0.028437782997121182,0.8727544910179639,24
CTRL008901,0,Female,White,Hispanic or Latino,1946,2019-10-08,2019,2019Q4,75.1,2011-05-29,2020-01-06,8.36,0.25,25,8,48,18,0,0,1,1,0.03884929105463007,0.8727544910179639,86
CTRL008911,0,Female,White,Not Hispanic or Latino,1973,2024-12-05,2024,2024Q4,50.3,2017-09-10,2027-02-13,7.24,2.19,21,8,25,10,0,0,1,1,0.017397272600945663,0.8727544910179639,40
CTRL008942,0,Female,White,Not Hispanic or Latino,1962,2021-06-22,2021,2021Q2,60.0,2019-04-12,2022-12-29,2.2,1.52,19,6,25,10,0,0,1,1,0.0687153223645477,3.4910179640718555,113
CTRL008953,0,Male,White,Not Hispanic or Latino,1947,2021-08-22,2021,2021Q3,75.1,2016-03-11,2024-11-28,5.45,3.27,25,5,56,10,0,0,1,1,0.05022852695791154,1.7455089820359277,154
CTRL008966,0,Female,White,Not Hispanic or Latino,2005,2024-04-09,2024,2024Q2,18.1,2022-05-19,2026-06-04,1.89,2.15,11,7,19,5,0,0,1,1,0.008254818965810505,0.8727544910179639,106
CTRL008984,0,Female,White,Not Hispanic or Latino,1943,2022-03-30,2022,2022Q1,77.3,2016-03-01,2023-11-10,6.08,1.62,24,6,38,7,0,0,1,1,0.04931344002926761,0.8727544910179639,37
CTRL008991,0,Female,White,Not Hispanic or Latino,1981,2018-01-16,2018,2018Q1,35.8,2016-05-26,2020-10-09,1.64,2.73,8,9,23,5,0,0,1,1,0.002619320648219947,0.8727544910179639,4
CTRL009020,0,Female,White,Not Hispanic or Latino,1978,2021-02-02,2021,2021Q1,40.9,2016-10-10,2021-09-11,4.32,0.61,16,6,36,7,0,0,1,1,0.021620789582574962,0.8727544910179639,39
CTRL009027,0,Female,Unknown,Not Hispanic or Latino,1948,2016-05-02,2016,2016Q2,64.4,2004-05-02,2016-09-04,12.0,0.34,30,7,56,11,0,0,1,1,0.019347982457354942,0.8727544910179639,61
CTRL009037,0,Female,Other,Not Hispanic or Latino,1953,2022-03-12,2022,2022Q1,69.1,2018-05-26,2023-08-01,3.8,1.39,17,7,20,13,0,0,1,1,0.04562843929392225,1.1636726546906184,92
CTRL009051,0,Female,White,Not Hispanic or Latino,1967,2019-08-04,2019,2019Q3,53.2,2013-11-28,2020-08-22,5.68,1.05,20,7,35,5,0,0,1,1,0.030210244759403412,0.8727544910179639,8
CTRL009071,0,Male,White,Unknown,1974,2016-11-24,2016,2016Q4,44.2,2010-05-21,2019-04-07,6.51,2.37,18,10,27,13,0,0,1,1,0.01413838878715913,0.8727544910179639,12
CTRL009075,0,Female,Unknown,Not Hispanic or Latino,1955,2018-11-04,2018,2018Q4,61.4,2015-10-13,2020-08-03,3.06,1.75,10,4,21,10,0,0,1,1,0.00421475332038122,0.8727544910179639,166
CTRL009076,0,Male,Black,Not Hispanic or Latino,1979,2021-10-30,2021,2021Q4,41.1,2018-10-31,2023-03-31,3.0,1.42,12,7,20,8,0,0,1,1,0.010044283116257255,0.8727544910179639,90
CTRL009088,0,Female,White,Hispanic or Latino,1973,2019-03-19,2019,2019Q1,47.8,2016-03-14,2020-06-17,3.01,1.25,10,3,21,7,0,0,1,1,0.005551719786257881,0.8727544910179639,98
CTRL009104,0,Male,White,Not Hispanic or Latino,1946,2017-05-06,2017,2017Q2,71.2,2014-12-17,2019-06-24,2.39,2.14,17,6,38,9,0,0,1,1,0.039390061985029166,0.8727544910179639,102
CTRL009107,0,Female,Black,Not Hispanic or Latino,1945,2019-09-07,2019,2019Q3,71.0,2011-03-13,2020-11-05,8.49,1.16,28,3,50,14,0,0,1,1,0.04583256056401143,1.1636726546906184,63
CTRL009139,0,Male,Black,Not Hispanic or Latino,1965,2017-06-18,2017,2017Q2,55.3,2012-02-07,2018-08-22,5.36,1.18,19,3,31,11,0,0,1,1,0.027999380526469476,0.8727544910179639,97
CTRL009144,0,Female,Unknown,Not Hispanic or Latino,1991,2021-06-28,2021,2021Q2,31.5,2017-10-14,2023-06-18,3.71,1.97,21,5,37,7,0,0,1,1,0.04724113970146833,0.8727544910179639,49
CTRL009145,0,Male,Other,Not Hispanic or Latino,1973,2022-01-17,2022,2022Q1,47.2,2019-06-22,2023-11-01,2.58,1.79,14,3,25,5,0,0,1,1,0.029071920534752296,0.8727544910179639,59
CTRL009205,0,Male,White,Hispanic or Latino,1975,2019-02-08,2019,2019Q1,40.7,2012-01-23,2022-05-21,7.05,3.28,17,10,47,9,0,0,1,1,0.006939287402111529,0.8727544910179639,130
CTRL009237,0,Female,White,Unknown,1949,2024-06-29,2024,2024Q2,71.5,2017-06-01,2026-03-21,7.08,1.73,24,7,36,10,0,0,1,1,0.04184209146619058,0.8727544910179639,21
CTRL009245,0,Male,Unknown,Not Hispanic or Latino,1950,2018-05-02,2018,2018Q2,71.7,2008-06-16,2018-09-20,9.88,0.39,27,6,47,11,0,0,1,1,0.02572504443079243,0.8727544910179639,74
CTRL009269,0,Female,White,Not Hispanic or Latino,1982,2021-01-25,2021,2021Q1,41.3,2014-10-11,2022-07-31,6.29,1.51,20,5,29,9,0,0,1,1,0.022069645991317752,0.8727544910179639,39
CTRL009322,0,Female,Asian,Not Hispanic or Latino,1987,2022-11-10,2022,2022Q4,34.9,2018-05-04,2026-04-29,4.52,3.47,21,9,31,12,0,0,1,1,0.040406176191466796,0.8727544910179639,111
CTRL009344,0,Female,Other,Hispanic or Latino,1974,2018-03-25,2018,2018Q1,41.7,2013-11-08,2019-03-20,4.38,0.99,13,4,31,12,0,0,1,1,0.015348430715999315,0.8727544910179639,123
CTRL009363,0,Male,White,Not Hispanic or Latino,1969,2017-08-09,2017,2017Q3,46.2,2015-08-26,2018-09-25,1.96,1.13,11,4,23,6,0,0,1,1,0.010605969040248867,0.8727544910179639,65
CTRL009372,0,Male,White,Not Hispanic or Latino,1980,2023-10-27,2023,2023Q4,42.1,2020-09-04,2025-01-14,3.14,1.22,12,1,21,12,0,0,1,1,0.009678840373028703,0.8727544910179639,121
CTRL009374,0,Female,Asian,Not Hispanic or Latino,1996,2020-09-29,2020,2020Q3,23.7,2015-05-03,2021-04-04,5.41,0.51,17,8,37,8,0,0,1,1,0.02451777595637501,0.8727544910179639,128
CTRL009377,0,Male,White,Unknown,2001,2022-04-18,2022,2022Q2,21.1,2020-03-28,2023-01-26,2.06,0.78,12,4,18,5,0,0,1,1,0.017264254444498972,0.8727544910179639,69
CTRL009390,0,Female,Other,Not Hispanic or Latino,1985,2020-11-20,2020,2020Q4,30.9,2013-04-02,2022-09-09,7.64,1.8,17,1,33,10,0,0,1,1,0.01129682762338913,0.8727544910179639,126
CTRL009397,0,Female,Asian,Not Hispanic or Latino,1986,2020-12-30,2020,2020Q4,35.9,2015-10-23,2025-01-24,5.19,4.07,21,11,43,20,0,0,1,1,0.029084753681401645,0.8727544910179639,84
CTRL009399,0,Female,White,Not Hispanic or Latino,2004,2018-03-04,2018,2018Q1,18.0,2013-09-02,2020-08-30,4.5,2.49,10,8,21,12,0,0,1,1,0.0023207443138294685,0.8727544910179639,4
CTRL009417,0,Female,White,Not Hispanic or Latino,1988,2023-02-01,2023,2023Q1,37.6,2020-06-04,2026-05-13,2.66,3.28,12,12,18,9,0,0,1,1,0.007351661364033459,0.8727544910179639,80
CTRL009448,0,Male,White,Not Hispanic or Latino,1940,2023-03-17,2023,2023Q1,85.8,2018-07-23,2024-03-07,4.65,0.97,11,7,21,12,0,0,1,1,0.005014076113682612,0.8727544910179639,108
CTRL009495,0,Female,Black,Not Hispanic or Latino,1996,2016-03-26,2016,2016Q1,22.9,2007-12-20,2016-11-13,8.27,0.64,22,7,45,15,0,0,1,1,0.019791546441551938,0.8727544910179639,158
CTRL009513,0,Male,Unknown,Not Hispanic or Latino,1942,2019-08-07,2019,2019Q3,77.5,2013-10-18,2021-02-16,5.8,1.53,19,6,31,14,0,0,1,1,0.020365884380272106,0.8727544910179639,116
CTRL009515,0,Male,White,Not Hispanic or Latino,1951,2023-02-27,2023,2023Q1,73.7,2019-03-11,2027-11-13,3.97,4.71,13,13,23,7,0,0,1,1,0.005242667751579524,0.8727544910179639,108
CTRL009517,0,Female,White,Not Hispanic or Latino,1970,2019-10-03,2019,2019Q4,49.3,2015-01-16,2021-04-03,4.71,1.5,21,4,37,7,0,0,1,1,0.04453648452483318,0.8727544910179639,42
CTRL009540,0,Female,White,Not Hispanic or Latino,1996,2017-04-27,2017,2017Q2,22.2,2011-01-08,2021-07-15,6.3,4.22,23,10,41,8,0,0,1,1,0.020637911029773612,0.8727544910179639,160
CTRL009550,0,Female,White,Not Hispanic or Latino,1972,2016-07-02,2016,2016Q3,45.2,2008-11-17,2018-12-07,7.62,2.43,21,9,44,11,0,1,1,1,0.01449032824860744,0.8727544910179639,26
CTRL009555,0,Female,Black,Not Hispanic or Latino,1982,2021-11-10,2021,2021Q4,42.0,2016-04-28,2023-06-19,5.54,1.61,21,7,40,10,0,0,1,1,0.03414758106999042,0.8727544910179639,43
CTRL009569,0,Female,White,Not Hispanic or Latino,1978,2023-02-20,2023,2023Q1,44.5,2019-08-13,2025-03-11,3.53,2.06,12,3,12,7,0,0,1,1,0.0072245878437561485,0.8727544910179639,80
CTRL009578,0,Female,White,Not Hispanic or Latino,1985,2022-02-03,2022,2022Q1,35.4,2016-01-05,2024-09-05,6.08,2.59,18,8,35,7,0,0,1,1,0.012600630149277037,0.8727544910179639,165
CTRL009582,0,Male,White,Not Hispanic or Latino,2000,2017-05-29,2017,2017Q2,18.0,2010-12-25,2020-06-06,6.43,3.02,22,9,38,9,0,0,1,1,0.021113711861510148,0.8727544910179639,144
CTRL009617,0,Female,Other,Not Hispanic or Latino,1949,2016-07-17,2016,2016Q3,66.6,2012-08-27,2019-01-27,3.89,2.53,16,10,27,10,0,0,1,1,0.028182295969625154,0.8727544910179639,73
CTRL009658,0,Male,White,Not Hispanic or Latino,1999,2024-06-24,2024,2024Q2,26.5,2013-02-28,2025-11-04,11.32,1.37,31,8,52,11,0,0,1,1,0.022996820022608472,0.8727544910179639,81
CTRL009699,0,Female,Asian,Not Hispanic or Latino,1959,2017-12-27,2017,2017Q4,61.1,2009-07-13,2020-06-24,8.46,2.49,29,14,60,5,0,0,1,1,0.049912933007988776,0.8727544910179639,78
CTRL009702,0,Female,White,Unknown,1983,2016-03-14,2016,2016Q1,30.0,2012-08-08,2019-06-20,3.6,3.27,17,13,43,7,0,0,1,1,0.023476711225022925,0.8727544910179639,64
CTRL009714,0,Female,White,Not Hispanic or Latino,1986,2016-01-09,2016,2016Q1,28.8,2010-10-14,2018-10-03,5.24,2.73,20,7,44,15,0,0,1,1,0.023479017038666523,0.8727544910179639,27
CTRL009716,0,Female,Unknown,Not Hispanic or Latino,1943,2019-01-11,2019,2019Q1,74.7,2015-10-11,2020-10-27,3.25,1.79,11,5,25,10,0,0,1,1,0.005742969600836754,0.8727544910179639,98
CTRL009772,0,Male,White,Not Hispanic or Latino,1941,2019-08-05,2019,2019Q3,76.1,2015-07-09,2019-12-13,4.08,0.36,14,3,19,6,0,0,1,1,0.01625144277121019,0.8727544910179639,116
CTRL009774,0,Female,White,Unknown,1955,2019-10-28,2019,2019Q4,65.0,2014-12-16,2020-07-23,4.87,0.74,18,2,31,5,0,0,1,1,0.03477837026023703,0.8727544910179639,55
CTRL009785,0,Female,White,Not Hispanic or Latino,1947,2019-08-31,2019,2019Q3,70.5,2013-11-09,2024-08-30,5.81,5.0,22,12,44,5,0,0,1,1,0.01949926503132794,0.8727544910179639,147
CTRL009809,0,Female,White,Unknown,1968,2024-11-26,2024,2024Q4,54.7,2023-02-02,2026-06-13,1.82,1.55,12,3,25,7,0,0,1,1,0.017247679297083138,0.8727544910179639,40
CTRL009824,0,Male,White,Unknown,1954,2021-05-02,2021,2021Q2,67.7,2014-06-22,2022-03-28,6.86,0.91,21,4,37,9,0,0,1,1,0.0318720147319916,0.8727544910179639,101
CTRL009846,0,Male,White,Not Hispanic or Latino,1943,2018-01-14,2018,2018Q1,77.9,2011-10-05,2021-06-10,6.28,3.41,28,16,40,9,0,0,1,1,0.05763743819852352,0.8727544910179639,72
CTRL009849,0,Female,White,Unknown,1995,2022-10-07,2022,2022Q4,28.9,2016-08-05,2027-10-15,6.17,5.02,23,5,49,4,0,1,1,1,0.022432292914968614,0.8727544910179639,85
CTRL009856,0,Female,White,Hispanic or Latino,1956,2018-09-19,2018,2018Q3,61.7,2016-05-22,2019-01-06,2.33,0.3,13,5,23,8,0,0,1,1,0.022601653954969315,0.8727544910179639,17
CTRL009864,0,Female,White,Not Hispanic or Latino,1941,2016-03-27,2016,2016Q1,75.4,2009-05-25,2019-09-19,6.84,3.48,24,7,31,10,0,0,1,1,0.02672484105489566,0.8727544910179639,27
CTRL009905,0,Female,White,Not Hispanic or Latino,1974,2018-09-16,2018,2018Q3,45.2,2015-08-20,2019-12-22,3.08,1.27,15,2,28,10,0,0,1,1,0.02240238073258013,0.8727544910179639,17
CTRL009919,0,Female,White,Not Hispanic or Latino,2004,2016-09-07,2016,2016Q3,18.0,2010-07-04,2019-11-01,6.18,3.15,25,4,43,8,0,0,1,1,0.035983282218780596,0.8727544910179639,162
CTRL009943,0,Female,White,Not Hispanic or Latino,1978,2018-02-25,2018,2018Q1,41.2,2007-03-15,2020-12-04,10.95,2.77,31,6,50,14,0,0,1,1,0.02020148728481954,0.8727544910179639,30
CTRL009951,0,Female,White,Not Hispanic or Latino,1942,2016-01-01,2016,2016Q1,76.1,2006-01-24,2016-06-07,9.94,0.43,26,2,47,13,0,0,1,1,0.02481876979266866,0.8727544910179639,64
CTRL009953,0,Male,Black,Not Hispanic or Latino,1994,2017-04-28,2017,2017Q2,22.6,2008-02-22,2018-01-16,9.18,0.72,26,8,37,10,0,0,1,1,0.027320453129804356,0.8727544910179639,97
CTRL009965,0,Female,White,Hispanic or Latino,1998,2022-08-26,2022,2022Q3,25.1,2017-11-29,2025-08-09,4.74,2.95,24,12,40,7,0,0,1,1,0.054468349294777715,1.1636726546906184,38
CTRL009975,0,Female,White,Not Hispanic or Latino,1998,2016-01-21,2016,2016Q1,19.3,2004-05-03,2017-02-17,11.72,1.08,36,6,56,13,0,0,1,1,0.03721470018937282,0.8727544910179639,112
CTRL009976,0,Female,Asian,Not Hispanic or Latino,1986,2023-06-22,2023,2023Q2,37.8,2017-11-16,2028-04-19,5.6,4.83,20,15,27,7,0,0,1,1,0.018317650849130604,0.8727544910179639,114
