Patient_ID,DiagnosisDate,DiagnosisCode,Vocabulary,DiagnosisLabel,Timing
HAT00000,2025-04-18,R10.9,ICD10CM,abdominal pain,post-index
HAT00000,2025-01-05,R53.83,ICD10CM,fatigue,post-index
HAT00000,2024-06-30,L50.9,ICD10CM,urticaria,post-index
HAT00000,2024-10-11,K21.9,ICD10CM,GERD,post-index
HAT00001,2023-12-07,L50.9,ICD10CM,urticaria,post-index
HAT00001,2023-10-28,L50.9,ICD10CM,urticaria,post-index
HAT00002,2019-06-09,G43.909,ICD10CM,migraine,post-index
HAT00002,2017-10-17,I10,ICD10CM,hypertension,post-index
HAT00002,2017-04-03,E78.5,ICD10CM,hyperlipidemia,post-index
HAT00002,2019-01-15,F41.9,ICD10CM,anxiety,post-index
HAT00002,2018-04-25,K21.9,ICD10CM,GERD,post-index
HAT00002,2018-11-09,R10.9,ICD10CM,abdominal pain,post-index
HAT00002,2017-06-15,L50.9,ICD10CM,urticaria,post-index
HAT00002,2019-01-05,L50.9,ICD10CM,urticaria,post-index
HAT00002,2018-01-03,J45.909,ICD10CM,asthma,post-index
HAT00002,2017-09-28,R53.83,ICD10CM,fatigue,post-index
HAT00002,2017-10-08,K21.9,ICD10CM,GERD,post-index
HAT00004,2018-05-21,I10,ICD10CM,hypertension,post-index
HAT00004,2018-12-05,J45.909,ICD10CM,asthma,post-index
HAT00004,2019-02-15,L50.9,ICD10CM,urticaria,post-index
HAT00004,2018-08-04,F41.9,ICD10CM,anxiety,post-index
HAT00004,2019-02-11,F41.9,ICD10CM,anxiety,post-index
HAT00004,2018-05-08,F41.9,ICD10CM,anxiety,post-index
HAT00004,2019-01-19,F41.9,ICD10CM,anxiety,post-index
HAT00006,2023-03-03,R10.9,ICD10CM,abdominal pain,post-index
HAT00006,2025-09-23,M79.7,ICD10CM,fibromyalgia,post-index
HAT00006,2025-09-25,L50.9,ICD10CM,urticaria,post-index
HAT00006,2023-07-18,K21.9,ICD10CM,GERD,post-index
HAT00006,2023-11-14,F41.9,ICD10CM,anxiety,post-index
HAT00006,2025-04-07,R53.83,ICD10CM,fatigue,post-index
HAT00006,2026-01-31,G43.909,ICD10CM,migraine,post-index
HAT00006,2024-08-18,M79.7,ICD10CM,fibromyalgia,post-index
HAT00006,2025-07-30,F41.9,ICD10CM,anxiety,post-index
HAT00006,2023-03-12,G43.909,ICD10CM,migraine,post-index
HAT00006,2026-04-06,E78.5,ICD10CM,hyperlipidemia,post-index
HAT00006,2024-09-07,L50.9,ICD10CM,urticaria,post-index
HAT00007,2023-09-21,F41.9,ICD10CM,anxiety,post-index
HAT00007,2024-01-04,K21.9,ICD10CM,GERD,post-index
HAT00008,2017-12-11,L50.9,ICD10CM,urticaria,post-index
HAT00008,2017-10-11,E78.5,ICD10CM,hyperlipidemia,post-index
HAT00008,2017-12-21,G43.909,ICD10CM,migraine,post-index
HAT00009,2020-03-27,K21.9,ICD10CM,GERD,post-index
HAT00009,2020-02-29,R10.9,ICD10CM,abdominal pain,post-index
HAT00009,2021-02-02,E78.5,ICD10CM,hyperlipidemia,post-index
HAT00009,2020-02-05,L50.9,ICD10CM,urticaria,post-index
HAT00009,2020-12-12,K21.9,ICD10CM,GERD,post-index
HAT00009,2020-04-30,K21.9,ICD10CM,GERD,post-index
HAT00010,2024-07-13,R53.83,ICD10CM,fatigue,post-index
HAT00010,2024-08-13,K21.9,ICD10CM,GERD,post-index
HAT00011,2021-04-27,G43.909,ICD10CM,migraine,post-index
HAT00011,2020-12-26,R10.9,ICD10CM,abdominal pain,post-index
HAT00011,2021-02-17,F41.9,ICD10CM,anxiety,post-index
HAT00012,2017-01-23,F41.9,ICD10CM,anxiety,post-index
HAT00012,2016-12-10,F41.9,ICD10CM,anxiety,post-index
HAT00012,2016-09-05,R10.9,ICD10CM,abdominal pain,post-index
HAT00012,2016-10-09,G43.909,ICD10CM,migraine,post-index
HAT00012,2016-04-01,E78.5,ICD10CM,hyperlipidemia,post-index
HAT00012,2016-07-31,L50.9,ICD10CM,urticaria,post-index
HAT00013,2017-06-09,E78.5,ICD10CM,hyperlipidemia,post-index
HAT00013,2017-01-10,J45.909,ICD10CM,asthma,post-index
HAT00013,2017-05-10,L50.9,ICD10CM,urticaria,post-index
HAT00013,2017-04-11,R10.9,ICD10CM,abdominal pain,post-index
HAT00013,2017-05-30,R10.9,ICD10CM,abdominal pain,post-index
HAT00013,2017-04-12,L50.9,ICD10CM,urticaria,post-index
HAT00013,2017-03-11,L50.9,ICD10CM,urticaria,post-index
HAT00013,2017-05-28,R53.83,ICD10CM,fatigue,post-index
HAT00014,2021-04-25,R53.83,ICD10CM,fatigue,post-index
HAT00014,2020-07-26,R53.83,ICD10CM,fatigue,post-index
HAT00014,2022-05-23,F41.9,ICD10CM,anxiety,post-index
HAT00014,2021-03-25,G43.909,ICD10CM,migraine,post-index
HAT00014,2021-08-20,R10.9,ICD10CM,abdominal pain,post-index
HAT00014,2020-12-21,J45.909,ICD10CM,asthma,post-index
HAT00014,2022-09-27,I10,ICD10CM,hypertension,post-index
HAT00015,2024-01-07,M79.7,ICD10CM,fibromyalgia,post-index
HAT00015,2023-11-30,L50.9,ICD10CM,urticaria,post-index
HAT00015,2024-04-08,R53.83,ICD10CM,fatigue,post-index
HAT00015,2023-11-08,J45.909,ICD10CM,asthma,post-index
HAT00016,2023-11-26,R53.83,ICD10CM,fatigue,post-index
HAT00016,2023-01-31,L50.9,ICD10CM,urticaria,post-index
HAT00016,2024-05-25,G43.909,ICD10CM,migraine,post-index
HAT00016,2023-08-27,G43.909,ICD10CM,migraine,post-index
HAT00016,2024-04-19,K21.9,ICD10CM,GERD,post-index
HAT00016,2024-02-21,G43.909,ICD10CM,migraine,post-index
HAT00016,2023-03-19,I10,ICD10CM,hypertension,post-index
HAT00017,2019-02-16,M79.7,ICD10CM,fibromyalgia,post-index
HAT00017,2020-06-08,G43.909,ICD10CM,migraine,post-index
HAT00017,2019-11-23,R53.83,ICD10CM,fatigue,post-index
HAT00017,2018-09-09,L50.9,ICD10CM,urticaria,post-index
HAT00017,2018-11-01,R10.9,ICD10CM,abdominal pain,post-index
HAT00017,2018-12-04,L50.9,ICD10CM,urticaria,post-index
HAT00018,2025-01-30,G43.909,ICD10CM,migraine,post-index
HAT00018,2024-08-08,J45.909,ICD10CM,asthma,post-index
HAT00018,2025-03-22,R53.83,ICD10CM,fatigue,post-index
HAT00018,2024-04-17,K21.9,ICD10CM,GERD,post-index
HAT00018,2025-03-10,I10,ICD10CM,hypertension,post-index
HAT00018,2024-06-30,G43.909,ICD10CM,migraine,post-index
HAT00018,2025-01-29,R10.9,ICD10CM,abdominal pain,post-index
HAT00019,2018-09-01,R53.83,ICD10CM,fatigue,post-index
HAT00020,2024-08-14,K21.9,ICD10CM,GERD,post-index
HAT00020,2024-08-26,L50.9,ICD10CM,urticaria,post-index
HAT00020,2024-08-26,M79.7,ICD10CM,fibromyalgia,post-index
HAT00020,2024-08-04,F41.9,ICD10CM,anxiety,post-index
HAT00020,2024-09-08,R53.83,ICD10CM,fatigue,post-index
HAT00020,2024-10-07,R10.9,ICD10CM,abdominal pain,post-index
HAT00020,2024-09-19,L50.9,ICD10CM,urticaria,post-index
HAT00021,2022-12-05,K21.9,ICD10CM,GERD,post-index
HAT00021,2022-10-09,R53.83,ICD10CM,fatigue,post-index
HAT00021,2022-09-25,R10.9,ICD10CM,abdominal pain,post-index
HAT00022,2021-01-12,K21.9,ICD10CM,GERD,post-index
HAT00022,2022-02-26,L50.9,ICD10CM,urticaria,post-index
HAT00022,2021-05-02,G43.909,ICD10CM,migraine,post-index
HAT00022,2021-01-18,L50.9,ICD10CM,urticaria,post-index
HAT00022,2021-08-23,K21.9,ICD10CM,GERD,post-index
HAT00022,2021-08-10,R53.83,ICD10CM,fatigue,post-index
HAT00022,2021-09-14,L50.9,ICD10CM,urticaria,post-index
HAT00023,2024-09-05,R10.9,ICD10CM,abdominal pain,post-index
HAT00023,2024-08-27,F41.9,ICD10CM,anxiety,post-index
HAT00023,2024-09-22,M79.7,ICD10CM,fibromyalgia,post-index
HAT00023,2024-08-14,F41.9,ICD10CM,anxiety,post-index
HAT00023,2024-08-08,R53.83,ICD10CM,fatigue,post-index
HAT00023,2024-08-21,M79.7,ICD10CM,fibromyalgia,post-index
HAT00024,2021-11-28,F41.9,ICD10CM,anxiety,post-index
HAT00024,2020-03-02,L50.9,ICD10CM,urticaria,post-index
HAT00024,2022-03-19,L50.9,ICD10CM,urticaria,post-index
HAT00025,2021-03-05,L50.9,ICD10CM,urticaria,post-index
HAT00025,2020-12-02,R53.83,ICD10CM,fatigue,post-index
HAT00025,2020-11-23,L50.9,ICD10CM,urticaria,post-index
HAT00025,2021-01-11,K21.9,ICD10CM,GERD,post-index
HAT00025,2021-01-31,J45.909,ICD10CM,asthma,post-index
HAT00025,2021-04-06,R53.83,ICD10CM,fatigue,post-index
HAT00025,2021-01-26,E78.5,ICD10CM,hyperlipidemia,post-index
HAT00025,2021-02-14,L50.9,ICD10CM,urticaria,post-index
HAT00026,2018-04-11,K21.9,ICD10CM,GERD,post-index
HAT00026,2018-05-30,I10,ICD10CM,hypertension,post-index
HAT00026,2018-12-09,R53.83,ICD10CM,fatigue,post-index
HAT00027,2021-05-16,R53.83,ICD10CM,fatigue,post-index
HAT00027,2020-10-18,G43.909,ICD10CM,migraine,post-index
HAT00028,2018-10-12,F41.9,ICD10CM,anxiety,post-index
HAT00028,2018-08-11,G43.909,ICD10CM,migraine,post-index
HAT00028,2017-01-04,E78.5,ICD10CM,hyperlipidemia,post-index
HAT00028,2017-12-12,I10,ICD10CM,hypertension,post-index
HAT00028,2018-11-22,R53.83,ICD10CM,fatigue,post-index
HAT00028,2017-10-21,R10.9,ICD10CM,abdominal pain,post-index
HAT00029,2016-10-23,G43.909,ICD10CM,migraine,post-index
HAT00029,2016-06-09,R53.83,ICD10CM,fatigue,post-index
HAT00029,2017-11-21,R10.9,ICD10CM,abdominal pain,post-index
HAT00029,2018-01-27,M79.7,ICD10CM,fibromyalgia,post-index
HAT00029,2017-03-01,J45.909,ICD10CM,asthma,post-index
HAT00029,2018-04-22,M79.7,ICD10CM,fibromyalgia,post-index
HAT00029,2016-05-11,E78.5,ICD10CM,hyperlipidemia,post-index
HAT00030,2017-09-09,K21.9,ICD10CM,GERD,post-index
HAT00030,2017-06-13,R53.83,ICD10CM,fatigue,post-index
HAT00030,2017-07-26,L50.9,ICD10CM,urticaria,post-index
HAT00030,2017-08-05,G43.909,ICD10CM,migraine,post-index
HAT00030,2017-08-22,J45.909,ICD10CM,asthma,post-index
HAT00030,2017-01-30,G43.909,ICD10CM,migraine,post-index
HAT00030,2017-05-20,L50.9,ICD10CM,urticaria,post-index
HAT00030,2017-07-16,R10.9,ICD10CM,abdominal pain,post-index
HAT00031,2016-10-13,R53.83,ICD10CM,fatigue,post-index
HAT00031,2016-11-14,I10,ICD10CM,hypertension,post-index
HAT00032,2018-11-03,I10,ICD10CM,hypertension,post-index
HAT00032,2019-09-23,R53.83,ICD10CM,fatigue,post-index
HAT00032,2018-10-05,F41.9,ICD10CM,anxiety,post-index
HAT00032,2018-06-28,R10.9,ICD10CM,abdominal pain,post-index
HAT00032,2018-09-20,G43.909,ICD10CM,migraine,post-index
HAT00032,2018-03-29,L50.9,ICD10CM,urticaria,post-index
HAT00032,2019-01-08,E78.5,ICD10CM,hyperlipidemia,post-index
HAT00033,2020-01-10,L50.9,ICD10CM,urticaria,post-index
HAT00033,2019-06-13,J45.909,ICD10CM,asthma,post-index
HAT00033,2018-07-18,R10.9,ICD10CM,abdominal pain,post-index
HAT00033,2019-07-13,R53.83,ICD10CM,fatigue,post-index
HAT00033,2018-03-17,I10,ICD10CM,hypertension,post-index
HAT00033,2020-08-22,F41.9,ICD10CM,anxiety,post-index
HAT00033,2019-11-11,L50.9,ICD10CM,urticaria,post-index
HAT00033,2019-12-26,I10,ICD10CM,hypertension,post-index
HAT00034,2021-09-29,L50.9,ICD10CM,urticaria,post-index
HAT00034,2021-06-11,K21.9,ICD10CM,GERD,post-index
HAT00034,2021-06-11,I10,ICD10CM,hypertension,post-index
HAT00034,2021-04-30,I10,ICD10CM,hypertension,post-index
HAT00034,2021-06-18,R10.9,ICD10CM,abdominal pain,post-index
HAT00034,2021-10-19,R53.83,ICD10CM,fatigue,post-index
HAT00034,2021-09-24,M79.7,ICD10CM,fibromyalgia,post-index
HAT00034,2021-01-27,F41.9,ICD10CM,anxiety,post-index
HAT00034,2021-06-18,E78.5,ICD10CM,hyperlipidemia,post-index
HAT00034,2021-10-11,F41.9,ICD10CM,anxiety,post-index
HAT00036,2021-05-09,K21.9,ICD10CM,GERD,post-index
HAT00036,2020-04-30,J45.909,ICD10CM,asthma,post-index
HAT00036,2020-11-26,R53.83,ICD10CM,fatigue,post-index
HAT00036,2021-04-12,L50.9,ICD10CM,urticaria,post-index
HAT00037,2017-08-14,R53.83,ICD10CM,fatigue,post-index
HAT00037,2016-11-09,E78.5,ICD10CM,hyperlipidemia,post-index
HAT00037,2018-06-08,F41.9,ICD10CM,anxiety,post-index
HAT00037,2016-04-01,I10,ICD10CM,hypertension,post-index
HAT00037,2016-09-11,R10.9,ICD10CM,abdominal pain,post-index
HAT00037,2017-12-11,E78.5,ICD10CM,hyperlipidemia,post-index
HAT00037,2016-10-20,R10.9,ICD10CM,abdominal pain,post-index
HAT00038,2022-08-26,R10.9,ICD10CM,abdominal pain,post-index
HAT00038,2022-11-28,R53.83,ICD10CM,fatigue,post-index
HAT00038,2022-11-23,M79.7,ICD10CM,fibromyalgia,post-index
HAT00039,2018-12-20,K21.9,ICD10CM,GERD,post-index
HAT00039,2019-01-28,L50.9,ICD10CM,urticaria,post-index
HAT00039,2018-04-03,I10,ICD10CM,hypertension,post-index
HAT00039,2017-03-10,K21.9,ICD10CM,GERD,post-index
HAT00039,2017-03-13,I10,ICD10CM,hypertension,post-index
HAT00039,2019-01-31,R53.83,ICD10CM,fatigue,post-index
HAT00040,2022-02-12,R10.9,ICD10CM,abdominal pain,post-index
HAT00040,2022-07-22,R53.83,ICD10CM,fatigue,post-index
HAT00040,2022-07-01,M79.7,ICD10CM,fibromyalgia,post-index
HAT00040,2022-06-13,R10.9,ICD10CM,abdominal pain,post-index
HAT00041,2022-10-05,E78.5,ICD10CM,hyperlipidemia,post-index
HAT00041,2023-12-29,E78.5,ICD10CM,hyperlipidemia,post-index
HAT00041,2022-10-17,L50.9,ICD10CM,urticaria,post-index
HAT00041,2024-06-20,R53.83,ICD10CM,fatigue,post-index
HAT00041,2024-04-14,L50.9,ICD10CM,urticaria,post-index
HAT00042,2021-07-04,L50.9,ICD10CM,urticaria,post-index
HAT00043,2023-03-25,F41.9,ICD10CM,anxiety,post-index
HAT00043,2023-02-12,R53.83,ICD10CM,fatigue,post-index
HAT00043,2023-05-11,G43.909,ICD10CM,migraine,post-index
HAT00043,2023-04-19,G43.909,ICD10CM,migraine,post-index
HAT00043,2023-02-13,R10.9,ICD10CM,abdominal pain,post-index
HAT00043,2023-05-05,L50.9,ICD10CM,urticaria,post-index
HAT00043,2023-03-13,R53.83,ICD10CM,fatigue,post-index
HAT00043,2023-06-04,F41.9,ICD10CM,anxiety,post-index
HAT00044,2025-10-22,R53.83,ICD10CM,fatigue,post-index
HAT00044,2025-03-15,J45.909,ICD10CM,asthma,post-index
HAT00044,2025-02-03,K21.9,ICD10CM,GERD,post-index
HAT00044,2025-10-30,R53.83,ICD10CM,fatigue,post-index
HAT00044,2025-01-02,G43.909,ICD10CM,migraine,post-index
HAT00045,2020-05-27,F41.9,ICD10CM,anxiety,post-index
HAT00045,2020-06-20,E78.5,ICD10CM,hyperlipidemia,post-index
HAT00045,2020-01-20,L50.9,ICD10CM,urticaria,post-index
HAT00045,2020-01-11,L50.9,ICD10CM,urticaria,post-index
HAT00045,2020-07-03,K21.9,ICD10CM,GERD,post-index
HAT00045,2020-06-29,J45.909,ICD10CM,asthma,post-index
HAT00045,2019-12-30,G43.909,ICD10CM,migraine,post-index
HAT00045,2020-07-08,R53.83,ICD10CM,fatigue,post-index
HAT00045,2020-02-07,R10.9,ICD10CM,abdominal pain,post-index
HAT00047,2019-12-24,G43.909,ICD10CM,migraine,post-index
HAT00047,2020-01-20,R10.9,ICD10CM,abdominal pain,post-index
HAT00047,2019-11-30,K21.9,ICD10CM,GERD,post-index
HAT00047,2020-01-10,R53.83,ICD10CM,fatigue,post-index
HAT00047,2020-01-07,F41.9,ICD10CM,anxiety,post-index
HAT00047,2020-01-02,J45.909,ICD10CM,asthma,post-index
HAT00047,2019-11-27,L50.9,ICD10CM,urticaria,post-index
HAT00048,2023-10-09,R53.83,ICD10CM,fatigue,post-index
HAT00048,2023-02-15,G43.909,ICD10CM,migraine,post-index
HAT00048,2023-10-05,R53.83,ICD10CM,fatigue,post-index
HAT00048,2022-04-18,I10,ICD10CM,hypertension,post-index
HAT00048,2024-01-17,F41.9,ICD10CM,anxiety,post-index
HAT00049,2025-11-08,I10,ICD10CM,hypertension,post-index
HAT00049,2025-03-21,F41.9,ICD10CM,anxiety,post-index
HAT00049,2025-05-06,L50.9,ICD10CM,urticaria,post-index
HAT00049,2025-10-27,M79.7,ICD10CM,fibromyalgia,post-index
HAT00049,2024-11-26,G43.909,ICD10CM,migraine,post-index
HAT00049,2025-08-30,G43.909,ICD10CM,migraine,post-index
HAT00049,2025-11-14,M79.7,ICD10CM,fibromyalgia,post-index
HAT00049,2025-11-18,L50.9,ICD10CM,urticaria,post-index
HAT00049,2025-06-17,K21.9,ICD10CM,GERD,post-index
HAT00049,2026-01-24,I10,ICD10CM,hypertension,post-index
HAT00050,2019-10-10,R10.9,ICD10CM,abdominal pain,post-index
HAT00050,2019-11-20,R53.83,ICD10CM,fatigue,post-index
HAT00050,2020-04-15,R10.9,ICD10CM,abdominal pain,post-index
HAT00051,2018-09-22,L50.9,ICD10CM,urticaria,post-index
HAT00051,2018-09-20,G43.909,ICD10CM,migraine,post-index
HAT00051,2018-08-26,K21.9,ICD10CM,GERD,post-index
HAT00051,2018-07-30,L50.9,ICD10CM,urticaria,post-index
HAT00052,2018-12-19,L50.9,ICD10CM,urticaria,post-index
HAT00052,2019-04-15,G43.909,ICD10CM,migraine,post-index
HAT00052,2018-12-16,L50.9,ICD10CM,urticaria,post-index
HAT00052,2019-05-16,K21.9,ICD10CM,GERD,post-index
HAT00052,2019-02-21,R53.83,ICD10CM,fatigue,post-index
HAT00052,2019-01-24,F41.9,ICD10CM,anxiety,post-index
HAT00052,2019-09-05,L50.9,ICD10CM,urticaria,post-index
HAT00053,2024-01-03,L50.9,ICD10CM,urticaria,post-index
HAT00053,2024-05-26,E78.5,ICD10CM,hyperlipidemia,post-index
HAT00053,2024-08-02,R53.83,ICD10CM,fatigue,post-index
HAT00053,2024-06-08,K21.9,ICD10CM,GERD,post-index
HAT00054,2021-07-26,R53.83,ICD10CM,fatigue,post-index
HAT00055,2019-05-07,E78.5,ICD10CM,hyperlipidemia,post-index
HAT00055,2019-01-18,R53.83,ICD10CM,fatigue,post-index
HAT00055,2018-03-17,L50.9,ICD10CM,urticaria,post-index
HAT00055,2017-12-05,E78.5,ICD10CM,hyperlipidemia,post-index
HAT00056,2017-01-16,R53.83,ICD10CM,fatigue,post-index
HAT00056,2016-10-22,L50.9,ICD10CM,urticaria,post-index
HAT00056,2016-10-10,I10,ICD10CM,hypertension,post-index
HAT00056,2016-12-17,F41.9,ICD10CM,anxiety,post-index
HAT00057,2024-01-21,K21.9,ICD10CM,GERD,post-index
HAT00057,2023-07-12,F41.9,ICD10CM,anxiety,post-index
HAT00057,2023-11-30,L50.9,ICD10CM,urticaria,post-index
HAT00057,2024-05-12,K21.9,ICD10CM,GERD,post-index
HAT00057,2024-05-13,L50.9,ICD10CM,urticaria,post-index
HAT00057,2024-06-15,G43.909,ICD10CM,migraine,post-index
HAT00058,2016-11-03,R10.9,ICD10CM,abdominal pain,post-index
HAT00058,2017-01-18,K21.9,ICD10CM,GERD,post-index
HAT00058,2017-02-24,L50.9,ICD10CM,urticaria,post-index
HAT00058,2016-10-26,E78.5,ICD10CM,hyperlipidemia,post-index
HAT00058,2017-03-26,R10.9,ICD10CM,abdominal pain,post-index
HAT00058,2016-11-23,K21.9,ICD10CM,GERD,post-index
HAT00058,2016-12-27,J45.909,ICD10CM,asthma,post-index
HAT00058,2016-12-06,G43.909,ICD10CM,migraine,post-index
HAT00058,2017-02-09,R53.83,ICD10CM,fatigue,post-index
HAT00059,2017-04-10,R53.83,ICD10CM,fatigue,post-index
HAT00059,2017-11-16,L50.9,ICD10CM,urticaria,post-index
HAT00060,2020-03-12,R10.9,ICD10CM,abdominal pain,post-index
HAT00060,2020-10-12,K21.9,ICD10CM,GERD,post-index
HAT00060,2022-07-22,L50.9,ICD10CM,urticaria,post-index
HAT00061,2019-05-30,K21.9,ICD10CM,GERD,post-index
HAT00061,2019-05-07,E78.5,ICD10CM,hyperlipidemia,post-index
HAT00061,2019-07-19,E78.5,ICD10CM,hyperlipidemia,post-index
HAT00061,2019-08-13,R53.83,ICD10CM,fatigue,post-index
HAT00061,2019-06-23,J45.909,ICD10CM,asthma,post-index
HAT00061,2019-07-28,G43.909,ICD10CM,migraine,post-index
HAT00061,2019-08-31,K21.9,ICD10CM,GERD,post-index
HAT00062,2019-01-20,R53.83,ICD10CM,fatigue,post-index
HAT00062,2019-10-16,L50.9,ICD10CM,urticaria,post-index
HAT00062,2020-02-20,I10,ICD10CM,hypertension,post-index
HAT00063,2017-06-10,I10,ICD10CM,hypertension,post-index
HAT00063,2017-09-20,E78.5,ICD10CM,hyperlipidemia,post-index
HAT00063,2017-07-19,K21.9,ICD10CM,GERD,post-index
HAT00063,2017-04-01,K21.9,ICD10CM,GERD,post-index
HAT00063,2017-09-05,J45.909,ICD10CM,asthma,post-index
HAT00063,2018-02-19,L50.9,ICD10CM,urticaria,post-index
HAT00063,2017-01-21,L50.9,ICD10CM,urticaria,post-index
HAT00063,2017-10-24,L50.9,ICD10CM,urticaria,post-index
HAT00063,2018-08-24,G43.909,ICD10CM,migraine,post-index
HAT00063,2017-02-28,E78.5,ICD10CM,hyperlipidemia,post-index
HAT00063,2018-09-26,J45.909,ICD10CM,asthma,post-index
HAT00064,2024-02-01,L50.9,ICD10CM,urticaria,post-index
HAT00064,2024-02-24,R53.83,ICD10CM,fatigue,post-index
HAT00064,2022-06-14,R53.83,ICD10CM,fatigue,post-index
HAT00064,2023-04-03,L50.9,ICD10CM,urticaria,post-index
HAT00064,2022-11-06,R53.83,ICD10CM,fatigue,post-index
HAT00064,2023-09-03,I10,ICD10CM,hypertension,post-index
HAT00064,2023-08-08,R53.83,ICD10CM,fatigue,post-index
HAT00064,2022-02-03,L50.9,ICD10CM,urticaria,post-index
HAT00065,2022-04-22,R53.83,ICD10CM,fatigue,post-index
HAT00065,2023-08-04,G43.909,ICD10CM,migraine,post-index
HAT00065,2024-03-11,M79.7,ICD10CM,fibromyalgia,post-index
HAT00065,2023-06-18,R53.83,ICD10CM,fatigue,post-index
HAT00065,2023-05-23,F41.9,ICD10CM,anxiety,post-index
HAT00065,2022-04-01,R10.9,ICD10CM,abdominal pain,post-index
HAT00065,2023-08-19,R53.83,ICD10CM,fatigue,post-index
HAT00065,2023-06-04,E78.5,ICD10CM,hyperlipidemia,post-index
HAT00066,2018-03-19,R10.9,ICD10CM,abdominal pain,post-index
HAT00066,2021-02-01,F41.9,ICD10CM,anxiety,post-index
HAT00066,2018-11-06,R10.9,ICD10CM,abdominal pain,post-index
HAT00066,2018-06-12,E78.5,ICD10CM,hyperlipidemia,post-index
HAT00066,2020-01-08,L50.9,ICD10CM,urticaria,post-index
HAT00066,2020-08-04,R53.83,ICD10CM,fatigue,post-index
HAT00066,2016-11-21,K21.9,ICD10CM,GERD,post-index
HAT00066,2017-07-28,R10.9,ICD10CM,abdominal pain,post-index
HAT00066,2018-04-15,R10.9,ICD10CM,abdominal pain,post-index
HAT00066,2019-05-16,L50.9,ICD10CM,urticaria,post-index
HAT00066,2021-01-10,I10,ICD10CM,hypertension,post-index
HAT00066,2019-06-06,I10,ICD10CM,hypertension,post-index
HAT00066,2017-04-28,L50.9,ICD10CM,urticaria,post-index
HAT00068,2019-11-12,R53.83,ICD10CM,fatigue,post-index
HAT00068,2020-01-25,F41.9,ICD10CM,anxiety,post-index
HAT00068,2020-06-15,R10.9,ICD10CM,abdominal pain,post-index
HAT00068,2019-11-02,R53.83,ICD10CM,fatigue,post-index
HAT00068,2020-07-07,M79.7,ICD10CM,fibromyalgia,post-index
HAT00068,2020-05-11,R10.9,ICD10CM,abdominal pain,post-index
HAT00068,2019-12-18,F41.9,ICD10CM,anxiety,post-index
HAT00069,2017-08-17,I10,ICD10CM,hypertension,post-index
HAT00069,2017-12-15,R53.83,ICD10CM,fatigue,post-index
HAT00069,2016-07-17,J45.909,ICD10CM,asthma,post-index
HAT00070,2019-01-21,M79.7,ICD10CM,fibromyalgia,post-index
HAT00070,2019-03-27,L50.9,ICD10CM,urticaria,post-index
HAT00070,2019-04-12,J45.909,ICD10CM,asthma,post-index
HAT00070,2018-06-26,L50.9,ICD10CM,urticaria,post-index
HAT00070,2020-01-23,F41.9,ICD10CM,anxiety,post-index
HAT00070,2019-06-23,E78.5,ICD10CM,hyperlipidemia,post-index
HAT00070,2018-11-02,R53.83,ICD10CM,fatigue,post-index
HAT00071,2022-04-14,I10,ICD10CM,hypertension,post-index
HAT00071,2023-02-15,G43.909,ICD10CM,migraine,post-index
HAT00071,2022-11-09,G43.909,ICD10CM,migraine,post-index
HAT00071,2022-05-29,J45.909,ICD10CM,asthma,post-index
HAT00072,2023-11-03,M79.7,ICD10CM,fibromyalgia,post-index
HAT00072,2022-06-09,K21.9,ICD10CM,GERD,post-index
HAT00072,2024-08-17,M79.7,ICD10CM,fibromyalgia,post-index
HAT00072,2022-04-13,L50.9,ICD10CM,urticaria,post-index
HAT00072,2022-03-16,K21.9,ICD10CM,GERD,post-index
HAT00072,2024-09-09,E78.5,ICD10CM,hyperlipidemia,post-index
HAT00072,2024-03-25,R10.9,ICD10CM,abdominal pain,post-index
HAT00072,2024-01-12,R10.9,ICD10CM,abdominal pain,post-index
HAT00072,2023-05-05,K21.9,ICD10CM,GERD,post-index
HAT00072,2025-08-19,G43.909,ICD10CM,migraine,post-index
HAT00075,2018-05-21,R10.9,ICD10CM,abdominal pain,post-index
HAT00075,2018-04-29,R10.9,ICD10CM,abdominal pain,post-index
HAT00075,2017-07-06,R10.9,ICD10CM,abdominal pain,post-index
HAT00075,2017-06-16,K21.9,ICD10CM,GERD,post-index
HAT00077,2022-11-21,J45.909,ICD10CM,asthma,post-index
HAT00077,2022-10-11,K21.9,ICD10CM,GERD,post-index
HAT00077,2022-09-09,F41.9,ICD10CM,anxiety,post-index
HAT00077,2022-11-14,M79.7,ICD10CM,fibromyalgia,post-index
HAT00078,2024-11-15,F41.9,ICD10CM,anxiety,post-index
HAT00078,2023-06-30,R10.9,ICD10CM,abdominal pain,post-index
HAT00078,2025-03-13,G43.909,ICD10CM,migraine,post-index
HAT00078,2024-08-10,R10.9,ICD10CM,abdominal pain,post-index
HAT00078,2024-08-31,G43.909,ICD10CM,migraine,post-index
HAT00078,2025-09-19,R53.83,ICD10CM,fatigue,post-index
HAT00078,2026-07-09,R10.9,ICD10CM,abdominal pain,post-index
HAT00080,2024-01-24,F41.9,ICD10CM,anxiety,post-index
HAT00080,2024-06-24,G43.909,ICD10CM,migraine,post-index
HAT00080,2023-12-28,R10.9,ICD10CM,abdominal pain,post-index
HAT00081,2018-04-15,R10.9,ICD10CM,abdominal pain,post-index
HAT00081,2018-02-20,J45.909,ICD10CM,asthma,post-index
HAT00081,2018-02-06,R53.83,ICD10CM,fatigue,post-index
HAT00081,2018-05-16,R53.83,ICD10CM,fatigue,post-index
HAT00081,2018-05-07,L50.9,ICD10CM,urticaria,post-index
HAT00082,2016-10-31,G43.909,ICD10CM,migraine,post-index
HAT00082,2016-09-11,R53.83,ICD10CM,fatigue,post-index
HAT00082,2017-01-25,L50.9,ICD10CM,urticaria,post-index
HAT00082,2017-03-08,R10.9,ICD10CM,abdominal pain,post-index
HAT00082,2017-01-25,J45.909,ICD10CM,asthma,post-index
HAT00082,2016-11-30,G43.909,ICD10CM,migraine,post-index
HAT00083,2018-08-15,R53.83,ICD10CM,fatigue,post-index
HAT00083,2018-07-02,M79.7,ICD10CM,fibromyalgia,post-index
HAT00083,2018-08-05,J45.909,ICD10CM,asthma,post-index
HAT00084,2018-04-18,R53.83,ICD10CM,fatigue,post-index
HAT00084,2018-09-14,G43.909,ICD10CM,migraine,post-index
HAT00084,2016-12-22,R53.83,ICD10CM,fatigue,post-index
HAT00084,2017-07-13,E78.5,ICD10CM,hyperlipidemia,post-index
HAT00084,2018-05-31,L50.9,ICD10CM,urticaria,post-index
HAT00084,2017-04-23,F41.9,ICD10CM,anxiety,post-index
HAT00084,2017-01-12,L50.9,ICD10CM,urticaria,post-index
HAT00085,2024-12-18,L50.9,ICD10CM,urticaria,post-index
HAT00085,2024-11-12,L50.9,ICD10CM,urticaria,post-index
HAT00085,2026-04-01,F41.9,ICD10CM,anxiety,post-index
HAT00085,2024-10-03,F41.9,ICD10CM,anxiety,post-index
HAT00085,2024-10-20,L50.9,ICD10CM,urticaria,post-index
HAT00085,2026-02-05,F41.9,ICD10CM,anxiety,post-index
HAT00085,2024-10-14,K21.9,ICD10CM,GERD,post-index
HAT00086,2024-08-07,M79.7,ICD10CM,fibromyalgia,post-index
HAT00086,2024-09-06,L50.9,ICD10CM,urticaria,post-index
HAT00086,2025-09-18,K21.9,ICD10CM,GERD,post-index
HAT00086,2025-04-15,I10,ICD10CM,hypertension,post-index
HAT00086,2025-07-07,M79.7,ICD10CM,fibromyalgia,post-index
HAT00087,2017-12-15,L50.9,ICD10CM,urticaria,post-index
HAT00087,2017-04-20,L50.9,ICD10CM,urticaria,post-index
HAT00087,2017-07-12,R53.83,ICD10CM,fatigue,post-index
HAT00087,2017-11-27,L50.9,ICD10CM,urticaria,post-index
HAT00087,2017-11-12,K21.9,ICD10CM,GERD,post-index
HAT00087,2017-09-12,J45.909,ICD10CM,asthma,post-index
HAT00087,2017-10-15,E78.5,ICD10CM,hyperlipidemia,post-index
HAT00087,2017-06-22,J45.909,ICD10CM,asthma,post-index
HAT00087,2017-08-03,G43.909,ICD10CM,migraine,post-index
HAT00087,2017-08-21,F41.9,ICD10CM,anxiety,post-index
HAT00088,2017-11-20,K21.9,ICD10CM,GERD,post-index
HAT00088,2018-06-07,K21.9,ICD10CM,GERD,post-index
HAT00089,2019-09-18,F41.9,ICD10CM,anxiety,post-index
HAT00089,2019-12-25,J45.909,ICD10CM,asthma,post-index
HAT00089,2019-10-18,R53.83,ICD10CM,fatigue,post-index
HAT00089,2019-09-02,G43.909,ICD10CM,migraine,post-index
HAT00089,2019-10-27,J45.909,ICD10CM,asthma,post-index
HAT00089,2019-12-25,L50.9,ICD10CM,urticaria,post-index
HAT00090,2019-07-15,K21.9,ICD10CM,GERD,post-index
HAT00090,2019-09-23,K21.9,ICD10CM,GERD,post-index
HAT00091,2024-06-29,M79.7,ICD10CM,fibromyalgia,post-index
HAT00091,2024-07-05,F41.9,ICD10CM,anxiety,post-index
HAT00091,2024-11-03,F41.9,ICD10CM,anxiety,post-index
HAT00092,2025-04-19,R53.83,ICD10CM,fatigue,post-index
HAT00092,2026-12-18,R10.9,ICD10CM,abdominal pain,post-index
HAT00092,2024-08-19,F41.9,ICD10CM,anxiety,post-index
HAT00092,2025-06-10,L50.9,ICD10CM,urticaria,post-index
HAT00092,2025-07-24,G43.909,ICD10CM,migraine,post-index
HAT00092,2025-03-16,L50.9,ICD10CM,urticaria,post-index
HAT00092,2027-06-24,L50.9,ICD10CM,urticaria,post-index
HAT00093,2024-11-03,R10.9,ICD10CM,abdominal pain,post-index
HAT00093,2024-01-05,F41.9,ICD10CM,anxiety,post-index
HAT00093,2023-08-08,K21.9,ICD10CM,GERD,post-index
HAT00093,2025-01-22,R10.9,ICD10CM,abdominal pain,post-index
HAT00093,2025-07-02,R53.83,ICD10CM,fatigue,post-index
HAT00093,2024-05-22,F41.9,ICD10CM,anxiety,post-index
HAT00093,2024-09-05,L50.9,ICD10CM,urticaria,post-index
HAT00093,2023-07-27,R53.83,ICD10CM,fatigue,post-index
HAT00093,2025-04-26,F41.9,ICD10CM,anxiety,post-index
HAT00093,2023-10-03,G43.909,ICD10CM,migraine,post-index
HAT00093,2024-02-01,K21.9,ICD10CM,GERD,post-index
HAT00093,2023-11-09,L50.9,ICD10CM,urticaria,post-index
HAT00094,2018-12-21,G43.909,ICD10CM,migraine,post-index
HAT00094,2020-11-25,K21.9,ICD10CM,GERD,post-index
HAT00094,2019-01-03,R10.9,ICD10CM,abdominal pain,post-index
HAT00096,2021-02-27,R10.9,ICD10CM,abdominal pain,post-index
HAT00096,2021-05-30,K21.9,ICD10CM,GERD,post-index
HAT00096,2021-02-11,I10,ICD10CM,hypertension,post-index
HAT00096,2021-01-11,R10.9,ICD10CM,abdominal pain,post-index
HAT00096,2020-11-06,K21.9,ICD10CM,GERD,post-index
HAT00096,2021-04-30,I10,ICD10CM,hypertension,post-index
HAT00096,2020-12-20,K21.9,ICD10CM,GERD,post-index
HAT00098,2023-08-07,R53.83,ICD10CM,fatigue,post-index
HAT00098,2023-10-16,I10,ICD10CM,hypertension,post-index
HAT00098,2023-07-23,L50.9,ICD10CM,urticaria,post-index
HAT00098,2023-06-09,R10.9,ICD10CM,abdominal pain,post-index
HAT00098,2022-12-14,R53.83,ICD10CM,fatigue,post-index
HAT00098,2024-01-17,J45.909,ICD10CM,asthma,post-index
HAT00098,2022-11-27,G43.909,ICD10CM,migraine,post-index
HAT00098,2023-02-24,R10.9,ICD10CM,abdominal pain,post-index
HAT00098,2023-02-18,K21.9,ICD10CM,GERD,post-index
HAT00099,2020-06-08,K21.9,ICD10CM,GERD,post-index
HAT00099,2022-06-11,L50.9,ICD10CM,urticaria,post-index
HAT00099,2020-04-04,J45.909,ICD10CM,asthma,post-index
HAT00099,2021-02-05,F41.9,ICD10CM,anxiety,post-index
HAT00100,2025-08-26,E78.5,ICD10CM,hyperlipidemia,post-index
HAT00100,2021-11-25,R53.83,ICD10CM,fatigue,post-index
HAT00100,2026-10-08,R53.83,ICD10CM,fatigue,post-index
HAT00100,2021-04-16,L50.9,ICD10CM,urticaria,post-index
HAT00100,2025-03-01,F41.9,ICD10CM,anxiety,post-index
HAT00100,2026-01-04,J45.909,ICD10CM,asthma,post-index
HAT00100,2024-02-24,F41.9,ICD10CM,anxiety,post-index
HAT00102,2020-01-07,R53.83,ICD10CM,fatigue,post-index
HAT00102,2019-10-23,R10.9,ICD10CM,abdominal pain,post-index
HAT00102,2020-05-15,R53.83,ICD10CM,fatigue,post-index
HAT00102,2019-10-01,R53.83,ICD10CM,fatigue,post-index
HAT00102,2020-06-24,G43.909,ICD10CM,migraine,post-index
HAT00104,2019-04-19,R10.9,ICD10CM,abdominal pain,post-index
HAT00104,2020-02-14,R10.9,ICD10CM,abdominal pain,post-index
HAT00104,2018-10-30,R53.83,ICD10CM,fatigue,post-index
HAT00104,2021-01-07,M79.7,ICD10CM,fibromyalgia,post-index
HAT00104,2021-01-12,R53.83,ICD10CM,fatigue,post-index
HAT00104,2019-07-14,R10.9,ICD10CM,abdominal pain,post-index
HAT00105,2022-05-07,R53.83,ICD10CM,fatigue,post-index
HAT00105,2022-07-05,L50.9,ICD10CM,urticaria,post-index
HAT00105,2022-07-22,R53.83,ICD10CM,fatigue,post-index
HAT00107,2022-03-08,R10.9,ICD10CM,abdominal pain,post-index
HAT00107,2022-05-26,G43.909,ICD10CM,migraine,post-index
HAT00107,2022-10-29,R53.83,ICD10CM,fatigue,post-index
HAT00107,2022-10-05,K21.9,ICD10CM,GERD,post-index
HAT00107,2022-03-01,L50.9,ICD10CM,urticaria,post-index
HAT00110,2024-10-03,L50.9,ICD10CM,urticaria,post-index
HAT00111,2022-08-09,K21.9,ICD10CM,GERD,post-index
HAT00111,2022-06-25,I10,ICD10CM,hypertension,post-index
HAT00111,2022-10-23,I10,ICD10CM,hypertension,post-index
HAT00111,2022-09-23,F41.9,ICD10CM,anxiety,post-index
HAT00111,2022-10-15,L50.9,ICD10CM,urticaria,post-index
HAT00111,2022-09-17,R10.9,ICD10CM,abdominal pain,post-index
HAT00111,2022-08-02,M79.7,ICD10CM,fibromyalgia,post-index
HAT00111,2022-10-27,R10.9,ICD10CM,abdominal pain,post-index
HAT00112,2022-03-13,J45.909,ICD10CM,asthma,post-index
HAT00112,2022-03-13,K21.9,ICD10CM,GERD,post-index
HAT00112,2022-04-25,J45.909,ICD10CM,asthma,post-index
HAT00112,2022-10-22,I10,ICD10CM,hypertension,post-index
HAT00112,2022-06-18,R10.9,ICD10CM,abdominal pain,post-index
HAT00112,2022-04-25,R10.9,ICD10CM,abdominal pain,post-index
HAT00113,2024-05-08,L50.9,ICD10CM,urticaria,post-index
HAT00113,2025-05-11,E78.5,ICD10CM,hyperlipidemia,post-index
HAT00113,2025-01-04,K21.9,ICD10CM,GERD,post-index
HAT00113,2023-12-23,F41.9,ICD10CM,anxiety,post-index
HAT00113,2024-03-04,L50.9,ICD10CM,urticaria,post-index
HAT00113,2024-07-21,R10.9,ICD10CM,abdominal pain,post-index
HAT00114,2025-12-26,G43.909,ICD10CM,migraine,post-index
HAT00114,2026-10-13,R10.9,ICD10CM,abdominal pain,post-index
HAT00114,2026-03-13,G43.909,ICD10CM,migraine,post-index
HAT00114,2025-09-22,R53.83,ICD10CM,fatigue,post-index
HAT00114,2025-08-10,K21.9,ICD10CM,GERD,post-index
HAT00114,2025-03-20,L50.9,ICD10CM,urticaria,post-index
HAT00114,2026-12-22,I10,ICD10CM,hypertension,post-index
HAT00114,2024-07-31,R10.9,ICD10CM,abdominal pain,post-index
HAT00114,2027-05-20,R53.83,ICD10CM,fatigue,post-index
HAT00114,2026-09-16,R10.9,ICD10CM,abdominal pain,post-index
HAT00115,2018-06-15,G43.909,ICD10CM,migraine,post-index
HAT00115,2018-04-01,R10.9,ICD10CM,abdominal pain,post-index
HAT00115,2019-03-26,R53.83,ICD10CM,fatigue,post-index
HAT00115,2017-08-02,R10.9,ICD10CM,abdominal pain,post-index
HAT00115,2018-08-02,I10,ICD10CM,hypertension,post-index
HAT00115,2018-01-01,G43.909,ICD10CM,migraine,post-index
HAT00115,2019-04-10,M79.7,ICD10CM,fibromyalgia,post-index
HAT00116,2019-12-08,E78.5,ICD10CM,hyperlipidemia,post-index
HAT00116,2021-01-16,K21.9,ICD10CM,GERD,post-index
HAT00116,2021-05-17,R10.9,ICD10CM,abdominal pain,post-index
HAT00116,2021-07-01,K21.9,ICD10CM,GERD,post-index
HAT00116,2021-09-01,J45.909,ICD10CM,asthma,post-index
HAT00116,2021-05-11,L50.9,ICD10CM,urticaria,post-index
HAT00117,2020-04-20,G43.909,ICD10CM,migraine,post-index
HAT00117,2018-09-29,L50.9,ICD10CM,urticaria,post-index
HAT00117,2020-06-16,E78.5,ICD10CM,hyperlipidemia,post-index
HAT00117,2018-03-08,G43.909,ICD10CM,migraine,post-index
HAT00117,2018-02-15,J45.909,ICD10CM,asthma,post-index
HAT00117,2019-07-30,R10.9,ICD10CM,abdominal pain,post-index
HAT00118,2023-08-07,R10.9,ICD10CM,abdominal pain,post-index
HAT00118,2024-08-21,F41.9,ICD10CM,anxiety,post-index
HAT00118,2022-09-20,R10.9,ICD10CM,abdominal pain,post-index
HAT00118,2024-09-29,G43.909,ICD10CM,migraine,post-index
HAT00118,2023-06-06,L50.9,ICD10CM,urticaria,post-index
HAT00118,2022-09-03,K21.9,ICD10CM,GERD,post-index
HAT00118,2023-10-07,J45.909,ICD10CM,asthma,post-index
HAT00120,2021-07-08,G43.909,ICD10CM,migraine,post-index
HAT00120,2021-11-02,F41.9,ICD10CM,anxiety,post-index
HAT00120,2021-12-13,R53.83,ICD10CM,fatigue,post-index
HAT00120,2021-09-15,I10,ICD10CM,hypertension,post-index
HAT00120,2021-05-16,L50.9,ICD10CM,urticaria,post-index
HAT00120,2022-01-02,R53.83,ICD10CM,fatigue,post-index
HAT00120,2021-07-06,F41.9,ICD10CM,anxiety,post-index
HAT00120,2021-08-09,F41.9,ICD10CM,anxiety,post-index
HAT00120,2021-10-17,J45.909,ICD10CM,asthma,post-index
HAT00120,2021-08-06,R10.9,ICD10CM,abdominal pain,post-index
HAT00121,2018-01-03,L50.9,ICD10CM,urticaria,post-index
HAT00121,2017-09-06,G43.909,ICD10CM,migraine,post-index
HAT00121,2017-11-16,R53.83,ICD10CM,fatigue,post-index
HAT00121,2017-11-21,G43.909,ICD10CM,migraine,post-index
HAT00121,2017-06-28,L50.9,ICD10CM,urticaria,post-index
HAT00121,2017-06-09,R53.83,ICD10CM,fatigue,post-index
HAT00121,2017-07-09,R53.83,ICD10CM,fatigue,post-index
HAT00123,2018-01-04,I10,ICD10CM,hypertension,post-index
HAT00123,2019-03-10,R53.83,ICD10CM,fatigue,post-index
HAT00123,2018-03-27,I10,ICD10CM,hypertension,post-index
HAT00123,2018-10-27,R53.83,ICD10CM,fatigue,post-index
HAT00123,2018-03-30,R53.83,ICD10CM,fatigue,post-index
HAT00123,2018-02-28,G43.909,ICD10CM,migraine,post-index
HAT00123,2018-03-03,I10,ICD10CM,hypertension,post-index
HAT00123,2018-03-10,K21.9,ICD10CM,GERD,post-index
HAT00123,2018-02-27,R53.83,ICD10CM,fatigue,post-index
HAT00123,2018-05-01,R10.9,ICD10CM,abdominal pain,post-index
HAT00123,2018-12-25,E78.5,ICD10CM,hyperlipidemia,post-index
HAT00124,2016-12-28,J45.909,ICD10CM,asthma,post-index
HAT00124,2016-09-21,R10.9,ICD10CM,abdominal pain,post-index
HAT00124,2016-12-22,M79.7,ICD10CM,fibromyalgia,post-index
HAT00124,2016-12-19,R10.9,ICD10CM,abdominal pain,post-index
HAT00124,2017-01-27,I10,ICD10CM,hypertension,post-index
HAT00124,2016-10-04,R10.9,ICD10CM,abdominal pain,post-index
HAT00124,2016-12-24,R53.83,ICD10CM,fatigue,post-index
HAT00124,2017-01-06,K21.9,ICD10CM,GERD,post-index
HAT00125,2022-12-17,I10,ICD10CM,hypertension,post-index
HAT00125,2022-12-07,I10,ICD10CM,hypertension,post-index
HAT00125,2022-12-22,R53.83,ICD10CM,fatigue,post-index
HAT00125,2022-11-16,G43.909,ICD10CM,migraine,post-index
HAT00125,2023-01-06,K21.9,ICD10CM,GERD,post-index
HAT00126,2022-10-10,L50.9,ICD10CM,urticaria,post-index
HAT00126,2022-05-17,K21.9,ICD10CM,GERD,post-index
HAT00126,2022-06-23,J45.909,ICD10CM,asthma,post-index
HAT00126,2021-11-02,R10.9,ICD10CM,abdominal pain,post-index
HAT00126,2021-08-23,I10,ICD10CM,hypertension,post-index
HAT00127,2025-05-06,G43.909,ICD10CM,migraine,post-index
HAT00127,2024-09-11,R53.83,ICD10CM,fatigue,post-index
HAT00127,2025-03-17,R53.83,ICD10CM,fatigue,post-index
HAT00127,2025-06-28,G43.909,ICD10CM,migraine,post-index
HAT00127,2025-07-07,R10.9,ICD10CM,abdominal pain,post-index
HAT00127,2025-05-10,R10.9,ICD10CM,abdominal pain,post-index
HAT00128,2019-01-01,R53.83,ICD10CM,fatigue,post-index
HAT00128,2018-12-11,E78.5,ICD10CM,hyperlipidemia,post-index
HAT00128,2018-12-18,K21.9,ICD10CM,GERD,post-index
HAT00128,2018-11-20,E78.5,ICD10CM,hyperlipidemia,post-index
HAT00129,2023-10-04,K21.9,ICD10CM,GERD,post-index
HAT00129,2023-04-26,J45.909,ICD10CM,asthma,post-index
HAT00129,2023-09-10,G43.909,ICD10CM,migraine,post-index
HAT00129,2023-05-03,I10,ICD10CM,hypertension,post-index
HAT00129,2023-05-29,I10,ICD10CM,hypertension,post-index
HAT00129,2023-06-10,E78.5,ICD10CM,hyperlipidemia,post-index
HAT00129,2023-06-03,F41.9,ICD10CM,anxiety,post-index
HAT00129,2023-06-23,E78.5,ICD10CM,hyperlipidemia,post-index
HAT00129,2023-04-28,J45.909,ICD10CM,asthma,post-index
HAT00129,2023-09-17,L50.9,ICD10CM,urticaria,post-index
HAT00131,2023-12-07,K21.9,ICD10CM,GERD,post-index
HAT00131,2024-05-09,I10,ICD10CM,hypertension,post-index
HAT00131,2024-06-08,L50.9,ICD10CM,urticaria,post-index
HAT00131,2023-06-02,J45.909,ICD10CM,asthma,post-index
HAT00131,2024-09-30,R53.83,ICD10CM,fatigue,post-index
HAT00131,2024-07-06,K21.9,ICD10CM,GERD,post-index
HAT00131,2024-01-02,K21.9,ICD10CM,GERD,post-index
HAT00132,2023-04-20,I10,ICD10CM,hypertension,post-index
HAT00132,2023-03-27,J45.909,ICD10CM,asthma,post-index
HAT00132,2023-04-01,J45.909,ICD10CM,asthma,post-index
HAT00132,2025-01-28,K21.9,ICD10CM,GERD,post-index
HAT00132,2023-09-27,R53.83,ICD10CM,fatigue,post-index
HAT00132,2025-03-03,E78.5,ICD10CM,hyperlipidemia,post-index
HAT00134,2017-02-15,R10.9,ICD10CM,abdominal pain,post-index
HAT00134,2018-12-23,F41.9,ICD10CM,anxiety,post-index
HAT00134,2018-08-25,R53.83,ICD10CM,fatigue,post-index
HAT00134,2020-01-16,J45.909,ICD10CM,asthma,post-index
HAT00134,2020-01-02,R53.83,ICD10CM,fatigue,post-index
HAT00134,2017-08-02,F41.9,ICD10CM,anxiety,post-index
HAT00134,2019-09-13,L50.9,ICD10CM,urticaria,post-index
HAT00134,2016-09-21,K21.9,ICD10CM,GERD,post-index
HAT00134,2018-10-27,J45.909,ICD10CM,asthma,post-index
HAT00134,2016-11-07,J45.909,ICD10CM,asthma,post-index
HAT00136,2024-03-10,R10.9,ICD10CM,abdominal pain,post-index
HAT00136,2026-08-05,R53.83,ICD10CM,fatigue,post-index
HAT00136,2024-10-21,L50.9,ICD10CM,urticaria,post-index
HAT00136,2025-01-15,E78.5,ICD10CM,hyperlipidemia,post-index
HAT00136,2026-11-08,K21.9,ICD10CM,GERD,post-index
HAT00136,2026-08-28,K21.9,ICD10CM,GERD,post-index
HAT00136,2024-11-11,G43.909,ICD10CM,migraine,post-index
HAT00136,2025-08-06,R53.83,ICD10CM,fatigue,post-index
HAT00136,2024-02-24,L50.9,ICD10CM,urticaria,post-index
HAT00136,2025-09-23,R53.83,ICD10CM,fatigue,post-index
HAT00136,2024-08-19,R10.9,ICD10CM,abdominal pain,post-index
HAT00136,2026-11-10,R53.83,ICD10CM,fatigue,post-index
HAT00136,2025-07-22,M79.7,ICD10CM,fibromyalgia,post-index
HAT00137,2020-10-29,R10.9,ICD10CM,abdominal pain,post-index
HAT00137,2020-11-16,L50.9,ICD10CM,urticaria,post-index
HAT00137,2023-03-24,R53.83,ICD10CM,fatigue,post-index
HAT00137,2020-03-05,E78.5,ICD10CM,hyperlipidemia,post-index
HAT00137,2023-10-30,F41.9,ICD10CM,anxiety,post-index
HAT00138,2021-08-27,F41.9,ICD10CM,anxiety,post-index
HAT00138,2019-10-06,E78.5,ICD10CM,hyperlipidemia,post-index
HAT00138,2023-05-02,I10,ICD10CM,hypertension,post-index
HAT00138,2021-02-22,R10.9,ICD10CM,abdominal pain,post-index
HAT00138,2021-04-27,I10,ICD10CM,hypertension,post-index
HAT00138,2022-08-05,I10,ICD10CM,hypertension,post-index
HAT00138,2023-02-28,I10,ICD10CM,hypertension,post-index
HAT00138,2021-11-24,G43.909,ICD10CM,migraine,post-index
HAT00139,2021-09-22,F41.9,ICD10CM,anxiety,post-index
HAT00139,2023-05-08,L50.9,ICD10CM,urticaria,post-index
HAT00139,2021-02-19,I10,ICD10CM,hypertension,post-index
HAT00139,2023-05-06,L50.9,ICD10CM,urticaria,post-index
HAT00139,2022-01-03,R10.9,ICD10CM,abdominal pain,post-index
HAT00140,2024-08-29,G43.909,ICD10CM,migraine,post-index
HAT00140,2024-11-11,K21.9,ICD10CM,GERD,post-index
HAT00140,2024-06-02,I10,ICD10CM,hypertension,post-index
HAT00140,2024-09-20,G43.909,ICD10CM,migraine,post-index
HAT00140,2024-06-11,L50.9,ICD10CM,urticaria,post-index
HAT00140,2024-06-05,R53.83,ICD10CM,fatigue,post-index
HAT00140,2024-10-27,L50.9,ICD10CM,urticaria,post-index
HAT00140,2024-08-12,K21.9,ICD10CM,GERD,post-index
HAT00141,2020-02-07,J45.909,ICD10CM,asthma,post-index
HAT00141,2020-02-26,E78.5,ICD10CM,hyperlipidemia,post-index
HAT00141,2020-07-31,J45.909,ICD10CM,asthma,post-index
HAT00141,2020-08-30,R10.9,ICD10CM,abdominal pain,post-index
HAT00141,2020-03-26,L50.9,ICD10CM,urticaria,post-index
HAT00141,2020-08-14,K21.9,ICD10CM,GERD,post-index
HAT00141,2020-02-13,I10,ICD10CM,hypertension,post-index
HAT00141,2020-09-02,M79.7,ICD10CM,fibromyalgia,post-index
HAT00141,2020-03-27,M79.7,ICD10CM,fibromyalgia,post-index
HAT00142,2021-11-22,R53.83,ICD10CM,fatigue,post-index
HAT00142,2022-08-10,R53.83,ICD10CM,fatigue,post-index
HAT00142,2021-11-17,L50.9,ICD10CM,urticaria,post-index
HAT00142,2021-09-12,F41.9,ICD10CM,anxiety,post-index
HAT00143,2024-05-08,G43.909,ICD10CM,migraine,post-index
HAT00143,2024-07-06,K21.9,ICD10CM,GERD,post-index
HAT00143,2024-01-05,F41.9,ICD10CM,anxiety,post-index
HAT00143,2023-11-30,F41.9,ICD10CM,anxiety,post-index
HAT00143,2024-03-18,G43.909,ICD10CM,migraine,post-index
HAT00144,2023-12-29,R10.9,ICD10CM,abdominal pain,post-index
HAT00144,2024-08-02,R53.83,ICD10CM,fatigue,post-index
HAT00144,2025-09-19,K21.9,ICD10CM,GERD,post-index
HAT00144,2023-12-30,F41.9,ICD10CM,anxiety,post-index
HAT00144,2024-12-31,R53.83,ICD10CM,fatigue,post-index
HAT00144,2024-05-24,R53.83,ICD10CM,fatigue,post-index
HAT00145,2024-05-29,J45.909,ICD10CM,asthma,post-index
HAT00145,2024-06-13,F41.9,ICD10CM,anxiety,post-index
HAT00145,2024-08-03,G43.909,ICD10CM,migraine,post-index
HAT00145,2024-01-11,R53.83,ICD10CM,fatigue,post-index
HAT00145,2024-06-19,F41.9,ICD10CM,anxiety,post-index
HAT00145,2024-04-16,M79.7,ICD10CM,fibromyalgia,post-index
HAT00145,2024-03-20,I10,ICD10CM,hypertension,post-index
HAT00147,2019-01-16,F41.9,ICD10CM,anxiety,post-index
HAT00147,2019-09-16,F41.9,ICD10CM,anxiety,post-index
HAT00147,2020-07-04,R10.9,ICD10CM,abdominal pain,post-index
HAT00147,2020-06-25,E78.5,ICD10CM,hyperlipidemia,post-index
HAT00147,2020-07-26,G43.909,ICD10CM,migraine,post-index
HAT00147,2020-12-29,I10,ICD10CM,hypertension,post-index
HAT00147,2019-07-25,L50.9,ICD10CM,urticaria,post-index
HAT00147,2020-10-25,L50.9,ICD10CM,urticaria,post-index
HAT00147,2020-07-22,L50.9,ICD10CM,urticaria,post-index
HAT00147,2019-10-14,K21.9,ICD10CM,GERD,post-index
HAT00148,2018-12-06,R53.83,ICD10CM,fatigue,post-index
HAT00148,2021-11-13,I10,ICD10CM,hypertension,post-index
HAT00148,2021-08-28,R53.83,ICD10CM,fatigue,post-index
HAT00148,2018-05-22,E78.5,ICD10CM,hyperlipidemia,post-index
HAT00148,2018-04-25,R10.9,ICD10CM,abdominal pain,post-index
HAT00148,2022-01-24,G43.909,ICD10CM,migraine,post-index
HAT00148,2019-09-01,R53.83,ICD10CM,fatigue,post-index
HAT00148,2021-04-02,K21.9,ICD10CM,GERD,post-index
HAT00148,2019-05-17,G43.909,ICD10CM,migraine,post-index
HAT00148,2018-08-23,L50.9,ICD10CM,urticaria,post-index
HAT00150,2022-06-21,E78.5,ICD10CM,hyperlipidemia,post-index
HAT00150,2022-06-03,J45.909,ICD10CM,asthma,post-index
HAT00150,2022-12-23,R53.83,ICD10CM,fatigue,post-index
HAT00150,2022-07-06,K21.9,ICD10CM,GERD,post-index
HAT00151,2022-05-26,L50.9,ICD10CM,urticaria,post-index
HAT00151,2021-04-03,I10,ICD10CM,hypertension,post-index
HAT00151,2021-05-13,F41.9,ICD10CM,anxiety,post-index
HAT00151,2022-03-02,K21.9,ICD10CM,GERD,post-index
HAT00151,2022-01-20,K21.9,ICD10CM,GERD,post-index
HAT00151,2020-12-13,F41.9,ICD10CM,anxiety,post-index
HAT00151,2022-03-24,L50.9,ICD10CM,urticaria,post-index
HAT00152,2026-06-11,K21.9,ICD10CM,GERD,post-index
HAT00152,2025-10-27,F41.9,ICD10CM,anxiety,post-index
HAT00152,2025-08-06,I10,ICD10CM,hypertension,post-index
HAT00152,2025-11-19,K21.9,ICD10CM,GERD,post-index
HAT00152,2026-04-10,J45.909,ICD10CM,asthma,post-index
HAT00153,2021-08-24,R53.83,ICD10CM,fatigue,post-index
HAT00153,2021-06-28,L50.9,ICD10CM,urticaria,post-index
HAT00153,2021-07-24,J45.909,ICD10CM,asthma,post-index
HAT00153,2021-02-16,R10.9,ICD10CM,abdominal pain,post-index
HAT00154,2017-09-24,E78.5,ICD10CM,hyperlipidemia,post-index
HAT00154,2019-06-23,I10,ICD10CM,hypertension,post-index
HAT00154,2017-11-04,R10.9,ICD10CM,abdominal pain,post-index
HAT00154,2019-09-16,F41.9,ICD10CM,anxiety,post-index
HAT00154,2018-06-18,K21.9,ICD10CM,GERD,post-index
HAT00154,2018-09-29,L50.9,ICD10CM,urticaria,post-index
HAT00155,2022-08-06,R10.9,ICD10CM,abdominal pain,post-index
HAT00155,2019-06-10,E78.5,ICD10CM,hyperlipidemia,post-index
HAT00155,2022-06-01,J45.909,ICD10CM,asthma,post-index
HAT00155,2021-08-17,M79.7,ICD10CM,fibromyalgia,post-index
HAT00155,2022-08-03,I10,ICD10CM,hypertension,post-index
HAT00155,2021-12-21,L50.9,ICD10CM,urticaria,post-index
HAT00155,2019-02-05,K21.9,ICD10CM,GERD,post-index
HAT00155,2020-06-22,G43.909,ICD10CM,migraine,post-index
HAT00155,2022-05-22,F41.9,ICD10CM,anxiety,post-index
HAT00156,2024-04-16,G43.909,ICD10CM,migraine,post-index
HAT00156,2024-08-27,K21.9,ICD10CM,GERD,post-index
HAT00157,2019-07-18,F41.9,ICD10CM,anxiety,post-index
HAT00157,2019-09-12,F41.9,ICD10CM,anxiety,post-index
HAT00157,2019-10-07,R53.83,ICD10CM,fatigue,post-index
HAT00157,2019-04-09,K21.9,ICD10CM,GERD,post-index
HAT00158,2024-05-04,M79.7,ICD10CM,fibromyalgia,post-index
HAT00158,2024-09-28,R53.83,ICD10CM,fatigue,post-index
HAT00158,2024-04-24,J45.909,ICD10CM,asthma,post-index
HAT00158,2023-08-09,L50.9,ICD10CM,urticaria,post-index
HAT00159,2018-01-07,I10,ICD10CM,hypertension,post-index
HAT00159,2018-03-23,L50.9,ICD10CM,urticaria,post-index
HAT00159,2017-11-08,R53.83,ICD10CM,fatigue,post-index
HAT00159,2018-02-05,G43.909,ICD10CM,migraine,post-index
HAT00159,2018-01-16,F41.9,ICD10CM,anxiety,post-index
HAT00160,2019-03-30,L50.9,ICD10CM,urticaria,post-index
HAT00160,2019-04-29,F41.9,ICD10CM,anxiety,post-index
HAT00160,2019-01-30,R10.9,ICD10CM,abdominal pain,post-index
HAT00160,2018-11-17,K21.9,ICD10CM,GERD,post-index
HAT00161,2017-10-26,R53.83,ICD10CM,fatigue,post-index
HAT00161,2018-04-05,R53.83,ICD10CM,fatigue,post-index
HAT00161,2018-10-02,G43.909,ICD10CM,migraine,post-index
HAT00161,2018-06-11,K21.9,ICD10CM,GERD,post-index
HAT00161,2018-03-30,E78.5,ICD10CM,hyperlipidemia,post-index
HAT00161,2018-05-16,F41.9,ICD10CM,anxiety,post-index
HAT00161,2017-12-27,R53.83,ICD10CM,fatigue,post-index
HAT00161,2018-08-23,L50.9,ICD10CM,urticaria,post-index
HAT00161,2018-07-10,L50.9,ICD10CM,urticaria,post-index
HAT00162,2023-09-10,I10,ICD10CM,hypertension,post-index
HAT00162,2023-10-30,I10,ICD10CM,hypertension,post-index
HAT00164,2023-08-28,K21.9,ICD10CM,GERD,post-index
HAT00164,2024-04-25,R10.9,ICD10CM,abdominal pain,post-index
HAT00164,2024-04-08,R10.9,ICD10CM,abdominal pain,post-index
HAT00165,2021-05-27,R53.83,ICD10CM,fatigue,post-index
HAT00165,2021-06-30,F41.9,ICD10CM,anxiety,post-index
HAT00166,2023-12-12,K21.9,ICD10CM,GERD,post-index
HAT00166,2023-09-22,J45.909,ICD10CM,asthma,post-index
HAT00166,2023-10-15,L50.9,ICD10CM,urticaria,post-index
HAT00166,2024-01-11,E78.5,ICD10CM,hyperlipidemia,post-index
HAT00166,2023-12-16,R53.83,ICD10CM,fatigue,post-index
HAT00166,2024-01-16,G43.909,ICD10CM,migraine,post-index
HAT00166,2023-11-24,J45.909,ICD10CM,asthma,post-index
HAT00166,2023-09-24,R10.9,ICD10CM,abdominal pain,post-index
HAT00167,2026-04-13,R10.9,ICD10CM,abdominal pain,post-index
HAT00167,2023-08-02,L50.9,ICD10CM,urticaria,post-index
HAT00167,2023-10-12,L50.9,ICD10CM,urticaria,post-index
HAT00167,2024-08-13,K21.9,ICD10CM,GERD,post-index
HAT00167,2026-03-28,R53.83,ICD10CM,fatigue,post-index
HAT00167,2026-04-24,K21.9,ICD10CM,GERD,post-index
HAT00168,2020-05-06,G43.909,ICD10CM,migraine,post-index
HAT00168,2020-02-13,K21.9,ICD10CM,GERD,post-index
HAT00168,2019-11-28,F41.9,ICD10CM,anxiety,post-index
HAT00168,2019-11-22,R10.9,ICD10CM,abdominal pain,post-index
HAT00168,2019-07-18,M79.7,ICD10CM,fibromyalgia,post-index
HAT00168,2019-11-21,F41.9,ICD10CM,anxiety,post-index
HAT00170,2020-02-29,K21.9,ICD10CM,GERD,post-index
HAT00170,2019-09-21,I10,ICD10CM,hypertension,post-index
HAT00170,2019-03-21,R10.9,ICD10CM,abdominal pain,post-index
HAT00170,2020-05-05,G43.909,ICD10CM,migraine,post-index
HAT00170,2019-07-08,L50.9,ICD10CM,urticaria,post-index
HAT00170,2020-03-27,R53.83,ICD10CM,fatigue,post-index
HAT00170,2019-10-08,K21.9,ICD10CM,GERD,post-index
HAT00170,2020-09-03,J45.909,ICD10CM,asthma,post-index
HAT00170,2019-11-24,R53.83,ICD10CM,fatigue,post-index
HAT00170,2020-09-19,L50.9,ICD10CM,urticaria,post-index
HAT00170,2019-04-13,E78.5,ICD10CM,hyperlipidemia,post-index
HAT00170,2020-03-28,I10,ICD10CM,hypertension,post-index
HAT00170,2019-08-21,F41.9,ICD10CM,anxiety,post-index
HAT00170,2020-04-05,M79.7,ICD10CM,fibromyalgia,post-index
HAT00171,2017-08-06,G43.909,ICD10CM,migraine,post-index
HAT00171,2017-06-24,F41.9,ICD10CM,anxiety,post-index
HAT00171,2017-07-09,R10.9,ICD10CM,abdominal pain,post-index
HAT00171,2017-08-07,R53.83,ICD10CM,fatigue,post-index
HAT00171,2017-08-15,E78.5,ICD10CM,hyperlipidemia,post-index
HAT00172,2020-02-23,I10,ICD10CM,hypertension,post-index
HAT00172,2023-09-26,R10.9,ICD10CM,abdominal pain,post-index
HAT00172,2018-08-25,L50.9,ICD10CM,urticaria,post-index
HAT00172,2019-12-02,J45.909,ICD10CM,asthma,post-index
HAT00172,2021-12-23,R53.83,ICD10CM,fatigue,post-index
HAT00173,2020-06-19,G43.909,ICD10CM,migraine,post-index
HAT00173,2020-02-19,L50.9,ICD10CM,urticaria,post-index
HAT00173,2020-12-30,M79.7,ICD10CM,fibromyalgia,post-index
HAT00173,2020-11-18,E78.5,ICD10CM,hyperlipidemia,post-index
HAT00173,2021-01-07,J45.909,ICD10CM,asthma,post-index
HAT00174,2020-04-05,L50.9,ICD10CM,urticaria,post-index
HAT00174,2020-05-13,K21.9,ICD10CM,GERD,post-index
HAT00174,2021-05-14,R53.83,ICD10CM,fatigue,post-index
HAT00174,2020-01-16,L50.9,ICD10CM,urticaria,post-index
HAT00174,2020-09-11,K21.9,ICD10CM,GERD,post-index
HAT00174,2020-08-12,R10.9,ICD10CM,abdominal pain,post-index
HAT00174,2020-03-28,K21.9,ICD10CM,GERD,post-index
HAT00174,2020-12-06,R53.83,ICD10CM,fatigue,post-index
HAT00175,2020-04-10,R53.83,ICD10CM,fatigue,post-index
HAT00175,2021-04-11,G43.909,ICD10CM,migraine,post-index
HAT00175,2021-02-21,R10.9,ICD10CM,abdominal pain,post-index
HAT00175,2019-07-08,R10.9,ICD10CM,abdominal pain,post-index
HAT00175,2019-07-06,L50.9,ICD10CM,urticaria,post-index
HAT00175,2020-04-30,K21.9,ICD10CM,GERD,post-index
HAT00175,2021-04-29,G43.909,ICD10CM,migraine,post-index
HAT00175,2020-11-04,L50.9,ICD10CM,urticaria,post-index
HAT00175,2019-12-23,E78.5,ICD10CM,hyperlipidemia,post-index
HAT00176,2020-04-08,I10,ICD10CM,hypertension,post-index
HAT00176,2021-01-12,L50.9,ICD10CM,urticaria,post-index
HAT00176,2020-05-14,R10.9,ICD10CM,abdominal pain,post-index
HAT00176,2020-08-10,G43.909,ICD10CM,migraine,post-index
HAT00176,2020-07-20,M79.7,ICD10CM,fibromyalgia,post-index
HAT00176,2020-02-12,L50.9,ICD10CM,urticaria,post-index
HAT00176,2020-12-01,R53.83,ICD10CM,fatigue,post-index
HAT00176,2020-10-18,R10.9,ICD10CM,abdominal pain,post-index
HAT00176,2020-02-18,R53.83,ICD10CM,fatigue,post-index
HAT00176,2020-12-21,E78.5,ICD10CM,hyperlipidemia,post-index
HAT00176,2021-01-02,E78.5,ICD10CM,hyperlipidemia,post-index
HAT00176,2020-12-23,K21.9,ICD10CM,GERD,post-index
HAT00176,2020-12-06,E78.5,ICD10CM,hyperlipidemia,post-index
HAT00176,2020-04-26,G43.909,ICD10CM,migraine,post-index
HAT00177,2022-02-06,I10,ICD10CM,hypertension,post-index
HAT00177,2022-07-09,K21.9,ICD10CM,GERD,post-index
HAT00177,2021-10-28,F41.9,ICD10CM,anxiety,post-index
HAT00177,2021-12-26,M79.7,ICD10CM,fibromyalgia,post-index
HAT00177,2022-05-18,L50.9,ICD10CM,urticaria,post-index
HAT00177,2022-11-10,L50.9,ICD10CM,urticaria,post-index
HAT00178,2024-08-10,R10.9,ICD10CM,abdominal pain,post-index
HAT00178,2023-06-14,L50.9,ICD10CM,urticaria,post-index
HAT00178,2023-09-19,K21.9,ICD10CM,GERD,post-index
HAT00178,2024-01-15,L50.9,ICD10CM,urticaria,post-index
HAT00178,2024-10-29,R10.9,ICD10CM,abdominal pain,post-index
HAT00180,2019-12-24,E78.5,ICD10CM,hyperlipidemia,post-index
HAT00180,2019-02-16,R53.83,ICD10CM,fatigue,post-index
HAT00180,2019-08-20,M79.7,ICD10CM,fibromyalgia,post-index
HAT00180,2019-09-05,R10.9,ICD10CM,abdominal pain,post-index
HAT00180,2019-06-25,I10,ICD10CM,hypertension,post-index
HAT00181,2020-03-24,L50.9,ICD10CM,urticaria,post-index
HAT00181,2020-12-31,K21.9,ICD10CM,GERD,post-index
HAT00181,2020-06-22,J45.909,ICD10CM,asthma,post-index
HAT00181,2020-07-30,R53.83,ICD10CM,fatigue,post-index
HAT00181,2021-01-03,M79.7,ICD10CM,fibromyalgia,post-index
HAT00181,2019-07-11,L50.9,ICD10CM,urticaria,post-index
HAT00183,2022-11-21,L50.9,ICD10CM,urticaria,post-index
HAT00183,2023-08-07,I10,ICD10CM,hypertension,post-index
HAT00183,2023-07-19,L50.9,ICD10CM,urticaria,post-index
HAT00183,2023-04-19,L50.9,ICD10CM,urticaria,post-index
HAT00184,2022-02-20,J45.909,ICD10CM,asthma,post-index
HAT00184,2022-12-04,R10.9,ICD10CM,abdominal pain,post-index
HAT00184,2023-02-25,R10.9,ICD10CM,abdominal pain,post-index
HAT00184,2022-06-17,I10,ICD10CM,hypertension,post-index
HAT00184,2022-05-13,R53.83,ICD10CM,fatigue,post-index
HAT00184,2022-11-28,I10,ICD10CM,hypertension,post-index
HAT00184,2022-12-26,M79.7,ICD10CM,fibromyalgia,post-index
HAT00184,2023-01-14,G43.909,ICD10CM,migraine,post-index
HAT00184,2023-01-05,K21.9,ICD10CM,GERD,post-index
HAT00186,2024-12-21,R10.9,ICD10CM,abdominal pain,post-index
HAT00186,2025-01-13,R53.83,ICD10CM,fatigue,post-index
HAT00186,2024-11-29,R53.83,ICD10CM,fatigue,post-index
HAT00186,2025-04-22,J45.909,ICD10CM,asthma,post-index
HAT00187,2025-01-27,F41.9,ICD10CM,anxiety,post-index
HAT00187,2026-04-03,E78.5,ICD10CM,hyperlipidemia,post-index
HAT00187,2025-10-12,F41.9,ICD10CM,anxiety,post-index
HAT00187,2026-04-30,M79.7,ICD10CM,fibromyalgia,post-index
HAT00187,2026-04-16,L50.9,ICD10CM,urticaria,post-index
HAT00187,2025-11-01,F41.9,ICD10CM,anxiety,post-index
HAT00187,2025-10-13,R53.83,ICD10CM,fatigue,post-index
HAT00187,2026-10-27,I10,ICD10CM,hypertension,post-index
HAT00187,2025-11-18,I10,ICD10CM,hypertension,post-index
HAT00187,2026-05-30,R53.83,ICD10CM,fatigue,post-index
HAT00187,2026-08-01,E78.5,ICD10CM,hyperlipidemia,post-index
HAT00187,2025-08-10,M79.7,ICD10CM,fibromyalgia,post-index
HAT00187,2025-07-02,G43.909,ICD10CM,migraine,post-index
HAT00188,2022-01-25,K21.9,ICD10CM,GERD,post-index
HAT00188,2023-07-19,G43.909,ICD10CM,migraine,post-index
HAT00188,2023-03-04,E78.5,ICD10CM,hyperlipidemia,post-index
HAT00189,2017-02-16,R10.9,ICD10CM,abdominal pain,post-index
HAT00189,2017-08-22,K21.9,ICD10CM,GERD,post-index
HAT00189,2019-04-05,J45.909,ICD10CM,asthma,post-index
HAT00189,2016-11-18,G43.909,ICD10CM,migraine,post-index
HAT00189,2018-10-25,R53.83,ICD10CM,fatigue,post-index
HAT00189,2018-05-25,G43.909,ICD10CM,migraine,post-index
HAT00189,2018-02-09,L50.9,ICD10CM,urticaria,post-index
HAT00189,2018-07-25,R53.83,ICD10CM,fatigue,post-index
HAT00189,2019-05-28,K21.9,ICD10CM,GERD,post-index
HAT00189,2017-12-02,R10.9,ICD10CM,abdominal pain,post-index
HAT00189,2018-12-05,E78.5,ICD10CM,hyperlipidemia,post-index
HAT00189,2017-04-16,F41.9,ICD10CM,anxiety,post-index
HAT00189,2018-03-17,G43.909,ICD10CM,migraine,post-index
HAT00190,2025-02-12,F41.9,ICD10CM,anxiety,post-index
HAT00190,2025-02-05,R53.83,ICD10CM,fatigue,post-index
HAT00190,2024-09-12,F41.9,ICD10CM,anxiety,post-index
HAT00190,2024-04-11,J45.909,ICD10CM,asthma,post-index
HAT00190,2025-02-24,R10.9,ICD10CM,abdominal pain,post-index
HAT00190,2024-06-24,G43.909,ICD10CM,migraine,post-index
HAT00190,2025-04-02,I10,ICD10CM,hypertension,post-index
HAT00191,2018-04-20,R10.9,ICD10CM,abdominal pain,post-index
HAT00191,2017-12-06,K21.9,ICD10CM,GERD,post-index
HAT00191,2018-11-30,F41.9,ICD10CM,anxiety,post-index
HAT00191,2018-02-23,L50.9,ICD10CM,urticaria,post-index
HAT00192,2022-11-29,I10,ICD10CM,hypertension,post-index
HAT00192,2021-05-13,K21.9,ICD10CM,GERD,post-index
HAT00192,2023-07-26,R53.83,ICD10CM,fatigue,post-index
HAT00192,2020-12-17,R53.83,ICD10CM,fatigue,post-index
HAT00192,2021-10-19,F41.9,ICD10CM,anxiety,post-index
HAT00192,2023-07-01,R10.9,ICD10CM,abdominal pain,post-index
HAT00192,2021-11-28,F41.9,ICD10CM,anxiety,post-index
HAT00192,2020-01-21,R10.9,ICD10CM,abdominal pain,post-index
HAT00192,2020-04-12,L50.9,ICD10CM,urticaria,post-index
HAT00193,2017-10-01,R53.83,ICD10CM,fatigue,post-index
HAT00193,2016-11-12,L50.9,ICD10CM,urticaria,post-index
HAT00193,2017-01-04,E78.5,ICD10CM,hyperlipidemia,post-index
HAT00193,2017-12-29,I10,ICD10CM,hypertension,post-index
HAT00193,2016-10-13,R53.83,ICD10CM,fatigue,post-index
HAT00193,2017-07-16,R53.83,ICD10CM,fatigue,post-index
HAT00193,2017-11-01,R10.9,ICD10CM,abdominal pain,post-index
HAT00193,2018-01-17,L50.9,ICD10CM,urticaria,post-index
HAT00193,2017-07-31,R10.9,ICD10CM,abdominal pain,post-index
HAT00193,2017-07-30,R53.83,ICD10CM,fatigue,post-index
HAT00193,2018-04-19,G43.909,ICD10CM,migraine,post-index
HAT00194,2016-11-23,R10.9,ICD10CM,abdominal pain,post-index
HAT00194,2017-04-06,L50.9,ICD10CM,urticaria,post-index
HAT00194,2017-01-17,K21.9,ICD10CM,GERD,post-index
HAT00194,2017-03-16,R53.83,ICD10CM,fatigue,post-index
HAT00194,2016-12-22,F41.9,ICD10CM,anxiety,post-index
HAT00194,2016-07-05,R53.83,ICD10CM,fatigue,post-index
HAT00194,2016-08-25,R10.9,ICD10CM,abdominal pain,post-index
HAT00194,2017-05-29,L50.9,ICD10CM,urticaria,post-index
HAT00196,2020-04-11,L50.9,ICD10CM,urticaria,post-index
HAT00196,2021-03-27,K21.9,ICD10CM,GERD,post-index
HAT00196,2019-12-21,K21.9,ICD10CM,GERD,post-index
HAT00197,2023-05-02,G43.909,ICD10CM,migraine,post-index
HAT00197,2022-05-05,R53.83,ICD10CM,fatigue,post-index
HAT00197,2022-07-29,G43.909,ICD10CM,migraine,post-index
HAT00197,2022-12-22,F41.9,ICD10CM,anxiety,post-index
HAT00198,2019-08-30,R10.9,ICD10CM,abdominal pain,post-index
HAT00198,2019-03-27,I10,ICD10CM,hypertension,post-index
HAT00198,2019-10-07,F41.9,ICD10CM,anxiety,post-index
HAT00199,2024-11-03,J45.909,ICD10CM,asthma,post-index
HAT00199,2025-01-31,F41.9,ICD10CM,anxiety,post-index
HAT00199,2024-12-24,F41.9,ICD10CM,anxiety,post-index
CTRL000002,2022-04-19,E78.5,ICD10CM,hyperlipidemia,post-index
CTRL000002,2022-04-28,E78.5,ICD10CM,hyperlipidemia,post-index
CTRL000002,2022-03-23,E78.5,ICD10CM,hyperlipidemia,post-index
CTRL000002,2022-03-03,K21.9,ICD10CM,GERD,post-index
CTRL000014,2019-08-08,E78.5,ICD10CM,hyperlipidemia,post-index
CTRL000014,2019-06-21,J45.909,ICD10CM,asthma,post-index
CTRL000014,2019-07-15,L50.9,ICD10CM,urticaria,post-index
CTRL000014,2019-06-04,G43.909,ICD10CM,migraine,post-index
CTRL000014,2019-07-25,L50.9,ICD10CM,urticaria,post-index
CTRL000023,2023-04-05,K21.9,ICD10CM,GERD,post-index
CTRL000023,2023-08-03,J45.909,ICD10CM,asthma,post-index
CTRL000023,2023-07-21,E78.5,ICD10CM,hyperlipidemia,post-index
CTRL000023,2023-08-19,E78.5,ICD10CM,hyperlipidemia,post-index
CTRL000044,2018-10-14,R53.83,ICD10CM,fatigue,post-index
CTRL000044,2018-03-02,K21.9,ICD10CM,GERD,post-index
CTRL000044,2017-12-21,I10,ICD10CM,hypertension,post-index
CTRL000044,2019-03-08,L50.9,ICD10CM,urticaria,post-index
CTRL000044,2017-10-08,E78.5,ICD10CM,hyperlipidemia,post-index
CTRL000044,2017-10-21,F41.9,ICD10CM,anxiety,post-index
CTRL000045,2025-02-12,R53.83,ICD10CM,fatigue,post-index
CTRL000045,2024-05-02,M79.7,ICD10CM,fibromyalgia,post-index
CTRL000045,2023-02-09,K21.9,ICD10CM,GERD,post-index
CTRL000045,2025-11-28,K21.9,ICD10CM,GERD,post-index
CTRL000045,2025-04-14,R10.9,ICD10CM,abdominal pain,post-index
CTRL000045,2023-11-01,J45.909,ICD10CM,asthma,post-index
CTRL000050,2024-01-28,E78.5,ICD10CM,hyperlipidemia,post-index
CTRL000050,2024-02-21,F41.9,ICD10CM,anxiety,post-index
CTRL000050,2025-08-21,R53.83,ICD10CM,fatigue,post-index
CTRL000050,2025-10-27,G43.909,ICD10CM,migraine,post-index
CTRL000050,2024-09-19,E78.5,ICD10CM,hyperlipidemia,post-index
CTRL000050,2024-01-27,J45.909,ICD10CM,asthma,post-index
CTRL000050,2024-05-06,E78.5,ICD10CM,hyperlipidemia,post-index
CTRL000064,2018-03-30,K21.9,ICD10CM,GERD,post-index
CTRL000064,2018-04-07,G43.909,ICD10CM,migraine,post-index
CTRL000064,2018-08-18,R53.83,ICD10CM,fatigue,post-index
CTRL000069,2020-08-27,K21.9,ICD10CM,GERD,post-index
CTRL000069,2021-04-11,J45.909,ICD10CM,asthma,post-index
CTRL000069,2021-05-21,G43.909,ICD10CM,migraine,post-index
CTRL000069,2020-07-24,L50.9,ICD10CM,urticaria,post-index
CTRL000069,2021-12-26,F41.9,ICD10CM,anxiety,post-index
CTRL000069,2020-09-18,F41.9,ICD10CM,anxiety,post-index
CTRL000069,2021-05-20,E78.5,ICD10CM,hyperlipidemia,post-index
CTRL000069,2020-08-28,M79.7,ICD10CM,fibromyalgia,post-index
CTRL000069,2021-01-15,K21.9,ICD10CM,GERD,post-index
CTRL000069,2021-09-12,M79.7,ICD10CM,fibromyalgia,post-index
CTRL000100,2018-07-13,M79.7,ICD10CM,fibromyalgia,post-index
CTRL000100,2018-11-30,E78.5,ICD10CM,hyperlipidemia,post-index
CTRL000132,2021-05-29,R53.83,ICD10CM,fatigue,post-index
CTRL000132,2026-12-12,R53.83,ICD10CM,fatigue,post-index
CTRL000132,2025-05-29,G43.909,ICD10CM,migraine,post-index
CTRL000132,2026-05-04,F41.9,ICD10CM,anxiety,post-index
CTRL000132,2026-12-01,K21.9,ICD10CM,GERD,post-index
CTRL000132,2026-10-26,F41.9,ICD10CM,anxiety,post-index
CTRL000132,2026-06-08,J45.909,ICD10CM,asthma,post-index
CTRL000140,2019-09-25,F41.9,ICD10CM,anxiety,post-index
CTRL000140,2019-09-11,G43.909,ICD10CM,migraine,post-index
CTRL000140,2019-09-15,R53.83,ICD10CM,fatigue,post-index
CTRL000146,2021-09-26,R10.9,ICD10CM,abdominal pain,post-index
CTRL000146,2021-10-25,F41.9,ICD10CM,anxiety,post-index
CTRL000146,2021-08-18,K21.9,ICD10CM,GERD,post-index
CTRL000147,2019-05-22,E78.5,ICD10CM,hyperlipidemia,post-index
CTRL000147,2019-08-13,K21.9,ICD10CM,GERD,post-index
CTRL000147,2019-11-02,J45.909,ICD10CM,asthma,post-index
CTRL000147,2019-11-23,E78.5,ICD10CM,hyperlipidemia,post-index
CTRL000147,2019-08-27,M79.7,ICD10CM,fibromyalgia,post-index
CTRL000147,2019-10-31,R53.83,ICD10CM,fatigue,post-index
CTRL000147,2020-01-14,E78.5,ICD10CM,hyperlipidemia,post-index
CTRL000147,2019-10-19,I10,ICD10CM,hypertension,post-index
CTRL000165,2021-02-15,R53.83,ICD10CM,fatigue,post-index
CTRL000165,2022-11-29,J45.909,ICD10CM,asthma,post-index
CTRL000165,2022-01-25,J45.909,ICD10CM,asthma,post-index
CTRL000165,2022-05-30,G43.909,ICD10CM,migraine,post-index
CTRL000165,2023-05-27,K21.9,ICD10CM,GERD,post-index
CTRL000165,2023-04-25,F41.9,ICD10CM,anxiety,post-index
CTRL000165,2021-05-03,F41.9,ICD10CM,anxiety,post-index
CTRL000165,2021-05-20,F41.9,ICD10CM,anxiety,post-index
CTRL000165,2020-12-03,I10,ICD10CM,hypertension,post-index
CTRL000165,2021-10-31,K21.9,ICD10CM,GERD,post-index
CTRL000165,2022-06-09,E78.5,ICD10CM,hyperlipidemia,post-index
CTRL000174,2019-06-27,R10.9,ICD10CM,abdominal pain,post-index
CTRL000174,2019-03-06,J45.909,ICD10CM,asthma,post-index
CTRL000175,2026-11-24,G43.909,ICD10CM,migraine,post-index
CTRL000175,2025-06-03,E78.5,ICD10CM,hyperlipidemia,post-index
CTRL000175,2024-04-11,R53.83,ICD10CM,fatigue,post-index
CTRL000175,2027-03-05,I10,ICD10CM,hypertension,post-index
CTRL000175,2026-06-15,M79.7,ICD10CM,fibromyalgia,post-index
CTRL000175,2024-05-02,L50.9,ICD10CM,urticaria,post-index
CTRL000201,2021-02-25,F41.9,ICD10CM,anxiety,post-index
CTRL000201,2021-04-14,F41.9,ICD10CM,anxiety,post-index
CTRL000201,2021-04-29,J45.909,ICD10CM,asthma,post-index
CTRL000201,2021-03-02,K21.9,ICD10CM,GERD,post-index
CTRL000201,2021-08-23,M79.7,ICD10CM,fibromyalgia,post-index
CTRL000201,2021-08-23,E78.5,ICD10CM,hyperlipidemia,post-index
CTRL000211,2025-06-17,J45.909,ICD10CM,asthma,post-index
CTRL000211,2025-01-10,G43.909,ICD10CM,migraine,post-index
CTRL000211,2023-06-28,R53.83,ICD10CM,fatigue,post-index
CTRL000211,2024-02-26,J45.909,ICD10CM,asthma,post-index
CTRL000211,2024-06-02,F41.9,ICD10CM,anxiety,post-index
CTRL000211,2023-11-05,I10,ICD10CM,hypertension,post-index
CTRL000211,2024-09-12,I10,ICD10CM,hypertension,post-index
CTRL000216,2022-11-29,M79.7,ICD10CM,fibromyalgia,post-index
CTRL000216,2022-06-15,L50.9,ICD10CM,urticaria,post-index
CTRL000216,2025-06-18,I10,ICD10CM,hypertension,post-index
CTRL000216,2022-09-15,M79.7,ICD10CM,fibromyalgia,post-index
CTRL000216,2024-02-22,J45.909,ICD10CM,asthma,post-index
CTRL000216,2023-06-06,L50.9,ICD10CM,urticaria,post-index
CTRL000216,2023-12-02,G43.909,ICD10CM,migraine,post-index
CTRL000216,2025-03-23,I10,ICD10CM,hypertension,post-index
CTRL000216,2023-08-19,G43.909,ICD10CM,migraine,post-index
CTRL000216,2022-08-04,L50.9,ICD10CM,urticaria,post-index
CTRL000222,2020-07-06,I10,ICD10CM,hypertension,post-index
CTRL000222,2020-08-19,I10,ICD10CM,hypertension,post-index
CTRL000222,2019-09-04,K21.9,ICD10CM,GERD,post-index
CTRL000222,2020-06-03,I10,ICD10CM,hypertension,post-index
CTRL000222,2018-03-09,M79.7,ICD10CM,fibromyalgia,post-index
CTRL000222,2019-09-06,E78.5,ICD10CM,hyperlipidemia,post-index
CTRL000222,2020-07-03,K21.9,ICD10CM,GERD,post-index
CTRL000222,2020-02-16,F41.9,ICD10CM,anxiety,post-index
CTRL000222,2020-02-18,R10.9,ICD10CM,abdominal pain,post-index
CTRL000222,2019-05-05,M79.7,ICD10CM,fibromyalgia,post-index
CTRL000227,2021-02-25,I10,ICD10CM,hypertension,post-index
CTRL000227,2020-12-12,L50.9,ICD10CM,urticaria,post-index
CTRL000227,2021-05-21,R53.83,ICD10CM,fatigue,post-index
CTRL000232,2024-02-02,E78.5,ICD10CM,hyperlipidemia,post-index
CTRL000232,2022-12-27,F41.9,ICD10CM,anxiety,post-index
CTRL000232,2023-10-23,K21.9,ICD10CM,GERD,post-index
CTRL000232,2022-05-26,K21.9,ICD10CM,GERD,post-index
CTRL000232,2023-06-17,R10.9,ICD10CM,abdominal pain,post-index
CTRL000232,2023-08-03,R10.9,ICD10CM,abdominal pain,post-index
CTRL000232,2024-04-15,I10,ICD10CM,hypertension,post-index
CTRL000232,2023-01-22,G43.909,ICD10CM,migraine,post-index
CTRL000243,2023-06-14,G43.909,ICD10CM,migraine,post-index
CTRL000243,2023-02-21,K21.9,ICD10CM,GERD,post-index
CTRL000243,2023-06-20,L50.9,ICD10CM,urticaria,post-index
CTRL000243,2023-09-23,K21.9,ICD10CM,GERD,post-index
CTRL000243,2023-11-09,I10,ICD10CM,hypertension,post-index
CTRL000243,2022-11-09,R10.9,ICD10CM,abdominal pain,post-index
CTRL000243,2023-02-15,F41.9,ICD10CM,anxiety,post-index
CTRL000247,2024-03-01,L50.9,ICD10CM,urticaria,post-index
CTRL000247,2023-08-27,R10.9,ICD10CM,abdominal pain,post-index
CTRL000247,2025-05-11,L50.9,ICD10CM,urticaria,post-index
CTRL000247,2025-12-03,R10.9,ICD10CM,abdominal pain,post-index
CTRL000247,2025-08-20,K21.9,ICD10CM,GERD,post-index
CTRL000265,2023-10-16,F41.9,ICD10CM,anxiety,post-index
CTRL000265,2024-06-15,L50.9,ICD10CM,urticaria,post-index
CTRL000265,2024-01-06,R10.9,ICD10CM,abdominal pain,post-index
CTRL000265,2023-12-21,R10.9,ICD10CM,abdominal pain,post-index
CTRL000265,2023-10-13,R53.83,ICD10CM,fatigue,post-index
CTRL000297,2019-10-16,J45.909,ICD10CM,asthma,post-index
CTRL000312,2019-05-30,L50.9,ICD10CM,urticaria,post-index
CTRL000312,2018-09-08,R10.9,ICD10CM,abdominal pain,post-index
CTRL000312,2018-05-04,R53.83,ICD10CM,fatigue,post-index
CTRL000312,2018-01-24,K21.9,ICD10CM,GERD,post-index
CTRL000312,2018-02-21,I10,ICD10CM,hypertension,post-index
CTRL000347,2018-10-20,K21.9,ICD10CM,GERD,post-index
CTRL000347,2018-06-18,J45.909,ICD10CM,asthma,post-index
CTRL000347,2018-06-27,K21.9,ICD10CM,GERD,post-index
CTRL000347,2018-06-06,M79.7,ICD10CM,fibromyalgia,post-index
CTRL000347,2019-03-15,J45.909,ICD10CM,asthma,post-index
CTRL000347,2019-08-01,E78.5,ICD10CM,hyperlipidemia,post-index
CTRL000347,2019-08-03,L50.9,ICD10CM,urticaria,post-index
CTRL000347,2019-05-12,K21.9,ICD10CM,GERD,post-index
CTRL000388,2023-07-22,E78.5,ICD10CM,hyperlipidemia,post-index
CTRL000388,2023-06-17,R53.83,ICD10CM,fatigue,post-index
CTRL000388,2023-08-07,L50.9,ICD10CM,urticaria,post-index
CTRL000388,2022-08-09,E78.5,ICD10CM,hyperlipidemia,post-index
CTRL000388,2022-03-15,K21.9,ICD10CM,GERD,post-index
CTRL000388,2023-02-24,J45.909,ICD10CM,asthma,post-index
CTRL000388,2022-03-16,E78.5,ICD10CM,hyperlipidemia,post-index
CTRL000388,2023-02-17,K21.9,ICD10CM,GERD,post-index
CTRL000388,2022-04-01,R10.9,ICD10CM,abdominal pain,post-index
CTRL000418,2024-08-09,M79.7,ICD10CM,fibromyalgia,post-index
CTRL000418,2023-10-22,R53.83,ICD10CM,fatigue,post-index
CTRL000418,2023-02-03,M79.7,ICD10CM,fibromyalgia,post-index
CTRL000418,2024-09-18,I10,ICD10CM,hypertension,post-index
CTRL000418,2022-12-26,I10,ICD10CM,hypertension,post-index
CTRL000418,2024-06-28,F41.9,ICD10CM,anxiety,post-index
CTRL000418,2022-11-14,G43.909,ICD10CM,migraine,post-index
CTRL000418,2023-07-13,R10.9,ICD10CM,abdominal pain,post-index
CTRL000418,2024-04-25,R53.83,ICD10CM,fatigue,post-index
CTRL000457,2016-08-03,M79.7,ICD10CM,fibromyalgia,post-index
CTRL000457,2018-02-11,F41.9,ICD10CM,anxiety,post-index
CTRL000457,2018-08-20,E78.5,ICD10CM,hyperlipidemia,post-index
CTRL000457,2016-04-04,I10,ICD10CM,hypertension,post-index
CTRL000457,2017-06-18,R10.9,ICD10CM,abdominal pain,post-index
CTRL000514,2019-05-22,J45.909,ICD10CM,asthma,post-index
CTRL000514,2019-01-08,J45.909,ICD10CM,asthma,post-index
CTRL000514,2019-04-04,E78.5,ICD10CM,hyperlipidemia,post-index
CTRL000514,2019-02-23,F41.9,ICD10CM,anxiety,post-index
CTRL000514,2018-12-27,E78.5,ICD10CM,hyperlipidemia,post-index
CTRL000514,2018-10-25,E78.5,ICD10CM,hyperlipidemia,post-index
CTRL000551,2024-11-10,I10,ICD10CM,hypertension,post-index
CTRL000551,2024-12-14,R10.9,ICD10CM,abdominal pain,post-index
CTRL000551,2024-11-05,L50.9,ICD10CM,urticaria,post-index
CTRL000551,2025-02-14,E78.5,ICD10CM,hyperlipidemia,post-index
CTRL000551,2024-12-15,E78.5,ICD10CM,hyperlipidemia,post-index
CTRL000553,2017-02-03,G43.909,ICD10CM,migraine,post-index
CTRL000553,2016-12-04,K21.9,ICD10CM,GERD,post-index
CTRL000553,2016-04-27,I10,ICD10CM,hypertension,post-index
CTRL000553,2017-03-28,F41.9,ICD10CM,anxiety,post-index
CTRL000558,2022-05-06,F41.9,ICD10CM,anxiety,post-index
CTRL000558,2022-10-05,R10.9,ICD10CM,abdominal pain,post-index
CTRL000558,2022-03-16,K21.9,ICD10CM,GERD,post-index
CTRL000558,2022-11-24,E78.5,ICD10CM,hyperlipidemia,post-index
CTRL000588,2020-01-24,E78.5,ICD10CM,hyperlipidemia,post-index
CTRL000588,2020-09-28,I10,ICD10CM,hypertension,post-index
CTRL000588,2018-02-28,K21.9,ICD10CM,GERD,post-index
CTRL000588,2017-03-20,K21.9,ICD10CM,GERD,post-index
CTRL000588,2019-03-15,R10.9,ICD10CM,abdominal pain,post-index
CTRL000648,2016-04-17,R53.83,ICD10CM,fatigue,post-index
CTRL000648,2017-10-18,M79.7,ICD10CM,fibromyalgia,post-index
CTRL000648,2017-01-04,I10,ICD10CM,hypertension,post-index
CTRL000648,2016-04-14,I10,ICD10CM,hypertension,post-index
CTRL000648,2017-11-13,K21.9,ICD10CM,GERD,post-index
CTRL000655,2023-03-29,I10,ICD10CM,hypertension,post-index
CTRL000655,2023-03-31,G43.909,ICD10CM,migraine,post-index
CTRL000655,2023-02-09,F41.9,ICD10CM,anxiety,post-index
CTRL000661,2024-10-22,I10,ICD10CM,hypertension,post-index
CTRL000661,2025-09-25,I10,ICD10CM,hypertension,post-index
CTRL000661,2025-10-06,R10.9,ICD10CM,abdominal pain,post-index
CTRL000661,2025-03-23,G43.909,ICD10CM,migraine,post-index
CTRL000661,2025-07-07,R10.9,ICD10CM,abdominal pain,post-index
CTRL000661,2024-10-10,F41.9,ICD10CM,anxiety,post-index
CTRL000661,2024-06-14,K21.9,ICD10CM,GERD,post-index
CTRL000661,2024-07-09,R53.83,ICD10CM,fatigue,post-index
CTRL000661,2024-12-21,F41.9,ICD10CM,anxiety,post-index
CTRL000663,2023-03-06,R10.9,ICD10CM,abdominal pain,post-index
CTRL000663,2022-07-04,R10.9,ICD10CM,abdominal pain,post-index
CTRL000663,2022-12-20,M79.7,ICD10CM,fibromyalgia,post-index
CTRL000663,2023-04-26,G43.909,ICD10CM,migraine,post-index
CTRL000663,2022-11-12,F41.9,ICD10CM,anxiety,post-index
CTRL000663,2024-03-16,I10,ICD10CM,hypertension,post-index
CTRL000663,2022-06-14,M79.7,ICD10CM,fibromyalgia,post-index
CTRL000663,2024-01-16,E78.5,ICD10CM,hyperlipidemia,post-index
CTRL000670,2020-08-08,F41.9,ICD10CM,anxiety,post-index
CTRL000670,2020-08-25,I10,ICD10CM,hypertension,post-index
CTRL000670,2020-02-03,I10,ICD10CM,hypertension,post-index
CTRL000670,2024-05-19,R53.83,ICD10CM,fatigue,post-index
CTRL000680,2016-12-30,J45.909,ICD10CM,asthma,post-index
CTRL000680,2016-09-06,E78.5,ICD10CM,hyperlipidemia,post-index
CTRL000680,2017-01-04,M79.7,ICD10CM,fibromyalgia,post-index
CTRL000680,2017-01-12,G43.909,ICD10CM,migraine,post-index
CTRL000680,2016-03-21,R53.83,ICD10CM,fatigue,post-index
CTRL000680,2016-05-26,L50.9,ICD10CM,urticaria,post-index
CTRL000680,2016-07-26,K21.9,ICD10CM,GERD,post-index
CTRL000704,2020-02-08,G43.909,ICD10CM,migraine,post-index
CTRL000704,2019-11-07,K21.9,ICD10CM,GERD,post-index
CTRL000704,2019-11-12,F41.9,ICD10CM,anxiety,post-index
CTRL000704,2020-06-21,M79.7,ICD10CM,fibromyalgia,post-index
CTRL000704,2020-04-15,R53.83,ICD10CM,fatigue,post-index
CTRL000721,2017-11-27,R53.83,ICD10CM,fatigue,post-index
CTRL000721,2018-05-21,L50.9,ICD10CM,urticaria,post-index
CTRL000721,2017-12-07,I10,ICD10CM,hypertension,post-index
CTRL000721,2017-07-03,I10,ICD10CM,hypertension,post-index
CTRL000721,2018-02-25,G43.909,ICD10CM,migraine,post-index
CTRL000722,2020-04-22,R10.9,ICD10CM,abdominal pain,post-index
CTRL000722,2020-08-02,F41.9,ICD10CM,anxiety,post-index
CTRL000722,2019-08-28,E78.5,ICD10CM,hyperlipidemia,post-index
CTRL000722,2020-10-05,R10.9,ICD10CM,abdominal pain,post-index
CTRL000722,2020-04-23,I10,ICD10CM,hypertension,post-index
CTRL000722,2019-01-24,I10,ICD10CM,hypertension,post-index
CTRL000730,2022-01-31,J45.909,ICD10CM,asthma,post-index
CTRL000730,2022-04-26,R10.9,ICD10CM,abdominal pain,post-index
CTRL000738,2023-11-11,L50.9,ICD10CM,urticaria,post-index
CTRL000738,2023-10-22,F41.9,ICD10CM,anxiety,post-index
CTRL000738,2024-03-14,G43.909,ICD10CM,migraine,post-index
CTRL000738,2023-11-24,R53.83,ICD10CM,fatigue,post-index
CTRL000744,2018-11-16,I10,ICD10CM,hypertension,post-index
CTRL000744,2019-12-25,I10,ICD10CM,hypertension,post-index
CTRL000744,2019-02-18,G43.909,ICD10CM,migraine,post-index
CTRL000744,2018-08-07,M79.7,ICD10CM,fibromyalgia,post-index
CTRL000744,2020-02-14,M79.7,ICD10CM,fibromyalgia,post-index
CTRL000744,2019-02-03,K21.9,ICD10CM,GERD,post-index
CTRL000749,2017-06-11,E78.5,ICD10CM,hyperlipidemia,post-index
CTRL000749,2018-02-11,K21.9,ICD10CM,GERD,post-index
CTRL000749,2018-01-07,L50.9,ICD10CM,urticaria,post-index
CTRL000749,2018-12-06,J45.909,ICD10CM,asthma,post-index
CTRL000749,2019-12-14,L50.9,ICD10CM,urticaria,post-index
CTRL000749,2017-07-01,J45.909,ICD10CM,asthma,post-index
CTRL000749,2019-07-20,E78.5,ICD10CM,hyperlipidemia,post-index
CTRL000772,2018-12-21,R53.83,ICD10CM,fatigue,post-index
CTRL000772,2019-02-23,I10,ICD10CM,hypertension,post-index
CTRL000772,2017-06-22,E78.5,ICD10CM,hyperlipidemia,post-index
CTRL000772,2016-06-03,R53.83,ICD10CM,fatigue,post-index
CTRL000772,2018-05-02,I10,ICD10CM,hypertension,post-index
CTRL000776,2022-11-20,G43.909,ICD10CM,migraine,post-index
CTRL000776,2023-09-02,F41.9,ICD10CM,anxiety,post-index
CTRL000776,2022-04-19,F41.9,ICD10CM,anxiety,post-index
CTRL000776,2022-04-19,G43.909,ICD10CM,migraine,post-index
CTRL000776,2022-10-06,G43.909,ICD10CM,migraine,post-index
CTRL000789,2023-10-20,J45.909,ICD10CM,asthma,post-index
CTRL000789,2023-12-29,J45.909,ICD10CM,asthma,post-index
CTRL000789,2025-05-06,R53.83,ICD10CM,fatigue,post-index
CTRL000790,2018-05-15,R10.9,ICD10CM,abdominal pain,post-index
CTRL000790,2018-02-24,R53.83,ICD10CM,fatigue,post-index
CTRL000790,2017-11-07,G43.909,ICD10CM,migraine,post-index
CTRL000790,2017-12-31,J45.909,ICD10CM,asthma,post-index
CTRL000790,2017-11-18,R53.83,ICD10CM,fatigue,post-index
CTRL000809,2020-10-25,I10,ICD10CM,hypertension,post-index
CTRL000809,2020-02-15,F41.9,ICD10CM,anxiety,post-index
CTRL000809,2020-11-02,I10,ICD10CM,hypertension,post-index
CTRL000809,2020-03-17,F41.9,ICD10CM,anxiety,post-index
CTRL000809,2020-10-28,R53.83,ICD10CM,fatigue,post-index
CTRL000809,2020-06-23,I10,ICD10CM,hypertension,post-index
CTRL000816,2022-01-16,E78.5,ICD10CM,hyperlipidemia,post-index
CTRL000816,2024-10-20,K21.9,ICD10CM,GERD,post-index
CTRL000816,2024-12-10,G43.909,ICD10CM,migraine,post-index
CTRL000816,2024-02-24,I10,ICD10CM,hypertension,post-index
CTRL000816,2024-01-04,R53.83,ICD10CM,fatigue,post-index
CTRL000822,2024-09-16,G43.909,ICD10CM,migraine,post-index
CTRL000822,2024-06-11,F41.9,ICD10CM,anxiety,post-index
CTRL000822,2024-09-02,K21.9,ICD10CM,GERD,post-index
CTRL000822,2024-02-20,J45.909,ICD10CM,asthma,post-index
CTRL000835,2024-11-28,L50.9,ICD10CM,urticaria,post-index
CTRL000835,2025-02-09,G43.909,ICD10CM,migraine,post-index
CTRL000835,2025-10-13,I10,ICD10CM,hypertension,post-index
CTRL000835,2026-03-15,G43.909,ICD10CM,migraine,post-index
CTRL000835,2024-08-10,L50.9,ICD10CM,urticaria,post-index
CTRL000841,2023-05-31,K21.9,ICD10CM,GERD,post-index
CTRL000841,2023-08-15,F41.9,ICD10CM,anxiety,post-index
CTRL000841,2023-07-29,R53.83,ICD10CM,fatigue,post-index
CTRL000841,2023-08-31,E78.5,ICD10CM,hyperlipidemia,post-index
CTRL000841,2023-02-18,F41.9,ICD10CM,anxiety,post-index
CTRL000841,2023-12-10,R53.83,ICD10CM,fatigue,post-index
CTRL000842,2023-10-20,F41.9,ICD10CM,anxiety,post-index
CTRL000842,2023-12-15,R53.83,ICD10CM,fatigue,post-index
CTRL000842,2023-06-08,K21.9,ICD10CM,GERD,post-index
CTRL000842,2024-07-30,R53.83,ICD10CM,fatigue,post-index
CTRL000842,2024-08-18,J45.909,ICD10CM,asthma,post-index
CTRL000842,2023-07-03,E78.5,ICD10CM,hyperlipidemia,post-index
CTRL000842,2024-08-28,J45.909,ICD10CM,asthma,post-index
CTRL000842,2023-08-21,I10,ICD10CM,hypertension,post-index
CTRL000861,2024-12-26,K21.9,ICD10CM,GERD,post-index
CTRL000869,2021-05-26,K21.9,ICD10CM,GERD,post-index
CTRL000869,2021-01-05,I10,ICD10CM,hypertension,post-index
CTRL000869,2021-02-01,G43.909,ICD10CM,migraine,post-index
CTRL000869,2020-08-14,I10,ICD10CM,hypertension,post-index
CTRL000869,2020-02-10,F41.9,ICD10CM,anxiety,post-index
CTRL000869,2020-08-16,K21.9,ICD10CM,GERD,post-index
CTRL000869,2020-05-13,F41.9,ICD10CM,anxiety,post-index
CTRL000874,2020-05-28,I10,ICD10CM,hypertension,post-index
CTRL000874,2019-11-01,K21.9,ICD10CM,GERD,post-index
CTRL000874,2019-08-12,L50.9,ICD10CM,urticaria,post-index
CTRL000874,2020-11-04,R53.83,ICD10CM,fatigue,post-index
CTRL000874,2019-03-08,E78.5,ICD10CM,hyperlipidemia,post-index
CTRL000874,2019-05-11,K21.9,ICD10CM,GERD,post-index
CTRL000923,2023-12-31,L50.9,ICD10CM,urticaria,post-index
CTRL000954,2020-11-01,K21.9,ICD10CM,GERD,post-index
CTRL000954,2019-10-15,R53.83,ICD10CM,fatigue,post-index
CTRL000954,2020-10-06,E78.5,ICD10CM,hyperlipidemia,post-index
CTRL000966,2018-12-01,I10,ICD10CM,hypertension,post-index
CTRL000970,2019-12-26,K21.9,ICD10CM,GERD,post-index
CTRL000970,2019-11-19,M79.7,ICD10CM,fibromyalgia,post-index
CTRL000970,2019-12-28,L50.9,ICD10CM,urticaria,post-index
CTRL000970,2019-06-22,L50.9,ICD10CM,urticaria,post-index
CTRL000970,2020-02-12,J45.909,ICD10CM,asthma,post-index
CTRL000970,2019-05-03,R53.83,ICD10CM,fatigue,post-index
CTRL000985,2020-05-23,J45.909,ICD10CM,asthma,post-index
CTRL000985,2020-11-03,J45.909,ICD10CM,asthma,post-index
CTRL000985,2020-05-09,R10.9,ICD10CM,abdominal pain,post-index
CTRL000985,2020-06-26,I10,ICD10CM,hypertension,post-index
CTRL000987,2019-09-02,J45.909,ICD10CM,asthma,post-index
CTRL000987,2019-07-14,J45.909,ICD10CM,asthma,post-index
CTRL001043,2026-11-02,G43.909,ICD10CM,migraine,post-index
CTRL001043,2027-02-06,J45.909,ICD10CM,asthma,post-index
CTRL001043,2025-10-21,J45.909,ICD10CM,asthma,post-index
CTRL001043,2027-03-29,R53.83,ICD10CM,fatigue,post-index
CTRL001043,2025-10-20,F41.9,ICD10CM,anxiety,post-index
CTRL001067,2024-05-20,M79.7,ICD10CM,fibromyalgia,post-index
CTRL001067,2024-08-14,R53.83,ICD10CM,fatigue,post-index
CTRL001067,2024-08-04,R53.83,ICD10CM,fatigue,post-index
CTRL001118,2026-07-03,E78.5,ICD10CM,hyperlipidemia,post-index
CTRL001118,2026-06-21,L50.9,ICD10CM,urticaria,post-index
CTRL001118,2025-06-19,L50.9,ICD10CM,urticaria,post-index
CTRL001118,2024-10-16,J45.909,ICD10CM,asthma,post-index
CTRL001118,2025-04-14,J45.909,ICD10CM,asthma,post-index
CTRL001118,2027-04-02,K21.9,ICD10CM,GERD,post-index
CTRL001118,2026-07-09,L50.9,ICD10CM,urticaria,post-index
CTRL001127,2024-11-13,G43.909,ICD10CM,migraine,post-index
CTRL001127,2025-01-30,L50.9,ICD10CM,urticaria,post-index
CTRL001127,2025-02-02,K21.9,ICD10CM,GERD,post-index
CTRL001170,2021-03-04,M79.7,ICD10CM,fibromyalgia,post-index
CTRL001170,2021-08-06,M79.7,ICD10CM,fibromyalgia,post-index
CTRL001170,2021-01-25,E78.5,ICD10CM,hyperlipidemia,post-index
CTRL001170,2021-06-26,J45.909,ICD10CM,asthma,post-index
CTRL001170,2021-01-08,I10,ICD10CM,hypertension,post-index
CTRL001170,2020-09-30,F41.9,ICD10CM,anxiety,post-index
CTRL001170,2021-06-22,M79.7,ICD10CM,fibromyalgia,post-index
CTRL001173,2020-09-30,I10,ICD10CM,hypertension,post-index
CTRL001219,2026-09-01,F41.9,ICD10CM,anxiety,post-index
CTRL001219,2025-06-08,E78.5,ICD10CM,hyperlipidemia,post-index
CTRL001219,2027-12-14,R53.83,ICD10CM,fatigue,post-index
CTRL001219,2028-08-04,R10.9,ICD10CM,abdominal pain,post-index
CTRL001219,2027-10-16,K21.9,ICD10CM,GERD,post-index
CTRL001219,2028-10-01,G43.909,ICD10CM,migraine,post-index
CTRL001219,2028-02-12,R53.83,ICD10CM,fatigue,post-index
CTRL001219,2026-05-15,J45.909,ICD10CM,asthma,post-index
CTRL001219,2027-01-09,R53.83,ICD10CM,fatigue,post-index
CTRL001219,2028-07-27,E78.5,ICD10CM,hyperlipidemia,post-index
CTRL001219,2027-05-04,R10.9,ICD10CM,abdominal pain,post-index
CTRL001292,2021-04-29,K21.9,ICD10CM,GERD,post-index
CTRL001292,2021-06-14,K21.9,ICD10CM,GERD,post-index
CTRL001292,2021-01-04,K21.9,ICD10CM,GERD,post-index
CTRL001292,2021-08-14,K21.9,ICD10CM,GERD,post-index
CTRL001292,2021-05-13,F41.9,ICD10CM,anxiety,post-index
CTRL001292,2020-12-18,E78.5,ICD10CM,hyperlipidemia,post-index
CTRL001304,2024-02-09,J45.909,ICD10CM,asthma,post-index
CTRL001304,2024-12-18,E78.5,ICD10CM,hyperlipidemia,post-index
CTRL001304,2024-10-29,E78.5,ICD10CM,hyperlipidemia,post-index
CTRL001304,2024-06-10,F41.9,ICD10CM,anxiety,post-index
CTRL001304,2024-03-21,E78.5,ICD10CM,hyperlipidemia,post-index
CTRL001304,2024-04-28,R53.83,ICD10CM,fatigue,post-index
CTRL001304,2024-09-06,I10,ICD10CM,hypertension,post-index
CTRL001304,2024-05-22,I10,ICD10CM,hypertension,post-index
CTRL001304,2024-10-05,E78.5,ICD10CM,hyperlipidemia,post-index
CTRL001330,2016-05-27,K21.9,ICD10CM,GERD,post-index
CTRL001330,2016-04-15,K21.9,ICD10CM,GERD,post-index
CTRL001330,2016-07-20,R53.83,ICD10CM,fatigue,post-index
CTRL001330,2016-03-10,R53.83,ICD10CM,fatigue,post-index
CTRL001330,2016-04-27,J45.909,ICD10CM,asthma,post-index
CTRL001340,2018-07-21,R10.9,ICD10CM,abdominal pain,post-index
CTRL001346,2020-12-01,K21.9,ICD10CM,GERD,post-index
CTRL001346,2022-06-13,I10,ICD10CM,hypertension,post-index
CTRL001346,2021-04-16,E78.5,ICD10CM,hyperlipidemia,post-index
CTRL001346,2023-11-04,I10,ICD10CM,hypertension,post-index
CTRL001346,2021-11-08,I10,ICD10CM,hypertension,post-index
CTRL001346,2020-08-21,I10,ICD10CM,hypertension,post-index
CTRL001346,2020-05-16,M79.7,ICD10CM,fibromyalgia,post-index
CTRL001346,2022-10-09,J45.909,ICD10CM,asthma,post-index
CTRL001346,2022-09-04,M79.7,ICD10CM,fibromyalgia,post-index
CTRL001346,2022-04-02,R53.83,ICD10CM,fatigue,post-index
CTRL001346,2020-07-21,R53.83,ICD10CM,fatigue,post-index
CTRL001346,2021-11-23,I10,ICD10CM,hypertension,post-index
CTRL001347,2023-08-07,R10.9,ICD10CM,abdominal pain,post-index
CTRL001347,2023-04-08,L50.9,ICD10CM,urticaria,post-index
CTRL001347,2024-02-10,R53.83,ICD10CM,fatigue,post-index
CTRL001347,2024-01-19,E78.5,ICD10CM,hyperlipidemia,post-index
CTRL001347,2023-06-20,R10.9,ICD10CM,abdominal pain,post-index
CTRL001347,2023-04-11,I10,ICD10CM,hypertension,post-index
CTRL001376,2016-12-23,R10.9,ICD10CM,abdominal pain,post-index
CTRL001376,2017-08-10,I10,ICD10CM,hypertension,post-index
CTRL001376,2017-07-04,R10.9,ICD10CM,abdominal pain,post-index
CTRL001376,2017-03-08,R10.9,ICD10CM,abdominal pain,post-index
CTRL001376,2017-10-27,K21.9,ICD10CM,GERD,post-index
CTRL001398,2017-10-21,R10.9,ICD10CM,abdominal pain,post-index
CTRL001398,2018-03-04,K21.9,ICD10CM,GERD,post-index
CTRL001398,2017-11-22,R10.9,ICD10CM,abdominal pain,post-index
CTRL001398,2016-12-12,E78.5,ICD10CM,hyperlipidemia,post-index
CTRL001398,2016-04-30,K21.9,ICD10CM,GERD,post-index
CTRL001398,2017-08-22,E78.5,ICD10CM,hyperlipidemia,post-index
CTRL001402,2016-07-29,M79.7,ICD10CM,fibromyalgia,post-index
CTRL001402,2016-10-20,J45.909,ICD10CM,asthma,post-index
CTRL001402,2016-08-04,G43.909,ICD10CM,migraine,post-index
CTRL001402,2016-09-07,K21.9,ICD10CM,GERD,post-index
CTRL001402,2016-10-31,R10.9,ICD10CM,abdominal pain,post-index
CTRL001402,2016-10-26,R10.9,ICD10CM,abdominal pain,post-index
CTRL001402,2016-09-14,F41.9,ICD10CM,anxiety,post-index
CTRL001432,2026-04-03,J45.909,ICD10CM,asthma,post-index
CTRL001432,2024-09-19,K21.9,ICD10CM,GERD,post-index
CTRL001432,2025-09-10,J45.909,ICD10CM,asthma,post-index
CTRL001477,2018-06-28,I10,ICD10CM,hypertension,post-index
CTRL001477,2017-03-14,I10,ICD10CM,hypertension,post-index
CTRL001477,2016-12-05,F41.9,ICD10CM,anxiety,post-index
CTRL001489,2021-09-17,E78.5,ICD10CM,hyperlipidemia,post-index
CTRL001489,2021-10-30,I10,ICD10CM,hypertension,post-index
CTRL001489,2021-08-31,R10.9,ICD10CM,abdominal pain,post-index
CTRL001489,2021-10-30,G43.909,ICD10CM,migraine,post-index
CTRL001492,2020-09-08,K21.9,ICD10CM,GERD,post-index
CTRL001492,2020-11-24,G43.909,ICD10CM,migraine,post-index
CTRL001492,2020-05-31,M79.7,ICD10CM,fibromyalgia,post-index
CTRL001492,2020-03-30,I10,ICD10CM,hypertension,post-index
CTRL001492,2022-01-02,L50.9,ICD10CM,urticaria,post-index
CTRL001492,2020-08-14,I10,ICD10CM,hypertension,post-index
CTRL001492,2020-08-01,F41.9,ICD10CM,anxiety,post-index
CTRL001539,2023-11-28,F41.9,ICD10CM,anxiety,post-index
CTRL001539,2024-02-24,E78.5,ICD10CM,hyperlipidemia,post-index
CTRL001543,2018-02-20,R10.9,ICD10CM,abdominal pain,post-index
CTRL001549,2024-06-09,K21.9,ICD10CM,GERD,post-index
CTRL001549,2024-01-26,I10,ICD10CM,hypertension,post-index
CTRL001549,2023-04-17,K21.9,ICD10CM,GERD,post-index
CTRL001549,2023-04-14,R10.9,ICD10CM,abdominal pain,post-index
CTRL001549,2023-09-16,L50.9,ICD10CM,urticaria,post-index
CTRL001560,2025-04-07,R10.9,ICD10CM,abdominal pain,post-index
CTRL001560,2024-09-30,K21.9,ICD10CM,GERD,post-index
CTRL001560,2025-05-23,R10.9,ICD10CM,abdominal pain,post-index
CTRL001560,2025-09-19,R10.9,ICD10CM,abdominal pain,post-index
CTRL001560,2024-10-18,J45.909,ICD10CM,asthma,post-index
CTRL001560,2025-08-12,K21.9,ICD10CM,GERD,post-index
CTRL001560,2024-12-29,J45.909,ICD10CM,asthma,post-index
CTRL001560,2025-03-24,R53.83,ICD10CM,fatigue,post-index
CTRL001580,2019-06-06,L50.9,ICD10CM,urticaria,post-index
CTRL001580,2019-06-04,G43.909,ICD10CM,migraine,post-index
CTRL001580,2019-02-19,J45.909,ICD10CM,asthma,post-index
CTRL001580,2018-04-16,M79.7,ICD10CM,fibromyalgia,post-index
CTRL001580,2018-10-25,G43.909,ICD10CM,migraine,post-index
CTRL001580,2018-11-07,J45.909,ICD10CM,asthma,post-index
CTRL001580,2018-09-11,F41.9,ICD10CM,anxiety,post-index
CTRL001580,2019-02-24,R10.9,ICD10CM,abdominal pain,post-index
CTRL001580,2018-09-11,K21.9,ICD10CM,GERD,post-index
CTRL001580,2018-04-24,F41.9,ICD10CM,anxiety,post-index
CTRL001585,2022-07-17,I10,ICD10CM,hypertension,post-index
CTRL001585,2022-02-01,M79.7,ICD10CM,fibromyalgia,post-index
CTRL001585,2021-12-20,K21.9,ICD10CM,GERD,post-index
CTRL001586,2018-06-26,K21.9,ICD10CM,GERD,post-index
CTRL001586,2018-05-01,F41.9,ICD10CM,anxiety,post-index
CTRL001586,2018-06-01,L50.9,ICD10CM,urticaria,post-index
CTRL001586,2018-04-02,R10.9,ICD10CM,abdominal pain,post-index
CTRL001586,2018-06-30,F41.9,ICD10CM,anxiety,post-index
CTRL001605,2020-03-17,M79.7,ICD10CM,fibromyalgia,post-index
CTRL001605,2021-09-04,R53.83,ICD10CM,fatigue,post-index
CTRL001605,2020-03-20,F41.9,ICD10CM,anxiety,post-index
CTRL001605,2020-06-26,R10.9,ICD10CM,abdominal pain,post-index
CTRL001638,2019-01-31,R53.83,ICD10CM,fatigue,post-index
CTRL001638,2019-07-22,K21.9,ICD10CM,GERD,post-index
CTRL001638,2018-12-18,I10,ICD10CM,hypertension,post-index
CTRL001638,2019-12-24,R53.83,ICD10CM,fatigue,post-index
CTRL001638,2018-05-06,R10.9,ICD10CM,abdominal pain,post-index
CTRL001638,2019-06-09,F41.9,ICD10CM,anxiety,post-index
CTRL001638,2018-11-29,J45.909,ICD10CM,asthma,post-index
CTRL001638,2019-03-08,I10,ICD10CM,hypertension,post-index
CTRL001638,2018-06-09,K21.9,ICD10CM,GERD,post-index
CTRL001638,2019-08-09,G43.909,ICD10CM,migraine,post-index
CTRL001638,2019-05-12,I10,ICD10CM,hypertension,post-index
CTRL001689,2023-03-31,R53.83,ICD10CM,fatigue,post-index
CTRL001689,2023-03-24,F41.9,ICD10CM,anxiety,post-index
CTRL001689,2022-10-07,F41.9,ICD10CM,anxiety,post-index
CTRL001689,2022-12-22,I10,ICD10CM,hypertension,post-index
CTRL001689,2022-06-16,G43.909,ICD10CM,migraine,post-index
CTRL001689,2022-06-14,M79.7,ICD10CM,fibromyalgia,post-index
CTRL001695,2024-10-13,F41.9,ICD10CM,anxiety,post-index
CTRL001695,2024-06-29,R10.9,ICD10CM,abdominal pain,post-index
CTRL001695,2024-08-03,I10,ICD10CM,hypertension,post-index
CTRL001695,2024-09-10,R10.9,ICD10CM,abdominal pain,post-index
CTRL001695,2024-10-05,K21.9,ICD10CM,GERD,post-index
CTRL001701,2022-02-04,R10.9,ICD10CM,abdominal pain,post-index
CTRL001701,2022-04-15,G43.909,ICD10CM,migraine,post-index
CTRL001701,2022-01-12,E78.5,ICD10CM,hyperlipidemia,post-index
CTRL001701,2019-12-25,R10.9,ICD10CM,abdominal pain,post-index
CTRL001701,2021-02-20,F41.9,ICD10CM,anxiety,post-index
CTRL001701,2021-09-01,G43.909,ICD10CM,migraine,post-index
CTRL001710,2024-04-16,E78.5,ICD10CM,hyperlipidemia,post-index
CTRL001710,2024-04-26,G43.909,ICD10CM,migraine,post-index
CTRL001710,2024-08-18,F41.9,ICD10CM,anxiety,post-index
CTRL001710,2024-03-30,I10,ICD10CM,hypertension,post-index
CTRL001712,2019-05-13,E78.5,ICD10CM,hyperlipidemia,post-index
CTRL001712,2019-04-05,I10,ICD10CM,hypertension,post-index
CTRL001712,2022-01-23,K21.9,ICD10CM,GERD,post-index
CTRL001712,2020-02-10,F41.9,ICD10CM,anxiety,post-index
CTRL001714,2024-06-09,K21.9,ICD10CM,GERD,post-index
CTRL001714,2024-03-04,E78.5,ICD10CM,hyperlipidemia,post-index
CTRL001714,2024-04-11,K21.9,ICD10CM,GERD,post-index
CTRL001714,2024-08-04,G43.909,ICD10CM,migraine,post-index
CTRL001714,2025-03-06,L50.9,ICD10CM,urticaria,post-index
CTRL001714,2024-01-10,R53.83,ICD10CM,fatigue,post-index
CTRL001714,2024-09-17,R53.83,ICD10CM,fatigue,post-index
CTRL001714,2024-05-23,R53.83,ICD10CM,fatigue,post-index
CTRL001714,2024-09-08,G43.909,ICD10CM,migraine,post-index
CTRL001762,2022-01-18,I10,ICD10CM,hypertension,post-index
CTRL001762,2022-03-05,R53.83,ICD10CM,fatigue,post-index
CTRL001762,2022-09-30,K21.9,ICD10CM,GERD,post-index
CTRL001762,2024-08-12,J45.909,ICD10CM,asthma,post-index
CTRL001762,2022-12-11,F41.9,ICD10CM,anxiety,post-index
CTRL001762,2024-01-14,I10,ICD10CM,hypertension,post-index
CTRL001762,2022-07-14,L50.9,ICD10CM,urticaria,post-index
CTRL001762,2024-10-12,I10,ICD10CM,hypertension,post-index
CTRL001762,2022-11-18,I10,ICD10CM,hypertension,post-index
CTRL001808,2017-08-27,L50.9,ICD10CM,urticaria,post-index
CTRL001808,2020-01-26,M79.7,ICD10CM,fibromyalgia,post-index
CTRL001808,2019-10-03,G43.909,ICD10CM,migraine,post-index
CTRL001808,2018-09-29,I10,ICD10CM,hypertension,post-index
CTRL001808,2020-08-07,G43.909,ICD10CM,migraine,post-index
CTRL001808,2019-06-20,I10,ICD10CM,hypertension,post-index
CTRL001808,2017-07-22,M79.7,ICD10CM,fibromyalgia,post-index
CTRL001808,2017-11-16,J45.909,ICD10CM,asthma,post-index
CTRL001808,2018-02-12,M79.7,ICD10CM,fibromyalgia,post-index
CTRL001833,2023-02-18,R53.83,ICD10CM,fatigue,post-index
CTRL001833,2024-06-10,R53.83,ICD10CM,fatigue,post-index
CTRL001833,2023-09-12,I10,ICD10CM,hypertension,post-index
CTRL001833,2023-02-23,G43.909,ICD10CM,migraine,post-index
CTRL001833,2023-06-06,R53.83,ICD10CM,fatigue,post-index
CTRL001833,2023-08-31,L50.9,ICD10CM,urticaria,post-index
CTRL001833,2023-08-17,I10,ICD10CM,hypertension,post-index
CTRL001833,2023-06-07,E78.5,ICD10CM,hyperlipidemia,post-index
CTRL001873,2016-12-07,I10,ICD10CM,hypertension,post-index
CTRL001873,2017-01-13,R53.83,ICD10CM,fatigue,post-index
CTRL001873,2017-01-14,G43.909,ICD10CM,migraine,post-index
CTRL001873,2017-03-02,R53.83,ICD10CM,fatigue,post-index
CTRL001873,2016-12-04,L50.9,ICD10CM,urticaria,post-index
CTRL001883,2016-08-22,E78.5,ICD10CM,hyperlipidemia,post-index
CTRL001883,2016-03-15,R10.9,ICD10CM,abdominal pain,post-index
CTRL001887,2025-04-09,R10.9,ICD10CM,abdominal pain,post-index
CTRL001887,2024-08-14,F41.9,ICD10CM,anxiety,post-index
CTRL001887,2025-01-03,I10,ICD10CM,hypertension,post-index
CTRL001887,2025-02-13,I10,ICD10CM,hypertension,post-index
CTRL001891,2017-11-03,L50.9,ICD10CM,urticaria,post-index
CTRL001891,2017-11-28,J45.909,ICD10CM,asthma,post-index
CTRL001891,2017-07-05,R10.9,ICD10CM,abdominal pain,post-index
CTRL001891,2017-05-03,K21.9,ICD10CM,GERD,post-index
CTRL001944,2023-10-05,R10.9,ICD10CM,abdominal pain,post-index
CTRL001944,2026-03-15,M79.7,ICD10CM,fibromyalgia,post-index
CTRL001944,2027-07-04,L50.9,ICD10CM,urticaria,post-index
CTRL001944,2025-08-30,K21.9,ICD10CM,GERD,post-index
CTRL001944,2025-04-28,I10,ICD10CM,hypertension,post-index
CTRL001944,2024-08-26,R53.83,ICD10CM,fatigue,post-index
CTRL001944,2024-07-18,K21.9,ICD10CM,GERD,post-index
CTRL001944,2026-04-18,E78.5,ICD10CM,hyperlipidemia,post-index
CTRL001986,2019-11-04,R10.9,ICD10CM,abdominal pain,post-index
CTRL001986,2020-01-05,I10,ICD10CM,hypertension,post-index
CTRL001986,2020-03-03,R10.9,ICD10CM,abdominal pain,post-index
CTRL001986,2020-06-13,M79.7,ICD10CM,fibromyalgia,post-index
CTRL001986,2020-09-16,R53.83,ICD10CM,fatigue,post-index
CTRL001986,2021-06-11,F41.9,ICD10CM,anxiety,post-index
CTRL001986,2020-02-13,R10.9,ICD10CM,abdominal pain,post-index
CTRL001986,2021-02-08,E78.5,ICD10CM,hyperlipidemia,post-index
CTRL001986,2020-03-03,R10.9,ICD10CM,abdominal pain,post-index
CTRL001986,2019-11-10,L50.9,ICD10CM,urticaria,post-index
CTRL001986,2021-03-26,G43.909,ICD10CM,migraine,post-index
CTRL001986,2020-04-03,L50.9,ICD10CM,urticaria,post-index
CTRL001989,2019-07-22,R10.9,ICD10CM,abdominal pain,post-index
CTRL001989,2019-06-06,K21.9,ICD10CM,GERD,post-index
CTRL001989,2019-01-17,I10,ICD10CM,hypertension,post-index
CTRL001989,2019-03-28,G43.909,ICD10CM,migraine,post-index
CTRL001989,2020-06-29,L50.9,ICD10CM,urticaria,post-index
CTRL001989,2020-04-05,L50.9,ICD10CM,urticaria,post-index
CTRL001991,2018-12-13,I10,ICD10CM,hypertension,post-index
CTRL001991,2019-02-13,I10,ICD10CM,hypertension,post-index
CTRL001991,2019-03-05,M79.7,ICD10CM,fibromyalgia,post-index
CTRL001991,2019-01-13,M79.7,ICD10CM,fibromyalgia,post-index
CTRL001991,2019-02-20,E78.5,ICD10CM,hyperlipidemia,post-index
CTRL001991,2018-12-31,E78.5,ICD10CM,hyperlipidemia,post-index
CTRL002009,2024-11-26,L50.9,ICD10CM,urticaria,post-index
CTRL002009,2024-10-02,J45.909,ICD10CM,asthma,post-index
CTRL002009,2024-06-29,J45.909,ICD10CM,asthma,post-index
CTRL002009,2025-02-11,M79.7,ICD10CM,fibromyalgia,post-index
CTRL002009,2024-10-24,R53.83,ICD10CM,fatigue,post-index
CTRL002009,2024-08-08,G43.909,ICD10CM,migraine,post-index
CTRL002010,2019-08-05,M79.7,ICD10CM,fibromyalgia,post-index
CTRL002010,2019-06-25,J45.909,ICD10CM,asthma,post-index
CTRL002010,2019-07-25,L50.9,ICD10CM,urticaria,post-index
CTRL002010,2019-06-04,L50.9,ICD10CM,urticaria,post-index
CTRL002010,2019-07-26,F41.9,ICD10CM,anxiety,post-index
CTRL002010,2019-06-08,E78.5,ICD10CM,hyperlipidemia,post-index
CTRL002023,2021-05-20,F41.9,ICD10CM,anxiety,post-index
CTRL002023,2021-07-27,J45.909,ICD10CM,asthma,post-index
CTRL002023,2021-05-17,K21.9,ICD10CM,GERD,post-index
CTRL002040,2019-08-23,K21.9,ICD10CM,GERD,post-index
CTRL002045,2021-01-02,L50.9,ICD10CM,urticaria,post-index
CTRL002045,2021-06-30,R53.83,ICD10CM,fatigue,post-index
CTRL002045,2021-10-24,R53.83,ICD10CM,fatigue,post-index
CTRL002045,2021-06-27,K21.9,ICD10CM,GERD,post-index
CTRL002049,2025-05-31,F41.9,ICD10CM,anxiety,post-index
CTRL002049,2025-05-02,M79.7,ICD10CM,fibromyalgia,post-index
CTRL002049,2025-06-22,G43.909,ICD10CM,migraine,post-index
CTRL002049,2025-06-05,R53.83,ICD10CM,fatigue,post-index
CTRL002049,2025-04-02,L50.9,ICD10CM,urticaria,post-index
CTRL002071,2019-12-28,J45.909,ICD10CM,asthma,post-index
CTRL002071,2018-07-27,R53.83,ICD10CM,fatigue,post-index
CTRL002071,2018-12-01,R10.9,ICD10CM,abdominal pain,post-index
CTRL002071,2020-08-01,L50.9,ICD10CM,urticaria,post-index
CTRL002071,2019-07-28,M79.7,ICD10CM,fibromyalgia,post-index
CTRL002071,2019-07-16,I10,ICD10CM,hypertension,post-index
CTRL002071,2018-10-31,E78.5,ICD10CM,hyperlipidemia,post-index
CTRL002071,2020-09-09,G43.909,ICD10CM,migraine,post-index
CTRL002071,2020-03-07,G43.909,ICD10CM,migraine,post-index
CTRL002078,2021-10-09,F41.9,ICD10CM,anxiety,post-index
CTRL002078,2021-10-07,E78.5,ICD10CM,hyperlipidemia,post-index
CTRL002078,2021-08-08,F41.9,ICD10CM,anxiety,post-index
CTRL002078,2021-09-01,J45.909,ICD10CM,asthma,post-index
CTRL002078,2022-04-08,K21.9,ICD10CM,GERD,post-index
CTRL002085,2018-01-20,K21.9,ICD10CM,GERD,post-index
CTRL002085,2018-10-06,R53.83,ICD10CM,fatigue,post-index
CTRL002085,2018-11-02,L50.9,ICD10CM,urticaria,post-index
CTRL002100,2025-04-10,G43.909,ICD10CM,migraine,post-index
CTRL002100,2024-06-19,J45.909,ICD10CM,asthma,post-index
CTRL002100,2025-04-08,R53.83,ICD10CM,fatigue,post-index
CTRL002100,2025-04-14,E78.5,ICD10CM,hyperlipidemia,post-index
CTRL002100,2025-04-12,G43.909,ICD10CM,migraine,post-index
CTRL002100,2025-11-24,G43.909,ICD10CM,migraine,post-index
CTRL002100,2025-08-10,R10.9,ICD10CM,abdominal pain,post-index
CTRL002100,2026-03-04,E78.5,ICD10CM,hyperlipidemia,post-index
CTRL002100,2025-07-10,G43.909,ICD10CM,migraine,post-index
CTRL002100,2025-01-08,R10.9,ICD10CM,abdominal pain,post-index
CTRL002114,2017-08-30,K21.9,ICD10CM,GERD,post-index
CTRL002114,2017-03-05,R10.9,ICD10CM,abdominal pain,post-index
CTRL002114,2017-03-31,I10,ICD10CM,hypertension,post-index
CTRL002114,2017-09-17,G43.909,ICD10CM,migraine,post-index
CTRL002114,2017-04-28,R10.9,ICD10CM,abdominal pain,post-index
CTRL002114,2017-11-28,E78.5,ICD10CM,hyperlipidemia,post-index
CTRL002115,2017-07-29,K21.9,ICD10CM,GERD,post-index
CTRL002115,2018-05-10,L50.9,ICD10CM,urticaria,post-index
CTRL002115,2016-04-22,L50.9,ICD10CM,urticaria,post-index
CTRL002115,2017-12-21,J45.909,ICD10CM,asthma,post-index
CTRL002115,2018-04-29,K21.9,ICD10CM,GERD,post-index
CTRL002115,2018-04-12,I10,ICD10CM,hypertension,post-index
CTRL002115,2017-09-14,R10.9,ICD10CM,abdominal pain,post-index
CTRL002118,2019-08-02,L50.9,ICD10CM,urticaria,post-index
CTRL002118,2023-04-12,K21.9,ICD10CM,GERD,post-index
CTRL002118,2021-01-13,K21.9,ICD10CM,GERD,post-index
CTRL002118,2021-11-10,G43.909,ICD10CM,migraine,post-index
CTRL002118,2021-03-04,E78.5,ICD10CM,hyperlipidemia,post-index
CTRL002118,2019-10-12,F41.9,ICD10CM,anxiety,post-index
CTRL002118,2024-06-19,R53.83,ICD10CM,fatigue,post-index
CTRL002118,2023-09-10,L50.9,ICD10CM,urticaria,post-index
CTRL002118,2024-08-06,K21.9,ICD10CM,GERD,post-index
CTRL002118,2024-07-14,M79.7,ICD10CM,fibromyalgia,post-index
CTRL002118,2024-06-03,M79.7,ICD10CM,fibromyalgia,post-index
CTRL002152,2025-08-09,I10,ICD10CM,hypertension,post-index
CTRL002152,2024-11-08,E78.5,ICD10CM,hyperlipidemia,post-index
CTRL002152,2025-02-20,G43.909,ICD10CM,migraine,post-index
CTRL002152,2025-04-11,R53.83,ICD10CM,fatigue,post-index
CTRL002156,2018-07-05,K21.9,ICD10CM,GERD,post-index
CTRL002156,2020-03-04,M79.7,ICD10CM,fibromyalgia,post-index
CTRL002156,2019-08-19,G43.909,ICD10CM,migraine,post-index
CTRL002156,2019-06-08,G43.909,ICD10CM,migraine,post-index
CTRL002156,2018-09-01,G43.909,ICD10CM,migraine,post-index
CTRL002156,2019-02-11,R53.83,ICD10CM,fatigue,post-index
CTRL002156,2019-01-19,R10.9,ICD10CM,abdominal pain,post-index
CTRL002156,2017-10-16,R53.83,ICD10CM,fatigue,post-index
CTRL002157,2017-12-14,R53.83,ICD10CM,fatigue,post-index
CTRL002157,2018-01-08,E78.5,ICD10CM,hyperlipidemia,post-index
CTRL002157,2017-07-04,K21.9,ICD10CM,GERD,post-index
CTRL002163,2021-07-05,J45.909,ICD10CM,asthma,post-index
CTRL002163,2021-06-30,E78.5,ICD10CM,hyperlipidemia,post-index
CTRL002163,2023-12-21,F41.9,ICD10CM,anxiety,post-index
CTRL002163,2021-09-23,R53.83,ICD10CM,fatigue,post-index
CTRL002163,2024-01-25,I10,ICD10CM,hypertension,post-index
CTRL002163,2023-03-06,G43.909,ICD10CM,migraine,post-index
CTRL002163,2024-04-03,M79.7,ICD10CM,fibromyalgia,post-index
CTRL002163,2022-03-16,L50.9,ICD10CM,urticaria,post-index
CTRL002163,2023-02-17,R10.9,ICD10CM,abdominal pain,post-index
CTRL002189,2018-11-20,R10.9,ICD10CM,abdominal pain,post-index
CTRL002189,2018-10-31,R53.83,ICD10CM,fatigue,post-index
CTRL002189,2019-02-10,F41.9,ICD10CM,anxiety,post-index
CTRL002189,2019-04-09,E78.5,ICD10CM,hyperlipidemia,post-index
CTRL002189,2018-11-21,G43.909,ICD10CM,migraine,post-index
CTRL002189,2019-03-04,E78.5,ICD10CM,hyperlipidemia,post-index
CTRL002189,2018-12-19,E78.5,ICD10CM,hyperlipidemia,post-index
CTRL002189,2018-11-11,G43.909,ICD10CM,migraine,post-index
CTRL002195,2019-01-19,R10.9,ICD10CM,abdominal pain,post-index
CTRL002198,2016-10-30,R10.9,ICD10CM,abdominal pain,post-index
CTRL002198,2016-05-27,E78.5,ICD10CM,hyperlipidemia,post-index
CTRL002198,2016-06-06,I10,ICD10CM,hypertension,post-index
CTRL002198,2016-06-16,K21.9,ICD10CM,GERD,post-index
CTRL002198,2016-06-22,L50.9,ICD10CM,urticaria,post-index
CTRL002198,2016-05-07,J45.909,ICD10CM,asthma,post-index
CTRL002253,2026-02-20,G43.909,ICD10CM,migraine,post-index
CTRL002253,2026-01-26,E78.5,ICD10CM,hyperlipidemia,post-index
CTRL002253,2024-09-03,M79.7,ICD10CM,fibromyalgia,post-index
CTRL002253,2024-08-19,K21.9,ICD10CM,GERD,post-index
CTRL002253,2025-03-09,I10,ICD10CM,hypertension,post-index
CTRL002253,2026-11-30,I10,ICD10CM,hypertension,post-index
CTRL002253,2025-08-22,I10,ICD10CM,hypertension,post-index
CTRL002261,2024-08-10,R10.9,ICD10CM,abdominal pain,post-index
CTRL002261,2025-04-26,F41.9,ICD10CM,anxiety,post-index
CTRL002261,2024-02-01,G43.909,ICD10CM,migraine,post-index
CTRL002261,2025-02-05,G43.909,ICD10CM,migraine,post-index
CTRL002261,2025-09-20,M79.7,ICD10CM,fibromyalgia,post-index
CTRL002261,2024-11-04,E78.5,ICD10CM,hyperlipidemia,post-index
CTRL002269,2017-06-11,R10.9,ICD10CM,abdominal pain,post-index
CTRL002269,2018-08-14,K21.9,ICD10CM,GERD,post-index
CTRL002269,2018-05-09,F41.9,ICD10CM,anxiety,post-index
CTRL002269,2017-06-22,J45.909,ICD10CM,asthma,post-index
CTRL002325,2018-12-18,E78.5,ICD10CM,hyperlipidemia,post-index
CTRL002325,2018-10-20,J45.909,ICD10CM,asthma,post-index
CTRL002325,2019-01-26,K21.9,ICD10CM,GERD,post-index
CTRL002325,2018-03-26,I10,ICD10CM,hypertension,post-index
CTRL002347,2017-05-28,K21.9,ICD10CM,GERD,post-index
CTRL002347,2022-08-12,I10,ICD10CM,hypertension,post-index
CTRL002347,2021-11-27,G43.909,ICD10CM,migraine,post-index
CTRL002347,2018-01-09,R53.83,ICD10CM,fatigue,post-index
CTRL002347,2016-11-15,F41.9,ICD10CM,anxiety,post-index
CTRL002347,2017-06-01,F41.9,ICD10CM,anxiety,post-index
CTRL002347,2016-11-06,F41.9,ICD10CM,anxiety,post-index
CTRL002347,2017-07-28,R53.83,ICD10CM,fatigue,post-index
CTRL002347,2017-11-20,I10,ICD10CM,hypertension,post-index
CTRL002347,2023-06-10,K21.9,ICD10CM,GERD,post-index
CTRL002347,2018-10-16,L50.9,ICD10CM,urticaria,post-index
CTRL002347,2023-01-17,K21.9,ICD10CM,GERD,post-index
CTRL002347,2016-12-21,F41.9,ICD10CM,anxiety,post-index
CTRL002347,2020-02-26,R53.83,ICD10CM,fatigue,post-index
CTRL002367,2023-04-26,R53.83,ICD10CM,fatigue,post-index
CTRL002367,2023-05-18,E78.5,ICD10CM,hyperlipidemia,post-index
CTRL002379,2024-05-27,K21.9,ICD10CM,GERD,post-index
CTRL002379,2024-08-10,K21.9,ICD10CM,GERD,post-index
CTRL002379,2023-11-19,L50.9,ICD10CM,urticaria,post-index
CTRL002379,2024-02-27,L50.9,ICD10CM,urticaria,post-index
CTRL002379,2024-02-02,G43.909,ICD10CM,migraine,post-index
CTRL002379,2024-05-28,J45.909,ICD10CM,asthma,post-index
CTRL002379,2023-12-19,K21.9,ICD10CM,GERD,post-index
CTRL002388,2024-05-19,G43.909,ICD10CM,migraine,post-index
CTRL002388,2024-12-27,M79.7,ICD10CM,fibromyalgia,post-index
CTRL002388,2024-10-21,G43.909,ICD10CM,migraine,post-index
CTRL002388,2024-09-06,I10,ICD10CM,hypertension,post-index
CTRL002388,2025-01-22,I10,ICD10CM,hypertension,post-index
CTRL002388,2024-10-18,J45.909,ICD10CM,asthma,post-index
CTRL002395,2021-11-20,G43.909,ICD10CM,migraine,post-index
CTRL002395,2021-06-04,G43.909,ICD10CM,migraine,post-index
CTRL002395,2020-03-01,M79.7,ICD10CM,fibromyalgia,post-index
CTRL002395,2020-02-27,R53.83,ICD10CM,fatigue,post-index
CTRL002395,2019-11-23,R10.9,ICD10CM,abdominal pain,post-index
CTRL002397,2017-07-23,R53.83,ICD10CM,fatigue,post-index
CTRL002397,2017-04-07,E78.5,ICD10CM,hyperlipidemia,post-index
CTRL002397,2016-09-29,G43.909,ICD10CM,migraine,post-index
CTRL002397,2017-04-24,J45.909,ICD10CM,asthma,post-index
CTRL002397,2016-04-28,L50.9,ICD10CM,urticaria,post-index
CTRL002397,2016-05-17,J45.909,ICD10CM,asthma,post-index
CTRL002397,2017-04-27,K21.9,ICD10CM,GERD,post-index
CTRL002412,2023-07-09,I10,ICD10CM,hypertension,post-index
CTRL002412,2023-11-29,G43.909,ICD10CM,migraine,post-index
CTRL002412,2024-03-19,J45.909,ICD10CM,asthma,post-index
CTRL002416,2017-10-23,J45.909,ICD10CM,asthma,post-index
CTRL002416,2017-08-18,K21.9,ICD10CM,GERD,post-index
CTRL002416,2017-09-23,K21.9,ICD10CM,GERD,post-index
CTRL002416,2017-04-24,G43.909,ICD10CM,migraine,post-index
CTRL002416,2017-05-11,I10,ICD10CM,hypertension,post-index
CTRL002436,2018-12-12,E78.5,ICD10CM,hyperlipidemia,post-index
CTRL002436,2018-12-31,J45.909,ICD10CM,asthma,post-index
CTRL002436,2018-09-03,F41.9,ICD10CM,anxiety,post-index
CTRL002436,2018-07-24,G43.909,ICD10CM,migraine,post-index
CTRL002436,2018-11-28,K21.9,ICD10CM,GERD,post-index
CTRL002461,2021-12-19,K21.9,ICD10CM,GERD,post-index
CTRL002461,2021-07-11,E78.5,ICD10CM,hyperlipidemia,post-index
CTRL002461,2022-07-02,J45.909,ICD10CM,asthma,post-index
CTRL002461,2022-06-21,I10,ICD10CM,hypertension,post-index
CTRL002461,2022-09-09,E78.5,ICD10CM,hyperlipidemia,post-index
CTRL002461,2023-03-09,R10.9,ICD10CM,abdominal pain,post-index
CTRL002461,2022-11-10,F41.9,ICD10CM,anxiety,post-index
CTRL002461,2023-01-03,R53.83,ICD10CM,fatigue,post-index
CTRL002465,2027-03-20,R53.83,ICD10CM,fatigue,post-index
CTRL002465,2028-04-26,L50.9,ICD10CM,urticaria,post-index
CTRL002465,2027-09-15,E78.5,ICD10CM,hyperlipidemia,post-index
CTRL002465,2024-05-04,J45.909,ICD10CM,asthma,post-index
CTRL002465,2029-02-08,K21.9,ICD10CM,GERD,post-index
CTRL002465,2026-06-18,R10.9,ICD10CM,abdominal pain,post-index
CTRL002465,2026-12-11,G43.909,ICD10CM,migraine,post-index
CTRL002465,2028-01-06,J45.909,ICD10CM,asthma,post-index
CTRL002465,2026-07-05,I10,ICD10CM,hypertension,post-index
CTRL002465,2023-10-05,K21.9,ICD10CM,GERD,post-index
CTRL002476,2017-04-14,R10.9,ICD10CM,abdominal pain,post-index
CTRL002476,2016-10-15,R10.9,ICD10CM,abdominal pain,post-index
CTRL002476,2016-10-02,L50.9,ICD10CM,urticaria,post-index
CTRL002480,2023-06-01,F41.9,ICD10CM,anxiety,post-index
CTRL002480,2022-12-08,E78.5,ICD10CM,hyperlipidemia,post-index
CTRL002480,2023-02-12,J45.909,ICD10CM,asthma,post-index
CTRL002480,2023-06-23,E78.5,ICD10CM,hyperlipidemia,post-index
CTRL002480,2023-03-29,R53.83,ICD10CM,fatigue,post-index
CTRL002480,2022-12-15,G43.909,ICD10CM,migraine,post-index
CTRL002480,2023-05-20,R10.9,ICD10CM,abdominal pain,post-index
CTRL002480,2023-06-09,R53.83,ICD10CM,fatigue,post-index
CTRL002486,2018-07-11,E78.5,ICD10CM,hyperlipidemia,post-index
CTRL002486,2018-08-18,J45.909,ICD10CM,asthma,post-index
CTRL002486,2018-09-18,L50.9,ICD10CM,urticaria,post-index
CTRL002486,2018-09-10,M79.7,ICD10CM,fibromyalgia,post-index
CTRL002486,2018-07-05,G43.909,ICD10CM,migraine,post-index
CTRL002492,2024-06-08,G43.909,ICD10CM,migraine,post-index
CTRL002492,2022-04-16,I10,ICD10CM,hypertension,post-index
CTRL002492,2022-03-26,I10,ICD10CM,hypertension,post-index
CTRL002492,2024-11-06,L50.9,ICD10CM,urticaria,post-index
CTRL002502,2018-05-26,M79.7,ICD10CM,fibromyalgia,post-index
CTRL002502,2017-12-31,K21.9,ICD10CM,GERD,post-index
CTRL002502,2018-04-13,R53.83,ICD10CM,fatigue,post-index
CTRL002502,2018-03-19,E78.5,ICD10CM,hyperlipidemia,post-index
CTRL002502,2018-06-23,I10,ICD10CM,hypertension,post-index
CTRL002502,2018-02-05,J45.909,ICD10CM,asthma,post-index
CTRL002509,2027-09-12,L50.9,ICD10CM,urticaria,post-index
CTRL002509,2026-10-31,E78.5,ICD10CM,hyperlipidemia,post-index
CTRL002509,2027-12-08,G43.909,ICD10CM,migraine,post-index
CTRL002516,2023-02-19,I10,ICD10CM,hypertension,post-index
CTRL002516,2026-08-14,J45.909,ICD10CM,asthma,post-index
CTRL002516,2023-02-05,L50.9,ICD10CM,urticaria,post-index
CTRL002516,2024-01-14,E78.5,ICD10CM,hyperlipidemia,post-index
CTRL002538,2018-02-14,E78.5,ICD10CM,hyperlipidemia,post-index
CTRL002538,2017-11-29,R53.83,ICD10CM,fatigue,post-index
CTRL002538,2017-11-11,E78.5,ICD10CM,hyperlipidemia,post-index
CTRL002538,2017-05-12,I10,ICD10CM,hypertension,post-index
CTRL002538,2017-12-24,E78.5,ICD10CM,hyperlipidemia,post-index
CTRL002549,2024-04-30,J45.909,ICD10CM,asthma,post-index
CTRL002549,2022-10-31,J45.909,ICD10CM,asthma,post-index
CTRL002549,2022-06-19,G43.909,ICD10CM,migraine,post-index
CTRL002549,2024-01-24,R53.83,ICD10CM,fatigue,post-index
CTRL002549,2024-04-14,J45.909,ICD10CM,asthma,post-index
CTRL002549,2023-02-14,K21.9,ICD10CM,GERD,post-index
CTRL002549,2022-09-19,F41.9,ICD10CM,anxiety,post-index
CTRL002549,2023-04-27,I10,ICD10CM,hypertension,post-index
CTRL002569,2021-07-03,M79.7,ICD10CM,fibromyalgia,post-index
CTRL002569,2022-04-15,R10.9,ICD10CM,abdominal pain,post-index
CTRL002569,2022-07-31,K21.9,ICD10CM,GERD,post-index
CTRL002569,2023-04-28,K21.9,ICD10CM,GERD,post-index
CTRL002628,2017-08-18,I10,ICD10CM,hypertension,post-index
CTRL002628,2018-03-20,R53.83,ICD10CM,fatigue,post-index
CTRL002628,2018-04-03,I10,ICD10CM,hypertension,post-index
CTRL002656,2023-02-01,R53.83,ICD10CM,fatigue,post-index
CTRL002656,2022-12-05,I10,ICD10CM,hypertension,post-index
CTRL002656,2022-11-11,I10,ICD10CM,hypertension,post-index
CTRL002656,2023-03-07,I10,ICD10CM,hypertension,post-index
CTRL002689,2018-02-14,E78.5,ICD10CM,hyperlipidemia,post-index
CTRL002689,2018-08-09,L50.9,ICD10CM,urticaria,post-index
CTRL002689,2018-04-11,K21.9,ICD10CM,GERD,post-index
CTRL002689,2018-02-21,I10,ICD10CM,hypertension,post-index
CTRL002693,2024-10-06,R10.9,ICD10CM,abdominal pain,post-index
CTRL002693,2024-04-16,K21.9,ICD10CM,GERD,post-index
CTRL002693,2023-12-27,F41.9,ICD10CM,anxiety,post-index
CTRL002714,2017-09-26,J45.909,ICD10CM,asthma,post-index
CTRL002714,2018-01-01,G43.909,ICD10CM,migraine,post-index
CTRL002714,2018-02-02,G43.909,ICD10CM,migraine,post-index
CTRL002714,2017-05-22,J45.909,ICD10CM,asthma,post-index
CTRL002714,2017-12-17,K21.9,ICD10CM,GERD,post-index
CTRL002714,2018-09-14,G43.909,ICD10CM,migraine,post-index
CTRL002714,2018-01-24,L50.9,ICD10CM,urticaria,post-index
CTRL002714,2017-06-14,R53.83,ICD10CM,fatigue,post-index
CTRL002714,2017-12-12,L50.9,ICD10CM,urticaria,post-index
CTRL002726,2017-03-06,L50.9,ICD10CM,urticaria,post-index
CTRL002726,2017-01-01,J45.909,ICD10CM,asthma,post-index
CTRL002726,2017-02-12,K21.9,ICD10CM,GERD,post-index
CTRL002737,2025-05-12,F41.9,ICD10CM,anxiety,post-index
CTRL002737,2024-11-19,E78.5,ICD10CM,hyperlipidemia,post-index
CTRL002737,2025-04-02,J45.909,ICD10CM,asthma,post-index
CTRL002737,2024-08-17,I10,ICD10CM,hypertension,post-index
CTRL002737,2024-07-28,K21.9,ICD10CM,GERD,post-index
CTRL002749,2023-11-01,M79.7,ICD10CM,fibromyalgia,post-index
CTRL002749,2024-08-29,R53.83,ICD10CM,fatigue,post-index
CTRL002749,2023-08-30,E78.5,ICD10CM,hyperlipidemia,post-index
CTRL002749,2023-06-07,M79.7,ICD10CM,fibromyalgia,post-index
CTRL002749,2023-07-02,K21.9,ICD10CM,GERD,post-index
CTRL002749,2024-05-01,L50.9,ICD10CM,urticaria,post-index
CTRL002749,2024-03-12,I10,ICD10CM,hypertension,post-index
CTRL002813,2023-09-14,I10,ICD10CM,hypertension,post-index
CTRL002821,2019-10-20,R53.83,ICD10CM,fatigue,post-index
CTRL002821,2019-08-07,G43.909,ICD10CM,migraine,post-index
CTRL002821,2019-09-05,R10.9,ICD10CM,abdominal pain,post-index
CTRL002821,2019-09-01,K21.9,ICD10CM,GERD,post-index
CTRL002821,2019-10-09,J45.909,ICD10CM,asthma,post-index
CTRL002833,2022-05-28,J45.909,ICD10CM,asthma,post-index
CTRL002833,2022-06-10,E78.5,ICD10CM,hyperlipidemia,post-index
CTRL002889,2023-04-27,F41.9,ICD10CM,anxiety,post-index
CTRL002889,2023-06-15,L50.9,ICD10CM,urticaria,post-index
CTRL002889,2022-10-02,I10,ICD10CM,hypertension,post-index
CTRL002889,2023-05-09,R53.83,ICD10CM,fatigue,post-index
CTRL002889,2022-08-14,L50.9,ICD10CM,urticaria,post-index
CTRL002889,2022-06-09,L50.9,ICD10CM,urticaria,post-index
CTRL002889,2023-12-03,I10,ICD10CM,hypertension,post-index
CTRL002889,2023-02-03,E78.5,ICD10CM,hyperlipidemia,post-index
CTRL002889,2024-03-15,E78.5,ICD10CM,hyperlipidemia,post-index
CTRL002892,2022-02-10,J45.909,ICD10CM,asthma,post-index
CTRL002892,2022-02-10,K21.9,ICD10CM,GERD,post-index
CTRL002892,2022-02-17,F41.9,ICD10CM,anxiety,post-index
CTRL002922,2020-03-27,R53.83,ICD10CM,fatigue,post-index
CTRL002922,2022-01-27,E78.5,ICD10CM,hyperlipidemia,post-index
CTRL002922,2020-10-17,F41.9,ICD10CM,anxiety,post-index
CTRL002922,2022-01-23,E78.5,ICD10CM,hyperlipidemia,post-index
CTRL002922,2020-07-09,I10,ICD10CM,hypertension,post-index
CTRL002924,2024-08-24,R10.9,ICD10CM,abdominal pain,post-index
CTRL002924,2024-03-11,L50.9,ICD10CM,urticaria,post-index
CTRL002924,2024-09-19,M79.7,ICD10CM,fibromyalgia,post-index
CTRL002925,2022-05-11,R53.83,ICD10CM,fatigue,post-index
CTRL002925,2024-07-27,G43.909,ICD10CM,migraine,post-index
CTRL002925,2022-08-11,I10,ICD10CM,hypertension,post-index
CTRL002925,2026-07-18,J45.909,ICD10CM,asthma,post-index
CTRL002925,2026-06-22,I10,ICD10CM,hypertension,post-index
CTRL002926,2023-03-28,F41.9,ICD10CM,anxiety,post-index
CTRL002926,2023-04-23,J45.909,ICD10CM,asthma,post-index
CTRL002926,2023-01-31,L50.9,ICD10CM,urticaria,post-index
CTRL002929,2025-03-15,E78.5,ICD10CM,hyperlipidemia,post-index
CTRL002929,2025-02-09,I10,ICD10CM,hypertension,post-index
CTRL002929,2025-01-24,G43.909,ICD10CM,migraine,post-index
CTRL002948,2022-08-02,R10.9,ICD10CM,abdominal pain,post-index
CTRL002948,2022-09-25,K21.9,ICD10CM,GERD,post-index
CTRL002948,2022-10-02,R10.9,ICD10CM,abdominal pain,post-index
CTRL002948,2022-08-04,K21.9,ICD10CM,GERD,post-index
CTRL002968,2020-05-31,L50.9,ICD10CM,urticaria,post-index
CTRL002968,2021-02-02,R53.83,ICD10CM,fatigue,post-index
CTRL002968,2020-02-04,R10.9,ICD10CM,abdominal pain,post-index
CTRL002968,2020-02-09,I10,ICD10CM,hypertension,post-index
CTRL002972,2017-06-24,F41.9,ICD10CM,anxiety,post-index
CTRL002972,2017-05-28,K21.9,ICD10CM,GERD,post-index
CTRL002972,2018-03-21,G43.909,ICD10CM,migraine,post-index
CTRL002972,2017-07-23,J45.909,ICD10CM,asthma,post-index
CTRL002972,2018-03-12,F41.9,ICD10CM,anxiety,post-index
CTRL002977,2017-06-05,E78.5,ICD10CM,hyperlipidemia,post-index
CTRL002977,2016-10-29,K21.9,ICD10CM,GERD,post-index
CTRL002977,2017-05-10,G43.909,ICD10CM,migraine,post-index
CTRL002977,2017-04-08,I10,ICD10CM,hypertension,post-index
CTRL002977,2016-11-07,G43.909,ICD10CM,migraine,post-index
CTRL002977,2017-04-17,G43.909,ICD10CM,migraine,post-index
CTRL002985,2022-07-13,J45.909,ICD10CM,asthma,post-index
CTRL002985,2022-08-24,R10.9,ICD10CM,abdominal pain,post-index
CTRL002985,2022-04-06,L50.9,ICD10CM,urticaria,post-index
CTRL002985,2022-09-10,K21.9,ICD10CM,GERD,post-index
CTRL002985,2023-04-11,R10.9,ICD10CM,abdominal pain,post-index
CTRL002985,2022-08-29,I10,ICD10CM,hypertension,post-index
CTRL003003,2021-02-17,L50.9,ICD10CM,urticaria,post-index
CTRL003003,2020-01-15,R53.83,ICD10CM,fatigue,post-index
CTRL003003,2021-07-09,G43.909,ICD10CM,migraine,post-index
CTRL003003,2019-08-25,K21.9,ICD10CM,GERD,post-index
CTRL003003,2019-09-12,E78.5,ICD10CM,hyperlipidemia,post-index
CTRL003003,2019-09-15,R53.83,ICD10CM,fatigue,post-index
CTRL003003,2021-06-15,F41.9,ICD10CM,anxiety,post-index
CTRL003003,2021-07-07,L50.9,ICD10CM,urticaria,post-index
CTRL003016,2022-01-26,R10.9,ICD10CM,abdominal pain,post-index
CTRL003016,2022-04-26,M79.7,ICD10CM,fibromyalgia,post-index
CTRL003016,2022-02-20,J45.909,ICD10CM,asthma,post-index
CTRL003016,2022-03-28,G43.909,ICD10CM,migraine,post-index
CTRL003016,2022-03-04,E78.5,ICD10CM,hyperlipidemia,post-index
CTRL003061,2022-04-06,J45.909,ICD10CM,asthma,post-index
CTRL003061,2022-04-19,I10,ICD10CM,hypertension,post-index
CTRL003061,2022-01-21,J45.909,ICD10CM,asthma,post-index
CTRL003063,2018-09-30,I10,ICD10CM,hypertension,post-index
CTRL003063,2019-01-19,K21.9,ICD10CM,GERD,post-index
CTRL003063,2018-10-04,R10.9,ICD10CM,abdominal pain,post-index
CTRL003063,2019-04-03,F41.9,ICD10CM,anxiety,post-index
CTRL003063,2019-07-25,J45.909,ICD10CM,asthma,post-index
CTRL003063,2018-12-06,E78.5,ICD10CM,hyperlipidemia,post-index
CTRL003063,2018-09-10,M79.7,ICD10CM,fibromyalgia,post-index
CTRL003074,2022-05-03,K21.9,ICD10CM,GERD,post-index
CTRL003074,2021-06-23,M79.7,ICD10CM,fibromyalgia,post-index
CTRL003074,2022-01-19,J45.909,ICD10CM,asthma,post-index
CTRL003100,2024-05-16,R53.83,ICD10CM,fatigue,post-index
CTRL003100,2024-05-14,L50.9,ICD10CM,urticaria,post-index
CTRL003100,2024-06-15,E78.5,ICD10CM,hyperlipidemia,post-index
CTRL003100,2024-03-30,R53.83,ICD10CM,fatigue,post-index
CTRL003102,2020-11-20,I10,ICD10CM,hypertension,post-index
CTRL003102,2020-03-01,R53.83,ICD10CM,fatigue,post-index
CTRL003131,2024-01-31,I10,ICD10CM,hypertension,post-index
CTRL003131,2023-12-22,E78.5,ICD10CM,hyperlipidemia,post-index
CTRL003131,2024-05-04,J45.909,ICD10CM,asthma,post-index
CTRL003131,2024-06-18,I10,ICD10CM,hypertension,post-index
CTRL003137,2022-03-09,G43.909,ICD10CM,migraine,post-index
CTRL003137,2022-04-29,K21.9,ICD10CM,GERD,post-index
CTRL003137,2022-05-22,K21.9,ICD10CM,GERD,post-index
CTRL003137,2022-04-03,R10.9,ICD10CM,abdominal pain,post-index
CTRL003183,2024-04-22,J45.909,ICD10CM,asthma,post-index
CTRL003183,2024-10-13,I10,ICD10CM,hypertension,post-index
CTRL003183,2025-05-22,G43.909,ICD10CM,migraine,post-index
CTRL003183,2025-01-27,J45.909,ICD10CM,asthma,post-index
CTRL003184,2028-01-17,F41.9,ICD10CM,anxiety,post-index
CTRL003184,2024-11-26,R10.9,ICD10CM,abdominal pain,post-index
CTRL003184,2027-05-01,R53.83,ICD10CM,fatigue,post-index
CTRL003184,2024-08-26,K21.9,ICD10CM,GERD,post-index
CTRL003184,2025-04-01,E78.5,ICD10CM,hyperlipidemia,post-index
CTRL003184,2025-02-17,M79.7,ICD10CM,fibromyalgia,post-index
CTRL003184,2023-12-29,L50.9,ICD10CM,urticaria,post-index
CTRL003192,2023-11-03,L50.9,ICD10CM,urticaria,post-index
CTRL003195,2023-06-24,F41.9,ICD10CM,anxiety,post-index
CTRL003195,2023-04-01,F41.9,ICD10CM,anxiety,post-index
CTRL003204,2018-01-06,K21.9,ICD10CM,GERD,post-index
CTRL003204,2017-09-21,R53.83,ICD10CM,fatigue,post-index
CTRL003204,2018-05-24,E78.5,ICD10CM,hyperlipidemia,post-index
CTRL003227,2025-02-11,E78.5,ICD10CM,hyperlipidemia,post-index
CTRL003227,2025-04-09,I10,ICD10CM,hypertension,post-index
CTRL003227,2025-12-26,F41.9,ICD10CM,anxiety,post-index
CTRL003227,2026-02-17,J45.909,ICD10CM,asthma,post-index
CTRL003227,2026-02-09,J45.909,ICD10CM,asthma,post-index
CTRL003227,2025-10-11,K21.9,ICD10CM,GERD,post-index
CTRL003227,2025-10-29,M79.7,ICD10CM,fibromyalgia,post-index
CTRL003248,2017-05-23,I10,ICD10CM,hypertension,post-index
CTRL003248,2018-02-09,J45.909,ICD10CM,asthma,post-index
CTRL003248,2017-09-01,E78.5,ICD10CM,hyperlipidemia,post-index
CTRL003248,2017-07-04,J45.909,ICD10CM,asthma,post-index
CTRL003248,2017-12-17,K21.9,ICD10CM,GERD,post-index
CTRL003248,2018-02-14,F41.9,ICD10CM,anxiety,post-index
CTRL003250,2024-04-03,I10,ICD10CM,hypertension,post-index
CTRL003250,2024-04-17,G43.909,ICD10CM,migraine,post-index
CTRL003250,2024-03-12,R53.83,ICD10CM,fatigue,post-index
CTRL003250,2024-04-01,E78.5,ICD10CM,hyperlipidemia,post-index
CTRL003250,2024-07-18,F41.9,ICD10CM,anxiety,post-index
CTRL003274,2020-07-14,I10,ICD10CM,hypertension,post-index
CTRL003274,2020-11-03,I10,ICD10CM,hypertension,post-index
CTRL003274,2021-02-18,R53.83,ICD10CM,fatigue,post-index
CTRL003281,2018-12-26,K21.9,ICD10CM,GERD,post-index
CTRL003281,2017-08-20,E78.5,ICD10CM,hyperlipidemia,post-index
CTRL003281,2017-08-26,J45.909,ICD10CM,asthma,post-index
CTRL003281,2018-12-02,E78.5,ICD10CM,hyperlipidemia,post-index
CTRL003281,2017-11-24,E78.5,ICD10CM,hyperlipidemia,post-index
CTRL003292,2020-12-04,K21.9,ICD10CM,GERD,post-index
CTRL003292,2019-12-30,G43.909,ICD10CM,migraine,post-index
CTRL003292,2020-10-27,F41.9,ICD10CM,anxiety,post-index
CTRL003333,2018-11-14,G43.909,ICD10CM,migraine,post-index
CTRL003333,2019-02-07,F41.9,ICD10CM,anxiety,post-index
CTRL003333,2019-01-12,R10.9,ICD10CM,abdominal pain,post-index
CTRL003333,2018-10-03,K21.9,ICD10CM,GERD,post-index
CTRL003372,2023-08-11,K21.9,ICD10CM,GERD,post-index
CTRL003372,2024-01-11,L50.9,ICD10CM,urticaria,post-index
CTRL003372,2024-03-09,J45.909,ICD10CM,asthma,post-index
CTRL003372,2024-01-09,I10,ICD10CM,hypertension,post-index
CTRL003376,2017-01-21,I10,ICD10CM,hypertension,post-index
CTRL003376,2017-04-02,E78.5,ICD10CM,hyperlipidemia,post-index
CTRL003376,2017-02-09,G43.909,ICD10CM,migraine,post-index
CTRL003376,2017-02-11,R10.9,ICD10CM,abdominal pain,post-index
CTRL003376,2017-02-19,E78.5,ICD10CM,hyperlipidemia,post-index
CTRL003391,2017-04-12,F41.9,ICD10CM,anxiety,post-index
CTRL003391,2018-12-15,L50.9,ICD10CM,urticaria,post-index
CTRL003391,2018-08-27,G43.909,ICD10CM,migraine,post-index
CTRL003391,2018-10-30,E78.5,ICD10CM,hyperlipidemia,post-index
CTRL003421,2023-02-14,K21.9,ICD10CM,GERD,post-index
CTRL003421,2023-04-02,K21.9,ICD10CM,GERD,post-index
CTRL003421,2022-08-29,M79.7,ICD10CM,fibromyalgia,post-index
CTRL003421,2023-03-12,E78.5,ICD10CM,hyperlipidemia,post-index
CTRL003421,2023-02-07,E78.5,ICD10CM,hyperlipidemia,post-index
CTRL003459,2017-04-10,J45.909,ICD10CM,asthma,post-index
CTRL003459,2017-03-31,M79.7,ICD10CM,fibromyalgia,post-index
CTRL003459,2016-10-25,J45.909,ICD10CM,asthma,post-index
CTRL003459,2017-01-26,G43.909,ICD10CM,migraine,post-index
CTRL003459,2016-10-11,I10,ICD10CM,hypertension,post-index
CTRL003459,2017-01-04,G43.909,ICD10CM,migraine,post-index
CTRL003483,2023-04-20,K21.9,ICD10CM,GERD,post-index
CTRL003483,2023-03-08,F41.9,ICD10CM,anxiety,post-index
CTRL003483,2023-05-11,G43.909,ICD10CM,migraine,post-index
CTRL003483,2023-04-01,M79.7,ICD10CM,fibromyalgia,post-index
CTRL003483,2023-06-16,R10.9,ICD10CM,abdominal pain,post-index
CTRL003497,2022-05-08,I10,ICD10CM,hypertension,post-index
CTRL003497,2022-11-28,G43.909,ICD10CM,migraine,post-index
CTRL003497,2023-02-01,I10,ICD10CM,hypertension,post-index
CTRL003497,2022-04-12,R53.83,ICD10CM,fatigue,post-index
CTRL003497,2024-04-29,E78.5,ICD10CM,hyperlipidemia,post-index
CTRL003497,2024-03-30,J45.909,ICD10CM,asthma,post-index
CTRL003557,2019-12-13,M79.7,ICD10CM,fibromyalgia,post-index
CTRL003557,2020-07-23,G43.909,ICD10CM,migraine,post-index
CTRL003557,2019-09-16,I10,ICD10CM,hypertension,post-index
CTRL003573,2022-12-26,F41.9,ICD10CM,anxiety,post-index
CTRL003573,2023-01-23,L50.9,ICD10CM,urticaria,post-index
CTRL003573,2022-12-20,R53.83,ICD10CM,fatigue,post-index
CTRL003633,2024-01-15,G43.909,ICD10CM,migraine,post-index
CTRL003633,2024-01-09,L50.9,ICD10CM,urticaria,post-index
CTRL003633,2024-02-20,J45.909,ICD10CM,asthma,post-index
CTRL003636,2018-08-21,F41.9,ICD10CM,anxiety,post-index
CTRL003636,2018-10-08,F41.9,ICD10CM,anxiety,post-index
CTRL003636,2018-08-18,L50.9,ICD10CM,urticaria,post-index
CTRL003636,2018-05-26,G43.909,ICD10CM,migraine,post-index
CTRL003636,2017-05-07,R53.83,ICD10CM,fatigue,post-index
CTRL003636,2017-04-25,M79.7,ICD10CM,fibromyalgia,post-index
CTRL003656,2024-04-13,G43.909,ICD10CM,migraine,post-index
CTRL003656,2022-09-18,K21.9,ICD10CM,GERD,post-index
CTRL003656,2022-09-27,R10.9,ICD10CM,abdominal pain,post-index
CTRL003656,2020-07-21,J45.909,ICD10CM,asthma,post-index
CTRL003656,2022-10-13,E78.5,ICD10CM,hyperlipidemia,post-index
CTRL003656,2021-03-25,I10,ICD10CM,hypertension,post-index
CTRL003656,2024-01-09,J45.909,ICD10CM,asthma,post-index
CTRL003656,2024-04-10,L50.9,ICD10CM,urticaria,post-index
CTRL003656,2021-09-21,I10,ICD10CM,hypertension,post-index
CTRL003658,2020-11-02,F41.9,ICD10CM,anxiety,post-index
CTRL003658,2019-01-28,R10.9,ICD10CM,abdominal pain,post-index
CTRL003658,2019-05-18,E78.5,ICD10CM,hyperlipidemia,post-index
CTRL003658,2020-02-10,K21.9,ICD10CM,GERD,post-index
CTRL003658,2020-07-17,I10,ICD10CM,hypertension,post-index
CTRL003658,2020-02-04,I10,ICD10CM,hypertension,post-index
CTRL003658,2019-09-12,K21.9,ICD10CM,GERD,post-index
CTRL003658,2020-08-09,K21.9,ICD10CM,GERD,post-index
CTRL003658,2018-12-04,F41.9,ICD10CM,anxiety,post-index
CTRL003662,2024-07-13,R53.83,ICD10CM,fatigue,post-index
CTRL003662,2025-03-22,J45.909,ICD10CM,asthma,post-index
CTRL003662,2024-10-19,L50.9,ICD10CM,urticaria,post-index
CTRL003662,2025-01-15,M79.7,ICD10CM,fibromyalgia,post-index
CTRL003662,2025-04-22,M79.7,ICD10CM,fibromyalgia,post-index
CTRL003662,2025-07-02,R10.9,ICD10CM,abdominal pain,post-index
CTRL003662,2025-01-06,K21.9,ICD10CM,GERD,post-index
CTRL003662,2025-04-08,J45.909,ICD10CM,asthma,post-index
CTRL003704,2019-08-08,K21.9,ICD10CM,GERD,post-index
CTRL003704,2019-07-23,I10,ICD10CM,hypertension,post-index
CTRL003704,2019-06-26,I10,ICD10CM,hypertension,post-index
CTRL003704,2019-08-08,I10,ICD10CM,hypertension,post-index
CTRL003707,2019-03-19,G43.909,ICD10CM,migraine,post-index
CTRL003707,2019-09-19,J45.909,ICD10CM,asthma,post-index
CTRL003707,2019-07-17,M79.7,ICD10CM,fibromyalgia,post-index
CTRL003707,2020-02-03,F41.9,ICD10CM,anxiety,post-index
CTRL003707,2021-06-22,J45.909,ICD10CM,asthma,post-index
CTRL003709,2022-08-17,L50.9,ICD10CM,urticaria,post-index
CTRL003709,2024-03-10,F41.9,ICD10CM,anxiety,post-index
CTRL003709,2024-07-09,I10,ICD10CM,hypertension,post-index
CTRL003709,2022-12-01,F41.9,ICD10CM,anxiety,post-index
CTRL003709,2022-08-27,M79.7,ICD10CM,fibromyalgia,post-index
CTRL003709,2024-07-04,F41.9,ICD10CM,anxiety,post-index
CTRL003736,2018-05-20,E78.5,ICD10CM,hyperlipidemia,post-index
CTRL003736,2018-10-11,M79.7,ICD10CM,fibromyalgia,post-index
CTRL003736,2018-07-16,R53.83,ICD10CM,fatigue,post-index
CTRL003760,2021-09-06,L50.9,ICD10CM,urticaria,post-index
CTRL003760,2021-07-28,G43.909,ICD10CM,migraine,post-index
CTRL003760,2021-09-30,L50.9,ICD10CM,urticaria,post-index
CTRL003760,2021-07-22,F41.9,ICD10CM,anxiety,post-index
CTRL003760,2021-09-30,J45.909,ICD10CM,asthma,post-index
CTRL003761,2025-08-29,F41.9,ICD10CM,anxiety,post-index
CTRL003761,2025-04-11,E78.5,ICD10CM,hyperlipidemia,post-index
CTRL003761,2025-09-06,J45.909,ICD10CM,asthma,post-index
CTRL003761,2025-02-12,R10.9,ICD10CM,abdominal pain,post-index
CTRL003761,2025-04-18,I10,ICD10CM,hypertension,post-index
CTRL003761,2025-09-12,K21.9,ICD10CM,GERD,post-index
CTRL003761,2025-01-24,R53.83,ICD10CM,fatigue,post-index
CTRL003761,2025-03-11,R53.83,ICD10CM,fatigue,post-index
CTRL003761,2025-08-07,R53.83,ICD10CM,fatigue,post-index
CTRL003762,2021-07-06,R53.83,ICD10CM,fatigue,post-index
CTRL003762,2021-03-10,K21.9,ICD10CM,GERD,post-index
CTRL003762,2022-09-01,E78.5,ICD10CM,hyperlipidemia,post-index
CTRL003762,2021-04-21,R53.83,ICD10CM,fatigue,post-index
CTRL003762,2023-02-10,R10.9,ICD10CM,abdominal pain,post-index
CTRL003762,2021-05-19,K21.9,ICD10CM,GERD,post-index
CTRL003762,2021-12-11,K21.9,ICD10CM,GERD,post-index
CTRL003762,2022-03-10,F41.9,ICD10CM,anxiety,post-index
CTRL003762,2021-12-28,E78.5,ICD10CM,hyperlipidemia,post-index
CTRL003762,2023-07-29,R53.83,ICD10CM,fatigue,post-index
CTRL003762,2021-03-20,F41.9,ICD10CM,anxiety,post-index
CTRL003762,2021-04-03,M79.7,ICD10CM,fibromyalgia,post-index
CTRL003762,2023-08-28,M79.7,ICD10CM,fibromyalgia,post-index
CTRL003766,2020-08-19,M79.7,ICD10CM,fibromyalgia,post-index
CTRL003766,2019-08-01,K21.9,ICD10CM,GERD,post-index
CTRL003766,2019-06-05,E78.5,ICD10CM,hyperlipidemia,post-index
CTRL003766,2021-05-02,G43.909,ICD10CM,migraine,post-index
CTRL003766,2021-03-15,I10,ICD10CM,hypertension,post-index
CTRL003771,2018-02-12,R10.9,ICD10CM,abdominal pain,post-index
CTRL003771,2017-08-16,L50.9,ICD10CM,urticaria,post-index
CTRL003771,2017-08-06,K21.9,ICD10CM,GERD,post-index
CTRL003771,2017-10-04,E78.5,ICD10CM,hyperlipidemia,post-index
CTRL003771,2018-06-10,R10.9,ICD10CM,abdominal pain,post-index
CTRL003771,2017-08-12,G43.909,ICD10CM,migraine,post-index
CTRL003771,2017-07-12,I10,ICD10CM,hypertension,post-index
CTRL003782,2016-08-06,M79.7,ICD10CM,fibromyalgia,post-index
CTRL003782,2016-10-29,E78.5,ICD10CM,hyperlipidemia,post-index
CTRL003782,2016-09-19,J45.909,ICD10CM,asthma,post-index
CTRL003782,2016-10-19,I10,ICD10CM,hypertension,post-index
CTRL003782,2016-08-15,K21.9,ICD10CM,GERD,post-index
CTRL003872,2021-03-27,E78.5,ICD10CM,hyperlipidemia,post-index
CTRL003872,2018-02-26,J45.909,ICD10CM,asthma,post-index
CTRL003872,2020-12-10,I10,ICD10CM,hypertension,post-index
CTRL003872,2021-03-20,K21.9,ICD10CM,GERD,post-index
CTRL003872,2019-02-23,J45.909,ICD10CM,asthma,post-index
CTRL003872,2021-03-11,J45.909,ICD10CM,asthma,post-index
CTRL003878,2017-05-19,K21.9,ICD10CM,GERD,post-index
CTRL003878,2017-08-26,G43.909,ICD10CM,migraine,post-index
CTRL003878,2017-11-09,F41.9,ICD10CM,anxiety,post-index
CTRL003878,2016-12-28,I10,ICD10CM,hypertension,post-index
CTRL003908,2026-03-04,E78.5,ICD10CM,hyperlipidemia,post-index
CTRL003908,2025-08-16,R53.83,ICD10CM,fatigue,post-index
CTRL003908,2025-01-26,F41.9,ICD10CM,anxiety,post-index
CTRL003908,2026-01-30,R53.83,ICD10CM,fatigue,post-index
CTRL003908,2026-03-05,R53.83,ICD10CM,fatigue,post-index
CTRL003908,2025-11-10,G43.909,ICD10CM,migraine,post-index
CTRL003911,2023-08-16,R10.9,ICD10CM,abdominal pain,post-index
CTRL003911,2023-07-05,K21.9,ICD10CM,GERD,post-index
CTRL003911,2024-04-07,G43.909,ICD10CM,migraine,post-index
CTRL003923,2018-07-05,R10.9,ICD10CM,abdominal pain,post-index
CTRL003923,2018-04-28,G43.909,ICD10CM,migraine,post-index
CTRL003923,2017-12-10,J45.909,ICD10CM,asthma,post-index
CTRL003923,2018-05-22,M79.7,ICD10CM,fibromyalgia,post-index
CTRL003923,2018-01-21,K21.9,ICD10CM,GERD,post-index
CTRL003925,2024-09-10,R10.9,ICD10CM,abdominal pain,post-index
CTRL003925,2024-12-14,R10.9,ICD10CM,abdominal pain,post-index
CTRL003925,2023-07-16,G43.909,ICD10CM,migraine,post-index
CTRL003925,2024-06-01,R10.9,ICD10CM,abdominal pain,post-index
CTRL003925,2024-05-21,M79.7,ICD10CM,fibromyalgia,post-index
CTRL003929,2022-12-08,K21.9,ICD10CM,GERD,post-index
CTRL003929,2022-10-03,I10,ICD10CM,hypertension,post-index
CTRL003929,2023-03-10,L50.9,ICD10CM,urticaria,post-index
CTRL003929,2022-10-13,M79.7,ICD10CM,fibromyalgia,post-index
CTRL003929,2023-03-01,I10,ICD10CM,hypertension,post-index
CTRL003929,2022-11-09,I10,ICD10CM,hypertension,post-index
CTRL003929,2022-10-05,J45.909,ICD10CM,asthma,post-index
CTRL003963,2024-12-23,L50.9,ICD10CM,urticaria,post-index
CTRL003963,2024-07-28,R53.83,ICD10CM,fatigue,post-index
CTRL003973,2018-12-22,F41.9,ICD10CM,anxiety,post-index
CTRL003973,2019-03-09,R53.83,ICD10CM,fatigue,post-index
CTRL003973,2019-10-21,R53.83,ICD10CM,fatigue,post-index
CTRL003973,2019-12-25,R53.83,ICD10CM,fatigue,post-index
CTRL003973,2018-10-11,K21.9,ICD10CM,GERD,post-index
CTRL003973,2018-05-05,G43.909,ICD10CM,migraine,post-index
CTRL003973,2019-09-28,L50.9,ICD10CM,urticaria,post-index
CTRL003993,2023-05-13,G43.909,ICD10CM,migraine,post-index
CTRL003993,2024-07-25,K21.9,ICD10CM,GERD,post-index
CTRL003996,2023-02-06,R53.83,ICD10CM,fatigue,post-index
CTRL003996,2023-03-09,R53.83,ICD10CM,fatigue,post-index
CTRL003996,2023-03-30,M79.7,ICD10CM,fibromyalgia,post-index
CTRL003996,2023-05-31,K21.9,ICD10CM,GERD,post-index
CTRL003996,2022-08-03,I10,ICD10CM,hypertension,post-index
CTRL003996,2023-02-03,J45.909,ICD10CM,asthma,post-index
CTRL003996,2022-09-04,F41.9,ICD10CM,anxiety,post-index
CTRL003996,2023-02-04,E78.5,ICD10CM,hyperlipidemia,post-index
CTRL004038,2016-11-12,I10,ICD10CM,hypertension,post-index
CTRL004038,2016-11-29,K21.9,ICD10CM,GERD,post-index
CTRL004038,2017-01-11,L50.9,ICD10CM,urticaria,post-index
CTRL004038,2017-07-19,R53.83,ICD10CM,fatigue,post-index
CTRL004038,2018-07-06,R53.83,ICD10CM,fatigue,post-index
CTRL004038,2018-08-25,L50.9,ICD10CM,urticaria,post-index
CTRL004038,2018-08-23,E78.5,ICD10CM,hyperlipidemia,post-index
CTRL004038,2016-12-19,K21.9,ICD10CM,GERD,post-index
CTRL004038,2017-05-27,I10,ICD10CM,hypertension,post-index
CTRL004038,2017-06-09,L50.9,ICD10CM,urticaria,post-index
CTRL004038,2017-12-20,E78.5,ICD10CM,hyperlipidemia,post-index
CTRL004049,2018-09-11,G43.909,ICD10CM,migraine,post-index
CTRL004056,2020-07-28,E78.5,ICD10CM,hyperlipidemia,post-index
CTRL004056,2021-02-22,E78.5,ICD10CM,hyperlipidemia,post-index
CTRL004056,2020-06-16,K21.9,ICD10CM,GERD,post-index
CTRL004117,2024-02-24,J45.909,ICD10CM,asthma,post-index
CTRL004117,2024-01-14,G43.909,ICD10CM,migraine,post-index
CTRL004117,2024-02-16,F41.9,ICD10CM,anxiety,post-index
CTRL004117,2024-03-27,I10,ICD10CM,hypertension,post-index
CTRL004118,2016-10-08,L50.9,ICD10CM,urticaria,post-index
CTRL004118,2016-09-07,I10,ICD10CM,hypertension,post-index
CTRL004118,2017-05-06,L50.9,ICD10CM,urticaria,post-index
CTRL004118,2016-09-16,R10.9,ICD10CM,abdominal pain,post-index
CTRL004118,2018-01-11,F41.9,ICD10CM,anxiety,post-index
CTRL004118,2017-03-30,K21.9,ICD10CM,GERD,post-index
CTRL004118,2018-04-20,R53.83,ICD10CM,fatigue,post-index
CTRL004124,2022-10-20,K21.9,ICD10CM,GERD,post-index
CTRL004124,2022-08-16,M79.7,ICD10CM,fibromyalgia,post-index
CTRL004124,2022-11-27,J45.909,ICD10CM,asthma,post-index
CTRL004125,2018-08-12,I10,ICD10CM,hypertension,post-index
CTRL004125,2019-05-14,M79.7,ICD10CM,fibromyalgia,post-index
CTRL004125,2019-01-06,K21.9,ICD10CM,GERD,post-index
CTRL004125,2018-08-30,F41.9,ICD10CM,anxiety,post-index
CTRL004125,2019-03-28,I10,ICD10CM,hypertension,post-index
CTRL004125,2019-01-28,J45.909,ICD10CM,asthma,post-index
CTRL004125,2019-03-20,I10,ICD10CM,hypertension,post-index
CTRL004125,2019-05-12,J45.909,ICD10CM,asthma,post-index
CTRL004125,2018-12-24,I10,ICD10CM,hypertension,post-index
CTRL004136,2019-01-16,R10.9,ICD10CM,abdominal pain,post-index
CTRL004136,2018-11-04,R53.83,ICD10CM,fatigue,post-index
CTRL004136,2019-03-28,J45.909,ICD10CM,asthma,post-index
CTRL004136,2018-11-07,R10.9,ICD10CM,abdominal pain,post-index
CTRL004136,2019-02-07,K21.9,ICD10CM,GERD,post-index
CTRL004142,2022-07-01,G43.909,ICD10CM,migraine,post-index
CTRL004142,2022-11-14,F41.9,ICD10CM,anxiety,post-index
CTRL004142,2023-03-14,I10,ICD10CM,hypertension,post-index
CTRL004142,2023-01-04,F41.9,ICD10CM,anxiety,post-index
CTRL004142,2022-10-21,E78.5,ICD10CM,hyperlipidemia,post-index
CTRL004142,2022-08-30,I10,ICD10CM,hypertension,post-index
CTRL004170,2023-08-23,G43.909,ICD10CM,migraine,post-index
CTRL004170,2022-07-20,E78.5,ICD10CM,hyperlipidemia,post-index
CTRL004179,2024-04-01,G43.909,ICD10CM,migraine,post-index
CTRL004179,2024-01-22,K21.9,ICD10CM,GERD,post-index
CTRL004179,2024-03-06,E78.5,ICD10CM,hyperlipidemia,post-index
CTRL004179,2024-03-01,R53.83,ICD10CM,fatigue,post-index
CTRL004179,2024-03-13,G43.909,ICD10CM,migraine,post-index
CTRL004179,2024-03-28,R10.9,ICD10CM,abdominal pain,post-index
CTRL004179,2024-03-03,E78.5,ICD10CM,hyperlipidemia,post-index
CTRL004179,2024-02-20,E78.5,ICD10CM,hyperlipidemia,post-index
CTRL004188,2024-07-30,E78.5,ICD10CM,hyperlipidemia,post-index
CTRL004188,2024-10-16,F41.9,ICD10CM,anxiety,post-index
CTRL004188,2025-06-11,F41.9,ICD10CM,anxiety,post-index
CTRL004191,2023-03-13,K21.9,ICD10CM,GERD,post-index
CTRL004191,2023-04-11,G43.909,ICD10CM,migraine,post-index
CTRL004191,2023-08-24,R53.83,ICD10CM,fatigue,post-index
CTRL004191,2023-06-03,L50.9,ICD10CM,urticaria,post-index
CTRL004191,2023-05-10,G43.909,ICD10CM,migraine,post-index
CTRL004192,2018-08-10,J45.909,ICD10CM,asthma,post-index
CTRL004192,2016-06-17,G43.909,ICD10CM,migraine,post-index
CTRL004192,2017-03-12,R10.9,ICD10CM,abdominal pain,post-index
CTRL004192,2016-07-04,J45.909,ICD10CM,asthma,post-index
CTRL004192,2018-01-09,M79.7,ICD10CM,fibromyalgia,post-index
CTRL004192,2018-03-05,R53.83,ICD10CM,fatigue,post-index
CTRL004192,2017-02-27,R53.83,ICD10CM,fatigue,post-index
CTRL004192,2017-08-20,K21.9,ICD10CM,GERD,post-index
CTRL004197,2024-06-19,R53.83,ICD10CM,fatigue,post-index
CTRL004197,2024-09-23,I10,ICD10CM,hypertension,post-index
CTRL004197,2025-04-05,L50.9,ICD10CM,urticaria,post-index
CTRL004197,2025-03-09,G43.909,ICD10CM,migraine,post-index
CTRL004202,2023-11-19,R53.83,ICD10CM,fatigue,post-index
CTRL004202,2024-05-29,J45.909,ICD10CM,asthma,post-index
CTRL004202,2023-08-17,G43.909,ICD10CM,migraine,post-index
CTRL004209,2020-01-28,G43.909,ICD10CM,migraine,post-index
CTRL004242,2020-02-01,I10,ICD10CM,hypertension,post-index
CTRL004242,2018-07-25,G43.909,ICD10CM,migraine,post-index
CTRL004242,2019-09-12,K21.9,ICD10CM,GERD,post-index
CTRL004242,2016-08-06,R10.9,ICD10CM,abdominal pain,post-index
CTRL004242,2017-07-20,K21.9,ICD10CM,GERD,post-index
CTRL004242,2018-11-17,E78.5,ICD10CM,hyperlipidemia,post-index
CTRL004242,2018-09-06,R53.83,ICD10CM,fatigue,post-index
CTRL004242,2021-07-03,E78.5,ICD10CM,hyperlipidemia,post-index
CTRL004247,2022-01-04,R10.9,ICD10CM,abdominal pain,post-index
CTRL004247,2020-06-27,F41.9,ICD10CM,anxiety,post-index
CTRL004247,2020-05-10,E78.5,ICD10CM,hyperlipidemia,post-index
CTRL004247,2020-02-21,I10,ICD10CM,hypertension,post-index
CTRL004247,2021-02-21,R10.9,ICD10CM,abdominal pain,post-index
CTRL004247,2020-05-14,K21.9,ICD10CM,GERD,post-index
CTRL004247,2022-06-23,J45.909,ICD10CM,asthma,post-index
CTRL004247,2020-12-14,E78.5,ICD10CM,hyperlipidemia,post-index
CTRL004247,2022-08-16,G43.909,ICD10CM,migraine,post-index
CTRL004250,2022-06-11,F41.9,ICD10CM,anxiety,post-index
CTRL004250,2022-02-05,L50.9,ICD10CM,urticaria,post-index
CTRL004250,2022-05-26,L50.9,ICD10CM,urticaria,post-index
CTRL004276,2022-12-21,F41.9,ICD10CM,anxiety,post-index
CTRL004276,2022-10-17,I10,ICD10CM,hypertension,post-index
CTRL004276,2023-05-16,R53.83,ICD10CM,fatigue,post-index
CTRL004276,2022-11-10,G43.909,ICD10CM,migraine,post-index
CTRL004297,2019-08-06,M79.7,ICD10CM,fibromyalgia,post-index
CTRL004297,2019-11-28,G43.909,ICD10CM,migraine,post-index
CTRL004309,2020-12-24,I10,ICD10CM,hypertension,post-index
CTRL004309,2021-01-22,I10,ICD10CM,hypertension,post-index
CTRL004309,2021-08-16,K21.9,ICD10CM,GERD,post-index
CTRL004309,2021-07-17,R10.9,ICD10CM,abdominal pain,post-index
CTRL004309,2022-03-06,L50.9,ICD10CM,urticaria,post-index
CTRL004309,2021-08-23,F41.9,ICD10CM,anxiety,post-index
CTRL004309,2021-06-19,I10,ICD10CM,hypertension,post-index
CTRL004368,2016-10-21,K21.9,ICD10CM,GERD,post-index
CTRL004368,2018-03-17,R10.9,ICD10CM,abdominal pain,post-index
CTRL004368,2017-11-03,F41.9,ICD10CM,anxiety,post-index
CTRL004368,2017-02-18,G43.909,ICD10CM,migraine,post-index
CTRL004368,2017-08-10,E78.5,ICD10CM,hyperlipidemia,post-index
CTRL004398,2022-04-19,J45.909,ICD10CM,asthma,post-index
CTRL004398,2022-04-04,G43.909,ICD10CM,migraine,post-index
CTRL004398,2022-06-19,G43.909,ICD10CM,migraine,post-index
CTRL004398,2022-03-02,F41.9,ICD10CM,anxiety,post-index
CTRL004398,2022-01-08,G43.909,ICD10CM,migraine,post-index
CTRL004460,2021-09-26,J45.909,ICD10CM,asthma,post-index
CTRL004460,2020-09-04,R53.83,ICD10CM,fatigue,post-index
CTRL004460,2019-09-24,K21.9,ICD10CM,GERD,post-index
CTRL004460,2017-03-07,E78.5,ICD10CM,hyperlipidemia,post-index
CTRL004460,2017-06-30,R10.9,ICD10CM,abdominal pain,post-index
CTRL004460,2017-04-10,E78.5,ICD10CM,hyperlipidemia,post-index
CTRL004460,2019-11-25,K21.9,ICD10CM,GERD,post-index
CTRL004460,2022-02-12,K21.9,ICD10CM,GERD,post-index
CTRL004460,2017-03-11,E78.5,ICD10CM,hyperlipidemia,post-index
CTRL004460,2020-10-01,G43.909,ICD10CM,migraine,post-index
CTRL004460,2017-05-21,L50.9,ICD10CM,urticaria,post-index
CTRL004460,2021-09-17,I10,ICD10CM,hypertension,post-index
CTRL004460,2020-07-08,I10,ICD10CM,hypertension,post-index
CTRL004483,2023-08-15,G43.909,ICD10CM,migraine,post-index
CTRL004483,2023-12-27,G43.909,ICD10CM,migraine,post-index
CTRL004483,2024-06-02,R10.9,ICD10CM,abdominal pain,post-index
CTRL004483,2024-02-06,E78.5,ICD10CM,hyperlipidemia,post-index
CTRL004483,2024-01-12,R10.9,ICD10CM,abdominal pain,post-index
CTRL004483,2024-03-22,K21.9,ICD10CM,GERD,post-index
CTRL004483,2023-09-26,I10,ICD10CM,hypertension,post-index
CTRL004483,2024-05-24,R10.9,ICD10CM,abdominal pain,post-index
CTRL004499,2024-08-10,G43.909,ICD10CM,migraine,post-index
CTRL004499,2026-09-03,M79.7,ICD10CM,fibromyalgia,post-index
CTRL004499,2024-04-09,R53.83,ICD10CM,fatigue,post-index
CTRL004517,2021-08-03,M79.7,ICD10CM,fibromyalgia,post-index
CTRL004517,2020-02-02,I10,ICD10CM,hypertension,post-index
CTRL004517,2020-07-17,I10,ICD10CM,hypertension,post-index
CTRL004517,2020-05-09,K21.9,ICD10CM,GERD,post-index
CTRL004517,2021-04-06,R10.9,ICD10CM,abdominal pain,post-index
CTRL004517,2021-07-07,G43.909,ICD10CM,migraine,post-index
CTRL004517,2020-12-09,J45.909,ICD10CM,asthma,post-index
CTRL004523,2023-07-29,R53.83,ICD10CM,fatigue,post-index
CTRL004523,2022-12-02,I10,ICD10CM,hypertension,post-index
CTRL004523,2023-03-22,R53.83,ICD10CM,fatigue,post-index
CTRL004523,2023-03-06,R53.83,ICD10CM,fatigue,post-index
CTRL004523,2022-10-22,K21.9,ICD10CM,GERD,post-index
CTRL004523,2023-05-06,L50.9,ICD10CM,urticaria,post-index
CTRL004523,2023-04-30,I10,ICD10CM,hypertension,post-index
CTRL004523,2022-10-01,K21.9,ICD10CM,GERD,post-index
CTRL004523,2023-07-22,F41.9,ICD10CM,anxiety,post-index
CTRL004523,2023-07-30,R53.83,ICD10CM,fatigue,post-index
CTRL004523,2023-04-11,I10,ICD10CM,hypertension,post-index
CTRL004540,2018-10-02,K21.9,ICD10CM,GERD,post-index
CTRL004540,2019-03-09,J45.909,ICD10CM,asthma,post-index
CTRL004540,2021-10-06,I10,ICD10CM,hypertension,post-index
CTRL004540,2021-11-25,G43.909,ICD10CM,migraine,post-index
CTRL004540,2020-04-01,J45.909,ICD10CM,asthma,post-index
CTRL004540,2020-02-07,G43.909,ICD10CM,migraine,post-index
CTRL004540,2019-11-05,M79.7,ICD10CM,fibromyalgia,post-index
CTRL004540,2020-08-14,I10,ICD10CM,hypertension,post-index
CTRL004540,2021-07-28,I10,ICD10CM,hypertension,post-index
CTRL004558,2017-03-24,R53.83,ICD10CM,fatigue,post-index
CTRL004558,2017-09-30,R53.83,ICD10CM,fatigue,post-index
CTRL004558,2016-11-08,J45.909,ICD10CM,asthma,post-index
CTRL004558,2017-12-18,G43.909,ICD10CM,migraine,post-index
CTRL004558,2017-03-31,K21.9,ICD10CM,GERD,post-index
CTRL004558,2017-08-26,R53.83,ICD10CM,fatigue,post-index
CTRL004562,2022-08-02,G43.909,ICD10CM,migraine,post-index
CTRL004562,2022-02-18,I10,ICD10CM,hypertension,post-index
CTRL004562,2022-04-28,F41.9,ICD10CM,anxiety,post-index
CTRL004562,2022-04-10,L50.9,ICD10CM,urticaria,post-index
CTRL004562,2022-06-06,E78.5,ICD10CM,hyperlipidemia,post-index
CTRL004577,2022-01-06,K21.9,ICD10CM,GERD,post-index
CTRL004577,2022-04-13,I10,ICD10CM,hypertension,post-index
CTRL004577,2022-02-08,R53.83,ICD10CM,fatigue,post-index
CTRL004577,2021-11-21,I10,ICD10CM,hypertension,post-index
CTRL004577,2022-04-11,F41.9,ICD10CM,anxiety,post-index
CTRL004577,2022-03-29,E78.5,ICD10CM,hyperlipidemia,post-index
CTRL004642,2023-10-25,I10,ICD10CM,hypertension,post-index
CTRL004642,2023-05-24,K21.9,ICD10CM,GERD,post-index
CTRL004642,2023-05-12,K21.9,ICD10CM,GERD,post-index
CTRL004642,2023-10-26,M79.7,ICD10CM,fibromyalgia,post-index
CTRL004642,2024-01-13,R10.9,ICD10CM,abdominal pain,post-index
CTRL004648,2017-03-18,E78.5,ICD10CM,hyperlipidemia,post-index
CTRL004648,2017-03-04,L50.9,ICD10CM,urticaria,post-index
CTRL004648,2017-09-20,R53.83,ICD10CM,fatigue,post-index
CTRL004648,2017-01-16,M79.7,ICD10CM,fibromyalgia,post-index
CTRL004648,2016-04-17,J45.909,ICD10CM,asthma,post-index
CTRL004648,2017-05-09,F41.9,ICD10CM,anxiety,post-index
CTRL004680,2024-09-02,R10.9,ICD10CM,abdominal pain,post-index
CTRL004693,2017-03-19,I10,ICD10CM,hypertension,post-index
CTRL004693,2017-03-19,R53.83,ICD10CM,fatigue,post-index
CTRL004700,2018-06-30,E78.5,ICD10CM,hyperlipidemia,post-index
CTRL004700,2018-09-04,K21.9,ICD10CM,GERD,post-index
CTRL004700,2018-11-27,F41.9,ICD10CM,anxiety,post-index
CTRL004711,2020-01-05,I10,ICD10CM,hypertension,post-index
CTRL004711,2019-11-24,F41.9,ICD10CM,anxiety,post-index
CTRL004711,2019-11-14,R53.83,ICD10CM,fatigue,post-index
CTRL004719,2020-04-30,R53.83,ICD10CM,fatigue,post-index
CTRL004719,2020-07-07,E78.5,ICD10CM,hyperlipidemia,post-index
CTRL004719,2020-11-08,G43.909,ICD10CM,migraine,post-index
CTRL004735,2021-04-03,R10.9,ICD10CM,abdominal pain,post-index
CTRL004735,2022-02-27,R10.9,ICD10CM,abdominal pain,post-index
CTRL004735,2021-05-22,K21.9,ICD10CM,GERD,post-index
CTRL004735,2021-07-27,F41.9,ICD10CM,anxiety,post-index
CTRL004739,2021-06-24,E78.5,ICD10CM,hyperlipidemia,post-index
CTRL004739,2020-09-14,M79.7,ICD10CM,fibromyalgia,post-index
CTRL004739,2020-01-05,K21.9,ICD10CM,GERD,post-index
CTRL004757,2017-05-15,R53.83,ICD10CM,fatigue,post-index
CTRL004786,2017-11-16,G43.909,ICD10CM,migraine,post-index
CTRL004786,2017-06-30,K21.9,ICD10CM,GERD,post-index
CTRL004786,2018-04-18,J45.909,ICD10CM,asthma,post-index
CTRL004786,2017-07-15,R53.83,ICD10CM,fatigue,post-index
CTRL004786,2017-07-30,I10,ICD10CM,hypertension,post-index
CTRL004786,2017-08-23,E78.5,ICD10CM,hyperlipidemia,post-index
CTRL004800,2025-12-18,K21.9,ICD10CM,GERD,post-index
CTRL004800,2024-09-16,F41.9,ICD10CM,anxiety,post-index
CTRL004803,2020-06-26,J45.909,ICD10CM,asthma,post-index
CTRL004803,2020-04-07,I10,ICD10CM,hypertension,post-index
CTRL004803,2019-12-24,L50.9,ICD10CM,urticaria,post-index
CTRL004836,2021-12-05,I10,ICD10CM,hypertension,post-index
CTRL004836,2021-12-24,F41.9,ICD10CM,anxiety,post-index
CTRL004867,2020-03-30,I10,ICD10CM,hypertension,post-index
CTRL004867,2019-03-11,K21.9,ICD10CM,GERD,post-index
CTRL004867,2019-03-18,I10,ICD10CM,hypertension,post-index
CTRL004872,2021-12-25,K21.9,ICD10CM,GERD,post-index
CTRL004872,2022-02-13,R10.9,ICD10CM,abdominal pain,post-index
CTRL004872,2021-12-29,R10.9,ICD10CM,abdominal pain,post-index
CTRL004872,2022-12-03,G43.909,ICD10CM,migraine,post-index
CTRL004872,2022-02-11,I10,ICD10CM,hypertension,post-index
CTRL004872,2023-01-24,J45.909,ICD10CM,asthma,post-index
CTRL004872,2021-11-12,G43.909,ICD10CM,migraine,post-index
CTRL004872,2021-12-29,L50.9,ICD10CM,urticaria,post-index
CTRL004874,2018-03-27,J45.909,ICD10CM,asthma,post-index
CTRL004874,2018-06-06,R53.83,ICD10CM,fatigue,post-index
CTRL004874,2018-06-29,G43.909,ICD10CM,migraine,post-index
CTRL004896,2021-03-14,L50.9,ICD10CM,urticaria,post-index
CTRL004896,2020-05-10,R10.9,ICD10CM,abdominal pain,post-index
CTRL004896,2020-07-27,K21.9,ICD10CM,GERD,post-index
CTRL004896,2021-07-17,G43.909,ICD10CM,migraine,post-index
CTRL004907,2023-03-06,K21.9,ICD10CM,GERD,post-index
CTRL004907,2023-12-09,R10.9,ICD10CM,abdominal pain,post-index
CTRL004935,2022-08-29,F41.9,ICD10CM,anxiety,post-index
CTRL004935,2022-03-23,R10.9,ICD10CM,abdominal pain,post-index
CTRL004935,2025-12-09,G43.909,ICD10CM,migraine,post-index
CTRL004935,2022-02-13,J45.909,ICD10CM,asthma,post-index
CTRL004935,2024-10-14,K21.9,ICD10CM,GERD,post-index
CTRL004935,2023-08-07,E78.5,ICD10CM,hyperlipidemia,post-index
CTRL004935,2024-08-14,R10.9,ICD10CM,abdominal pain,post-index
CTRL004935,2022-10-29,E78.5,ICD10CM,hyperlipidemia,post-index
CTRL004935,2023-11-28,L50.9,ICD10CM,urticaria,post-index
CTRL004935,2025-08-08,J45.909,ICD10CM,asthma,post-index
CTRL004935,2022-11-01,K21.9,ICD10CM,GERD,post-index
CTRL004951,2023-08-04,R53.83,ICD10CM,fatigue,post-index
CTRL004951,2024-01-21,M79.7,ICD10CM,fibromyalgia,post-index
CTRL004951,2023-09-21,E78.5,ICD10CM,hyperlipidemia,post-index
CTRL004951,2023-09-26,I10,ICD10CM,hypertension,post-index
CTRL004951,2023-11-06,L50.9,ICD10CM,urticaria,post-index
CTRL004976,2017-02-18,K21.9,ICD10CM,GERD,post-index
CTRL004976,2016-10-24,R53.83,ICD10CM,fatigue,post-index
CTRL004976,2017-01-30,K21.9,ICD10CM,GERD,post-index
CTRL004976,2017-02-16,I10,ICD10CM,hypertension,post-index
CTRL004976,2016-10-30,L50.9,ICD10CM,urticaria,post-index
CTRL004976,2016-10-10,E78.5,ICD10CM,hyperlipidemia,post-index
CTRL004983,2019-11-23,L50.9,ICD10CM,urticaria,post-index
CTRL004983,2020-09-27,I10,ICD10CM,hypertension,post-index
CTRL004983,2020-04-23,I10,ICD10CM,hypertension,post-index
CTRL004983,2022-02-03,R10.9,ICD10CM,abdominal pain,post-index
CTRL004983,2022-12-18,L50.9,ICD10CM,urticaria,post-index
CTRL004983,2022-04-06,R10.9,ICD10CM,abdominal pain,post-index
CTRL004988,2022-08-29,J45.909,ICD10CM,asthma,post-index
CTRL004988,2022-12-03,J45.909,ICD10CM,asthma,post-index
CTRL004988,2023-02-07,F41.9,ICD10CM,anxiety,post-index
CTRL004988,2024-08-15,L50.9,ICD10CM,urticaria,post-index
CTRL004988,2024-03-24,I10,ICD10CM,hypertension,post-index
CTRL004988,2022-11-24,L50.9,ICD10CM,urticaria,post-index
CTRL004988,2022-09-27,E78.5,ICD10CM,hyperlipidemia,post-index
CTRL004988,2022-11-15,R10.9,ICD10CM,abdominal pain,post-index
CTRL005007,2022-04-05,I10,ICD10CM,hypertension,post-index
CTRL005007,2022-05-17,E78.5,ICD10CM,hyperlipidemia,post-index
CTRL005007,2022-06-03,K21.9,ICD10CM,GERD,post-index
CTRL005007,2022-05-19,E78.5,ICD10CM,hyperlipidemia,post-index
CTRL005007,2022-08-31,G43.909,ICD10CM,migraine,post-index
CTRL005023,2021-05-20,E78.5,ICD10CM,hyperlipidemia,post-index
CTRL005023,2020-07-19,L50.9,ICD10CM,urticaria,post-index
CTRL005023,2019-12-21,F41.9,ICD10CM,anxiety,post-index
CTRL005023,2019-10-24,I10,ICD10CM,hypertension,post-index
CTRL005023,2021-12-07,J45.909,ICD10CM,asthma,post-index
CTRL005026,2023-01-27,I10,ICD10CM,hypertension,post-index
CTRL005026,2022-02-06,K21.9,ICD10CM,GERD,post-index
CTRL005026,2022-01-16,J45.909,ICD10CM,asthma,post-index
CTRL005026,2022-09-01,F41.9,ICD10CM,anxiety,post-index
CTRL005026,2023-01-15,I10,ICD10CM,hypertension,post-index
CTRL005026,2023-05-24,F41.9,ICD10CM,anxiety,post-index
CTRL005029,2024-07-16,R10.9,ICD10CM,abdominal pain,post-index
CTRL005029,2024-06-08,L50.9,ICD10CM,urticaria,post-index
CTRL005029,2024-05-09,L50.9,ICD10CM,urticaria,post-index
CTRL005029,2023-12-12,L50.9,ICD10CM,urticaria,post-index
CTRL005029,2024-06-24,M79.7,ICD10CM,fibromyalgia,post-index
CTRL005029,2023-08-13,L50.9,ICD10CM,urticaria,post-index
CTRL005029,2024-10-28,M79.7,ICD10CM,fibromyalgia,post-index
CTRL005029,2024-10-06,G43.909,ICD10CM,migraine,post-index
CTRL005029,2024-03-28,K21.9,ICD10CM,GERD,post-index
CTRL005029,2023-07-06,J45.909,ICD10CM,asthma,post-index
CTRL005054,2018-06-13,I10,ICD10CM,hypertension,post-index
CTRL005054,2019-10-28,K21.9,ICD10CM,GERD,post-index
CTRL005054,2018-05-20,I10,ICD10CM,hypertension,post-index
CTRL005069,2016-11-05,G43.909,ICD10CM,migraine,post-index
CTRL005123,2020-02-25,F41.9,ICD10CM,anxiety,post-index
CTRL005123,2020-09-30,I10,ICD10CM,hypertension,post-index
CTRL005123,2019-01-25,R10.9,ICD10CM,abdominal pain,post-index
CTRL005123,2020-06-04,I10,ICD10CM,hypertension,post-index
CTRL005123,2019-05-08,K21.9,ICD10CM,GERD,post-index
CTRL005123,2020-09-24,K21.9,ICD10CM,GERD,post-index
CTRL005123,2019-07-06,K21.9,ICD10CM,GERD,post-index
CTRL005124,2022-08-04,F41.9,ICD10CM,anxiety,post-index
CTRL005124,2023-03-02,I10,ICD10CM,hypertension,post-index
CTRL005124,2022-09-20,I10,ICD10CM,hypertension,post-index
CTRL005125,2019-11-27,I10,ICD10CM,hypertension,post-index
CTRL005125,2019-10-24,R10.9,ICD10CM,abdominal pain,post-index
CTRL005125,2020-05-05,K21.9,ICD10CM,GERD,post-index
CTRL005144,2021-08-31,R10.9,ICD10CM,abdominal pain,post-index
CTRL005144,2020-12-10,R10.9,ICD10CM,abdominal pain,post-index
CTRL005144,2021-10-10,L50.9,ICD10CM,urticaria,post-index
CTRL005144,2021-07-09,G43.909,ICD10CM,migraine,post-index
CTRL005144,2021-05-12,R10.9,ICD10CM,abdominal pain,post-index
CTRL005146,2019-09-17,R10.9,ICD10CM,abdominal pain,post-index
CTRL005146,2019-12-12,K21.9,ICD10CM,GERD,post-index
CTRL005146,2019-09-25,K21.9,ICD10CM,GERD,post-index
CTRL005147,2021-07-14,R10.9,ICD10CM,abdominal pain,post-index
CTRL005147,2021-03-26,F41.9,ICD10CM,anxiety,post-index
CTRL005147,2021-08-26,G43.909,ICD10CM,migraine,post-index
CTRL005147,2021-08-10,L50.9,ICD10CM,urticaria,post-index
CTRL005147,2021-08-13,R53.83,ICD10CM,fatigue,post-index
CTRL005147,2021-09-17,G43.909,ICD10CM,migraine,post-index
CTRL005147,2021-02-07,G43.909,ICD10CM,migraine,post-index
CTRL005147,2021-01-29,I10,ICD10CM,hypertension,post-index
CTRL005147,2021-11-03,I10,ICD10CM,hypertension,post-index
CTRL005177,2018-08-12,R53.83,ICD10CM,fatigue,post-index
CTRL005177,2019-02-16,R10.9,ICD10CM,abdominal pain,post-index
CTRL005177,2019-02-27,I10,ICD10CM,hypertension,post-index
CTRL005177,2020-09-17,J45.909,ICD10CM,asthma,post-index
CTRL005177,2020-03-19,E78.5,ICD10CM,hyperlipidemia,post-index
CTRL005178,2023-08-15,K21.9,ICD10CM,GERD,post-index
CTRL005178,2023-08-15,E78.5,ICD10CM,hyperlipidemia,post-index
CTRL005178,2023-04-12,R10.9,ICD10CM,abdominal pain,post-index
CTRL005195,2021-12-30,I10,ICD10CM,hypertension,post-index
CTRL005195,2021-11-23,G43.909,ICD10CM,migraine,post-index
CTRL005195,2024-04-10,R53.83,ICD10CM,fatigue,post-index
CTRL005195,2021-12-28,R53.83,ICD10CM,fatigue,post-index
CTRL005198,2021-10-31,I10,ICD10CM,hypertension,post-index
CTRL005198,2021-08-22,L50.9,ICD10CM,urticaria,post-index
CTRL005198,2022-01-18,J45.909,ICD10CM,asthma,post-index
CTRL005198,2022-04-26,E78.5,ICD10CM,hyperlipidemia,post-index
CTRL005205,2022-10-01,K21.9,ICD10CM,GERD,post-index
CTRL005205,2021-12-21,E78.5,ICD10CM,hyperlipidemia,post-index
CTRL005205,2021-04-30,F41.9,ICD10CM,anxiety,post-index
CTRL005219,2020-03-16,K21.9,ICD10CM,GERD,post-index
CTRL005219,2018-08-03,E78.5,ICD10CM,hyperlipidemia,post-index
CTRL005219,2019-06-28,K21.9,ICD10CM,GERD,post-index
CTRL005219,2018-08-29,F41.9,ICD10CM,anxiety,post-index
CTRL005219,2019-02-11,R53.83,ICD10CM,fatigue,post-index
CTRL005219,2018-05-15,K21.9,ICD10CM,GERD,post-index
CTRL005219,2018-04-25,R10.9,ICD10CM,abdominal pain,post-index
CTRL005219,2020-03-01,K21.9,ICD10CM,GERD,post-index
CTRL005219,2019-01-07,R10.9,ICD10CM,abdominal pain,post-index
CTRL005219,2019-03-25,M79.7,ICD10CM,fibromyalgia,post-index
CTRL005221,2021-02-02,I10,ICD10CM,hypertension,post-index
CTRL005221,2019-04-19,L50.9,ICD10CM,urticaria,post-index
CTRL005221,2018-02-25,L50.9,ICD10CM,urticaria,post-index
CTRL005221,2020-03-14,J45.909,ICD10CM,asthma,post-index
CTRL005221,2018-04-17,I10,ICD10CM,hypertension,post-index
CTRL005221,2020-11-13,K21.9,ICD10CM,GERD,post-index
CTRL005231,2022-03-19,E78.5,ICD10CM,hyperlipidemia,post-index
CTRL005231,2022-01-11,G43.909,ICD10CM,migraine,post-index
CTRL005231,2022-10-19,G43.909,ICD10CM,migraine,post-index
CTRL005231,2022-04-25,G43.909,ICD10CM,migraine,post-index
CTRL005243,2022-12-29,G43.909,ICD10CM,migraine,post-index
CTRL005243,2022-04-30,I10,ICD10CM,hypertension,post-index
CTRL005243,2024-01-03,G43.909,ICD10CM,migraine,post-index
CTRL005243,2023-09-15,K21.9,ICD10CM,GERD,post-index
CTRL005243,2022-10-08,R10.9,ICD10CM,abdominal pain,post-index
CTRL005243,2023-10-05,J45.909,ICD10CM,asthma,post-index
CTRL005243,2023-05-05,K21.9,ICD10CM,GERD,post-index
CTRL005243,2023-05-11,L50.9,ICD10CM,urticaria,post-index
CTRL005243,2022-12-07,I10,ICD10CM,hypertension,post-index
CTRL005243,2023-01-27,K21.9,ICD10CM,GERD,post-index
CTRL005264,2025-06-03,M79.7,ICD10CM,fibromyalgia,post-index
CTRL005264,2023-06-27,R53.83,ICD10CM,fatigue,post-index
CTRL005264,2024-02-03,F41.9,ICD10CM,anxiety,post-index
CTRL005264,2023-03-09,F41.9,ICD10CM,anxiety,post-index
CTRL005264,2022-11-13,R53.83,ICD10CM,fatigue,post-index
CTRL005264,2025-05-22,I10,ICD10CM,hypertension,post-index
CTRL005264,2023-11-04,G43.909,ICD10CM,migraine,post-index
CTRL005264,2025-12-20,F41.9,ICD10CM,anxiety,post-index
CTRL005264,2024-06-22,K21.9,ICD10CM,GERD,post-index
CTRL005266,2017-07-31,M79.7,ICD10CM,fibromyalgia,post-index
CTRL005266,2016-08-14,F41.9,ICD10CM,anxiety,post-index
CTRL005266,2016-09-18,M79.7,ICD10CM,fibromyalgia,post-index
CTRL005266,2016-08-06,G43.909,ICD10CM,migraine,post-index
CTRL005266,2016-05-07,I10,ICD10CM,hypertension,post-index
CTRL005266,2017-12-10,R53.83,ICD10CM,fatigue,post-index
CTRL005266,2016-11-21,I10,ICD10CM,hypertension,post-index
CTRL005266,2017-11-27,L50.9,ICD10CM,urticaria,post-index
CTRL005266,2017-10-06,I10,ICD10CM,hypertension,post-index
CTRL005322,2018-10-03,K21.9,ICD10CM,GERD,post-index
CTRL005346,2026-03-03,I10,ICD10CM,hypertension,post-index
CTRL005346,2023-12-01,E78.5,ICD10CM,hyperlipidemia,post-index
CTRL005346,2025-11-17,J45.909,ICD10CM,asthma,post-index
CTRL005346,2024-10-31,R10.9,ICD10CM,abdominal pain,post-index
CTRL005370,2024-08-05,F41.9,ICD10CM,anxiety,post-index
CTRL005370,2024-11-15,E78.5,ICD10CM,hyperlipidemia,post-index
CTRL005370,2024-10-27,G43.909,ICD10CM,migraine,post-index
CTRL005370,2024-10-20,K21.9,ICD10CM,GERD,post-index
CTRL005370,2024-08-19,E78.5,ICD10CM,hyperlipidemia,post-index
CTRL005377,2018-01-18,I10,ICD10CM,hypertension,post-index
CTRL005377,2017-10-31,F41.9,ICD10CM,anxiety,post-index
CTRL005377,2017-04-01,I10,ICD10CM,hypertension,post-index
CTRL005377,2016-12-17,G43.909,ICD10CM,migraine,post-index
CTRL005377,2016-10-25,K21.9,ICD10CM,GERD,post-index
CTRL005377,2017-08-13,K21.9,ICD10CM,GERD,post-index
CTRL005377,2016-06-30,F41.9,ICD10CM,anxiety,post-index
CTRL005377,2017-09-28,R53.83,ICD10CM,fatigue,post-index
CTRL005377,2017-11-14,K21.9,ICD10CM,GERD,post-index
CTRL005388,2023-10-21,I10,ICD10CM,hypertension,post-index
CTRL005388,2023-09-26,K21.9,ICD10CM,GERD,post-index
CTRL005388,2024-06-07,I10,ICD10CM,hypertension,post-index
CTRL005388,2024-09-22,K21.9,ICD10CM,GERD,post-index
CTRL005388,2023-07-19,E78.5,ICD10CM,hyperlipidemia,post-index
CTRL005388,2024-09-10,I10,ICD10CM,hypertension,post-index
CTRL005388,2027-01-07,R53.83,ICD10CM,fatigue,post-index
CTRL005388,2026-07-16,R53.83,ICD10CM,fatigue,post-index
CTRL005388,2023-06-29,R53.83,ICD10CM,fatigue,post-index
CTRL005388,2026-04-16,R53.83,ICD10CM,fatigue,post-index
CTRL005388,2026-09-06,K21.9,ICD10CM,GERD,post-index
CTRL005388,2024-08-10,J45.909,ICD10CM,asthma,post-index
CTRL005388,2024-02-29,E78.5,ICD10CM,hyperlipidemia,post-index
CTRL005388,2026-08-06,J45.909,ICD10CM,asthma,post-index
CTRL005388,2024-01-03,J45.909,ICD10CM,asthma,post-index
CTRL005396,2022-07-12,J45.909,ICD10CM,asthma,post-index
CTRL005396,2022-09-29,E78.5,ICD10CM,hyperlipidemia,post-index
CTRL005396,2022-05-17,R53.83,ICD10CM,fatigue,post-index
CTRL005396,2022-11-09,I10,ICD10CM,hypertension,post-index
CTRL005396,2021-11-14,L50.9,ICD10CM,urticaria,post-index
CTRL005396,2022-10-22,L50.9,ICD10CM,urticaria,post-index
CTRL005437,2016-09-04,J45.909,ICD10CM,asthma,post-index
CTRL005437,2016-10-22,E78.5,ICD10CM,hyperlipidemia,post-index
CTRL005450,2019-06-01,M79.7,ICD10CM,fibromyalgia,post-index
CTRL005450,2018-01-24,I10,ICD10CM,hypertension,post-index
CTRL005450,2018-04-08,G43.909,ICD10CM,migraine,post-index
CTRL005450,2018-01-24,I10,ICD10CM,hypertension,post-index
CTRL005450,2019-01-23,R10.9,ICD10CM,abdominal pain,post-index
CTRL005450,2018-12-01,I10,ICD10CM,hypertension,post-index
CTRL005450,2018-12-27,R53.83,ICD10CM,fatigue,post-index
CTRL005450,2018-01-06,K21.9,ICD10CM,GERD,post-index
CTRL005450,2018-09-22,E78.5,ICD10CM,hyperlipidemia,post-index
CTRL005450,2018-04-11,R53.83,ICD10CM,fatigue,post-index
CTRL005450,2018-01-19,F41.9,ICD10CM,anxiety,post-index
CTRL005454,2023-11-28,R10.9,ICD10CM,abdominal pain,post-index
CTRL005454,2024-07-07,K21.9,ICD10CM,GERD,post-index
CTRL005454,2023-05-16,J45.909,ICD10CM,asthma,post-index
CTRL005454,2023-05-12,R10.9,ICD10CM,abdominal pain,post-index
CTRL005454,2023-08-12,J45.909,ICD10CM,asthma,post-index
CTRL005454,2023-07-29,I10,ICD10CM,hypertension,post-index
CTRL005454,2023-05-14,K21.9,ICD10CM,GERD,post-index
CTRL005454,2023-06-15,R10.9,ICD10CM,abdominal pain,post-index
CTRL005458,2018-03-05,G43.909,ICD10CM,migraine,post-index
CTRL005458,2019-12-07,F41.9,ICD10CM,anxiety,post-index
CTRL005458,2023-02-24,E78.5,ICD10CM,hyperlipidemia,post-index
CTRL005458,2022-11-05,J45.909,ICD10CM,asthma,post-index
CTRL005458,2019-05-26,E78.5,ICD10CM,hyperlipidemia,post-index
CTRL005458,2017-11-01,I10,ICD10CM,hypertension,post-index
CTRL005472,2021-08-25,I10,ICD10CM,hypertension,post-index
CTRL005472,2022-02-04,L50.9,ICD10CM,urticaria,post-index
CTRL005480,2025-03-03,E78.5,ICD10CM,hyperlipidemia,post-index
CTRL005480,2025-04-26,K21.9,ICD10CM,GERD,post-index
CTRL005480,2025-05-18,J45.909,ICD10CM,asthma,post-index
CTRL005480,2025-02-07,E78.5,ICD10CM,hyperlipidemia,post-index
CTRL005492,2023-05-02,L50.9,ICD10CM,urticaria,post-index
CTRL005492,2023-08-24,G43.909,ICD10CM,migraine,post-index
CTRL005492,2023-07-15,J45.909,ICD10CM,asthma,post-index
CTRL005532,2021-06-03,F41.9,ICD10CM,anxiety,post-index
CTRL005532,2020-09-01,I10,ICD10CM,hypertension,post-index
CTRL005532,2021-06-04,R10.9,ICD10CM,abdominal pain,post-index
CTRL005532,2021-07-18,L50.9,ICD10CM,urticaria,post-index
CTRL005532,2019-12-15,R53.83,ICD10CM,fatigue,post-index
CTRL005545,2018-01-23,J45.909,ICD10CM,asthma,post-index
CTRL005545,2017-02-24,F41.9,ICD10CM,anxiety,post-index
CTRL005545,2018-02-13,L50.9,ICD10CM,urticaria,post-index
CTRL005553,2024-07-25,M79.7,ICD10CM,fibromyalgia,post-index
CTRL005553,2024-03-12,L50.9,ICD10CM,urticaria,post-index
CTRL005553,2024-01-19,F41.9,ICD10CM,anxiety,post-index
CTRL005553,2024-04-23,J45.909,ICD10CM,asthma,post-index
CTRL005553,2024-10-03,R53.83,ICD10CM,fatigue,post-index
CTRL005566,2025-02-09,K21.9,ICD10CM,GERD,post-index
CTRL005566,2024-11-24,K21.9,ICD10CM,GERD,post-index
CTRL005566,2025-04-05,F41.9,ICD10CM,anxiety,post-index
CTRL005566,2024-12-07,K21.9,ICD10CM,GERD,post-index
CTRL005566,2025-01-28,J45.909,ICD10CM,asthma,post-index
CTRL005566,2025-03-01,R53.83,ICD10CM,fatigue,post-index
CTRL005566,2024-08-18,M79.7,ICD10CM,fibromyalgia,post-index
CTRL005566,2024-07-13,R53.83,ICD10CM,fatigue,post-index
CTRL005566,2024-10-09,K21.9,ICD10CM,GERD,post-index
CTRL005566,2024-08-22,R53.83,ICD10CM,fatigue,post-index
CTRL005566,2025-02-24,F41.9,ICD10CM,anxiety,post-index
CTRL005577,2023-12-14,E78.5,ICD10CM,hyperlipidemia,post-index
CTRL005577,2023-10-21,R53.83,ICD10CM,fatigue,post-index
CTRL005577,2023-11-09,J45.909,ICD10CM,asthma,post-index
CTRL005577,2022-12-11,E78.5,ICD10CM,hyperlipidemia,post-index
CTRL005577,2021-12-07,E78.5,ICD10CM,hyperlipidemia,post-index
CTRL005577,2022-07-13,L50.9,ICD10CM,urticaria,post-index
CTRL005619,2023-11-29,G43.909,ICD10CM,migraine,post-index
CTRL005619,2023-12-09,G43.909,ICD10CM,migraine,post-index
CTRL005619,2024-03-15,E78.5,ICD10CM,hyperlipidemia,post-index
CTRL005619,2023-12-15,F41.9,ICD10CM,anxiety,post-index
CTRL005619,2024-04-05,M79.7,ICD10CM,fibromyalgia,post-index
CTRL005627,2022-08-18,R10.9,ICD10CM,abdominal pain,post-index
CTRL005627,2022-06-27,J45.909,ICD10CM,asthma,post-index
CTRL005627,2022-09-13,R10.9,ICD10CM,abdominal pain,post-index
CTRL005627,2022-06-28,R10.9,ICD10CM,abdominal pain,post-index
CTRL005627,2022-09-06,F41.9,ICD10CM,anxiety,post-index
CTRL005627,2022-07-07,I10,ICD10CM,hypertension,post-index
CTRL005650,2021-06-05,J45.909,ICD10CM,asthma,post-index
CTRL005650,2021-08-02,G43.909,ICD10CM,migraine,post-index
CTRL005650,2021-03-19,K21.9,ICD10CM,GERD,post-index
CTRL005650,2021-03-31,I10,ICD10CM,hypertension,post-index
CTRL005650,2020-10-23,E78.5,ICD10CM,hyperlipidemia,post-index
CTRL005662,2017-09-26,R53.83,ICD10CM,fatigue,post-index
CTRL005662,2018-06-25,R53.83,ICD10CM,fatigue,post-index
CTRL005662,2018-06-24,F41.9,ICD10CM,anxiety,post-index
CTRL005662,2019-07-14,R10.9,ICD10CM,abdominal pain,post-index
CTRL005662,2018-01-30,F41.9,ICD10CM,anxiety,post-index
CTRL005662,2018-03-03,E78.5,ICD10CM,hyperlipidemia,post-index
CTRL005679,2017-06-01,I10,ICD10CM,hypertension,post-index
CTRL005679,2016-10-17,K21.9,ICD10CM,GERD,post-index
CTRL005679,2017-04-11,K21.9,ICD10CM,GERD,post-index
CTRL005679,2016-10-26,G43.909,ICD10CM,migraine,post-index
CTRL005688,2021-05-25,E78.5,ICD10CM,hyperlipidemia,post-index
CTRL005688,2020-05-31,J45.909,ICD10CM,asthma,post-index
CTRL005688,2020-02-23,I10,ICD10CM,hypertension,post-index
CTRL005723,2022-06-06,R53.83,ICD10CM,fatigue,post-index
CTRL005723,2022-10-28,G43.909,ICD10CM,migraine,post-index
CTRL005723,2022-11-10,K21.9,ICD10CM,GERD,post-index
CTRL005723,2022-08-15,L50.9,ICD10CM,urticaria,post-index
CTRL005723,2022-08-03,K21.9,ICD10CM,GERD,post-index
CTRL005723,2022-11-29,I10,ICD10CM,hypertension,post-index
CTRL005723,2022-04-24,E78.5,ICD10CM,hyperlipidemia,post-index
CTRL005733,2020-05-18,K21.9,ICD10CM,GERD,post-index
CTRL005733,2020-06-14,L50.9,ICD10CM,urticaria,post-index
CTRL005733,2020-06-12,L50.9,ICD10CM,urticaria,post-index
CTRL005733,2020-06-12,E78.5,ICD10CM,hyperlipidemia,post-index
CTRL005733,2020-07-29,M79.7,ICD10CM,fibromyalgia,post-index
CTRL005735,2020-06-10,E78.5,ICD10CM,hyperlipidemia,post-index
CTRL005735,2020-08-07,J45.909,ICD10CM,asthma,post-index
CTRL005735,2021-07-27,F41.9,ICD10CM,anxiety,post-index
CTRL005735,2019-08-27,G43.909,ICD10CM,migraine,post-index
CTRL005747,2018-04-22,R53.83,ICD10CM,fatigue,post-index
CTRL005747,2018-09-26,K21.9,ICD10CM,GERD,post-index
CTRL005747,2018-05-25,I10,ICD10CM,hypertension,post-index
CTRL005765,2024-12-11,K21.9,ICD10CM,GERD,post-index
CTRL005765,2026-04-24,E78.5,ICD10CM,hyperlipidemia,post-index
CTRL005765,2025-07-09,F41.9,ICD10CM,anxiety,post-index
CTRL005765,2025-11-23,R10.9,ICD10CM,abdominal pain,post-index
CTRL005765,2025-12-23,K21.9,ICD10CM,GERD,post-index
CTRL005765,2026-04-24,R53.83,ICD10CM,fatigue,post-index
CTRL005784,2024-07-17,F41.9,ICD10CM,anxiety,post-index
CTRL005793,2019-08-01,I10,ICD10CM,hypertension,post-index
CTRL005793,2018-11-19,I10,ICD10CM,hypertension,post-index
CTRL005793,2019-05-20,J45.909,ICD10CM,asthma,post-index
CTRL005793,2018-11-24,K21.9,ICD10CM,GERD,post-index
CTRL005800,2025-02-16,E78.5,ICD10CM,hyperlipidemia,post-index
CTRL005822,2022-08-08,G43.909,ICD10CM,migraine,post-index
CTRL005822,2023-02-14,K21.9,ICD10CM,GERD,post-index
CTRL005822,2022-11-15,J45.909,ICD10CM,asthma,post-index
CTRL005822,2022-06-22,E78.5,ICD10CM,hyperlipidemia,post-index
CTRL005822,2022-08-28,R53.83,ICD10CM,fatigue,post-index
CTRL005822,2022-10-06,J45.909,ICD10CM,asthma,post-index
CTRL005833,2026-11-21,K21.9,ICD10CM,GERD,post-index
CTRL005833,2026-03-31,L50.9,ICD10CM,urticaria,post-index
CTRL005833,2024-10-17,I10,ICD10CM,hypertension,post-index
CTRL005833,2024-03-05,K21.9,ICD10CM,GERD,post-index
CTRL005833,2023-10-07,G43.909,ICD10CM,migraine,post-index
CTRL005833,2023-09-14,R10.9,ICD10CM,abdominal pain,post-index
CTRL005833,2025-01-16,R53.83,ICD10CM,fatigue,post-index
CTRL005833,2025-06-04,I10,ICD10CM,hypertension,post-index
CTRL005833,2026-03-11,E78.5,ICD10CM,hyperlipidemia,post-index
CTRL005833,2023-10-20,K21.9,ICD10CM,GERD,post-index
CTRL005853,2024-01-30,R53.83,ICD10CM,fatigue,post-index
CTRL005853,2023-06-24,E78.5,ICD10CM,hyperlipidemia,post-index
CTRL005853,2023-08-15,R10.9,ICD10CM,abdominal pain,post-index
CTRL005853,2023-09-28,R53.83,ICD10CM,fatigue,post-index
CTRL005853,2024-01-31,J45.909,ICD10CM,asthma,post-index
CTRL005867,2019-03-23,E78.5,ICD10CM,hyperlipidemia,post-index
CTRL005867,2018-09-07,M79.7,ICD10CM,fibromyalgia,post-index
CTRL005867,2019-03-22,R53.83,ICD10CM,fatigue,post-index
CTRL005867,2018-09-23,R53.83,ICD10CM,fatigue,post-index
CTRL005873,2023-07-24,J45.909,ICD10CM,asthma,post-index
CTRL005873,2023-05-27,K21.9,ICD10CM,GERD,post-index
CTRL005873,2023-03-24,R53.83,ICD10CM,fatigue,post-index
CTRL005873,2023-07-01,L50.9,ICD10CM,urticaria,post-index
CTRL005873,2023-06-19,I10,ICD10CM,hypertension,post-index
CTRL005873,2023-05-26,I10,ICD10CM,hypertension,post-index
CTRL005873,2023-01-20,F41.9,ICD10CM,anxiety,post-index
CTRL005875,2019-02-13,R53.83,ICD10CM,fatigue,post-index
CTRL005875,2019-07-29,M79.7,ICD10CM,fibromyalgia,post-index
CTRL005875,2020-06-20,K21.9,ICD10CM,GERD,post-index
CTRL005875,2020-03-14,F41.9,ICD10CM,anxiety,post-index
CTRL005875,2019-07-06,G43.909,ICD10CM,migraine,post-index
CTRL005875,2019-03-01,M79.7,ICD10CM,fibromyalgia,post-index
CTRL005877,2024-02-29,M79.7,ICD10CM,fibromyalgia,post-index
CTRL005877,2024-10-16,R53.83,ICD10CM,fatigue,post-index
CTRL005877,2023-06-28,R53.83,ICD10CM,fatigue,post-index
CTRL005877,2023-10-09,G43.909,ICD10CM,migraine,post-index
CTRL005887,2019-10-03,K21.9,ICD10CM,GERD,post-index
CTRL005887,2019-09-09,F41.9,ICD10CM,anxiety,post-index
CTRL005887,2019-11-24,K21.9,ICD10CM,GERD,post-index
CTRL005887,2019-08-24,G43.909,ICD10CM,migraine,post-index
CTRL005887,2019-09-02,G43.909,ICD10CM,migraine,post-index
CTRL005889,2023-12-21,I10,ICD10CM,hypertension,post-index
CTRL005889,2022-05-22,J45.909,ICD10CM,asthma,post-index
CTRL005889,2024-04-06,K21.9,ICD10CM,GERD,post-index
CTRL005889,2022-07-17,J45.909,ICD10CM,asthma,post-index
CTRL005889,2023-03-05,K21.9,ICD10CM,GERD,post-index
CTRL005889,2022-11-21,K21.9,ICD10CM,GERD,post-index
CTRL005889,2023-12-27,R53.83,ICD10CM,fatigue,post-index
CTRL005894,2021-03-28,I10,ICD10CM,hypertension,post-index
CTRL005894,2021-07-24,E78.5,ICD10CM,hyperlipidemia,post-index
CTRL005894,2020-06-05,F41.9,ICD10CM,anxiety,post-index
CTRL005894,2020-11-19,R53.83,ICD10CM,fatigue,post-index
CTRL005894,2020-04-22,K21.9,ICD10CM,GERD,post-index
CTRL005894,2020-08-07,L50.9,ICD10CM,urticaria,post-index
CTRL005894,2021-06-30,M79.7,ICD10CM,fibromyalgia,post-index
CTRL005908,2017-11-23,L50.9,ICD10CM,urticaria,post-index
CTRL005908,2018-04-07,I10,ICD10CM,hypertension,post-index
CTRL005908,2017-12-17,L50.9,ICD10CM,urticaria,post-index
CTRL005929,2018-06-07,M79.7,ICD10CM,fibromyalgia,post-index
CTRL005929,2018-09-29,E78.5,ICD10CM,hyperlipidemia,post-index
CTRL005929,2018-10-26,K21.9,ICD10CM,GERD,post-index
CTRL005929,2018-11-23,I10,ICD10CM,hypertension,post-index
CTRL005929,2018-08-13,R53.83,ICD10CM,fatigue,post-index
CTRL005962,2022-02-08,K21.9,ICD10CM,GERD,post-index
CTRL005962,2022-11-12,J45.909,ICD10CM,asthma,post-index
CTRL005962,2022-06-21,L50.9,ICD10CM,urticaria,post-index
CTRL005962,2021-08-02,E78.5,ICD10CM,hyperlipidemia,post-index
CTRL005962,2021-04-16,G43.909,ICD10CM,migraine,post-index
CTRL005962,2022-10-30,R53.83,ICD10CM,fatigue,post-index
CTRL005962,2021-04-03,M79.7,ICD10CM,fibromyalgia,post-index
CTRL005962,2022-03-19,K21.9,ICD10CM,GERD,post-index
CTRL005962,2021-06-25,R53.83,ICD10CM,fatigue,post-index
CTRL005962,2021-04-29,I10,ICD10CM,hypertension,post-index
CTRL005962,2022-06-01,L50.9,ICD10CM,urticaria,post-index
CTRL005962,2022-05-16,I10,ICD10CM,hypertension,post-index
CTRL005997,2019-07-23,K21.9,ICD10CM,GERD,post-index
CTRL005997,2019-07-21,J45.909,ICD10CM,asthma,post-index
CTRL005997,2018-10-05,K21.9,ICD10CM,GERD,post-index
CTRL005997,2017-12-28,I10,ICD10CM,hypertension,post-index
CTRL005997,2018-03-14,I10,ICD10CM,hypertension,post-index
CTRL005998,2020-08-08,L50.9,ICD10CM,urticaria,post-index
CTRL005998,2020-05-23,M79.7,ICD10CM,fibromyalgia,post-index
CTRL005998,2021-01-13,R53.83,ICD10CM,fatigue,post-index
CTRL005998,2020-06-22,G43.909,ICD10CM,migraine,post-index
CTRL005998,2020-11-19,R10.9,ICD10CM,abdominal pain,post-index
CTRL005998,2020-12-26,K21.9,ICD10CM,GERD,post-index
CTRL005998,2021-04-08,E78.5,ICD10CM,hyperlipidemia,post-index
CTRL006074,2017-09-02,G43.909,ICD10CM,migraine,post-index
CTRL006074,2017-10-20,K21.9,ICD10CM,GERD,post-index
CTRL006074,2017-11-05,F41.9,ICD10CM,anxiety,post-index
CTRL006076,2022-11-17,L50.9,ICD10CM,urticaria,post-index
CTRL006076,2022-04-01,M79.7,ICD10CM,fibromyalgia,post-index
CTRL006126,2021-06-28,R10.9,ICD10CM,abdominal pain,post-index
CTRL006126,2021-08-28,K21.9,ICD10CM,GERD,post-index
CTRL006126,2021-10-14,I10,ICD10CM,hypertension,post-index
CTRL006126,2021-08-17,R10.9,ICD10CM,abdominal pain,post-index
CTRL006126,2021-10-09,L50.9,ICD10CM,urticaria,post-index
CTRL006142,2020-02-05,I10,ICD10CM,hypertension,post-index
CTRL006142,2020-10-04,J45.909,ICD10CM,asthma,post-index
CTRL006142,2020-11-21,E78.5,ICD10CM,hyperlipidemia,post-index
CTRL006142,2020-05-16,E78.5,ICD10CM,hyperlipidemia,post-index
CTRL006142,2019-12-19,R53.83,ICD10CM,fatigue,post-index
CTRL006142,2021-04-19,G43.909,ICD10CM,migraine,post-index
CTRL006144,2018-10-08,K21.9,ICD10CM,GERD,post-index
CTRL006144,2018-08-11,R53.83,ICD10CM,fatigue,post-index
CTRL006144,2018-01-03,I10,ICD10CM,hypertension,post-index
CTRL006144,2017-09-03,R10.9,ICD10CM,abdominal pain,post-index
CTRL006144,2017-10-19,F41.9,ICD10CM,anxiety,post-index
CTRL006153,2018-06-05,F41.9,ICD10CM,anxiety,post-index
CTRL006153,2019-03-14,G43.909,ICD10CM,migraine,post-index
CTRL006153,2019-04-10,K21.9,ICD10CM,GERD,post-index
CTRL006153,2017-12-06,L50.9,ICD10CM,urticaria,post-index
CTRL006153,2017-09-30,E78.5,ICD10CM,hyperlipidemia,post-index
CTRL006153,2017-02-08,K21.9,ICD10CM,GERD,post-index
CTRL006153,2017-09-04,F41.9,ICD10CM,anxiety,post-index
CTRL006153,2017-05-07,E78.5,ICD10CM,hyperlipidemia,post-index
CTRL006153,2017-12-21,K21.9,ICD10CM,GERD,post-index
CTRL006168,2018-12-14,L50.9,ICD10CM,urticaria,post-index
CTRL006175,2022-02-17,R53.83,ICD10CM,fatigue,post-index
CTRL006175,2021-11-21,E78.5,ICD10CM,hyperlipidemia,post-index
CTRL006175,2022-10-03,R53.83,ICD10CM,fatigue,post-index
CTRL006175,2022-01-03,R10.9,ICD10CM,abdominal pain,post-index
CTRL006175,2021-11-04,R10.9,ICD10CM,abdominal pain,post-index
CTRL006192,2024-01-14,E78.5,ICD10CM,hyperlipidemia,post-index
CTRL006192,2025-01-27,G43.909,ICD10CM,migraine,post-index
CTRL006192,2024-11-02,L50.9,ICD10CM,urticaria,post-index
CTRL006192,2025-03-10,F41.9,ICD10CM,anxiety,post-index
CTRL006192,2025-01-25,I10,ICD10CM,hypertension,post-index
CTRL006192,2024-03-31,R10.9,ICD10CM,abdominal pain,post-index
CTRL006192,2023-10-09,R10.9,ICD10CM,abdominal pain,post-index
CTRL006194,2022-06-01,K21.9,ICD10CM,GERD,post-index
CTRL006194,2022-05-15,R10.9,ICD10CM,abdominal pain,post-index
CTRL006194,2021-11-21,R10.9,ICD10CM,abdominal pain,post-index
CTRL006194,2022-03-26,J45.909,ICD10CM,asthma,post-index
CTRL006194,2022-07-17,M79.7,ICD10CM,fibromyalgia,post-index
CTRL006204,2019-09-16,K21.9,ICD10CM,GERD,post-index
CTRL006204,2020-02-08,R53.83,ICD10CM,fatigue,post-index
CTRL006225,2017-11-02,M79.7,ICD10CM,fibromyalgia,post-index
CTRL006225,2017-12-11,R53.83,ICD10CM,fatigue,post-index
CTRL006225,2018-02-16,K21.9,ICD10CM,GERD,post-index
CTRL006225,2019-12-22,K21.9,ICD10CM,GERD,post-index
CTRL006225,2019-04-07,G43.909,ICD10CM,migraine,post-index
CTRL006225,2020-05-03,G43.909,ICD10CM,migraine,post-index
CTRL006225,2020-03-08,R53.83,ICD10CM,fatigue,post-index
CTRL006225,2018-09-29,G43.909,ICD10CM,migraine,post-index
CTRL006225,2019-04-25,K21.9,ICD10CM,GERD,post-index
CTRL006225,2020-01-01,E78.5,ICD10CM,hyperlipidemia,post-index
CTRL006225,2017-09-23,I10,ICD10CM,hypertension,post-index
CTRL006225,2017-10-29,I10,ICD10CM,hypertension,post-index
CTRL006225,2019-12-04,I10,ICD10CM,hypertension,post-index
CTRL006225,2018-12-28,R53.83,ICD10CM,fatigue,post-index
CTRL006225,2019-07-23,R10.9,ICD10CM,abdominal pain,post-index
CTRL006241,2016-09-20,K21.9,ICD10CM,GERD,post-index
CTRL006241,2016-06-15,I10,ICD10CM,hypertension,post-index
CTRL006241,2016-03-18,I10,ICD10CM,hypertension,post-index
CTRL006241,2016-07-05,G43.909,ICD10CM,migraine,post-index
CTRL006241,2016-05-18,G43.909,ICD10CM,migraine,post-index
CTRL006241,2016-03-20,E78.5,ICD10CM,hyperlipidemia,post-index
CTRL006241,2016-07-30,I10,ICD10CM,hypertension,post-index
CTRL006241,2016-09-01,G43.909,ICD10CM,migraine,post-index
CTRL006241,2016-11-01,F41.9,ICD10CM,anxiety,post-index
CTRL006253,2022-03-18,G43.909,ICD10CM,migraine,post-index
CTRL006253,2022-06-19,R53.83,ICD10CM,fatigue,post-index
CTRL006253,2022-04-22,K21.9,ICD10CM,GERD,post-index
CTRL006253,2022-04-18,F41.9,ICD10CM,anxiety,post-index
CTRL006253,2022-06-07,L50.9,ICD10CM,urticaria,post-index
CTRL006260,2023-07-23,I10,ICD10CM,hypertension,post-index
CTRL006260,2023-06-24,E78.5,ICD10CM,hyperlipidemia,post-index
CTRL006260,2025-01-09,F41.9,ICD10CM,anxiety,post-index
CTRL006260,2024-09-19,J45.909,ICD10CM,asthma,post-index
CTRL006260,2024-08-09,F41.9,ICD10CM,anxiety,post-index
CTRL006260,2025-06-14,F41.9,ICD10CM,anxiety,post-index
CTRL006260,2026-03-07,R10.9,ICD10CM,abdominal pain,post-index
CTRL006263,2022-03-12,L50.9,ICD10CM,urticaria,post-index
CTRL006263,2022-06-07,R53.83,ICD10CM,fatigue,post-index
CTRL006263,2022-05-02,G43.909,ICD10CM,migraine,post-index
CTRL006263,2022-10-19,R10.9,ICD10CM,abdominal pain,post-index
CTRL006263,2022-11-18,I10,ICD10CM,hypertension,post-index
CTRL006263,2022-03-03,G43.909,ICD10CM,migraine,post-index
CTRL006282,2017-11-21,I10,ICD10CM,hypertension,post-index
CTRL006282,2017-04-25,R53.83,ICD10CM,fatigue,post-index
CTRL006282,2017-08-04,L50.9,ICD10CM,urticaria,post-index
CTRL006282,2017-10-20,R53.83,ICD10CM,fatigue,post-index
CTRL006282,2018-01-02,R53.83,ICD10CM,fatigue,post-index
CTRL006282,2017-11-28,F41.9,ICD10CM,anxiety,post-index
CTRL006304,2018-09-27,I10,ICD10CM,hypertension,post-index
CTRL006304,2018-08-26,R10.9,ICD10CM,abdominal pain,post-index
CTRL006304,2018-12-02,K21.9,ICD10CM,GERD,post-index
CTRL006304,2018-07-05,I10,ICD10CM,hypertension,post-index
CTRL006349,2023-01-30,F41.9,ICD10CM,anxiety,post-index
CTRL006349,2022-08-13,R53.83,ICD10CM,fatigue,post-index
CTRL006349,2022-10-15,R53.83,ICD10CM,fatigue,post-index
CTRL006349,2020-10-15,K21.9,ICD10CM,GERD,post-index
CTRL006349,2022-04-16,R53.83,ICD10CM,fatigue,post-index
CTRL006349,2021-04-19,G43.909,ICD10CM,migraine,post-index
CTRL006349,2021-04-17,I10,ICD10CM,hypertension,post-index
CTRL006349,2022-12-18,I10,ICD10CM,hypertension,post-index
CTRL006357,2020-07-22,J45.909,ICD10CM,asthma,post-index
CTRL006357,2020-10-01,R10.9,ICD10CM,abdominal pain,post-index
CTRL006357,2021-05-28,R53.83,ICD10CM,fatigue,post-index
CTRL006357,2021-01-07,G43.909,ICD10CM,migraine,post-index
CTRL006357,2020-10-13,M79.7,ICD10CM,fibromyalgia,post-index
CTRL006359,2024-05-11,J45.909,ICD10CM,asthma,post-index
CTRL006359,2023-12-05,K21.9,ICD10CM,GERD,post-index
CTRL006359,2024-01-03,G43.909,ICD10CM,migraine,post-index
CTRL006359,2024-06-08,G43.909,ICD10CM,migraine,post-index
CTRL006367,2023-01-30,R10.9,ICD10CM,abdominal pain,post-index
CTRL006367,2023-07-25,I10,ICD10CM,hypertension,post-index
CTRL006367,2023-02-19,J45.909,ICD10CM,asthma,post-index
CTRL006367,2023-04-17,R10.9,ICD10CM,abdominal pain,post-index
CTRL006367,2023-08-11,R53.83,ICD10CM,fatigue,post-index
CTRL006367,2023-03-30,E78.5,ICD10CM,hyperlipidemia,post-index
CTRL006386,2019-04-05,I10,ICD10CM,hypertension,post-index
CTRL006386,2019-07-10,K21.9,ICD10CM,GERD,post-index
CTRL006386,2019-07-15,R10.9,ICD10CM,abdominal pain,post-index
CTRL006386,2019-05-21,F41.9,ICD10CM,anxiety,post-index
CTRL006386,2019-03-24,E78.5,ICD10CM,hyperlipidemia,post-index
CTRL006408,2016-12-19,E78.5,ICD10CM,hyperlipidemia,post-index
CTRL006408,2018-03-29,I10,ICD10CM,hypertension,post-index
CTRL006408,2018-04-25,R10.9,ICD10CM,abdominal pain,post-index
CTRL006415,2026-04-01,E78.5,ICD10CM,hyperlipidemia,post-index
CTRL006415,2028-06-23,E78.5,ICD10CM,hyperlipidemia,post-index
CTRL006415,2025-01-28,F41.9,ICD10CM,anxiety,post-index
CTRL006415,2027-03-24,R10.9,ICD10CM,abdominal pain,post-index
CTRL006415,2029-06-07,K21.9,ICD10CM,GERD,post-index
CTRL006415,2028-05-29,R10.9,ICD10CM,abdominal pain,post-index
CTRL006415,2024-04-23,L50.9,ICD10CM,urticaria,post-index
CTRL006415,2029-03-10,J45.909,ICD10CM,asthma,post-index
CTRL006415,2027-12-25,K21.9,ICD10CM,GERD,post-index
CTRL006426,2021-10-11,J45.909,ICD10CM,asthma,post-index
CTRL006426,2022-01-18,J45.909,ICD10CM,asthma,post-index
CTRL006426,2021-09-23,R10.9,ICD10CM,abdominal pain,post-index
CTRL006426,2022-03-29,I10,ICD10CM,hypertension,post-index
CTRL006426,2021-11-28,R53.83,ICD10CM,fatigue,post-index
CTRL006426,2021-11-23,J45.909,ICD10CM,asthma,post-index
CTRL006436,2022-08-16,J45.909,ICD10CM,asthma,post-index
CTRL006436,2021-09-29,K21.9,ICD10CM,GERD,post-index
CTRL006436,2022-07-17,R10.9,ICD10CM,abdominal pain,post-index
CTRL006436,2022-05-16,K21.9,ICD10CM,GERD,post-index
CTRL006436,2023-07-11,L50.9,ICD10CM,urticaria,post-index
CTRL006436,2022-05-31,K21.9,ICD10CM,GERD,post-index
CTRL006482,2022-10-28,J45.909,ICD10CM,asthma,post-index
CTRL006482,2022-07-23,E78.5,ICD10CM,hyperlipidemia,post-index
CTRL006484,2021-09-12,R53.83,ICD10CM,fatigue,post-index
CTRL006484,2021-11-26,F41.9,ICD10CM,anxiety,post-index
CTRL006484,2020-12-20,K21.9,ICD10CM,GERD,post-index
CTRL006484,2020-02-25,I10,ICD10CM,hypertension,post-index
CTRL006484,2022-01-21,I10,ICD10CM,hypertension,post-index
CTRL006484,2021-03-16,F41.9,ICD10CM,anxiety,post-index
CTRL006493,2017-06-26,E78.5,ICD10CM,hyperlipidemia,post-index
CTRL006493,2016-05-05,K21.9,ICD10CM,GERD,post-index
CTRL006493,2017-03-01,G43.909,ICD10CM,migraine,post-index
CTRL006493,2017-06-12,R10.9,ICD10CM,abdominal pain,post-index
CTRL006493,2016-11-23,R10.9,ICD10CM,abdominal pain,post-index
CTRL006531,2017-02-20,R53.83,ICD10CM,fatigue,post-index
CTRL006531,2016-12-16,K21.9,ICD10CM,GERD,post-index
CTRL006547,2018-09-28,M79.7,ICD10CM,fibromyalgia,post-index
CTRL006547,2018-09-21,K21.9,ICD10CM,GERD,post-index
CTRL006547,2018-08-11,K21.9,ICD10CM,GERD,post-index
CTRL006547,2017-09-13,G43.909,ICD10CM,migraine,post-index
CTRL006547,2018-08-18,R53.83,ICD10CM,fatigue,post-index
CTRL006566,2020-12-19,K21.9,ICD10CM,GERD,post-index
CTRL006566,2021-06-21,F41.9,ICD10CM,anxiety,post-index
CTRL006566,2021-05-08,G43.909,ICD10CM,migraine,post-index
CTRL006566,2021-03-16,J45.909,ICD10CM,asthma,post-index
CTRL006568,2021-10-01,G43.909,ICD10CM,migraine,post-index
CTRL006568,2021-04-11,M79.7,ICD10CM,fibromyalgia,post-index
CTRL006568,2021-04-01,G43.909,ICD10CM,migraine,post-index
CTRL006568,2022-05-09,E78.5,ICD10CM,hyperlipidemia,post-index
CTRL006568,2022-01-19,R53.83,ICD10CM,fatigue,post-index
CTRL006568,2021-12-06,I10,ICD10CM,hypertension,post-index
CTRL006591,2023-10-02,L50.9,ICD10CM,urticaria,post-index
CTRL006605,2017-09-11,I10,ICD10CM,hypertension,post-index
CTRL006605,2017-09-26,E78.5,ICD10CM,hyperlipidemia,post-index
CTRL006605,2018-01-10,F41.9,ICD10CM,anxiety,post-index
CTRL006605,2018-01-19,G43.909,ICD10CM,migraine,post-index
CTRL006605,2017-12-10,K21.9,ICD10CM,GERD,post-index
CTRL006605,2018-02-01,E78.5,ICD10CM,hyperlipidemia,post-index
CTRL006605,2018-07-05,F41.9,ICD10CM,anxiety,post-index
CTRL006605,2017-11-02,F41.9,ICD10CM,anxiety,post-index
CTRL006627,2020-07-27,K21.9,ICD10CM,GERD,post-index
CTRL006627,2019-12-10,R53.83,ICD10CM,fatigue,post-index
CTRL006627,2020-06-02,I10,ICD10CM,hypertension,post-index
CTRL006627,2019-12-18,R10.9,ICD10CM,abdominal pain,post-index
CTRL006627,2019-09-16,R53.83,ICD10CM,fatigue,post-index
CTRL006631,2018-09-04,K21.9,ICD10CM,GERD,post-index
CTRL006631,2018-07-27,G43.909,ICD10CM,migraine,post-index
CTRL006635,2021-08-12,I10,ICD10CM,hypertension,post-index
CTRL006635,2021-02-03,K21.9,ICD10CM,GERD,post-index
CTRL006635,2018-07-19,G43.909,ICD10CM,migraine,post-index
CTRL006635,2021-08-16,K21.9,ICD10CM,GERD,post-index
CTRL006635,2018-12-11,I10,ICD10CM,hypertension,post-index
CTRL006635,2019-06-15,E78.5,ICD10CM,hyperlipidemia,post-index
CTRL006635,2020-05-26,J45.909,ICD10CM,asthma,post-index
CTRL006635,2020-04-14,F41.9,ICD10CM,anxiety,post-index
CTRL006635,2020-02-22,R10.9,ICD10CM,abdominal pain,post-index
CTRL006635,2021-02-15,R10.9,ICD10CM,abdominal pain,post-index
CTRL006636,2021-03-27,G43.909,ICD10CM,migraine,post-index
CTRL006636,2021-01-04,E78.5,ICD10CM,hyperlipidemia,post-index
CTRL006636,2021-11-15,G43.909,ICD10CM,migraine,post-index
CTRL006647,2020-01-01,I10,ICD10CM,hypertension,post-index
CTRL006659,2017-10-03,R10.9,ICD10CM,abdominal pain,post-index
CTRL006659,2017-08-25,R10.9,ICD10CM,abdominal pain,post-index
CTRL006659,2017-07-30,E78.5,ICD10CM,hyperlipidemia,post-index
CTRL006659,2017-09-20,R10.9,ICD10CM,abdominal pain,post-index
CTRL006659,2018-05-10,R53.83,ICD10CM,fatigue,post-index
CTRL006659,2018-02-11,M79.7,ICD10CM,fibromyalgia,post-index
CTRL006659,2018-05-23,F41.9,ICD10CM,anxiety,post-index
CTRL006659,2018-02-25,M79.7,ICD10CM,fibromyalgia,post-index
CTRL006659,2018-05-08,K21.9,ICD10CM,GERD,post-index
CTRL006681,2019-11-02,R10.9,ICD10CM,abdominal pain,post-index
CTRL006681,2020-02-26,I10,ICD10CM,hypertension,post-index
CTRL006681,2020-01-19,E78.5,ICD10CM,hyperlipidemia,post-index
CTRL006681,2020-11-26,M79.7,ICD10CM,fibromyalgia,post-index
CTRL006683,2017-10-03,F41.9,ICD10CM,anxiety,post-index
CTRL006683,2017-03-27,R53.83,ICD10CM,fatigue,post-index
CTRL006683,2016-12-31,R53.83,ICD10CM,fatigue,post-index
CTRL006683,2017-06-28,I10,ICD10CM,hypertension,post-index
CTRL006683,2018-05-26,L50.9,ICD10CM,urticaria,post-index
CTRL006696,2019-09-30,R10.9,ICD10CM,abdominal pain,post-index
CTRL006696,2020-04-19,L50.9,ICD10CM,urticaria,post-index
CTRL006696,2020-07-09,J45.909,ICD10CM,asthma,post-index
CTRL006696,2020-02-05,J45.909,ICD10CM,asthma,post-index
CTRL006696,2020-07-08,I10,ICD10CM,hypertension,post-index
CTRL006696,2020-05-02,L50.9,ICD10CM,urticaria,post-index
CTRL006696,2020-08-16,I10,ICD10CM,hypertension,post-index
CTRL006710,2019-07-09,R10.9,ICD10CM,abdominal pain,post-index
CTRL006710,2019-10-19,I10,ICD10CM,hypertension,post-index
CTRL006710,2019-05-20,R53.83,ICD10CM,fatigue,post-index
CTRL006719,2023-02-17,M79.7,ICD10CM,fibromyalgia,post-index
CTRL006719,2022-02-22,K21.9,ICD10CM,GERD,post-index
CTRL006719,2022-10-29,R10.9,ICD10CM,abdominal pain,post-index
CTRL006719,2023-12-04,L50.9,ICD10CM,urticaria,post-index
CTRL006719,2022-06-07,F41.9,ICD10CM,anxiety,post-index
CTRL006722,2019-04-16,G43.909,ICD10CM,migraine,post-index
CTRL006722,2019-12-19,K21.9,ICD10CM,GERD,post-index
CTRL006722,2020-05-12,K21.9,ICD10CM,GERD,post-index
CTRL006722,2019-07-05,R53.83,ICD10CM,fatigue,post-index
CTRL006722,2019-04-09,M79.7,ICD10CM,fibromyalgia,post-index
CTRL006722,2020-03-26,R10.9,ICD10CM,abdominal pain,post-index
CTRL006778,2021-05-23,F41.9,ICD10CM,anxiety,post-index
CTRL006778,2021-02-26,G43.909,ICD10CM,migraine,post-index
CTRL006778,2022-06-24,R10.9,ICD10CM,abdominal pain,post-index
CTRL006813,2024-12-14,I10,ICD10CM,hypertension,post-index
CTRL006813,2024-05-25,M79.7,ICD10CM,fibromyalgia,post-index
CTRL006813,2024-06-11,J45.909,ICD10CM,asthma,post-index
CTRL006813,2025-03-14,R53.83,ICD10CM,fatigue,post-index
CTRL006813,2025-05-17,I10,ICD10CM,hypertension,post-index
CTRL006813,2025-04-05,M79.7,ICD10CM,fibromyalgia,post-index
CTRL006813,2024-08-17,G43.909,ICD10CM,migraine,post-index
CTRL006813,2023-11-24,R53.83,ICD10CM,fatigue,post-index
CTRL006846,2021-03-31,I10,ICD10CM,hypertension,post-index
CTRL006846,2021-08-01,J45.909,ICD10CM,asthma,post-index
CTRL006846,2021-09-15,M79.7,ICD10CM,fibromyalgia,post-index
CTRL006846,2021-08-07,J45.909,ICD10CM,asthma,post-index
CTRL006846,2022-03-06,K21.9,ICD10CM,GERD,post-index
CTRL006846,2021-06-27,M79.7,ICD10CM,fibromyalgia,post-index
CTRL006863,2023-11-25,R53.83,ICD10CM,fatigue,post-index
CTRL006863,2023-09-28,R53.83,ICD10CM,fatigue,post-index
CTRL006863,2023-10-01,J45.909,ICD10CM,asthma,post-index
CTRL006863,2023-04-02,I10,ICD10CM,hypertension,post-index
CTRL006863,2023-02-27,J45.909,ICD10CM,asthma,post-index
CTRL006863,2024-03-23,I10,ICD10CM,hypertension,post-index
CTRL006863,2023-10-13,F41.9,ICD10CM,anxiety,post-index
CTRL006872,2021-07-13,L50.9,ICD10CM,urticaria,post-index
CTRL006872,2021-07-04,L50.9,ICD10CM,urticaria,post-index
CTRL006872,2021-04-20,M79.7,ICD10CM,fibromyalgia,post-index
CTRL006914,2020-02-09,R10.9,ICD10CM,abdominal pain,post-index
CTRL006914,2021-07-19,E78.5,ICD10CM,hyperlipidemia,post-index
CTRL006914,2024-02-24,K21.9,ICD10CM,GERD,post-index
CTRL006914,2022-10-16,I10,ICD10CM,hypertension,post-index
CTRL006914,2022-10-25,I10,ICD10CM,hypertension,post-index
CTRL006921,2025-11-20,G43.909,ICD10CM,migraine,post-index
CTRL006921,2025-01-27,E78.5,ICD10CM,hyperlipidemia,post-index
CTRL006921,2025-01-20,J45.909,ICD10CM,asthma,post-index
CTRL006921,2025-02-05,I10,ICD10CM,hypertension,post-index
CTRL006943,2021-12-15,K21.9,ICD10CM,GERD,post-index
CTRL006943,2023-01-14,I10,ICD10CM,hypertension,post-index
CTRL006943,2022-10-07,I10,ICD10CM,hypertension,post-index
CTRL006966,2025-07-14,K21.9,ICD10CM,GERD,post-index
CTRL006966,2025-07-18,R10.9,ICD10CM,abdominal pain,post-index
CTRL006966,2025-05-02,G43.909,ICD10CM,migraine,post-index
CTRL006966,2025-09-18,I10,ICD10CM,hypertension,post-index
CTRL006966,2025-06-23,E78.5,ICD10CM,hyperlipidemia,post-index
CTRL006966,2025-06-27,R53.83,ICD10CM,fatigue,post-index
CTRL006966,2025-12-02,R10.9,ICD10CM,abdominal pain,post-index
CTRL006966,2025-07-22,K21.9,ICD10CM,GERD,post-index
CTRL006998,2021-12-30,G43.909,ICD10CM,migraine,post-index
CTRL006998,2022-04-03,G43.909,ICD10CM,migraine,post-index
CTRL006998,2022-08-08,K21.9,ICD10CM,GERD,post-index
CTRL006998,2022-04-12,R53.83,ICD10CM,fatigue,post-index
CTRL006998,2022-04-03,J45.909,ICD10CM,asthma,post-index
CTRL006998,2022-01-05,G43.909,ICD10CM,migraine,post-index
CTRL006998,2022-01-04,I10,ICD10CM,hypertension,post-index
CTRL007004,2018-09-30,F41.9,ICD10CM,anxiety,post-index
CTRL007004,2018-10-30,R10.9,ICD10CM,abdominal pain,post-index
CTRL007004,2018-09-09,J45.909,ICD10CM,asthma,post-index
CTRL007004,2019-12-23,R10.9,ICD10CM,abdominal pain,post-index
CTRL007004,2019-07-24,R10.9,ICD10CM,abdominal pain,post-index
CTRL007004,2019-12-06,I10,ICD10CM,hypertension,post-index
CTRL007018,2018-05-30,G43.909,ICD10CM,migraine,post-index
CTRL007018,2018-06-07,K21.9,ICD10CM,GERD,post-index
CTRL007018,2018-01-12,R10.9,ICD10CM,abdominal pain,post-index
CTRL007018,2018-03-03,E78.5,ICD10CM,hyperlipidemia,post-index
CTRL007018,2017-10-29,J45.909,ICD10CM,asthma,post-index
CTRL007018,2018-05-06,I10,ICD10CM,hypertension,post-index
CTRL007043,2020-03-24,K21.9,ICD10CM,GERD,post-index
CTRL007043,2020-01-25,K21.9,ICD10CM,GERD,post-index
CTRL007043,2019-12-11,F41.9,ICD10CM,anxiety,post-index
CTRL007043,2020-01-29,L50.9,ICD10CM,urticaria,post-index
CTRL007043,2020-02-08,G43.909,ICD10CM,migraine,post-index
CTRL007043,2020-02-05,J45.909,ICD10CM,asthma,post-index
CTRL007064,2024-08-15,G43.909,ICD10CM,migraine,post-index
CTRL007064,2025-03-03,J45.909,ICD10CM,asthma,post-index
CTRL007064,2024-05-23,M79.7,ICD10CM,fibromyalgia,post-index
CTRL007106,2018-08-31,I10,ICD10CM,hypertension,post-index
CTRL007106,2018-08-20,J45.909,ICD10CM,asthma,post-index
CTRL007106,2018-08-18,R53.83,ICD10CM,fatigue,post-index
CTRL007106,2018-09-04,K21.9,ICD10CM,GERD,post-index
CTRL007111,2021-08-24,E78.5,ICD10CM,hyperlipidemia,post-index
CTRL007111,2022-11-04,F41.9,ICD10CM,anxiety,post-index
CTRL007111,2021-07-08,G43.909,ICD10CM,migraine,post-index
CTRL007111,2021-07-29,F41.9,ICD10CM,anxiety,post-index
CTRL007111,2021-01-06,G43.909,ICD10CM,migraine,post-index
CTRL007111,2023-06-17,R10.9,ICD10CM,abdominal pain,post-index
CTRL007111,2022-03-12,R53.83,ICD10CM,fatigue,post-index
CTRL007111,2023-06-29,R53.83,ICD10CM,fatigue,post-index
CTRL007111,2023-11-12,F41.9,ICD10CM,anxiety,post-index
CTRL007111,2022-06-05,E78.5,ICD10CM,hyperlipidemia,post-index
CTRL007111,2023-06-17,K21.9,ICD10CM,GERD,post-index
CTRL007111,2023-05-02,F41.9,ICD10CM,anxiety,post-index
CTRL007111,2022-09-07,M79.7,ICD10CM,fibromyalgia,post-index
CTRL007129,2020-07-27,G43.909,ICD10CM,migraine,post-index
CTRL007129,2020-02-23,M79.7,ICD10CM,fibromyalgia,post-index
CTRL007129,2020-06-19,I10,ICD10CM,hypertension,post-index
CTRL007129,2021-06-08,F41.9,ICD10CM,anxiety,post-index
CTRL007129,2022-03-23,R53.83,ICD10CM,fatigue,post-index
CTRL007138,2021-11-25,I10,ICD10CM,hypertension,post-index
CTRL007138,2022-05-09,R10.9,ICD10CM,abdominal pain,post-index
CTRL007138,2022-12-20,E78.5,ICD10CM,hyperlipidemia,post-index
CTRL007149,2023-04-28,R53.83,ICD10CM,fatigue,post-index
CTRL007149,2022-12-22,R53.83,ICD10CM,fatigue,post-index
CTRL007149,2022-05-28,G43.909,ICD10CM,migraine,post-index
CTRL007163,2021-05-22,K21.9,ICD10CM,GERD,post-index
CTRL007163,2021-10-02,J45.909,ICD10CM,asthma,post-index
CTRL007163,2021-08-17,K21.9,ICD10CM,GERD,post-index
CTRL007163,2021-06-21,I10,ICD10CM,hypertension,post-index
CTRL007174,2023-06-19,J45.909,ICD10CM,asthma,post-index
CTRL007244,2024-06-25,G43.909,ICD10CM,migraine,post-index
CTRL007244,2024-08-09,K21.9,ICD10CM,GERD,post-index
CTRL007244,2024-05-29,G43.909,ICD10CM,migraine,post-index
CTRL007244,2024-08-02,L50.9,ICD10CM,urticaria,post-index
CTRL007244,2024-07-15,E78.5,ICD10CM,hyperlipidemia,post-index
CTRL007251,2022-05-18,M79.7,ICD10CM,fibromyalgia,post-index
CTRL007281,2021-08-08,G43.909,ICD10CM,migraine,post-index
CTRL007281,2021-07-02,R53.83,ICD10CM,fatigue,post-index
CTRL007281,2021-10-12,R10.9,ICD10CM,abdominal pain,post-index
CTRL007291,2025-04-08,F41.9,ICD10CM,anxiety,post-index
CTRL007291,2026-04-11,R53.83,ICD10CM,fatigue,post-index
CTRL007291,2025-01-15,J45.909,ICD10CM,asthma,post-index
CTRL007297,2018-11-07,R53.83,ICD10CM,fatigue,post-index
CTRL007297,2018-10-05,G43.909,ICD10CM,migraine,post-index
CTRL007297,2018-12-13,R10.9,ICD10CM,abdominal pain,post-index
CTRL007297,2018-11-03,E78.5,ICD10CM,hyperlipidemia,post-index
CTRL007297,2018-10-22,I10,ICD10CM,hypertension,post-index
CTRL007297,2018-12-05,G43.909,ICD10CM,migraine,post-index
CTRL007362,2017-12-20,R53.83,ICD10CM,fatigue,post-index
CTRL007362,2017-12-18,R53.83,ICD10CM,fatigue,post-index
CTRL007362,2017-09-14,E78.5,ICD10CM,hyperlipidemia,post-index
CTRL007362,2017-10-20,G43.909,ICD10CM,migraine,post-index
CTRL007362,2017-07-28,F41.9,ICD10CM,anxiety,post-index
CTRL007378,2021-12-08,I10,ICD10CM,hypertension,post-index
CTRL007378,2021-07-18,K21.9,ICD10CM,GERD,post-index
CTRL007378,2021-07-12,R10.9,ICD10CM,abdominal pain,post-index
CTRL007383,2025-04-25,J45.909,ICD10CM,asthma,post-index
CTRL007383,2024-09-13,G43.909,ICD10CM,migraine,post-index
CTRL007383,2024-12-28,M79.7,ICD10CM,fibromyalgia,post-index
CTRL007383,2024-11-13,F41.9,ICD10CM,anxiety,post-index
CTRL007410,2021-03-08,L50.9,ICD10CM,urticaria,post-index
CTRL007410,2022-02-01,K21.9,ICD10CM,GERD,post-index
CTRL007410,2021-03-15,E78.5,ICD10CM,hyperlipidemia,post-index
CTRL007410,2020-10-19,R10.9,ICD10CM,abdominal pain,post-index
CTRL007446,2024-02-17,J45.909,ICD10CM,asthma,post-index
CTRL007446,2023-12-12,F41.9,ICD10CM,anxiety,post-index
CTRL007446,2023-10-17,R53.83,ICD10CM,fatigue,post-index
CTRL007446,2024-01-31,R53.83,ICD10CM,fatigue,post-index
CTRL007447,2019-02-16,F41.9,ICD10CM,anxiety,post-index
CTRL007481,2022-11-25,J45.909,ICD10CM,asthma,post-index
CTRL007481,2022-03-23,K21.9,ICD10CM,GERD,post-index
CTRL007481,2022-02-18,I10,ICD10CM,hypertension,post-index
CTRL007482,2023-05-31,F41.9,ICD10CM,anxiety,post-index
CTRL007482,2023-03-06,E78.5,ICD10CM,hyperlipidemia,post-index
CTRL007482,2023-05-31,R10.9,ICD10CM,abdominal pain,post-index
CTRL007482,2023-06-11,L50.9,ICD10CM,urticaria,post-index
CTRL007513,2025-01-01,I10,ICD10CM,hypertension,post-index
CTRL007513,2025-06-06,G43.909,ICD10CM,migraine,post-index
CTRL007513,2025-10-07,J45.909,ICD10CM,asthma,post-index
CTRL007513,2025-09-12,L50.9,ICD10CM,urticaria,post-index
CTRL007513,2025-07-27,R10.9,ICD10CM,abdominal pain,post-index
CTRL007560,2021-12-24,R53.83,ICD10CM,fatigue,post-index
CTRL007560,2021-11-02,R53.83,ICD10CM,fatigue,post-index
CTRL007560,2021-11-11,K21.9,ICD10CM,GERD,post-index
CTRL007560,2021-11-19,R10.9,ICD10CM,abdominal pain,post-index
CTRL007560,2022-01-02,I10,ICD10CM,hypertension,post-index
CTRL007595,2020-03-26,I10,ICD10CM,hypertension,post-index
CTRL007595,2020-09-11,F41.9,ICD10CM,anxiety,post-index
CTRL007595,2019-04-25,G43.909,ICD10CM,migraine,post-index
CTRL007595,2021-03-03,E78.5,ICD10CM,hyperlipidemia,post-index
CTRL007605,2018-08-19,R53.83,ICD10CM,fatigue,post-index
CTRL007605,2019-04-20,K21.9,ICD10CM,GERD,post-index
CTRL007610,2018-10-01,L50.9,ICD10CM,urticaria,post-index
CTRL007610,2018-11-27,J45.909,ICD10CM,asthma,post-index
CTRL007610,2018-12-29,M79.7,ICD10CM,fibromyalgia,post-index
CTRL007610,2018-10-19,M79.7,ICD10CM,fibromyalgia,post-index
CTRL007616,2024-06-19,E78.5,ICD10CM,hyperlipidemia,post-index
CTRL007670,2021-04-26,R53.83,ICD10CM,fatigue,post-index
CTRL007670,2021-08-24,R10.9,ICD10CM,abdominal pain,post-index
CTRL007670,2021-05-23,E78.5,ICD10CM,hyperlipidemia,post-index
CTRL007670,2020-11-25,E78.5,ICD10CM,hyperlipidemia,post-index
CTRL007670,2021-01-19,L50.9,ICD10CM,urticaria,post-index
CTRL007683,2022-07-31,K21.9,ICD10CM,GERD,post-index
CTRL007683,2021-10-22,F41.9,ICD10CM,anxiety,post-index
CTRL007683,2022-01-31,E78.5,ICD10CM,hyperlipidemia,post-index
CTRL007691,2025-02-03,R53.83,ICD10CM,fatigue,post-index
CTRL007691,2023-06-28,R10.9,ICD10CM,abdominal pain,post-index
CTRL007691,2025-04-03,K21.9,ICD10CM,GERD,post-index
CTRL007691,2025-11-09,F41.9,ICD10CM,anxiety,post-index
CTRL007691,2024-08-05,E78.5,ICD10CM,hyperlipidemia,post-index
CTRL007691,2025-04-16,E78.5,ICD10CM,hyperlipidemia,post-index
CTRL007691,2025-10-06,R53.83,ICD10CM,fatigue,post-index
CTRL007702,2020-01-19,J45.909,ICD10CM,asthma,post-index
CTRL007702,2020-08-12,F41.9,ICD10CM,anxiety,post-index
CTRL007702,2021-02-16,I10,ICD10CM,hypertension,post-index
CTRL007702,2020-08-21,G43.909,ICD10CM,migraine,post-index
CTRL007702,2020-03-28,R53.83,ICD10CM,fatigue,post-index
CTRL007702,2020-09-05,G43.909,ICD10CM,migraine,post-index
CTRL007706,2020-08-04,K21.9,ICD10CM,GERD,post-index
CTRL007706,2021-07-02,R10.9,ICD10CM,abdominal pain,post-index
CTRL007706,2021-09-11,M79.7,ICD10CM,fibromyalgia,post-index
CTRL007706,2021-03-22,K21.9,ICD10CM,GERD,post-index
CTRL007706,2019-07-12,G43.909,ICD10CM,migraine,post-index
CTRL007765,2023-03-09,E78.5,ICD10CM,hyperlipidemia,post-index
CTRL007765,2023-08-19,I10,ICD10CM,hypertension,post-index
CTRL007765,2024-03-14,J45.909,ICD10CM,asthma,post-index
CTRL007765,2024-02-15,G43.909,ICD10CM,migraine,post-index
CTRL007765,2023-04-24,F41.9,ICD10CM,anxiety,post-index
CTRL007765,2023-09-02,K21.9,ICD10CM,GERD,post-index
CTRL007779,2021-06-07,J45.909,ICD10CM,asthma,post-index
CTRL007779,2021-04-03,F41.9,ICD10CM,anxiety,post-index
CTRL007779,2021-04-08,I10,ICD10CM,hypertension,post-index
CTRL007796,2020-11-09,J45.909,ICD10CM,asthma,post-index
CTRL007796,2020-11-20,I10,ICD10CM,hypertension,post-index
CTRL007796,2020-02-02,K21.9,ICD10CM,GERD,post-index
CTRL007796,2020-03-30,I10,ICD10CM,hypertension,post-index
CTRL007796,2020-06-09,R53.83,ICD10CM,fatigue,post-index
CTRL007796,2019-10-28,K21.9,ICD10CM,GERD,post-index
CTRL007796,2020-10-22,R10.9,ICD10CM,abdominal pain,post-index
CTRL007803,2023-02-19,R53.83,ICD10CM,fatigue,post-index
CTRL007803,2022-09-25,K21.9,ICD10CM,GERD,post-index
CTRL007821,2025-07-04,R53.83,ICD10CM,fatigue,post-index
CTRL007821,2022-08-12,R53.83,ICD10CM,fatigue,post-index
CTRL007821,2022-10-17,L50.9,ICD10CM,urticaria,post-index
CTRL007821,2025-05-12,E78.5,ICD10CM,hyperlipidemia,post-index
CTRL007821,2023-01-11,F41.9,ICD10CM,anxiety,post-index
CTRL007821,2023-10-06,R53.83,ICD10CM,fatigue,post-index
CTRL007835,2018-12-06,G43.909,ICD10CM,migraine,post-index
CTRL007835,2018-12-25,L50.9,ICD10CM,urticaria,post-index
CTRL007835,2020-02-03,I10,ICD10CM,hypertension,post-index
CTRL007837,2024-07-02,R10.9,ICD10CM,abdominal pain,post-index
CTRL007837,2024-09-06,I10,ICD10CM,hypertension,post-index
CTRL007837,2024-01-23,I10,ICD10CM,hypertension,post-index
CTRL007837,2024-07-09,J45.909,ICD10CM,asthma,post-index
CTRL007837,2024-05-07,F41.9,ICD10CM,anxiety,post-index
CTRL007837,2024-03-12,G43.909,ICD10CM,migraine,post-index
CTRL007837,2024-05-11,L50.9,ICD10CM,urticaria,post-index
CTRL007837,2024-01-22,R53.83,ICD10CM,fatigue,post-index
CTRL007856,2018-04-19,L50.9,ICD10CM,urticaria,post-index
CTRL007856,2018-03-03,G43.909,ICD10CM,migraine,post-index
CTRL007856,2018-10-20,R53.83,ICD10CM,fatigue,post-index
CTRL007856,2018-08-06,K21.9,ICD10CM,GERD,post-index
CTRL007856,2018-02-13,I10,ICD10CM,hypertension,post-index
CTRL007856,2018-10-01,E78.5,ICD10CM,hyperlipidemia,post-index
CTRL007856,2018-04-12,E78.5,ICD10CM,hyperlipidemia,post-index
CTRL007856,2017-11-05,R53.83,ICD10CM,fatigue,post-index
CTRL007856,2017-08-29,I10,ICD10CM,hypertension,post-index
CTRL007885,2023-07-15,K21.9,ICD10CM,GERD,post-index
CTRL007885,2022-11-14,J45.909,ICD10CM,asthma,post-index
CTRL007885,2023-04-11,M79.7,ICD10CM,fibromyalgia,post-index
CTRL007885,2023-12-09,K21.9,ICD10CM,GERD,post-index
CTRL007885,2023-06-08,J45.909,ICD10CM,asthma,post-index
CTRL007885,2023-01-09,G43.909,ICD10CM,migraine,post-index
CTRL007885,2024-01-07,J45.909,ICD10CM,asthma,post-index
CTRL007890,2020-03-09,E78.5,ICD10CM,hyperlipidemia,post-index
CTRL007890,2019-11-21,F41.9,ICD10CM,anxiety,post-index
CTRL007894,2022-11-20,M79.7,ICD10CM,fibromyalgia,post-index
CTRL007894,2021-04-07,R53.83,ICD10CM,fatigue,post-index
CTRL007894,2022-10-14,J45.909,ICD10CM,asthma,post-index
CTRL007894,2021-09-25,J45.909,ICD10CM,asthma,post-index
CTRL007894,2022-08-05,R53.83,ICD10CM,fatigue,post-index
CTRL007894,2022-01-24,R10.9,ICD10CM,abdominal pain,post-index
CTRL007894,2022-04-28,K21.9,ICD10CM,GERD,post-index
CTRL007909,2024-02-05,R10.9,ICD10CM,abdominal pain,post-index
CTRL007909,2024-04-30,F41.9,ICD10CM,anxiety,post-index
CTRL007909,2024-03-19,J45.909,ICD10CM,asthma,post-index
CTRL007909,2023-05-08,I10,ICD10CM,hypertension,post-index
CTRL007909,2024-04-22,R53.83,ICD10CM,fatigue,post-index
CTRL007909,2023-03-13,I10,ICD10CM,hypertension,post-index
CTRL007909,2024-01-24,R53.83,ICD10CM,fatigue,post-index
CTRL007909,2024-09-08,E78.5,ICD10CM,hyperlipidemia,post-index
CTRL007909,2024-11-01,G43.909,ICD10CM,migraine,post-index
CTRL007909,2024-02-20,R53.83,ICD10CM,fatigue,post-index
CTRL007909,2024-01-18,G43.909,ICD10CM,migraine,post-index
CTRL007909,2023-10-27,I10,ICD10CM,hypertension,post-index
CTRL007909,2023-07-29,M79.7,ICD10CM,fibromyalgia,post-index
CTRL007909,2024-08-30,J45.909,ICD10CM,asthma,post-index
CTRL007928,2025-08-18,I10,ICD10CM,hypertension,post-index
CTRL007928,2025-06-01,K21.9,ICD10CM,GERD,post-index
CTRL007928,2025-06-30,L50.9,ICD10CM,urticaria,post-index
CTRL007928,2024-12-09,R53.83,ICD10CM,fatigue,post-index
CTRL007928,2026-05-10,M79.7,ICD10CM,fibromyalgia,post-index
CTRL007928,2026-08-13,E78.5,ICD10CM,hyperlipidemia,post-index
CTRL007943,2024-06-28,K21.9,ICD10CM,GERD,post-index
CTRL007943,2025-02-18,K21.9,ICD10CM,GERD,post-index
CTRL007943,2024-03-07,K21.9,ICD10CM,GERD,post-index
CTRL007943,2024-01-04,E78.5,ICD10CM,hyperlipidemia,post-index
CTRL007943,2025-06-01,G43.909,ICD10CM,migraine,post-index
CTRL007962,2020-05-22,K21.9,ICD10CM,GERD,post-index
CTRL007962,2020-05-06,I10,ICD10CM,hypertension,post-index
CTRL007972,2023-11-27,G43.909,ICD10CM,migraine,post-index
CTRL007972,2022-03-19,J45.909,ICD10CM,asthma,post-index
CTRL007972,2022-03-24,F41.9,ICD10CM,anxiety,post-index
CTRL007972,2022-11-28,I10,ICD10CM,hypertension,post-index
CTRL007982,2022-05-12,I10,ICD10CM,hypertension,post-index
CTRL007982,2022-02-15,G43.909,ICD10CM,migraine,post-index
CTRL007982,2022-04-10,F41.9,ICD10CM,anxiety,post-index
CTRL007982,2023-01-25,K21.9,ICD10CM,GERD,post-index
CTRL007982,2023-09-25,I10,ICD10CM,hypertension,post-index
CTRL008021,2023-06-13,R10.9,ICD10CM,abdominal pain,post-index
CTRL008021,2024-04-04,G43.909,ICD10CM,migraine,post-index
CTRL008021,2024-11-27,R10.9,ICD10CM,abdominal pain,post-index
CTRL008021,2023-07-29,R53.83,ICD10CM,fatigue,post-index
CTRL008021,2022-01-13,I10,ICD10CM,hypertension,post-index
CTRL008021,2022-04-27,F41.9,ICD10CM,anxiety,post-index
CTRL008021,2023-08-24,K21.9,ICD10CM,GERD,post-index
CTRL008021,2022-12-14,E78.5,ICD10CM,hyperlipidemia,post-index
CTRL008126,2016-09-12,R10.9,ICD10CM,abdominal pain,post-index
CTRL008126,2016-09-28,E78.5,ICD10CM,hyperlipidemia,post-index
CTRL008126,2016-10-01,L50.9,ICD10CM,urticaria,post-index
CTRL008126,2016-06-17,G43.909,ICD10CM,migraine,post-index
CTRL008126,2016-05-12,M79.7,ICD10CM,fibromyalgia,post-index
CTRL008126,2016-07-07,K21.9,ICD10CM,GERD,post-index
CTRL008126,2016-07-22,F41.9,ICD10CM,anxiety,post-index
CTRL008149,2016-07-18,R53.83,ICD10CM,fatigue,post-index
CTRL008149,2016-06-22,I10,ICD10CM,hypertension,post-index
CTRL008149,2016-05-19,J45.909,ICD10CM,asthma,post-index
CTRL008159,2018-12-18,R53.83,ICD10CM,fatigue,post-index
CTRL008159,2018-12-22,K21.9,ICD10CM,GERD,post-index
CTRL008159,2019-01-16,R53.83,ICD10CM,fatigue,post-index
CTRL008159,2019-01-01,G43.909,ICD10CM,migraine,post-index
CTRL008164,2027-01-02,I10,ICD10CM,hypertension,post-index
CTRL008164,2026-01-23,L50.9,ICD10CM,urticaria,post-index
CTRL008164,2025-11-29,R53.83,ICD10CM,fatigue,post-index
CTRL008164,2029-03-14,R10.9,ICD10CM,abdominal pain,post-index
CTRL008164,2025-01-14,R53.83,ICD10CM,fatigue,post-index
CTRL008164,2028-04-19,R53.83,ICD10CM,fatigue,post-index
CTRL008164,2026-10-06,F41.9,ICD10CM,anxiety,post-index
CTRL008165,2020-11-19,J45.909,ICD10CM,asthma,post-index
CTRL008165,2021-01-05,E78.5,ICD10CM,hyperlipidemia,post-index
CTRL008165,2020-03-15,I10,ICD10CM,hypertension,post-index
CTRL008165,2020-01-06,E78.5,ICD10CM,hyperlipidemia,post-index
CTRL008165,2020-10-29,G43.909,ICD10CM,migraine,post-index
CTRL008165,2019-11-18,F41.9,ICD10CM,anxiety,post-index
CTRL008168,2024-10-16,R53.83,ICD10CM,fatigue,post-index
CTRL008168,2024-09-21,G43.909,ICD10CM,migraine,post-index
CTRL008168,2025-01-15,R53.83,ICD10CM,fatigue,post-index
CTRL008168,2025-01-14,J45.909,ICD10CM,asthma,post-index
CTRL008168,2024-09-14,E78.5,ICD10CM,hyperlipidemia,post-index
CTRL008168,2025-03-12,R10.9,ICD10CM,abdominal pain,post-index
CTRL008168,2025-01-03,I10,ICD10CM,hypertension,post-index
CTRL008168,2025-05-16,E78.5,ICD10CM,hyperlipidemia,post-index
CTRL008168,2025-05-08,R53.83,ICD10CM,fatigue,post-index
CTRL008180,2019-10-25,F41.9,ICD10CM,anxiety,post-index
CTRL008180,2019-04-02,M79.7,ICD10CM,fibromyalgia,post-index
CTRL008180,2018-09-29,E78.5,ICD10CM,hyperlipidemia,post-index
CTRL008180,2017-01-10,R53.83,ICD10CM,fatigue,post-index
CTRL008180,2018-12-17,R10.9,ICD10CM,abdominal pain,post-index
CTRL008180,2018-10-19,F41.9,ICD10CM,anxiety,post-index
CTRL008181,2016-09-28,F41.9,ICD10CM,anxiety,post-index
CTRL008193,2021-04-22,K21.9,ICD10CM,GERD,post-index
CTRL008193,2021-03-31,K21.9,ICD10CM,GERD,post-index
CTRL008193,2020-10-04,L50.9,ICD10CM,urticaria,post-index
CTRL008193,2021-03-25,R10.9,ICD10CM,abdominal pain,post-index
CTRL008193,2020-10-08,E78.5,ICD10CM,hyperlipidemia,post-index
CTRL008193,2021-01-12,J45.909,ICD10CM,asthma,post-index
CTRL008193,2020-01-30,R10.9,ICD10CM,abdominal pain,post-index
CTRL008193,2020-12-06,F41.9,ICD10CM,anxiety,post-index
CTRL008193,2020-08-04,F41.9,ICD10CM,anxiety,post-index
CTRL008217,2024-08-13,I10,ICD10CM,hypertension,post-index
CTRL008217,2024-11-01,I10,ICD10CM,hypertension,post-index
CTRL008217,2024-06-12,J45.909,ICD10CM,asthma,post-index
CTRL008240,2017-07-04,J45.909,ICD10CM,asthma,post-index
CTRL008240,2019-01-14,R53.83,ICD10CM,fatigue,post-index
CTRL008240,2018-11-21,G43.909,ICD10CM,migraine,post-index
CTRL008240,2016-11-20,G43.909,ICD10CM,migraine,post-index
CTRL008240,2018-01-27,J45.909,ICD10CM,asthma,post-index
CTRL008240,2019-05-17,K21.9,ICD10CM,GERD,post-index
CTRL008282,2020-03-28,L50.9,ICD10CM,urticaria,post-index
CTRL008282,2017-02-16,R10.9,ICD10CM,abdominal pain,post-index
CTRL008282,2019-03-04,E78.5,ICD10CM,hyperlipidemia,post-index
CTRL008282,2018-10-23,G43.909,ICD10CM,migraine,post-index
CTRL008282,2018-04-05,G43.909,ICD10CM,migraine,post-index
CTRL008282,2019-03-31,R53.83,ICD10CM,fatigue,post-index
CTRL008295,2017-04-29,R10.9,ICD10CM,abdominal pain,post-index
CTRL008295,2017-02-22,I10,ICD10CM,hypertension,post-index
CTRL008295,2017-09-16,L50.9,ICD10CM,urticaria,post-index
CTRL008295,2017-08-25,G43.909,ICD10CM,migraine,post-index
CTRL008295,2017-04-17,M79.7,ICD10CM,fibromyalgia,post-index
CTRL008295,2017-09-16,K21.9,ICD10CM,GERD,post-index
CTRL008295,2016-12-23,R10.9,ICD10CM,abdominal pain,post-index
CTRL008296,2023-07-21,R10.9,ICD10CM,abdominal pain,post-index
CTRL008296,2023-07-11,F41.9,ICD10CM,anxiety,post-index
CTRL008296,2023-07-03,J45.909,ICD10CM,asthma,post-index
CTRL008296,2023-05-10,R53.83,ICD10CM,fatigue,post-index
CTRL008296,2023-05-04,E78.5,ICD10CM,hyperlipidemia,post-index
CTRL008299,2019-05-11,R53.83,ICD10CM,fatigue,post-index
CTRL008299,2018-06-03,J45.909,ICD10CM,asthma,post-index
CTRL008299,2019-03-06,R53.83,ICD10CM,fatigue,post-index
CTRL008299,2018-07-28,K21.9,ICD10CM,GERD,post-index
CTRL008299,2018-08-06,E78.5,ICD10CM,hyperlipidemia,post-index
CTRL008312,2016-06-19,M79.7,ICD10CM,fibromyalgia,post-index
CTRL008312,2016-09-11,L50.9,ICD10CM,urticaria,post-index
CTRL008312,2016-10-31,G43.909,ICD10CM,migraine,post-index
CTRL008317,2024-08-24,E78.5,ICD10CM,hyperlipidemia,post-index
CTRL008317,2024-12-24,J45.909,ICD10CM,asthma,post-index
CTRL008317,2025-09-07,I10,ICD10CM,hypertension,post-index
CTRL008317,2025-02-18,K21.9,ICD10CM,GERD,post-index
CTRL008317,2025-10-12,L50.9,ICD10CM,urticaria,post-index
CTRL008317,2024-05-17,J45.909,ICD10CM,asthma,post-index
CTRL008317,2025-07-11,I10,ICD10CM,hypertension,post-index
CTRL008317,2025-07-08,K21.9,ICD10CM,GERD,post-index
CTRL008317,2024-02-07,G43.909,ICD10CM,migraine,post-index
CTRL008320,2021-03-08,E78.5,ICD10CM,hyperlipidemia,post-index
CTRL008320,2021-07-09,K21.9,ICD10CM,GERD,post-index
CTRL008320,2021-04-20,R53.83,ICD10CM,fatigue,post-index
CTRL008327,2020-05-27,R10.9,ICD10CM,abdominal pain,post-index
CTRL008327,2019-09-06,J45.909,ICD10CM,asthma,post-index
CTRL008327,2019-09-16,G43.909,ICD10CM,migraine,post-index
CTRL008327,2019-11-12,J45.909,ICD10CM,asthma,post-index
CTRL008327,2020-04-08,J45.909,ICD10CM,asthma,post-index
CTRL008327,2020-05-14,G43.909,ICD10CM,migraine,post-index
CTRL008327,2019-10-10,R10.9,ICD10CM,abdominal pain,post-index
CTRL008339,2023-07-03,R10.9,ICD10CM,abdominal pain,post-index
CTRL008339,2023-12-20,K21.9,ICD10CM,GERD,post-index
CTRL008339,2024-03-23,F41.9,ICD10CM,anxiety,post-index
CTRL008339,2023-12-23,E78.5,ICD10CM,hyperlipidemia,post-index
CTRL008341,2020-07-06,F41.9,ICD10CM,anxiety,post-index
CTRL008341,2020-03-23,R53.83,ICD10CM,fatigue,post-index
CTRL008341,2020-05-26,L50.9,ICD10CM,urticaria,post-index
CTRL008341,2020-05-07,M79.7,ICD10CM,fibromyalgia,post-index
CTRL008341,2020-08-03,F41.9,ICD10CM,anxiety,post-index
CTRL008341,2020-02-21,G43.909,ICD10CM,migraine,post-index
CTRL008341,2020-01-14,K21.9,ICD10CM,GERD,post-index
CTRL008349,2020-03-13,I10,ICD10CM,hypertension,post-index
CTRL008349,2020-07-09,E78.5,ICD10CM,hyperlipidemia,post-index
CTRL008349,2020-06-09,E78.5,ICD10CM,hyperlipidemia,post-index
CTRL008349,2020-04-17,K21.9,ICD10CM,GERD,post-index
CTRL008349,2019-12-23,E78.5,ICD10CM,hyperlipidemia,post-index
CTRL008349,2019-11-21,K21.9,ICD10CM,GERD,post-index
CTRL008377,2025-02-22,I10,ICD10CM,hypertension,post-index
CTRL008377,2025-05-16,K21.9,ICD10CM,GERD,post-index
CTRL008377,2024-07-10,L50.9,ICD10CM,urticaria,post-index
CTRL008377,2025-06-08,I10,ICD10CM,hypertension,post-index
CTRL008377,2025-04-30,F41.9,ICD10CM,anxiety,post-index
CTRL008377,2024-11-27,R10.9,ICD10CM,abdominal pain,post-index
CTRL008398,2017-08-02,R53.83,ICD10CM,fatigue,post-index
CTRL008398,2017-12-31,I10,ICD10CM,hypertension,post-index
CTRL008398,2018-03-13,G43.909,ICD10CM,migraine,post-index
CTRL008398,2017-08-30,I10,ICD10CM,hypertension,post-index
CTRL008398,2017-07-02,E78.5,ICD10CM,hyperlipidemia,post-index
CTRL008403,2019-03-30,K21.9,ICD10CM,GERD,post-index
CTRL008403,2019-05-01,G43.909,ICD10CM,migraine,post-index
CTRL008403,2019-07-10,K21.9,ICD10CM,GERD,post-index
CTRL008403,2019-03-26,J45.909,ICD10CM,asthma,post-index
CTRL008415,2020-09-21,M79.7,ICD10CM,fibromyalgia,post-index
CTRL008415,2021-01-17,L50.9,ICD10CM,urticaria,post-index
CTRL008415,2020-11-30,G43.909,ICD10CM,migraine,post-index
CTRL008415,2022-07-31,E78.5,ICD10CM,hyperlipidemia,post-index
CTRL008415,2020-09-25,M79.7,ICD10CM,fibromyalgia,post-index
CTRL008415,2021-01-05,L50.9,ICD10CM,urticaria,post-index
CTRL008415,2022-12-06,R53.83,ICD10CM,fatigue,post-index
CTRL008415,2021-04-22,I10,ICD10CM,hypertension,post-index
CTRL008415,2023-04-04,I10,ICD10CM,hypertension,post-index
CTRL008415,2023-02-14,I10,ICD10CM,hypertension,post-index
CTRL008419,2020-10-14,I10,ICD10CM,hypertension,post-index
CTRL008451,2020-09-06,I10,ICD10CM,hypertension,post-index
CTRL008451,2020-05-26,J45.909,ICD10CM,asthma,post-index
CTRL008451,2019-12-05,J45.909,ICD10CM,asthma,post-index
CTRL008451,2020-03-05,F41.9,ICD10CM,anxiety,post-index
CTRL008494,2024-04-07,R10.9,ICD10CM,abdominal pain,post-index
CTRL008494,2024-05-27,R53.83,ICD10CM,fatigue,post-index
CTRL008494,2024-04-01,E78.5,ICD10CM,hyperlipidemia,post-index
CTRL008505,2021-08-15,K21.9,ICD10CM,GERD,post-index
CTRL008505,2022-01-06,E78.5,ICD10CM,hyperlipidemia,post-index
CTRL008505,2021-05-01,J45.909,ICD10CM,asthma,post-index
CTRL008505,2021-04-28,I10,ICD10CM,hypertension,post-index
CTRL008505,2021-06-16,G43.909,ICD10CM,migraine,post-index
CTRL008566,2018-04-24,M79.7,ICD10CM,fibromyalgia,post-index
CTRL008566,2019-01-25,L50.9,ICD10CM,urticaria,post-index
CTRL008566,2018-06-28,I10,ICD10CM,hypertension,post-index
CTRL008566,2018-04-22,F41.9,ICD10CM,anxiety,post-index
CTRL008566,2018-10-15,M79.7,ICD10CM,fibromyalgia,post-index
CTRL008566,2017-12-13,E78.5,ICD10CM,hyperlipidemia,post-index
CTRL008566,2019-03-18,L50.9,ICD10CM,urticaria,post-index
CTRL008566,2018-06-05,J45.909,ICD10CM,asthma,post-index
CTRL008575,2019-10-18,G43.909,ICD10CM,migraine,post-index
CTRL008575,2020-08-19,I10,ICD10CM,hypertension,post-index
CTRL008575,2020-09-01,I10,ICD10CM,hypertension,post-index
CTRL008575,2020-05-04,G43.909,ICD10CM,migraine,post-index
CTRL008575,2019-10-12,E78.5,ICD10CM,hyperlipidemia,post-index
CTRL008575,2019-09-25,J45.909,ICD10CM,asthma,post-index
CTRL008575,2020-03-07,F41.9,ICD10CM,anxiety,post-index
CTRL008575,2019-11-20,K21.9,ICD10CM,GERD,post-index
CTRL008582,2018-02-01,R10.9,ICD10CM,abdominal pain,post-index
CTRL008582,2017-06-19,E78.5,ICD10CM,hyperlipidemia,post-index
CTRL008582,2017-01-08,G43.909,ICD10CM,migraine,post-index
CTRL008607,2023-01-28,I10,ICD10CM,hypertension,post-index
CTRL008607,2023-03-15,K21.9,ICD10CM,GERD,post-index
CTRL008607,2023-05-03,E78.5,ICD10CM,hyperlipidemia,post-index
CTRL008607,2023-02-19,I10,ICD10CM,hypertension,post-index
CTRL008676,2024-05-15,F41.9,ICD10CM,anxiety,post-index
CTRL008676,2024-04-21,I10,ICD10CM,hypertension,post-index
CTRL008676,2024-05-31,I10,ICD10CM,hypertension,post-index
CTRL008676,2024-05-16,M79.7,ICD10CM,fibromyalgia,post-index
CTRL008676,2024-06-12,L50.9,ICD10CM,urticaria,post-index
CTRL008684,2018-11-16,I10,ICD10CM,hypertension,post-index
CTRL008684,2018-08-17,I10,ICD10CM,hypertension,post-index
CTRL008684,2018-07-30,R10.9,ICD10CM,abdominal pain,post-index
CTRL008684,2018-07-08,K21.9,ICD10CM,GERD,post-index
CTRL008697,2023-03-09,R10.9,ICD10CM,abdominal pain,post-index
CTRL008697,2023-02-03,M79.7,ICD10CM,fibromyalgia,post-index
CTRL008697,2023-02-09,E78.5,ICD10CM,hyperlipidemia,post-index
CTRL008697,2023-03-09,R53.83,ICD10CM,fatigue,post-index
CTRL008697,2023-02-26,K21.9,ICD10CM,GERD,post-index
CTRL008697,2022-12-19,R53.83,ICD10CM,fatigue,post-index
CTRL008697,2022-12-23,R53.83,ICD10CM,fatigue,post-index
CTRL008697,2023-01-25,I10,ICD10CM,hypertension,post-index
CTRL008697,2023-02-11,R10.9,ICD10CM,abdominal pain,post-index
CTRL008697,2023-02-18,E78.5,ICD10CM,hyperlipidemia,post-index
CTRL008706,2021-06-15,R53.83,ICD10CM,fatigue,post-index
CTRL008706,2021-09-03,E78.5,ICD10CM,hyperlipidemia,post-index
CTRL008706,2020-10-26,R53.83,ICD10CM,fatigue,post-index
CTRL008706,2021-01-25,M79.7,ICD10CM,fibromyalgia,post-index
CTRL008706,2021-06-16,M79.7,ICD10CM,fibromyalgia,post-index
CTRL008706,2021-07-24,K21.9,ICD10CM,GERD,post-index
CTRL008706,2021-04-18,J45.909,ICD10CM,asthma,post-index
CTRL008713,2019-05-23,E78.5,ICD10CM,hyperlipidemia,post-index
CTRL008713,2019-10-15,E78.5,ICD10CM,hyperlipidemia,post-index
CTRL008713,2019-05-12,J45.909,ICD10CM,asthma,post-index
CTRL008713,2020-08-06,J45.909,ICD10CM,asthma,post-index
CTRL008713,2019-09-14,R53.83,ICD10CM,fatigue,post-index
CTRL008713,2020-02-18,E78.5,ICD10CM,hyperlipidemia,post-index
CTRL008713,2020-09-26,E78.5,ICD10CM,hyperlipidemia,post-index
CTRL008713,2019-09-11,G43.909,ICD10CM,migraine,post-index
CTRL008713,2020-08-15,K21.9,ICD10CM,GERD,post-index
CTRL008747,2017-05-19,K21.9,ICD10CM,GERD,post-index
CTRL008747,2017-10-23,I10,ICD10CM,hypertension,post-index
CTRL008747,2017-07-31,J45.909,ICD10CM,asthma,post-index
CTRL008747,2017-07-09,E78.5,ICD10CM,hyperlipidemia,post-index
CTRL008769,2024-10-11,G43.909,ICD10CM,migraine,post-index
CTRL008769,2024-09-11,J45.909,ICD10CM,asthma,post-index
CTRL008769,2024-11-01,F41.9,ICD10CM,anxiety,post-index
CTRL008769,2024-03-08,K21.9,ICD10CM,GERD,post-index
CTRL008769,2024-04-20,R53.83,ICD10CM,fatigue,post-index
CTRL008769,2023-12-26,K21.9,ICD10CM,GERD,post-index
CTRL008769,2024-04-08,I10,ICD10CM,hypertension,post-index
CTRL008769,2024-10-15,R53.83,ICD10CM,fatigue,post-index
CTRL008782,2021-06-07,R53.83,ICD10CM,fatigue,post-index
CTRL008782,2023-05-24,K21.9,ICD10CM,GERD,post-index
CTRL008782,2019-02-13,J45.909,ICD10CM,asthma,post-index
CTRL008782,2023-02-28,F41.9,ICD10CM,anxiety,post-index
CTRL008796,2019-05-18,K21.9,ICD10CM,GERD,post-index
CTRL008796,2017-11-26,R10.9,ICD10CM,abdominal pain,post-index
CTRL008796,2020-07-12,G43.909,ICD10CM,migraine,post-index
CTRL008796,2018-04-01,L50.9,ICD10CM,urticaria,post-index
CTRL008798,2016-04-30,I10,ICD10CM,hypertension,post-index
CTRL008822,2022-07-03,R53.83,ICD10CM,fatigue,post-index
CTRL008822,2021-06-06,F41.9,ICD10CM,anxiety,post-index
CTRL008822,2021-10-21,E78.5,ICD10CM,hyperlipidemia,post-index
CTRL008822,2021-07-27,E78.5,ICD10CM,hyperlipidemia,post-index
CTRL008822,2020-11-28,M79.7,ICD10CM,fibromyalgia,post-index
CTRL008831,2018-03-28,E78.5,ICD10CM,hyperlipidemia,post-index
CTRL008831,2018-07-16,J45.909,ICD10CM,asthma,post-index
CTRL008831,2018-03-06,G43.909,ICD10CM,migraine,post-index
CTRL008837,2023-02-18,K21.9,ICD10CM,GERD,post-index
CTRL008837,2023-01-24,E78.5,ICD10CM,hyperlipidemia,post-index
CTRL008837,2023-01-23,G43.909,ICD10CM,migraine,post-index
CTRL008837,2023-05-04,L50.9,ICD10CM,urticaria,post-index
CTRL008837,2023-01-06,I10,ICD10CM,hypertension,post-index
CTRL008840,2026-09-06,E78.5,ICD10CM,hyperlipidemia,post-index
CTRL008840,2024-07-03,J45.909,ICD10CM,asthma,post-index
CTRL008840,2025-09-20,R53.83,ICD10CM,fatigue,post-index
CTRL008852,2017-08-19,I10,ICD10CM,hypertension,post-index
CTRL008852,2018-03-03,I10,ICD10CM,hypertension,post-index
CTRL008852,2018-02-25,R10.9,ICD10CM,abdominal pain,post-index
CTRL008852,2017-12-14,G43.909,ICD10CM,migraine,post-index
CTRL008859,2019-10-13,L50.9,ICD10CM,urticaria,post-index
CTRL008859,2019-11-24,R10.9,ICD10CM,abdominal pain,post-index
CTRL008859,2019-11-23,G43.909,ICD10CM,migraine,post-index
CTRL008859,2019-11-04,M79.7,ICD10CM,fibromyalgia,post-index
CTRL008859,2019-11-08,K21.9,ICD10CM,GERD,post-index
CTRL008878,2019-07-08,J45.909,ICD10CM,asthma,post-index
CTRL008878,2019-02-26,F41.9,ICD10CM,anxiety,post-index
CTRL008878,2018-05-03,I10,ICD10CM,hypertension,post-index
CTRL008878,2018-11-20,J45.909,ICD10CM,asthma,post-index
CTRL008878,2019-04-15,K21.9,ICD10CM,GERD,post-index
CTRL008878,2018-05-31,I10,ICD10CM,hypertension,post-index
CTRL008894,2021-03-24,R10.9,ICD10CM,abdominal pain,post-index
CTRL008894,2020-09-07,K21.9,ICD10CM,GERD,post-index
CTRL008894,2021-04-27,G43.909,ICD10CM,migraine,post-index
CTRL008901,2019-12-21,I10,ICD10CM,hypertension,post-index
CTRL008901,2019-11-11,F41.9,ICD10CM,anxiety,post-index
CTRL008901,2019-10-22,E78.5,ICD10CM,hyperlipidemia,post-index
CTRL008901,2019-12-05,R53.83,ICD10CM,fatigue,post-index
CTRL008901,2019-12-01,E78.5,ICD10CM,hyperlipidemia,post-index
CTRL008901,2019-10-19,G43.909,ICD10CM,migraine,post-index
CTRL008911,2026-01-05,K21.9,ICD10CM,GERD,post-index
CTRL008911,2026-12-25,E78.5,ICD10CM,hyperlipidemia,post-index
CTRL008911,2026-07-27,I10,ICD10CM,hypertension,post-index
CTRL008911,2026-04-22,K21.9,ICD10CM,GERD,post-index
CTRL008952,2018-11-17,M79.7,ICD10CM,fibromyalgia,post-index
CTRL008952,2020-03-12,I10,ICD10CM,hypertension,post-index
CTRL008952,2019-04-11,R53.83,ICD10CM,fatigue,post-index
CTRL008965,2020-05-22,R53.83,ICD10CM,fatigue,post-index
CTRL008987,2023-01-27,G43.909,ICD10CM,migraine,post-index
CTRL008987,2023-01-07,G43.909,ICD10CM,migraine,post-index
CTRL008987,2024-01-15,K21.9,ICD10CM,GERD,post-index
CTRL008987,2022-12-10,R53.83,ICD10CM,fatigue,post-index
CTRL008987,2023-05-03,F41.9,ICD10CM,anxiety,post-index
CTRL008987,2023-10-22,M79.7,ICD10CM,fibromyalgia,post-index
CTRL009011,2023-04-17,I10,ICD10CM,hypertension,post-index
CTRL009011,2022-07-20,E78.5,ICD10CM,hyperlipidemia,post-index
CTRL009020,2021-06-08,L50.9,ICD10CM,urticaria,post-index
CTRL009020,2021-03-31,R10.9,ICD10CM,abdominal pain,post-index
CTRL009042,2022-05-01,G43.909,ICD10CM,migraine,post-index
CTRL009042,2022-09-13,I10,ICD10CM,hypertension,post-index
CTRL009042,2023-03-02,R53.83,ICD10CM,fatigue,post-index
CTRL009042,2022-07-23,L50.9,ICD10CM,urticaria,post-index
CTRL009046,2016-07-29,J45.909,ICD10CM,asthma,post-index
CTRL009050,2020-12-19,G43.909,ICD10CM,migraine,post-index
CTRL009050,2021-08-09,J45.909,ICD10CM,asthma,post-index
CTRL009050,2021-05-11,R53.83,ICD10CM,fatigue,post-index
CTRL009050,2021-05-19,L50.9,ICD10CM,urticaria,post-index
CTRL009050,2021-07-10,G43.909,ICD10CM,migraine,post-index
CTRL009050,2020-11-04,J45.909,ICD10CM,asthma,post-index
CTRL009087,2019-03-24,I10,ICD10CM,hypertension,post-index
CTRL009087,2019-03-10,M79.7,ICD10CM,fibromyalgia,post-index
CTRL009087,2018-08-22,R53.83,ICD10CM,fatigue,post-index
CTRL009087,2018-08-24,E78.5,ICD10CM,hyperlipidemia,post-index
CTRL009087,2019-03-01,R53.83,ICD10CM,fatigue,post-index
CTRL009104,2019-06-23,R10.9,ICD10CM,abdominal pain,post-index
CTRL009104,2018-11-02,M79.7,ICD10CM,fibromyalgia,post-index
CTRL009107,2020-05-27,G43.909,ICD10CM,migraine,post-index
CTRL009107,2020-01-06,K21.9,ICD10CM,GERD,post-index
CTRL009113,2022-05-08,J45.909,ICD10CM,asthma,post-index
CTRL009113,2022-07-04,J45.909,ICD10CM,asthma,post-index
CTRL009113,2022-06-15,R53.83,ICD10CM,fatigue,post-index
CTRL009113,2022-06-11,J45.909,ICD10CM,asthma,post-index
CTRL009113,2022-04-21,R10.9,ICD10CM,abdominal pain,post-index
CTRL009113,2022-05-31,E78.5,ICD10CM,hyperlipidemia,post-index
CTRL009113,2022-03-27,K21.9,ICD10CM,GERD,post-index
CTRL009113,2022-04-26,L50.9,ICD10CM,urticaria,post-index
CTRL009113,2022-06-17,E78.5,ICD10CM,hyperlipidemia,post-index
CTRL009113,2022-04-28,R53.83,ICD10CM,fatigue,post-index
CTRL009113,2022-04-26,R10.9,ICD10CM,abdominal pain,post-index
CTRL009136,2020-12-09,G43.909,ICD10CM,migraine,post-index
CTRL009136,2022-02-15,R10.9,ICD10CM,abdominal pain,post-index
CTRL009136,2023-03-30,G43.909,ICD10CM,migraine,post-index
CTRL009136,2021-11-09,L50.9,ICD10CM,urticaria,post-index
CTRL009136,2022-01-18,F41.9,ICD10CM,anxiety,post-index
CTRL009136,2020-06-09,F41.9,ICD10CM,anxiety,post-index
CTRL009136,2023-05-26,J45.909,ICD10CM,asthma,post-index
CTRL009136,2021-12-14,K21.9,ICD10CM,GERD,post-index
CTRL009136,2021-12-10,R53.83,ICD10CM,fatigue,post-index
CTRL009136,2020-11-11,R53.83,ICD10CM,fatigue,post-index
CTRL009139,2018-01-18,G43.909,ICD10CM,migraine,post-index
CTRL009139,2017-10-31,I10,ICD10CM,hypertension,post-index
CTRL009139,2018-05-07,G43.909,ICD10CM,migraine,post-index
CTRL009139,2017-08-02,R10.9,ICD10CM,abdominal pain,post-index
CTRL009139,2017-08-27,R53.83,ICD10CM,fatigue,post-index
CTRL009139,2017-11-21,J45.909,ICD10CM,asthma,post-index
CTRL009145,2023-04-01,R53.83,ICD10CM,fatigue,post-index
CTRL009145,2023-03-31,E78.5,ICD10CM,hyperlipidemia,post-index
CTRL009145,2023-09-19,J45.909,ICD10CM,asthma,post-index
CTRL009145,2022-08-27,I10,ICD10CM,hypertension,post-index
CTRL009158,2019-06-10,R53.83,ICD10CM,fatigue,post-index
CTRL009158,2020-08-03,F41.9,ICD10CM,anxiety,post-index
CTRL009158,2019-09-15,K21.9,ICD10CM,GERD,post-index
CTRL009158,2019-04-11,I10,ICD10CM,hypertension,post-index
CTRL009158,2019-02-15,F41.9,ICD10CM,anxiety,post-index
CTRL009158,2020-05-14,R53.83,ICD10CM,fatigue,post-index
CTRL009158,2020-08-19,R53.83,ICD10CM,fatigue,post-index
CTRL009158,2019-09-14,R53.83,ICD10CM,fatigue,post-index
CTRL009158,2020-01-12,J45.909,ICD10CM,asthma,post-index
CTRL009158,2019-04-05,G43.909,ICD10CM,migraine,post-index
CTRL009168,2019-06-19,K21.9,ICD10CM,GERD,post-index
CTRL009168,2019-01-08,E78.5,ICD10CM,hyperlipidemia,post-index
CTRL009168,2019-07-04,M79.7,ICD10CM,fibromyalgia,post-index
CTRL009168,2019-06-18,R10.9,ICD10CM,abdominal pain,post-index
CTRL009168,2018-10-20,J45.909,ICD10CM,asthma,post-index
CTRL009169,2016-11-07,M79.7,ICD10CM,fibromyalgia,post-index
CTRL009169,2016-10-04,E78.5,ICD10CM,hyperlipidemia,post-index
CTRL009169,2016-11-17,I10,ICD10CM,hypertension,post-index
CTRL009169,2016-12-15,G43.909,ICD10CM,migraine,post-index
CTRL009169,2016-11-24,F41.9,ICD10CM,anxiety,post-index
CTRL009205,2020-04-10,G43.909,ICD10CM,migraine,post-index
CTRL009205,2022-01-17,I10,ICD10CM,hypertension,post-index
CTRL009205,2020-11-20,R53.83,ICD10CM,fatigue,post-index
CTRL009205,2021-05-31,K21.9,ICD10CM,GERD,post-index
CTRL009205,2020-11-05,G43.909,ICD10CM,migraine,post-index
CTRL009205,2020-03-07,R53.83,ICD10CM,fatigue,post-index
CTRL009205,2020-03-29,L50.9,ICD10CM,urticaria,post-index
CTRL009205,2021-12-27,G43.909,ICD10CM,migraine,post-index
CTRL009205,2019-11-26,K21.9,ICD10CM,GERD,post-index
CTRL009226,2019-08-31,K21.9,ICD10CM,GERD,post-index
CTRL009226,2018-04-17,I10,ICD10CM,hypertension,post-index
CTRL009226,2018-10-21,I10,ICD10CM,hypertension,post-index
CTRL009226,2019-12-02,K21.9,ICD10CM,GERD,post-index
CTRL009226,2018-01-25,R10.9,ICD10CM,abdominal pain,post-index
CTRL009226,2018-06-30,J45.909,ICD10CM,asthma,post-index
CTRL009226,2019-11-05,R53.83,ICD10CM,fatigue,post-index
CTRL009226,2018-05-27,M79.7,ICD10CM,fibromyalgia,post-index
CTRL009226,2020-05-15,I10,ICD10CM,hypertension,post-index
CTRL009226,2019-08-29,K21.9,ICD10CM,GERD,post-index
CTRL009237,2025-09-03,K21.9,ICD10CM,GERD,post-index
CTRL009237,2026-01-07,K21.9,ICD10CM,GERD,post-index
CTRL009237,2024-08-24,R53.83,ICD10CM,fatigue,post-index
CTRL009237,2025-11-05,L50.9,ICD10CM,urticaria,post-index
CTRL009264,2016-07-20,I10,ICD10CM,hypertension,post-index
CTRL009264,2016-08-18,G43.909,ICD10CM,migraine,post-index
CTRL009264,2016-09-01,E78.5,ICD10CM,hyperlipidemia,post-index
CTRL009264,2016-08-01,J45.909,ICD10CM,asthma,post-index
CTRL009264,2016-09-14,G43.909,ICD10CM,migraine,post-index
CTRL009264,2016-08-02,G43.909,ICD10CM,migraine,post-index
CTRL009264,2016-05-06,J45.909,ICD10CM,asthma,post-index
CTRL009264,2016-09-18,I10,ICD10CM,hypertension,post-index
CTRL009264,2016-12-12,R53.83,ICD10CM,fatigue,post-index
CTRL009264,2016-08-07,G43.909,ICD10CM,migraine,post-index
CTRL009264,2016-08-12,M79.7,ICD10CM,fibromyalgia,post-index
CTRL009269,2022-03-06,G43.909,ICD10CM,migraine,post-index
CTRL009269,2021-04-18,I10,ICD10CM,hypertension,post-index
CTRL009269,2022-04-23,E78.5,ICD10CM,hyperlipidemia,post-index
CTRL009269,2022-03-29,K21.9,ICD10CM,GERD,post-index
CTRL009269,2022-05-11,F41.9,ICD10CM,anxiety,post-index
CTRL009269,2021-09-22,K21.9,ICD10CM,GERD,post-index
CTRL009269,2021-05-13,I10,ICD10CM,hypertension,post-index
CTRL009269,2021-03-23,L50.9,ICD10CM,urticaria,post-index
CTRL009269,2022-04-24,R10.9,ICD10CM,abdominal pain,post-index
CTRL009309,2016-12-15,I10,ICD10CM,hypertension,post-index
CTRL009309,2017-02-28,K21.9,ICD10CM,GERD,post-index
CTRL009309,2016-08-16,R53.83,ICD10CM,fatigue,post-index
CTRL009309,2017-03-29,K21.9,ICD10CM,GERD,post-index
CTRL009314,2024-08-05,K21.9,ICD10CM,GERD,post-index
CTRL009314,2022-09-10,L50.9,ICD10CM,urticaria,post-index
CTRL009314,2023-06-23,K21.9,ICD10CM,GERD,post-index
CTRL009314,2023-03-24,F41.9,ICD10CM,anxiety,post-index
CTRL009314,2023-03-13,E78.5,ICD10CM,hyperlipidemia,post-index
CTRL009314,2024-08-14,R53.83,ICD10CM,fatigue,post-index
CTRL009314,2023-11-05,L50.9,ICD10CM,urticaria,post-index
CTRL009330,2021-08-23,G43.909,ICD10CM,migraine,post-index
CTRL009330,2021-03-27,K21.9,ICD10CM,GERD,post-index
CTRL009330,2021-08-23,G43.909,ICD10CM,migraine,post-index
CTRL009330,2021-04-15,E78.5,ICD10CM,hyperlipidemia,post-index
CTRL009330,2021-06-06,R53.83,ICD10CM,fatigue,post-index
CTRL009351,2020-10-29,M79.7,ICD10CM,fibromyalgia,post-index
CTRL009351,2020-06-14,F41.9,ICD10CM,anxiety,post-index
CTRL009351,2019-05-22,G43.909,ICD10CM,migraine,post-index
CTRL009351,2020-05-15,R10.9,ICD10CM,abdominal pain,post-index
CTRL009382,2016-03-04,R53.83,ICD10CM,fatigue,post-index
CTRL009382,2016-05-19,R10.9,ICD10CM,abdominal pain,post-index
CTRL009382,2017-06-10,M79.7,ICD10CM,fibromyalgia,post-index
CTRL009382,2016-04-07,L50.9,ICD10CM,urticaria,post-index
CTRL009382,2017-01-06,K21.9,ICD10CM,GERD,post-index
CTRL009397,2024-10-01,L50.9,ICD10CM,urticaria,post-index
CTRL009397,2025-01-21,M79.7,ICD10CM,fibromyalgia,post-index
CTRL009397,2023-11-28,J45.909,ICD10CM,asthma,post-index
CTRL009397,2021-12-15,K21.9,ICD10CM,GERD,post-index
CTRL009402,2027-02-28,J45.909,ICD10CM,asthma,post-index
CTRL009402,2025-05-30,R53.83,ICD10CM,fatigue,post-index
CTRL009402,2024-09-14,M79.7,ICD10CM,fibromyalgia,post-index
CTRL009402,2027-07-03,F41.9,ICD10CM,anxiety,post-index
CTRL009402,2026-04-09,F41.9,ICD10CM,anxiety,post-index
CTRL009402,2026-01-08,R10.9,ICD10CM,abdominal pain,post-index
CTRL009402,2024-08-15,R10.9,ICD10CM,abdominal pain,post-index
CTRL009402,2025-06-13,L50.9,ICD10CM,urticaria,post-index
CTRL009402,2027-08-01,E78.5,ICD10CM,hyperlipidemia,post-index
CTRL009402,2029-04-23,G43.909,ICD10CM,migraine,post-index
CTRL009402,2026-01-24,I10,ICD10CM,hypertension,post-index
CTRL009402,2025-08-28,F41.9,ICD10CM,anxiety,post-index
CTRL009420,2023-12-03,J45.909,ICD10CM,asthma,post-index
CTRL009420,2023-07-14,F41.9,ICD10CM,anxiety,post-index
CTRL009420,2024-08-29,J45.909,ICD10CM,asthma,post-index
CTRL009421,2025-05-24,J45.909,ICD10CM,asthma,post-index
CTRL009421,2026-01-27,K21.9,ICD10CM,GERD,post-index
CTRL009421,2025-08-21,F41.9,ICD10CM,anxiety,post-index
CTRL009421,2026-04-19,K21.9,ICD10CM,GERD,post-index
CTRL009421,2026-03-27,G43.909,ICD10CM,migraine,post-index
CTRL009421,2026-08-02,K21.9,ICD10CM,GERD,post-index
CTRL009421,2024-12-23,F41.9,ICD10CM,anxiety,post-index
CTRL009421,2024-12-15,F41.9,ICD10CM,anxiety,post-index
CTRL009421,2023-10-17,E78.5,ICD10CM,hyperlipidemia,post-index
CTRL009425,2024-01-29,J45.909,ICD10CM,asthma,post-index
CTRL009425,2023-09-14,K21.9,ICD10CM,GERD,post-index
CTRL009425,2023-12-29,G43.909,ICD10CM,migraine,post-index
CTRL009430,2025-05-12,M79.7,ICD10CM,fibromyalgia,post-index
CTRL009430,2023-12-22,E78.5,ICD10CM,hyperlipidemia,post-index
CTRL009430,2024-04-06,E78.5,ICD10CM,hyperlipidemia,post-index
CTRL009430,2023-12-13,J45.909,ICD10CM,asthma,post-index
CTRL009430,2023-10-07,F41.9,ICD10CM,anxiety,post-index
CTRL009430,2022-10-24,K21.9,ICD10CM,GERD,post-index
CTRL009445,2023-02-01,E78.5,ICD10CM,hyperlipidemia,post-index
CTRL009445,2022-12-23,R10.9,ICD10CM,abdominal pain,post-index
CTRL009445,2022-11-19,R10.9,ICD10CM,abdominal pain,post-index
CTRL009445,2023-03-05,R53.83,ICD10CM,fatigue,post-index
CTRL009448,2023-10-08,E78.5,ICD10CM,hyperlipidemia,post-index
CTRL009448,2023-09-23,I10,ICD10CM,hypertension,post-index
CTRL009448,2024-01-28,R10.9,ICD10CM,abdominal pain,post-index
CTRL009448,2023-11-08,J45.909,ICD10CM,asthma,post-index
CTRL009448,2023-07-10,E78.5,ICD10CM,hyperlipidemia,post-index
CTRL009459,2016-09-26,I10,ICD10CM,hypertension,post-index
CTRL009459,2017-03-07,R10.9,ICD10CM,abdominal pain,post-index
CTRL009459,2016-09-08,E78.5,ICD10CM,hyperlipidemia,post-index
CTRL009459,2016-07-29,M79.7,ICD10CM,fibromyalgia,post-index
CTRL009459,2016-09-13,K21.9,ICD10CM,GERD,post-index
CTRL009480,2024-02-23,K21.9,ICD10CM,GERD,post-index
CTRL009480,2024-08-29,K21.9,ICD10CM,GERD,post-index
CTRL009495,2016-05-19,K21.9,ICD10CM,GERD,post-index
CTRL009495,2016-08-12,I10,ICD10CM,hypertension,post-index
CTRL009495,2016-11-02,L50.9,ICD10CM,urticaria,post-index
CTRL009495,2016-11-04,E78.5,ICD10CM,hyperlipidemia,post-index
CTRL009495,2016-05-14,R10.9,ICD10CM,abdominal pain,post-index
CTRL009495,2016-10-31,I10,ICD10CM,hypertension,post-index
CTRL009495,2016-07-08,M79.7,ICD10CM,fibromyalgia,post-index
CTRL009495,2016-04-08,R10.9,ICD10CM,abdominal pain,post-index
CTRL009513,2020-04-09,E78.5,ICD10CM,hyperlipidemia,post-index
CTRL009513,2020-03-23,G43.909,ICD10CM,migraine,post-index
CTRL009513,2020-05-09,I10,ICD10CM,hypertension,post-index
CTRL009513,2020-10-12,I10,ICD10CM,hypertension,post-index
CTRL009513,2020-06-23,F41.9,ICD10CM,anxiety,post-index
CTRL009513,2020-02-15,K21.9,ICD10CM,GERD,post-index
CTRL009513,2020-05-15,K21.9,ICD10CM,GERD,post-index
CTRL009513,2021-01-28,R10.9,ICD10CM,abdominal pain,post-index
CTRL009515,2024-02-23,F41.9,ICD10CM,anxiety,post-index
CTRL009515,2024-03-25,L50.9,ICD10CM,urticaria,post-index
CTRL009529,2018-02-11,I10,ICD10CM,hypertension,post-index
CTRL009529,2018-02-02,G43.909,ICD10CM,migraine,post-index
CTRL009529,2016-10-15,E78.5,ICD10CM,hyperlipidemia,post-index
CTRL009529,2016-08-07,L50.9,ICD10CM,urticaria,post-index
CTRL009529,2016-09-07,R10.9,ICD10CM,abdominal pain,post-index
CTRL009529,2017-08-19,L50.9,ICD10CM,urticaria,post-index
CTRL009529,2016-09-28,G43.909,ICD10CM,migraine,post-index
CTRL009529,2017-03-23,R10.9,ICD10CM,abdominal pain,post-index
CTRL009529,2016-10-03,K21.9,ICD10CM,GERD,post-index
CTRL009529,2018-01-31,I10,ICD10CM,hypertension,post-index
CTRL009529,2016-09-01,G43.909,ICD10CM,migraine,post-index
CTRL009529,2016-10-24,K21.9,ICD10CM,GERD,post-index
CTRL009529,2016-04-28,R10.9,ICD10CM,abdominal pain,post-index
CTRL009529,2016-05-05,J45.909,ICD10CM,asthma,post-index
CTRL009540,2021-06-18,L50.9,ICD10CM,urticaria,post-index
CTRL009540,2018-05-13,E78.5,ICD10CM,hyperlipidemia,post-index
CTRL009540,2020-05-16,I10,ICD10CM,hypertension,post-index
CTRL009540,2021-04-03,E78.5,ICD10CM,hyperlipidemia,post-index
CTRL009540,2017-05-08,R10.9,ICD10CM,abdominal pain,post-index
CTRL009541,2024-05-03,E78.5,ICD10CM,hyperlipidemia,post-index
CTRL009541,2025-04-02,G43.909,ICD10CM,migraine,post-index
CTRL009541,2025-02-05,G43.909,ICD10CM,migraine,post-index
CTRL009541,2024-11-12,R10.9,ICD10CM,abdominal pain,post-index
CTRL009541,2025-03-04,G43.909,ICD10CM,migraine,post-index
CTRL009555,2022-07-06,R10.9,ICD10CM,abdominal pain,post-index
CTRL009555,2022-07-20,K21.9,ICD10CM,GERD,post-index
CTRL009555,2022-03-17,I10,ICD10CM,hypertension,post-index
CTRL009555,2022-08-16,R53.83,ICD10CM,fatigue,post-index
CTRL009555,2022-05-04,I10,ICD10CM,hypertension,post-index
CTRL009555,2021-12-07,R10.9,ICD10CM,abdominal pain,post-index
CTRL009555,2023-05-04,F41.9,ICD10CM,anxiety,post-index
CTRL009601,2016-03-25,L50.9,ICD10CM,urticaria,post-index
CTRL009601,2016-12-06,R10.9,ICD10CM,abdominal pain,post-index
CTRL009601,2016-11-18,E78.5,ICD10CM,hyperlipidemia,post-index
CTRL009601,2016-10-30,R10.9,ICD10CM,abdominal pain,post-index
CTRL009601,2016-06-07,K21.9,ICD10CM,GERD,post-index
CTRL009601,2016-11-07,K21.9,ICD10CM,GERD,post-index
CTRL009601,2016-06-15,I10,ICD10CM,hypertension,post-index
CTRL009601,2016-02-09,E78.5,ICD10CM,hyperlipidemia,post-index
CTRL009613,2022-05-12,K21.9,ICD10CM,GERD,post-index
CTRL009613,2021-05-17,G43.909,ICD10CM,migraine,post-index
CTRL009613,2022-05-25,I10,ICD10CM,hypertension,post-index
CTRL009613,2021-12-26,L50.9,ICD10CM,urticaria,post-index
CTRL009613,2022-01-07,K21.9,ICD10CM,GERD,post-index
CTRL009613,2022-06-05,F41.9,ICD10CM,anxiety,post-index
CTRL009658,2025-10-28,E78.5,ICD10CM,hyperlipidemia,post-index
CTRL009658,2025-10-11,R53.83,ICD10CM,fatigue,post-index
CTRL009658,2025-01-22,R10.9,ICD10CM,abdominal pain,post-index
CTRL009658,2024-09-29,L50.9,ICD10CM,urticaria,post-index
CTRL009658,2025-05-26,G43.909,ICD10CM,migraine,post-index
CTRL009699,2019-10-18,E78.5,ICD10CM,hyperlipidemia,post-index
CTRL009699,2019-04-21,J45.909,ICD10CM,asthma,post-index
CTRL009699,2020-03-22,I10,ICD10CM,hypertension,post-index
CTRL009699,2019-11-08,G43.909,ICD10CM,migraine,post-index
CTRL009699,2018-04-02,I10,ICD10CM,hypertension,post-index
CTRL009699,2019-10-04,F41.9,ICD10CM,anxiety,post-index
CTRL009720,2021-08-08,R53.83,ICD10CM,fatigue,post-index
CTRL009720,2021-08-02,I10,ICD10CM,hypertension,post-index
CTRL009720,2021-06-07,F41.9,ICD10CM,anxiety,post-index
CTRL009720,2020-12-22,E78.5,ICD10CM,hyperlipidemia,post-index
CTRL009729,2019-05-24,F41.9,ICD10CM,anxiety,post-index
CTRL009729,2019-10-07,G43.909,ICD10CM,migraine,post-index
CTRL009729,2020-08-24,R53.83,ICD10CM,fatigue,post-index
CTRL009729,2020-11-19,J45.909,ICD10CM,asthma,post-index
CTRL009729,2020-11-09,M79.7,ICD10CM,fibromyalgia,post-index
CTRL009729,2019-10-13,F41.9,ICD10CM,anxiety,post-index
CTRL009729,2019-09-30,I10,ICD10CM,hypertension,post-index
CTRL009729,2020-02-21,R53.83,ICD10CM,fatigue,post-index
CTRL009747,2025-04-16,F41.9,ICD10CM,anxiety,post-index
CTRL009747,2024-10-16,R53.83,ICD10CM,fatigue,post-index
CTRL009747,2027-04-29,I10,ICD10CM,hypertension,post-index
CTRL009747,2027-05-07,I10,ICD10CM,hypertension,post-index
CTRL009747,2024-12-01,M79.7,ICD10CM,fibromyalgia,post-index
CTRL009749,2019-10-23,G43.909,ICD10CM,migraine,post-index
CTRL009749,2018-11-28,R10.9,ICD10CM,abdominal pain,post-index
CTRL009749,2019-07-04,M79.7,ICD10CM,fibromyalgia,post-index
CTRL009749,2019-08-07,I10,ICD10CM,hypertension,post-index
CTRL009749,2019-05-11,I10,ICD10CM,hypertension,post-index
CTRL009750,2016-10-01,R53.83,ICD10CM,fatigue,post-index
CTRL009768,2024-07-19,L50.9,ICD10CM,urticaria,post-index
CTRL009768,2024-02-06,R10.9,ICD10CM,abdominal pain,post-index
CTRL009772,2019-09-23,G43.909,ICD10CM,migraine,post-index
CTRL009772,2019-10-10,G43.909,ICD10CM,migraine,post-index
CTRL009772,2019-11-06,K21.9,ICD10CM,GERD,post-index
CTRL009772,2019-09-10,I10,ICD10CM,hypertension,post-index
CTRL009772,2019-10-06,E78.5,ICD10CM,hyperlipidemia,post-index
CTRL009772,2019-09-18,G43.909,ICD10CM,migraine,post-index
CTRL009774,2020-04-22,J45.909,ICD10CM,asthma,post-index
CTRL009774,2020-06-04,E78.5,ICD10CM,hyperlipidemia,post-index
CTRL009774,2019-12-03,L50.9,ICD10CM,urticaria,post-index
CTRL009774,2019-11-21,E78.5,ICD10CM,hyperlipidemia,post-index
CTRL009785,2023-10-05,R10.9,ICD10CM,abdominal pain,post-index
CTRL009785,2023-10-19,G43.909,ICD10CM,migraine,post-index
CTRL009785,2020-07-21,E78.5,ICD10CM,hyperlipidemia,post-index
CTRL009785,2022-06-29,F41.9,ICD10CM,anxiety,post-index
CTRL009785,2021-10-07,F41.9,ICD10CM,anxiety,post-index
CTRL009785,2021-01-20,K21.9,ICD10CM,GERD,post-index
CTRL009846,2018-03-18,K21.9,ICD10CM,GERD,post-index
CTRL009846,2020-05-05,R10.9,ICD10CM,abdominal pain,post-index
CTRL009846,2020-01-17,I10,ICD10CM,hypertension,post-index
CTRL009846,2020-05-23,R10.9,ICD10CM,abdominal pain,post-index
CTRL009846,2020-11-09,G43.909,ICD10CM,migraine,post-index
CTRL009846,2018-03-20,F41.9,ICD10CM,anxiety,post-index
CTRL009846,2020-03-24,F41.9,ICD10CM,anxiety,post-index
CTRL009885,2020-09-08,I10,ICD10CM,hypertension,post-index
CTRL009885,2020-10-22,K21.9,ICD10CM,GERD,post-index
CTRL009885,2020-06-10,G43.909,ICD10CM,migraine,post-index
CTRL009890,2017-08-24,E78.5,ICD10CM,hyperlipidemia,post-index
CTRL009890,2017-09-08,I10,ICD10CM,hypertension,post-index
CTRL009890,2018-04-15,R10.9,ICD10CM,abdominal pain,post-index
CTRL009903,2017-02-23,I10,ICD10CM,hypertension,post-index
CTRL009903,2017-05-30,E78.5,ICD10CM,hyperlipidemia,post-index
CTRL009903,2017-03-07,J45.909,ICD10CM,asthma,post-index
CTRL009903,2017-07-15,F41.9,ICD10CM,anxiety,post-index
CTRL009905,2019-01-23,F41.9,ICD10CM,anxiety,post-index
CTRL009905,2019-04-11,R10.9,ICD10CM,abdominal pain,post-index
CTRL009905,2019-07-25,E78.5,ICD10CM,hyperlipidemia,post-index
CTRL009905,2019-05-23,L50.9,ICD10CM,urticaria,post-index
CTRL009905,2019-07-15,M79.7,ICD10CM,fibromyalgia,post-index
CTRL009905,2019-08-06,R53.83,ICD10CM,fatigue,post-index
CTRL009905,2019-06-08,I10,ICD10CM,hypertension,post-index
CTRL009919,2019-10-16,R53.83,ICD10CM,fatigue,post-index
CTRL009919,2018-11-05,G43.909,ICD10CM,migraine,post-index
CTRL009919,2019-09-17,R53.83,ICD10CM,fatigue,post-index
CTRL009922,2018-09-26,E78.5,ICD10CM,hyperlipidemia,post-index
CTRL009922,2019-01-10,K21.9,ICD10CM,GERD,post-index
CTRL009922,2018-11-12,E78.5,ICD10CM,hyperlipidemia,post-index
CTRL009922,2018-08-24,G43.909,ICD10CM,migraine,post-index
CTRL009951,2016-01-30,K21.9,ICD10CM,GERD,post-index
CTRL009951,2016-03-11,I10,ICD10CM,hypertension,post-index
CTRL009951,2016-03-28,R53.83,ICD10CM,fatigue,post-index
CTRL009971,2018-04-18,R10.9,ICD10CM,abdominal pain,post-index
CTRL009971,2018-05-29,F41.9,ICD10CM,anxiety,post-index
CTRL009971,2018-05-20,I10,ICD10CM,hypertension,post-index
CTRL009971,2018-06-21,F41.9,ICD10CM,anxiety,post-index
CTRL009971,2018-05-17,E78.5,ICD10CM,hyperlipidemia,post-index
