PatientDurableKey,Group,HaT_Flag,IndexDate,IndexYear,IndexQuarter,AgeAtIndex,IndexBeforeD8944Existed,Sex,Race,MultiRacial,Ethnicity,BirthDate,DeathDate,ObservationStartDate,ObservationEndDate,YearsBeforeIndex,YearsAfterIndex,ClinicVisits365Before,ClinicVisits365After,EdVisits365Before,Admissions365Before,HaTDateCount,EarlierMastCellCode,EarlierMastCellCodeDate,TryptaseCount,TryptaseMax,TryptaseFirst,TryptaseFirstDate,EligibleForMatching,distance,weights,subclass
10000001,hat,1,2025-11-11,2025,2025Q4,50,0,Female,White,0,Not Hispanic or Latino,1975-01-10,,2022-03-30,2026-05-31,3.619438740588638,0.5503080082135524,4,1,1,1,3,,,1,5.8,5.8,2026-06-01,1,0.026823022472576053,1.0,1
10000002,hat,1,2022-07-10,2022,2022Q3,31,0,Female,White,0,Not Hispanic or Latino,1990-10-07,,2015-01-01,2022-07-28,7.520876112251882,0.049281314168377825,4,1,0,0,1,,,3,16.5,13.7,2022-02-13,1,0.10376912296108241,1.0,2
10000003,hat,1,2023-09-22,2023,2023Q3,48,0,Female,White,0,Not Hispanic or Latino,1975-01-21,,2016-08-23,2024-07-24,7.080082135523614,0.837782340862423,2,2,1,0,5,D89.40,2023-01-12,1,8.9,8.9,2023-05-23,1,0.01978631857602135,1.0,3
10000005,hat,1,2022-12-12,2022,2022Q4,24,0,Female,White,0,Not Hispanic or Latino,1998-03-25,,2016-07-06,2024-04-25,6.433949349760438,1.3689253935660506,5,3,2,0,1,D89.40,2021-11-09,0,,,,1,0.13702978136208996,1.0,4
10000006,hat,1,2025-12-07,2025,2025Q4,42,0,Female,White,0,Hispanic or Latino,1983-09-30,,2023-02-10,2026-05-17,2.8227241615331966,0.4407939767282683,4,3,1,0,1,,,1,11.3,11.3,2026-02-18,1,0.022192105824050026,1.0,5
10000007,hat,1,2024-04-28,2024,2024Q2,28,0,Female,White,0,Not Hispanic or Latino,1995-10-06,,2020-10-10,2025-11-28,3.5482546201232035,1.5852156057494866,5,1,0,0,1,,,0,,,,1,0.0740397072909607,1.0,6
10000008,hat,1,2022-06-24,2022,2022Q2,29,0,Male,White,0,Not Hispanic or Latino,1992-07-05,,2018-07-02,2026-04-01,3.978097193702943,3.7700205338809036,5,4,0,0,1,D89.40,2019-03-06,0,,,,1,0.06655380402085649,1.0,7
10000009,hat,1,2025-06-14,2025,2025Q2,44,0,Male,White,0,Not Hispanic or Latino,1981-01-24,,2022-01-03,2026-02-07,3.4442162902121836,0.6516084873374401,4,3,0,0,4,,,0,,,,1,0.03189330149875416,1.0,8
10000010,hat,1,2023-04-11,2023,2023Q2,24,0,Female,White,0,Hispanic or Latino,1998-06-20,,2016-04-15,2024-05-27,6.9869952087611225,1.1279945242984257,5,3,1,0,1,,,0,,,,1,0.11211993905859012,1.0,9
10000011,hat,1,2026-05-11,2026,2026Q2,32,0,Female,White,0,Not Hispanic or Latino,1993-11-16,,2022-08-10,2026-05-11,3.7508555783709787,0.0,5,0,1,0,2,,,1,12.5,12.5,2026-06-01,1,0.07442077838407352,1.0,10
10000012,hat,1,2025-12-10,2025,2025Q4,40,0,Female,White,0,Not Hispanic or Latino,1985-05-10,,2015-04-15,2025-12-10,10.655715263518138,0.0,5,0,1,0,1,D89.40,2024-01-23,2,16.6,12.2,2025-06-21,1,0.17461325101473416,1.0,11
10000013,hat,1,2022-05-25,2022,2022Q2,63,0,Female,Unknown,0,Not Hispanic or Latino,1958-08-11,,2020-03-07,2024-07-10,2.21492128678987,2.127310061601643,5,4,0,0,3,D89.40,2021-10-01,0,,,,1,0.020554487489417097,1.0,12
10000014,hat,1,2025-02-20,2025,2025Q1,18,0,Male,Black or African American,0,Not Hispanic or Latino,2006-05-26,,2017-09-09,2026-03-12,7.449691991786447,1.054072553045859,3,3,1,0,4,,,3,12.6,12.6,2025-05-16,1,0.11572913840065903,1.0,13
10000015,hat,1,2023-11-20,2023,2023Q4,49,0,Male,Asian,0,Not Hispanic or Latino,1973-12-13,,2020-08-20,2026-05-08,3.249828884325804,2.4640657084188913,6,4,0,1,5,,,3,16.1,12.0,2023-12-04,1,0.03883573768162327,1.0,14
10000016,hat,1,2022-03-01,2022,2022Q1,45,0,Female,White,0,Not Hispanic or Latino,1976-08-15,,2017-02-23,2025-01-08,5.01574264202601,2.858316221765914,4,5,0,0,6,,,1,10.1,10.1,2022-11-13,1,0.0348494524036243,1.0,15
10000017,hat,1,2022-11-11,2022,2022Q4,21,0,Male,White,0,Unknown,2001-05-14,,2015-10-03,2025-02-24,7.107460643394935,2.2888432580424367,4,9,1,2,3,D89.40,2021-03-07,0,,,,1,0.10320521900067593,1.0,16
10000018,hat,1,2024-03-10,2024,2024Q1,51,0,Male,White,0,Not Hispanic or Latino,1973-02-28,,2021-09-20,2024-10-21,2.4695414099931554,0.6160164271047228,2,3,1,0,3,D89.40,2023-11-12,0,,,,1,0.007881895737154218,1.0,17
10000019,hat,1,2022-06-09,2022,2022Q2,22,0,Male,White,0,Not Hispanic or Latino,1999-09-28,,2020-02-21,2023-10-30,2.297056810403833,1.3908281998631074,5,3,0,1,3,D89.40,2020-02-21,0,,,,1,0.07428794219819958,1.0,18
10000020,hat,1,2023-10-09,2023,2023Q4,43,0,Female,White,0,Not Hispanic or Latino,1980-08-14,,2022-11-19,2025-01-06,0.8870636550308009,1.2457221081451062,4,2,0,0,1,,,0,,,,1,0.020134543865851014,1.0,19
10000021,hat,1,2022-04-29,2022,2022Q2,50,0,Male,White,0,Unknown,1971-09-23,,2015-01-01,2024-08-03,7.323750855578371,2.2642026009582477,5,6,0,0,3,,,2,12.8,11.5,2021-12-31,1,0.05637341370101507,1.0,20
10000022,hat,1,2024-11-17,2024,2024Q4,18,0,Female,White,0,Not Hispanic or Latino,2006-10-07,,2018-09-22,2025-06-07,6.154688569472964,0.5530458590006845,4,2,1,0,4,,,0,,,,1,0.12242870813092153,1.0,21
10000023,hat,1,2025-04-13,2025,2025Q2,46,0,Female,White,0,Not Hispanic or Latino,1979-02-20,,2018-10-30,2026-05-22,6.453114305270363,1.106091718001369,2,6,0,1,6,,,0,,,,1,0.01863896278930161,1.0,22
10000024,hat,1,2022-10-20,2022,2022Q4,62,0,Male,Other Race,0,Unknown,1960-05-20,,2016-04-28,2022-12-19,6.477754962354552,0.16427104722792607,3,1,0,0,2,,,0,,,,1,0.014825785641402436,1.0,23
10000025,hat,1,2025-07-18,2025,2025Q3,73,0,Female,White,0,Unknown,1952-03-18,,2019-08-18,2026-05-25,5.916495550992471,0.8514715947980835,2,1,0,0,4,,,2,13.6,7.5,2025-06-20,1,0.005738494300536094,1.0,24
10000026,hat,1,2022-08-16,2022,2022Q3,51,0,Female,White,0,Not Hispanic or Latino,1970-09-12,,2015-01-01,2023-05-25,7.62217659137577,0.7720739219712526,7,8,1,1,2,,,3,10.6,8.3,2022-02-07,1,0.1191682281786242,1.0,25
10000027,hat,1,2022-06-03,2022,2022Q2,48,0,Male,Unknown,0,Not Hispanic or Latino,1973-10-03,,2017-10-22,2026-01-11,4.61327857631759,3.6084873374401094,7,3,0,0,1,,,0,,,,1,0.08091666919295225,1.0,26
10000028,hat,1,2025-04-19,2025,2025Q2,46,0,Male,White,0,Not Hispanic or Latino,1979-01-29,2025-06-19,2022-06-26,2025-06-19,2.8145106091718,0.16700889801505817,3,4,1,0,4,,,0,,,,1,0.017996556822098508,1.0,27
10000029,hat,1,2024-06-27,2024,2024Q2,44,0,Male,White,0,Not Hispanic or Latino,1979-09-18,,2016-09-03,2026-04-20,7.813826146475017,1.8124572210814511,5,5,0,0,1,D89.40,2021-10-11,3,9.6,9.6,2024-01-16,1,0.0873997366062454,1.0,28
10000031,hat,1,2026-03-30,2026,2026Q1,42,0,Female,White,0,Not Hispanic or Latino,1983-12-25,,2022-12-29,2026-05-31,3.249828884325804,0.1697467488021903,3,1,0,0,1,D89.40,2022-12-29,3,16.3,14.6,2026-01-18,1,0.02241592804173185,1.0,29
10000032,hat,1,2021-12-01,2021,2021Q4,33,0,Male,White,0,Not Hispanic or Latino,1988-07-10,,2017-02-04,2022-04-11,4.82135523613963,0.3586584531143053,5,1,1,1,3,D89.40,2018-09-04,0,,,,1,0.0841147747632587,1.0,30
10000033,hat,1,2025-05-21,2025,2025Q2,51,0,Male,White,0,Not Hispanic or Latino,1974-01-31,,2015-04-29,2025-10-13,10.061601642710473,0.39698836413415467,4,2,0,0,6,,,2,12.6,12.6,2025-09-14,1,0.07992408853656101,1.0,31
10000037,hat,1,2026-05-31,2026,2026Q2,19,0,Female,White,0,Not Hispanic or Latino,2006-10-30,,2023-03-08,2026-05-31,3.2306639288158796,0.0,5,0,0,0,2,,,0,,,,1,0.10488425224290564,1.0,32
10000038,hat,1,2022-10-17,2022,2022Q4,57,0,Female,White,0,Not Hispanic or Latino,1964-11-18,,2015-03-28,2025-07-28,7.5564681724846,2.7789185489390826,4,9,0,0,4,,,3,17.2,13.7,2022-06-29,1,0.03598774634258049,1.0,33
10000039,hat,1,2024-04-07,2024,2024Q2,44,0,Female,White,0,Not Hispanic or Latino,1979-08-20,,2015-01-01,2026-05-15,9.264887063655031,2.102669404517454,4,4,0,0,3,,,0,,,,1,0.07892885057989507,1.0,34
10000040,hat,1,2026-04-05,2026,2026Q2,81,0,Female,White,0,Unknown,1945-01-07,,2023-12-26,2026-04-17,2.2751540041067764,0.03285420944558522,3,2,0,0,2,,,0,,,,1,0.004112053121731033,1.0,35
10000041,hat,1,2024-11-28,2024,2024Q4,34,0,Female,White,0,Hispanic or Latino,1990-07-24,,2015-12-09,2026-03-16,8.971937029431896,1.2950034223134839,3,6,0,0,4,,,0,,,,1,0.053607051143732445,1.0,36
10000042,hat,1,2022-05-09,2022,2022Q2,43,0,Female,White,0,Not Hispanic or Latino,1978-10-16,,2020-03-16,2023-05-24,2.1464750171115674,1.0403832991101984,5,9,1,0,2,,,3,10.0,10.0,2021-10-26,1,0.0360451153592505,1.0,37
10000043,hat,1,2023-06-13,2023,2023Q2,48,0,Female,Unknown,0,Not Hispanic or Latino,1974-07-25,,2017-04-25,2026-04-16,6.132785763175907,2.841889117043121,3,4,0,1,5,,,0,,,,1,0.030873760928646878,1.0,38
10000044,hat,1,2021-10-21,2021,2021Q4,59,0,Female,Black or African American,0,Not Hispanic or Latino,1962-03-25,,2017-07-10,2022-11-11,4.2819986310746065,1.056810403832991,7,4,1,0,4,D89.40,2021-09-14,1,13.2,13.2,2022-08-11,1,0.06015257382532289,1.0,39
10000045,hat,1,2026-01-18,2026,2026Q1,28,0,Male,White,0,Not Hispanic or Latino,1997-03-04,,2019-08-22,2026-05-24,6.409308692676249,0.34496919917864477,5,2,1,0,1,D89.40,2024-09-25,3,14.1,8.3,2025-12-18,1,0.1282785181644695,1.0,40
10000046,hat,1,2025-10-03,2025,2025Q4,40,0,Female,White,0,Not Hispanic or Latino,1984-11-27,,2016-01-17,2026-05-05,9.711156741957563,0.5859000684462696,3,4,1,1,1,D89.40,2023-08-16,1,12.6,12.6,2026-05-19,1,0.07202679127505823,1.0,41
10000047,hat,1,2023-04-21,2023,2023Q2,36,0,Female,White,0,Not Hispanic or Latino,1986-12-05,,2016-12-22,2024-02-03,6.327173169062286,0.7885010266940452,3,4,1,0,2,D89.40,2020-11-03,0,,,,1,0.045575821280622736,1.0,42
10000048,hat,1,2022-06-05,2022,2022Q2,18,0,Male,White,0,Not Hispanic or Latino,2003-08-24,,2016-11-12,2022-10-08,5.560574948665297,0.34223134839151265,3,1,0,0,1,,,3,20.4,20.4,2022-03-08,1,0.07608724196550574,1.0,43
10000049,hat,1,2022-04-29,2022,2022Q2,45,0,Male,White,0,Not Hispanic or Latino,1977-02-28,,2015-01-01,2025-11-12,7.323750855578371,3.540041067761807,4,3,0,0,5,,,2,14.7,11.8,2021-10-19,1,0.049745118927826765,1.0,44
10000051,hat,1,2025-03-25,2025,2025Q1,46,0,Female,White,0,Not Hispanic or Latino,1978-12-12,,2020-09-05,2026-01-09,4.550308008213553,0.7939767282683093,9,1,0,0,5,D89.40,2022-12-22,0,,,,1,0.12498862802644695,1.0,45
10000052,hat,1,2023-09-06,2023,2023Q3,37,0,Male,White,0,Not Hispanic or Latino,1986-04-30,,2019-09-05,2024-07-15,4.002737850787132,0.8569472963723477,4,3,0,0,1,D89.40,2019-11-11,0,,,,1,0.04426995486354859,1.0,46
10000053,hat,1,2023-12-17,2023,2023Q4,51,0,Male,White,0,Not Hispanic or Latino,1972-04-13,,2017-12-26,2026-05-21,5.973990417522245,2.425735797399042,2,0,0,0,6,,,2,17.1,17.1,2024-03-01,1,0.013036944137354976,1.0,47
10000054,hat,1,2025-04-01,2025,2025Q2,33,0,Female,Other Race,0,Not Hispanic or Latino,1992-03-21,,2018-06-12,2025-04-01,6.803559206023272,0.0,2,0,0,1,3,,,1,15.4,15.4,2025-02-27,1,0.029291221170595797,1.0,48
10000059,hat,1,2022-11-06,2022,2022Q4,18,0,Female,White,0,Not Hispanic or Latino,2004-10-09,,2016-08-13,2025-05-20,6.231348391512663,2.535249828884326,2,5,0,0,6,,,0,,,,1,0.04346342134418735,1.0,49
10000061,hat,1,2024-02-24,2024,2024Q1,53,0,Female,White,0,Not Hispanic or Latino,1970-07-25,,2018-12-06,2024-05-07,5.218343600273785,0.1998631074606434,9,1,1,0,1,D89.40,2022-02-25,1,10.1,10.1,2024-06-09,1,0.11552126849077402,1.0,50
10000062,hat,1,2022-04-28,2022,2022Q2,37,0,Male,White,0,Not Hispanic or Latino,1984-12-27,,2017-11-11,2024-11-30,4.459958932238193,2.5927446954141,6,3,0,0,1,,,0,,,,1,0.07878933677840094,1.0,51
10000064,hat,1,2023-02-18,2023,2023Q1,48,0,Female,Unknown,0,Not Hispanic or Latino,1974-08-06,,2019-02-02,2025-02-03,4.043805612594114,1.9603011635865846,2,3,1,0,2,D89.40,2021-10-21,0,,,,1,0.013083156901632918,1.0,52
10000066,hat,1,2021-11-11,2021,2021Q4,37,0,Female,White,0,Not Hispanic or Latino,1984-06-24,,2016-07-23,2022-02-05,5.30321697467488,0.23545516769336072,4,1,0,0,3,,,0,,,,1,0.05782485927328941,1.0,53
10000067,hat,1,2025-05-29,2025,2025Q2,55,0,Female,Black or African American,0,Not Hispanic or Latino,1969-09-01,,2021-07-01,2025-11-12,3.909650924024641,0.45722108145106094,2,1,1,0,1,D89.40,2025-03-04,2,12.5,11.1,2025-06-04,1,0.010598289268565776,1.0,54
10000068,hat,1,2022-11-17,2022,2022Q4,51,0,Female,White,0,Not Hispanic or Latino,1971-07-08,,2019-09-29,2026-05-08,3.134839151266256,3.4715947980835042,2,3,0,0,3,,,3,18.0,18.0,2022-10-18,1,0.00725429113113476,1.0,55
10000069,hat,1,2021-10-13,2021,2021Q4,46,0,Female,White,0,Hispanic or Latino,1974-11-24,,2018-01-05,2023-11-06,3.7700205338809036,2.0643394934976045,4,5,0,0,1,D89.40,2019-05-17,3,14.9,7.2,2022-04-09,1,0.02034220435304132,1.0,56
10000070,hat,1,2023-11-30,2023,2023Q4,47,0,Female,White,0,Not Hispanic or Latino,1976-03-14,,2017-09-01,2025-04-09,6.245037645448323,1.3579739904175223,6,6,0,0,1,,,0,,,,1,0.08257667033288368,1.0,57
10000072,hat,1,2024-07-31,2024,2024Q3,48,0,Female,White,0,Not Hispanic or Latino,1975-11-03,,2020-09-14,2025-03-30,3.8767967145790556,0.6625598904859685,3,1,1,0,4,D89.40,2023-08-09,0,,,,1,0.01956975766446921,1.0,58
10000073,hat,1,2024-01-03,2024,2024Q1,58,0,Male,Unknown,0,Not Hispanic or Latino,1965-03-21,,2021-05-04,2024-11-21,2.6666666666666665,0.8843258042436687,3,7,1,0,6,,,0,,,,1,0.013388374933575137,1.0,59
10000074,hat,1,2025-08-14,2025,2025Q3,47,0,Female,Black or African American,0,Not Hispanic or Latino,1978-04-28,,2018-12-05,2026-05-24,6.691307323750856,0.7748117727583846,6,3,2,0,4,D89.40,2021-12-17,0,,,,1,0.10769423410543319,1.0,60
10000075,hat,1,2023-09-28,2023,2023Q3,53,0,Female,White,1,Not Hispanic or Latino,1970-06-30,,2017-09-11,2025-08-02,6.04517453798768,1.8453114305270362,6,6,0,0,5,D89.40,2022-02-07,3,21.6,12.0,2023-03-17,1,0.06316731819968559,1.0,61
10000076,hat,1,2022-12-22,2022,2022Q4,41,0,Female,Black or African American,0,Not Hispanic or Latino,1981-02-06,,2019-09-12,2023-12-24,3.277207392197125,1.0047912388774811,5,6,0,0,1,,,1,16.0,16.0,2022-10-29,1,0.0554592774243106,1.0,62
10000077,hat,1,2026-05-27,2026,2026Q2,24,0,Female,White,0,Not Hispanic or Latino,2001-06-21,,2025-01-06,2026-05-27,1.3853524982888432,0.0,5,0,0,0,1,,,0,,,,1,0.06528835470188135,1.0,63
10000078,hat,1,2026-02-18,2026,2026Q1,52,0,Male,White,0,Not Hispanic or Latino,1973-09-22,,2023-02-13,2026-05-24,3.0143737166324436,0.2600958247775496,6,0,1,0,2,D89.40,2023-02-13,3,20.2,20.2,2025-09-29,1,0.043159568531315674,1.0,64
10000079,hat,1,2025-03-31,2025,2025Q1,47,0,Female,White,0,Not Hispanic or Latino,1977-10-20,,2021-07-19,2025-03-31,3.698836413415469,0.0,5,0,0,0,1,,,0,,,,1,0.044192973417835714,1.0,65
10000080,hat,1,2022-08-14,2022,2022Q3,41,0,Female,White,0,Not Hispanic or Latino,1981-06-09,,2016-01-13,2024-03-19,6.584531143052704,1.596167008898015,3,5,0,0,1,D89.40,2022-06-07,1,9.4,9.4,2023-03-19,1,0.037904052588641705,1.0,66
10000081,hat,1,2025-11-05,2025,2025Q4,56,0,Male,Black or African American,0,Not Hispanic or Latino,1969-10-01,,2019-07-22,2026-02-16,6.291581108829569,0.28199863107460643,4,2,1,0,4,,,0,,,,1,0.04177714390446935,1.0,67
10000082,hat,1,2025-11-15,2025,2025Q4,28,0,Female,White,0,Not Hispanic or Latino,1997-06-26,,2020-12-13,2026-04-03,4.922655715263518,0.3805612594113621,2,3,0,0,3,D89.40,2024-07-07,0,,,,1,0.02825632599170389,1.0,68
10000083,hat,1,2021-12-25,2021,2021Q4,40,0,Female,White,0,Unknown,1981-05-29,,2015-08-14,2023-05-19,6.365503080082136,1.3963039014373717,5,2,1,0,5,,,3,15.7,7.3,2021-09-02,1,0.07126284852646436,1.0,69
10000084,hat,1,2023-12-10,2023,2023Q4,34,0,Female,White,0,Not Hispanic or Latino,1989-04-28,,2017-11-01,2026-05-28,6.105407255304586,2.4640657084188913,3,2,0,0,1,,,2,13.8,13.8,2023-11-13,1,0.04189640209626603,1.0,70
10000085,hat,1,2026-03-07,2026,2026Q1,39,0,Female,Asian,0,Not Hispanic or Latino,1987-01-04,,2020-08-01,2026-05-16,5.596167008898015,0.19164955509924708,2,0,1,0,1,,,1,13.7,13.7,2025-08-25,1,0.019761469667491417,1.0,71
10000086,hat,1,2025-06-20,2025,2025Q2,34,0,Female,White,0,Not Hispanic or Latino,1991-03-29,,2022-02-21,2026-01-05,3.326488706365503,0.5448323066392882,4,1,0,0,3,,,2,14.5,12.3,2025-10-05,1,0.04460946252127344,1.0,72
10000087,hat,1,2025-08-21,2025,2025Q3,27,0,Female,Unknown,0,Not Hispanic or Latino,1998-07-04,,2020-04-27,2026-02-15,5.316906228610541,0.487337440109514,4,0,0,0,2,,,2,13.0,13.0,2026-05-05,1,0.09701548090713209,1.0,73
10000088,hat,1,2024-10-02,2024,2024Q4,52,0,Female,White,0,Not Hispanic or Latino,1972-07-31,,2020-04-28,2026-05-19,4.42984257357974,1.626283367556468,6,0,1,0,1,,,0,,,,1,0.05026252854430293,1.0,74
10000089,hat,1,2026-01-14,2026,2026Q1,45,0,Female,White,0,Not Hispanic or Latino,1980-12-16,,2024-03-06,2026-05-18,1.8590006844626967,0.3394934976043806,4,2,0,0,3,,,1,22.6,22.6,2025-07-17,1,0.023764618145357602,1.0,75
10000090,hat,1,2023-03-17,2023,2023Q1,36,0,Female,White,0,Not Hispanic or Latino,1986-07-06,,2019-04-18,2025-12-27,3.912388774811773,2.7816563997262147,5,6,0,0,2,,,0,,,,1,0.05542237627223233,1.0,76
10000092,hat,1,2023-12-25,2023,2023Q4,39,0,Female,White,0,Not Hispanic or Latino,1984-11-08,,2021-09-09,2026-03-17,2.291581108829569,2.2258726899383983,4,3,1,0,1,,,0,,,,1,0.027801707654621408,1.0,77
10000093,hat,1,2022-11-12,2022,2022Q4,29,0,Female,White,0,Not Hispanic or Latino,1993-03-14,,2020-09-03,2023-06-11,2.190280629705681,0.5776865160848734,4,4,0,0,3,,,0,,,,1,0.04343145751733056,1.0,78
10000094,hat,1,2023-05-20,2023,2023Q2,18,0,Female,White,0,Not Hispanic or Latino,2005-01-10,,2018-05-18,2025-12-25,5.004791238877481,2.6009582477754964,3,4,1,0,4,D89.40,2023-01-30,0,,,,1,0.059528937028467774,1.0,79
10000095,hat,1,2024-08-31,2024,2024Q3,32,0,Female,White,0,Not Hispanic or Latino,1992-02-28,,2021-12-18,2025-10-04,2.702258726899384,1.0924024640657084,3,5,0,0,4,D89.40,2024-04-20,1,10.4,10.4,2024-10-09,1,0.027155698891059305,1.0,80
10000096,hat,1,2026-04-13,2026,2026Q2,37,0,Female,Unknown,0,Not Hispanic or Latino,1988-12-07,,2020-08-08,2026-04-13,5.678302532511978,0.0,2,0,0,1,1,,,2,20.4,20.4,2025-10-06,1,0.029706802104486695,1.0,81
10000098,hat,1,2022-02-01,2022,2022Q1,18,0,Female,White,0,Hispanic or Latino,2003-10-25,,2016-04-21,2024-08-31,5.782340862422998,2.5790554414784395,4,2,1,0,3,,,2,26.0,11.0,2022-04-11,1,0.07379564733896773,1.0,82
10000099,hat,1,2024-04-22,2024,2024Q2,41,0,Female,White,0,Not Hispanic or Latino,1983-04-16,,2018-08-17,2026-05-23,5.68104038329911,2.083504449007529,3,3,0,2,5,,,1,6.6,6.6,2023-10-16,1,0.03126362449909841,1.0,83
10000100,hat,1,2023-03-31,2023,2023Q1,34,0,Female,White,0,Not Hispanic or Latino,1989-01-25,,2018-07-22,2024-08-16,4.689938398357289,1.379876796714579,6,3,0,0,2,,,0,,,,1,0.09785473855413825,1.0,84
10000101,hat,1,2023-02-13,2023,2023Q1,29,0,Female,White,0,Not Hispanic or Latino,1993-10-21,,2018-11-12,2024-10-09,4.254620123203286,1.6536618754277892,2,3,1,0,1,D89.40,2022-06-25,0,,,,1,0.02216173232826494,1.0,85
10000102,hat,1,2025-04-18,2025,2025Q2,32,0,Male,White,0,Not Hispanic or Latino,1992-04-24,,2021-07-01,2026-05-16,3.7973990417522243,1.0759753593429158,3,3,1,0,4,,,0,,,,1,0.03298942971728009,1.0,86
10000104,hat,1,2023-04-30,2023,2023Q2,75,0,Female,White,0,Not Hispanic or Latino,1948-04-20,,2018-07-05,2026-05-30,4.818617385352498,3.082819986310746,4,3,1,1,1,,,0,,,,1,0.011419939390275117,1.0,87
10000105,hat,1,2026-01-01,2026,2026Q1,38,0,Female,White,0,Not Hispanic or Latino,1987-04-02,,2021-04-10,2026-05-19,4.728268309377139,0.37782340862423,4,3,2,0,5,D89.40,2022-03-29,2,17.8,11.0,2026-06-01,1,0.050118781068013575,1.0,88
10000106,hat,1,2025-04-05,2025,2025Q2,49,0,Male,Black or African American,0,Not Hispanic or Latino,1975-04-16,,2019-08-15,2026-04-16,5.639972621492129,1.0294318959616702,2,3,0,0,2,D89.40,2021-06-05,2,12.1,12.1,2025-11-10,1,0.017211839141591183,1.0,89
10000108,hat,1,2022-08-30,2022,2022Q3,27,0,Female,White,0,Not Hispanic or Latino,1995-02-18,,2017-02-19,2023-11-18,5.5249828884325805,1.218343600273785,4,4,0,3,6,D89.40,2020-04-26,0,,,,1,0.07883285314425677,1.0,90
10000109,hat,1,2025-07-05,2025,2025Q3,76,0,Female,White,0,Not Hispanic or Latino,1948-09-03,,2019-10-08,2026-05-28,5.7412731006160165,0.8952772073921971,6,6,0,0,1,,,0,,,,1,0.02880961099982329,1.0,91
10000110,hat,1,2022-03-13,2022,2022Q1,18,0,Female,White,0,Not Hispanic or Latino,2003-06-05,,2016-08-24,2025-12-31,5.549623545516769,3.802874743326489,3,4,1,0,3,,,3,20.5,11.1,2022-10-01,1,0.06026283934765226,1.0,92
10000111,hat,1,2024-05-06,2024,2024Q2,61,0,Female,Unknown,0,Not Hispanic or Latino,1962-06-10,,2022-10-15,2026-04-22,1.5578370978781657,1.9603011635865846,5,6,0,0,1,,,3,17.3,14.7,2023-12-04,1,0.019858150933067528,1.0,93
10000112,hat,1,2026-02-26,2026,2026Q1,37,0,Female,White,0,Not Hispanic or Latino,1988-08-25,,2019-04-07,2026-05-20,6.891170431211499,0.2272416153319644,4,1,1,1,2,,,0,,,,1,0.07578811610773276,1.0,94
10000113,hat,1,2022-12-25,2022,2022Q4,19,0,Female,White,0,Not Hispanic or Latino,2003-04-17,,2018-08-29,2023-12-02,4.323066392881588,0.9363449691991786,2,7,1,0,6,,,0,,,,1,0.03355233532038115,1.0,95
10000114,hat,1,2024-10-21,2024,2024Q4,53,0,Female,Black or African American,0,Not Hispanic or Latino,1970-11-05,,2015-11-27,2025-09-28,8.900752908966462,0.9363449691991786,3,7,0,0,1,D89.40,2024-05-23,2,13.4,9.9,2025-02-09,1,0.04609949234864026,1.0,96
10000115,hat,1,2026-02-26,2026,2026Q1,57,0,Female,White,0,Hispanic or Latino,1968-08-13,,2023-02-28,2026-05-19,2.9952087611225187,0.2245037645448323,2,3,2,0,4,D89.40,2025-06-15,1,7.4,7.4,2026-06-01,1,0.005086426316361934,1.0,97
10000117,hat,1,2023-04-14,2023,2023Q2,19,0,Female,White,0,Not Hispanic or Latino,2003-05-04,,2022-08-18,2026-04-17,0.6543463381245722,3.0088980150581794,3,3,1,1,1,D89.40,2022-08-18,3,14.2,14.2,2023-02-12,1,0.02614283809835545,1.0,98
10000118,hat,1,2026-04-21,2026,2026Q2,45,0,Female,Unknown,0,Not Hispanic or Latino,1980-12-22,,2020-04-26,2026-04-21,5.984941820670773,0.0,5,0,1,0,2,D89.40,2023-05-22,2,8.5,8.5,2026-06-01,1,0.08531705018433712,1.0,99
10000119,hat,1,2022-02-17,2022,2022Q1,28,0,Female,White,0,Not Hispanic or Latino,1993-10-20,,2015-02-06,2023-02-22,7.030800821355236,1.0130047912388775,4,5,0,1,5,,,0,,,,1,0.09924720580784806,1.0,100
10000120,hat,1,2026-05-26,2026,2026Q2,64,0,Female,Asian,0,Hispanic or Latino,1961-06-28,,2021-12-22,2026-05-26,4.424366872005476,0.0,6,0,0,1,1,,,0,,,,1,0.02391305467128567,1.0,101
10000121,hat,1,2025-03-26,2025,2025Q1,42,0,Female,White,0,Not Hispanic or Latino,1982-05-20,,2022-12-28,2026-02-16,2.242299794661191,0.8952772073921971,6,6,1,0,1,D89.40,2022-12-28,0,,,,1,0.05106079810330466,1.0,102
10000122,hat,1,2022-01-19,2022,2022Q1,20,0,Male,White,0,Not Hispanic or Latino,2001-03-01,,2019-05-30,2023-02-21,2.642026009582478,1.0896646132785763,5,2,1,0,1,D89.40,2020-04-04,2,16.1,11.0,2022-05-19,1,0.0858270664008352,1.0,103
10000123,hat,1,2021-11-04,2021,2021Q4,33,0,Female,White,0,Not Hispanic or Latino,1988-09-30,,2015-01-01,2022-03-27,6.841889117043121,0.3915126625598905,3,1,1,0,2,,,0,,,,1,0.05674537678096965,1.0,104
10000124,hat,1,2022-11-23,2022,2022Q4,18,0,Male,White,0,Not Hispanic or Latino,2004-01-15,,2018-11-04,2023-07-05,4.05201916495551,0.6132785763175906,3,2,1,0,1,D89.40,2020-05-15,2,20.4,20.4,2023-07-15,1,0.0578180447851575,1.0,105
10000125,hat,1,2023-01-02,2023,2023Q1,55,0,Male,White,0,Not Hispanic or Latino,1967-03-01,,2015-01-01,2026-05-23,8.002737850787133,3.3867214236824092,3,1,0,1,5,,,0,,,,1,0.026294274008944966,1.0,106
10000126,hat,1,2024-12-25,2024,2024Q4,54,0,Female,White,0,Not Hispanic or Latino,1970-04-30,,2017-08-26,2025-05-16,7.3319644079397674,0.3887748117727584,3,3,0,0,1,,,1,10.2,10.2,2025-09-12,1,0.029808984874674458,1.0,107
10000128,hat,1,2025-12-05,2025,2025Q4,49,0,Male,White,0,Not Hispanic or Latino,1976-07-29,,2016-01-27,2026-04-03,9.856262833675565,0.3258042436687201,2,2,1,0,2,,,0,,,,1,0.032397184610923085,1.0,108
10000129,hat,1,2025-03-29,2025,2025Q1,43,0,Female,White,0,Not Hispanic or Latino,1981-09-02,,2020-02-09,2025-03-29,5.13347022587269,0.0,7,0,1,0,1,,,0,,,,1,0.10830781228114396,1.0,109
10000130,hat,1,2026-05-10,2026,2026Q2,26,0,Female,White,0,Not Hispanic or Latino,1999-07-27,,2021-12-19,2026-05-10,4.388774811772758,0.0,3,0,0,1,1,D89.40,2025-09-05,1,15.8,15.8,2025-12-26,1,0.048538677261547654,1.0,110
10000132,hat,1,2025-03-29,2025,2025Q1,56,0,Female,Asian,0,Unknown,1968-08-11,,2015-01-01,2026-05-10,10.239561943874058,1.1143052703627652,6,5,0,0,4,D89.40,2024-03-08,0,,,,1,0.09747048980301833,1.0,111
10000133,hat,1,2022-03-18,2022,2022Q1,36,0,Female,White,0,Not Hispanic or Latino,1985-10-15,,2018-11-14,2024-09-08,3.3401779603011637,2.4777549623545516,4,5,0,0,4,,,0,,,,1,0.036516302777776496,1.0,112
10000137,hat,1,2025-05-28,2025,2025Q2,42,0,Female,White,0,Not Hispanic or Latino,1982-12-06,,2015-01-01,2026-03-24,10.403832991101986,0.8213552361396304,4,4,1,1,1,,,0,,,,1,0.11054506726352085,1.0,113
10000139,hat,1,2025-04-16,2025,2025Q2,36,0,Female,Black or African American,0,Not Hispanic or Latino,1988-05-02,,2020-02-22,2025-07-13,5.147159479808351,0.24093086926762491,3,0,0,0,3,D89.40,2024-05-04,0,,,,1,0.04534206316652044,1.0,114
10000140,hat,1,2025-11-29,2025,2025Q4,50,0,Female,White,0,Not Hispanic or Latino,1975-07-02,,2018-08-17,2026-04-21,7.285420944558521,0.3915126625598905,3,1,0,0,1,,,0,,,,1,0.034015432725632,1.0,115
10000142,hat,1,2022-04-26,2022,2022Q2,31,0,Female,White,0,Not Hispanic or Latino,1990-06-22,,2018-08-10,2024-01-28,3.7097878165639973,1.757700205338809,3,1,1,1,1,D89.40,2021-03-09,0,,,,1,0.032089638577882815,1.0,116
10000143,hat,1,2024-10-19,2024,2024Q4,38,0,Male,Unknown,0,Not Hispanic or Latino,1986-04-18,,2020-05-07,2025-01-15,4.4517453798767965,0.24093086926762491,5,2,0,0,1,D89.40,2022-02-12,3,13.2,11.1,2024-12-06,1,0.08204331005926123,1.0,117
10000144,hat,1,2022-03-15,2022,2022Q1,31,0,Female,White,0,Not Hispanic or Latino,1991-01-07,,2015-02-26,2023-05-21,7.047227926078029,1.1827515400410678,5,4,0,0,6,D89.40,2021-05-07,3,12.8,11.8,2021-09-30,1,0.12250325319601232,1.0,118
10000145,hat,1,2023-12-03,2023,2023Q4,40,0,Female,Black or African American,0,Not Hispanic or Latino,1983-09-16,,2017-08-22,2024-02-08,6.28062970568104,0.1834360027378508,3,0,1,0,3,D89.40,2020-08-26,1,10.2,10.2,2024-01-28,1,0.048264085346361625,1.0,119
10000146,hat,1,2023-05-03,2023,2023Q2,62,0,Female,White,0,Unknown,1960-10-07,,2020-02-05,2025-10-28,3.238877481177276,2.48870636550308,4,5,0,0,6,,,2,18.4,8.2,2023-02-09,1,0.012524986695076385,1.0,120
10000148,hat,1,2024-12-27,2024,2024Q4,58,0,Female,White,0,Not Hispanic or Latino,1966-08-25,,2022-07-23,2025-04-27,2.431211498973306,0.33127994524298426,3,2,0,1,1,D89.40,2024-11-01,2,13.9,12.1,2024-08-31,1,0.010813766028934663,1.0,121
10000150,hat,1,2025-01-04,2025,2025Q1,54,0,Female,White,0,Not Hispanic or Latino,1970-05-01,,2015-02-11,2025-03-14,9.897330595482547,0.188911704312115,4,1,1,0,1,D89.40,2022-08-13,1,8.4,8.4,2024-09-01,1,0.07128338908354147,1.0,122
10000151,hat,1,2023-07-22,2023,2023Q3,37,0,Male,Unknown,0,Not Hispanic or Latino,1986-05-03,,2021-04-24,2024-11-27,2.242299794661191,1.352498288843258,4,5,0,0,1,,,1,16.2,16.2,2023-06-07,1,0.038592242769619534,1.0,123
10000152,hat,1,2025-09-26,2025,2025Q3,39,0,Female,Unknown,0,Not Hispanic or Latino,1986-02-23,,2021-08-18,2026-05-26,4.1067761806981515,0.6625598904859685,6,3,0,1,4,D89.40,2025-07-03,3,16.1,16.1,2025-09-02,1,0.09583526416209218,1.0,124
10000153,hat,1,2024-04-13,2024,2024Q2,29,0,Female,White,0,Not Hispanic or Latino,1994-09-18,,2020-06-24,2025-05-13,3.802874743326489,1.08145106091718,4,5,0,0,1,,,0,,,,1,0.055481738608814765,1.0,125
10000155,hat,1,2022-12-21,2022,2022Q4,53,0,Female,Black or African American,0,Not Hispanic or Latino,1969-09-04,,2015-01-01,2023-08-16,7.969883641341547,0.6516084873374401,5,5,0,0,1,,,3,13.4,12.3,2022-08-22,1,0.08392285149209079,1.0,126
10000157,hat,1,2026-01-01,2026,2026Q1,40,0,Male,White,0,Not Hispanic or Latino,1985-12-07,,2024-03-14,2026-05-24,1.8015058179329226,0.3915126625598905,2,3,0,1,1,,,1,10.8,10.8,2026-06-01,1,0.01053958852839613,1.0,127
10000158,hat,1,2025-10-09,2025,2025Q4,42,0,Female,Asian,0,Not Hispanic or Latino,1983-04-19,,2023-03-30,2026-05-07,2.529774127310062,0.5749486652977412,4,2,0,0,1,,,1,10.6,10.6,2025-07-14,1,0.02646411841253321,1.0,128
10000159,hat,1,2022-09-25,2022,2022Q3,59,0,Female,White,0,Not Hispanic or Latino,1963-06-05,,2015-03-30,2023-09-24,7.490759753593429,0.9965776865160849,6,2,0,0,1,,,2,14.4,8.4,2022-11-17,1,0.06977611728774236,1.0,129
10000160,hat,1,2025-03-28,2025,2025Q1,18,0,Male,Unknown,0,Not Hispanic or Latino,2007-03-02,,2021-01-27,2026-02-17,4.164271047227926,0.892539356605065,4,4,1,0,5,,,3,17.1,17.1,2024-10-19,1,0.10494031105197935,1.0,130
10000161,hat,1,2026-03-10,2026,2026Q1,18,0,Male,Unknown,0,Not Hispanic or Latino,2008-02-18,,2020-04-14,2026-05-12,5.90280629705681,0.17248459958932238,4,1,0,0,1,,,0,,,,1,0.14488949072766583,1.0,131
10000162,hat,1,2025-10-15,2025,2025Q4,54,0,Female,White,0,Not Hispanic or Latino,1971-04-17,,2022-03-12,2026-05-11,3.594798083504449,0.5694729637234771,3,1,0,0,5,D89.40,2023-11-24,3,10.9,10.9,2025-10-09,1,0.015124205202998129,1.0,132
10000163,hat,1,2026-05-29,2026,2026Q2,22,0,Male,White,0,Not Hispanic or Latino,2003-06-17,,2024-09-01,2026-05-29,1.7385352498288844,0.0,4,0,0,0,2,D89.40,2024-09-01,0,,,,1,0.05319023253020639,1.0,133
10000164,hat,1,2025-02-23,2025,2025Q1,52,0,Male,White,0,Not Hispanic or Latino,1972-04-14,,2016-02-18,2026-03-27,9.015742642026009,1.0869267624914443,3,7,1,0,5,D89.40,2022-07-01,0,,,,1,0.04094964817746745,1.0,134
10000166,hat,1,2022-12-16,2022,2022Q4,59,0,Male,White,0,Not Hispanic or Latino,1963-01-28,,2018-07-01,2025-09-02,4.459958932238193,2.7132101300479126,2,2,0,0,1,,,0,,,,1,0.007295140460825504,1.0,135
10000168,hat,1,2025-08-09,2025,2025Q3,18,0,Female,White,0,Not Hispanic or Latino,2007-04-28,,2017-06-10,2026-05-31,8.164271047227926,0.8076659822039699,3,5,0,0,6,,,1,18.2,18.2,2025-05-08,1,0.11345247341878308,1.0,136
10000169,hat,1,2023-05-15,2023,2023Q2,47,0,Female,White,0,Not Hispanic or Latino,1976-03-14,,2021-02-21,2023-05-15,2.2258726899383983,0.0,4,0,0,1,2,,,2,10.5,7.2,2023-02-16,1,0.024201030906196328,1.0,137
10000170,hat,1,2025-02-14,2025,2025Q1,59,0,Female,Unknown,0,Unknown,1965-08-18,,2018-07-26,2026-05-26,6.5571526351813825,1.2758384668035592,4,3,0,1,1,,,0,,,,1,0.03374999493657463,1.0,138
10000171,hat,1,2025-10-22,2025,2025Q4,46,0,Male,White,0,Unknown,1979-01-26,,2016-08-15,2026-03-30,9.1854893908282,0.4353182751540041,6,1,1,0,1,,,0,,,,1,0.12980434799348511,1.0,139
10000172,hat,1,2024-04-19,2024,2024Q2,37,0,Male,White,0,Not Hispanic or Latino,1986-10-14,,2017-07-11,2026-03-19,6.7734428473648185,1.9137577002053388,2,2,0,0,3,,,0,,,,1,0.025656499494723255,1.0,140
10000173,hat,1,2025-03-08,2025,2025Q1,20,0,Female,White,0,Not Hispanic or Latino,2004-08-19,,2020-01-24,2026-05-08,5.119780971937029,1.1663244353182751,3,4,0,0,3,,,1,13.0,13.0,2024-10-24,1,0.06246692363773593,1.0,141
10000174,hat,1,2026-05-13,2026,2026Q2,40,0,Male,White,0,Not Hispanic or Latino,1985-08-02,,2024-06-23,2026-05-13,1.8863791923340179,0.0,5,0,0,0,1,D89.40,2025-07-18,1,5.9,5.9,2026-02-28,1,0.04108064393063859,1.0,142
10000176,hat,1,2026-05-14,2026,2026Q2,67,0,Female,White,0,Not Hispanic or Latino,1959-04-07,,2019-10-31,2026-05-14,6.535249828884326,0.0,3,0,0,0,1,,,1,9.8,9.8,2026-06-01,1,0.0167705690980933,1.0,143
10000177,hat,1,2025-02-19,2025,2025Q1,84,0,Male,Black or African American,0,Not Hispanic or Latino,1940-12-05,,2023-12-12,2026-04-27,1.1909650924024642,1.1827515400410678,5,6,1,0,2,,,3,12.4,10.5,2024-10-18,1,0.008270753358387032,1.0,144
10000179,hat,1,2025-03-16,2025,2025Q1,54,0,Female,Unknown,0,Not Hispanic or Latino,1970-06-18,,2016-03-30,2026-01-25,8.960985626283367,0.8624229979466119,2,3,0,1,5,D89.40,2024-03-30,0,,,,1,0.027475638894279137,1.0,145
10000180,hat,1,2024-04-23,2024,2024Q2,66,0,Female,White,0,Not Hispanic or Latino,1957-05-10,,2019-10-31,2024-12-25,4.479123887748118,0.6735112936344969,2,4,1,0,5,,,0,,,,1,0.006579063088390042,1.0,146
10000181,hat,1,2025-04-23,2025,2025Q2,51,0,Female,Black or African American,0,Not Hispanic or Latino,1973-11-17,,2022-12-28,2026-05-05,2.31895961670089,1.0321697467488022,5,5,0,1,6,,,2,19.7,19.7,2025-01-07,1,0.03311557301779957,1.0,147
10000182,hat,1,2025-02-23,2025,2025Q1,60,0,Female,White,0,Not Hispanic or Latino,1964-12-06,,2018-12-30,2025-11-07,6.151950718685832,0.70362765229295,3,2,0,0,6,,,1,19.5,19.5,2025-09-29,1,0.01912053610887704,1.0,148
10000183,hat,1,2025-10-02,2025,2025Q4,53,0,Female,White,0,Not Hispanic or Latino,1972-07-01,,2023-03-17,2026-04-05,2.546201232032854,0.5065023956194388,3,3,1,0,1,,,2,17.9,16.0,2026-04-18,1,0.013042560494904988,1.0,149
10000184,hat,1,2023-12-25,2023,2023Q4,38,0,Female,White,0,Not Hispanic or Latino,1985-11-03,,2019-11-28,2024-08-31,4.073921971252567,0.6844626967830253,3,2,0,0,4,,,0,,,,1,0.028828934277312805,1.0,150
10000185,hat,1,2024-10-07,2024,2024Q4,27,0,Female,White,0,Not Hispanic or Latino,1997-01-24,,2018-05-07,2025-03-27,6.420260095824777,0.4681724845995893,4,1,0,1,4,,,3,15.3,9.4,2024-05-23,1,0.09608698356597928,1.0,151
10000186,hat,1,2025-04-11,2025,2025Q2,46,0,Female,White,0,Not Hispanic or Latino,1978-12-05,,2018-04-27,2025-12-25,6.95687885010267,0.7063655030800822,4,3,0,0,2,,,0,,,,1,0.05469735685061171,1.0,152
10000187,hat,1,2026-04-21,2026,2026Q2,46,0,Female,White,0,Hispanic or Latino,1979-11-20,,2020-06-15,2026-04-21,5.848049281314168,0.0,3,0,0,0,1,,,0,,,,1,0.02226819462095702,1.0,153
10000188,hat,1,2023-09-28,2023,2023Q3,35,0,Female,White,0,Not Hispanic or Latino,1988-01-20,2025-10-04,2018-08-25,2024-05-27,5.092402464065708,0.6625598904859685,5,3,0,0,3,,,0,,,,1,0.08071653313716058,1.0,154
10000189,hat,1,2022-10-06,2022,2022Q4,37,0,Female,White,0,Not Hispanic or Latino,1985-05-10,,2020-10-26,2024-05-21,1.943874058863792,1.623545516769336,2,5,2,1,2,,,0,,,,1,0.011034053608311214,1.0,155
10000190,hat,1,2026-02-08,2026,2026Q1,40,0,Male,White,0,Not Hispanic or Latino,1985-11-22,,2019-04-01,2026-04-06,6.8583162217659135,0.15605749486652978,2,2,1,0,3,D89.40,2022-02-14,0,,,,1,0.026487511639641376,1.0,156
10000191,hat,1,2025-03-07,2025,2025Q1,55,0,Female,Unknown,0,Not Hispanic or Latino,1969-11-30,,2022-02-18,2026-05-24,3.047227926078029,1.212867898699521,3,6,0,0,4,,,0,,,,1,0.015590538597620695,1.0,157
10000193,hat,1,2024-05-11,2024,2024Q2,35,0,Female,White,0,Not Hispanic or Latino,1988-12-08,,2020-04-02,2026-04-28,4.1067761806981515,1.9630390143737166,8,4,1,0,2,,,3,13.3,8.8,2024-02-02,1,0.12822558772769896,1.0,158
10000195,hat,1,2024-03-03,2024,2024Q1,57,0,Female,White,0,Not Hispanic or Latino,1966-06-20,,2020-04-15,2025-04-07,3.8822724161533197,1.0951403148528405,2,4,0,0,1,,,1,17.1,17.1,2024-07-03,1,0.007924109503974989,1.0,159
10000196,hat,1,2021-12-18,2021,2021Q4,20,0,Female,Black or African American,0,Not Hispanic or Latino,2001-10-26,,2017-12-25,2022-11-29,3.980835044490075,0.947296372347707,2,6,0,2,1,D89.40,2019-06-08,0,,,,1,0.03592817389532136,1.0,160
10000197,hat,1,2023-01-12,2023,2023Q1,50,0,Male,White,0,Not Hispanic or Latino,1972-08-21,,2018-03-17,2025-03-15,4.824093086926762,2.1711156741957565,3,4,1,1,3,,,2,18.0,18.0,2023-02-27,1,0.019413570000405146,1.0,161
10000199,hat,1,2025-08-13,2025,2025Q3,18,0,Female,Black or African American,0,Not Hispanic or Latino,2007-06-17,,2023-02-26,2026-05-03,2.461327857631759,0.7200547570157426,3,5,0,0,1,,,0,,,,1,0.05127115111420904,1.0,162
10000200,hat,1,2023-05-26,2023,2023Q2,60,0,Female,White,0,Not Hispanic or Latino,1962-08-01,,2021-05-31,2024-12-16,1.9849418206707734,1.5605749486652978,5,3,1,0,6,,,0,,,,1,0.018535918768308925,1.0,163
10000201,hat,1,2024-08-03,2024,2024Q3,38,0,Female,White,0,Not Hispanic or Latino,1985-08-16,,2018-06-12,2026-04-18,6.143737166324435,1.7056810403832992,2,5,0,0,1,,,0,,,,1,0.022467139742378055,1.0,164
10000202,hat,1,2024-11-14,2024,2024Q4,35,0,Male,Unknown,0,Not Hispanic or Latino,1989-02-11,,2017-02-01,2026-04-28,7.783709787816564,1.4510609171800137,3,1,0,0,1,,,0,,,,1,0.07077907368461331,1.0,165
10000203,hat,1,2026-01-28,2026,2026Q1,60,0,Female,Black or African American,0,Not Hispanic or Latino,1965-09-23,,2022-01-25,2026-04-06,4.008213552361396,0.1861738535249829,5,1,3,0,1,,,0,,,,1,0.034486929055781,1.0,166
10000204,hat,1,2023-10-12,2023,2023Q4,49,0,Male,White,0,Not Hispanic or Latino,1974-03-20,,2018-10-15,2024-08-07,4.991101984941821,0.8213552361396304,5,4,0,0,5,,,0,,,,1,0.04879681122488705,1.0,167
10000205,hat,1,2023-09-07,2023,2023Q3,37,0,Male,Black or African American,0,Not Hispanic or Latino,1986-05-17,,2015-01-01,2024-05-11,8.681724845995893,0.676249144421629,5,1,0,1,4,D89.40,2023-02-14,1,11.2,11.2,2023-09-22,1,0.15679807790573122,1.0,168
10000206,hat,1,2025-06-18,2025,2025Q2,22,0,Male,White,0,Not Hispanic or Latino,2003-03-08,,2019-08-09,2026-05-22,5.859000684462697,0.9253935660506503,2,5,2,0,6,,,0,,,,1,0.039589702231251446,1.0,169
10000207,hat,1,2026-03-29,2026,2026Q1,48,0,Female,White,0,Not Hispanic or Latino,1977-10-17,,2023-04-18,2026-03-29,2.945927446954141,0.0,4,0,0,0,3,,,0,,,,1,0.026545597789382588,1.0,170
10000209,hat,1,2024-04-17,2024,2024Q2,53,0,Female,White,0,Unknown,1971-03-31,,2018-08-05,2025-07-26,5.700205338809035,1.273100616016427,7,4,0,0,1,,,2,17.4,11.2,2023-10-15,1,0.06968531368621488,1.0,171
10000210,hat,1,2023-01-03,2023,2023Q1,53,0,Female,White,0,Not Hispanic or Latino,1969-05-30,,2017-09-02,2025-11-12,5.336071184120465,2.858316221765914,5,2,0,0,6,D89.40,2020-07-30,2,19.1,10.9,2023-07-21,1,0.039228732943470346,1.0,172
10000212,hat,1,2026-01-30,2026,2026Q1,41,0,Female,White,0,Not Hispanic or Latino,1984-11-02,,2022-12-28,2026-03-03,3.0910335386721424,0.08761122518822724,3,0,0,0,1,D89.40,2023-02-25,0,,,,1,0.02270761227718147,1.0,173
10000213,hat,1,2026-02-13,2026,2026Q1,30,0,Male,White,0,Not Hispanic or Latino,1996-01-31,,2023-05-27,2026-05-08,2.7186858316221767,0.2299794661190965,2,2,0,1,1,D89.40,2023-05-27,1,14.0,14.0,2026-06-01,1,0.017971118956301955,1.0,174
10000214,hat,1,2024-10-07,2024,2024Q4,48,0,Female,White,0,Not Hispanic or Latino,1976-04-04,,2021-08-10,2026-05-17,3.159479808350445,1.6071184120465434,6,2,2,0,1,,,1,18.8,18.8,2024-04-28,1,0.04635879956174573,1.0,175
10000215,hat,1,2026-05-17,2026,2026Q2,48,0,Female,White,1,Not Hispanic or Latino,1978-05-17,,2018-05-09,2026-05-17,8.021902806297057,0.0,3,0,0,0,2,,,0,,,,1,0.042630196217165704,1.0,176
10000218,hat,1,2025-05-13,2025,2025Q2,34,0,Female,White,0,Not Hispanic or Latino,1990-06-20,,2022-07-01,2026-04-20,2.86652977412731,0.9363449691991786,5,5,0,0,1,,,0,,,,1,0.05617952647750895,1.0,177
10000220,hat,1,2023-06-14,2023,2023Q2,39,0,Male,White,0,Not Hispanic or Latino,1984-04-02,,2017-12-13,2024-06-20,5.500342231348392,1.0184804928131417,4,3,0,1,1,D89.40,2021-08-08,0,,,,1,0.052973598485471396,1.0,178
10000221,hat,1,2024-04-05,2024,2024Q2,20,0,Female,White,0,Not Hispanic or Latino,2003-09-29,,2015-01-01,2025-07-01,9.259411362080767,1.2375085557837098,6,3,3,0,1,D89.40,2023-08-22,0,,,,1,0.29497243702267606,1.0,179
10000222,hat,1,2023-12-28,2023,2023Q4,42,0,Male,White,0,Not Hispanic or Latino,1981-04-22,,2015-01-01,2024-07-27,8.988364134154688,0.5804243668720055,3,3,0,0,3,D89.40,2021-10-14,0,,,,1,0.05954052177485843,1.0,180
10000223,hat,1,2025-07-19,2025,2025Q3,38,0,Female,Black or African American,0,Not Hispanic or Latino,1986-12-24,,2019-06-18,2026-02-19,6.0862422997946615,0.5886379192334018,7,5,1,0,3,,,3,21.8,7.3,2025-08-06,1,0.16447190882253218,1.0,181
10000224,hat,1,2025-12-25,2025,2025Q4,46,0,Female,Other Race,0,Not Hispanic or Latino,1979-09-19,,2019-04-03,2026-04-25,6.729637234770705,0.33127994524298426,3,5,0,0,4,,,3,20.1,12.0,2025-08-07,1,0.030777356329197772,1.0,182
10000225,hat,1,2022-12-27,2022,2022Q4,40,0,Female,Unknown,0,Not Hispanic or Latino,1982-10-22,,2018-10-16,2024-01-25,4.1971252566735116,1.0787132101300478,6,4,0,0,5,D89.40,2022-02-10,0,,,,1,0.09161910127401651,1.0,183
10000226,hat,1,2025-05-13,2025,2025Q2,49,0,Female,White,0,Not Hispanic or Latino,1975-05-25,,2020-02-29,2025-06-26,5.201916495550993,0.12046543463381246,3,1,0,0,2,D89.40,2023-01-03,0,,,,1,0.02484182916992326,1.0,184
10000227,hat,1,2023-07-24,2023,2023Q3,66,0,Female,Black or African American,0,Not Hispanic or Latino,1956-11-29,,2020-08-15,2025-02-12,2.937713894592745,1.5578370978781657,4,5,0,0,5,,,0,,,,1,0.0148097583943481,1.0,185
10000229,hat,1,2022-12-03,2022,2022Q4,40,0,Male,Unknown,0,Not Hispanic or Latino,1982-08-30,,2020-02-24,2026-04-11,2.7734428473648185,3.353867214236824,5,4,0,0,6,,,0,,,,1,0.04669618889725719,1.0,186
10000230,hat,1,2025-08-28,2025,2025Q3,48,0,Female,White,0,Not Hispanic or Latino,1977-06-22,,2018-01-20,2026-01-27,7.603011635865846,0.4161533196440794,5,4,0,1,2,,,0,,,,1,0.08098085407140762,1.0,187
10000231,hat,1,2022-10-20,2022,2022Q4,53,0,Female,Unknown,0,Not Hispanic or Latino,1969-01-27,,2016-10-30,2023-01-30,5.971252566735113,0.2792607802874743,2,1,1,1,1,,,2,14.8,14.8,2022-12-20,1,0.01741276096261901,1.0,188
10000232,hat,1,2021-12-16,2021,2021Q4,18,0,Male,Other Race,0,Not Hispanic or Latino,2003-08-22,,2017-01-26,2024-06-10,4.887063655030801,2.4832306639288158,4,5,0,0,4,,,0,,,,1,0.0765343303324675,1.0,189
10000233,hat,1,2024-06-18,2024,2024Q2,62,0,Female,White,0,Not Hispanic or Latino,1961-08-16,,2015-03-17,2025-05-11,9.256673511293634,0.8952772073921971,2,3,1,0,1,,,0,,,,1,0.017669311742676788,1.0,190
10000234,hat,1,2024-07-26,2024,2024Q3,41,0,Female,White,0,Not Hispanic or Latino,1983-05-13,,2018-05-18,2025-08-24,6.190280629705681,1.0787132101300478,3,4,0,0,2,,,0,,,,1,0.036659007567607094,1.0,191
10000236,hat,1,2024-05-22,2024,2024Q2,45,0,Male,Black or African American,0,Not Hispanic or Latino,1978-10-08,,2020-04-26,2026-05-24,4.071184120465435,2.004106776180698,3,4,0,0,2,D89.40,2020-07-25,0,,,,1,0.02422618658964835,1.0,192
10000237,hat,1,2026-02-06,2026,2026Q1,65,0,Female,White,0,Not Hispanic or Latino,1960-09-25,,2024-06-09,2026-04-18,1.6618754277891854,0.1943874058863792,5,0,0,0,1,,,3,11.6,11.6,2025-10-27,1,0.016119402635459516,1.0,193
10000238,hat,1,2025-11-09,2025,2025Q4,18,0,Male,White,0,Not Hispanic or Latino,2007-07-05,,2020-02-25,2026-05-24,5.705681040383299,0.5366187542778919,5,3,1,1,1,,,0,,,,1,0.15504184035552054,1.0,194
10000239,hat,1,2022-06-28,2022,2022Q2,26,0,Female,White,0,Not Hispanic or Latino,1996-05-13,,2015-10-24,2024-12-09,6.677618069815195,2.4503764544832305,5,4,0,0,4,,,0,,,,1,0.12500482598242935,1.0,195
10000240,hat,1,2025-01-11,2025,2025Q1,56,0,Female,White,0,Not Hispanic or Latino,1969-01-11,,2018-07-03,2025-11-11,6.52703627652293,0.8323066392881588,3,3,0,0,5,,,1,12.0,12.0,2024-12-19,1,0.023348783481908553,1.0,196
10000243,hat,1,2024-03-27,2024,2024Q1,18,0,Female,White,0,Not Hispanic or Latino,2005-06-09,,2017-04-26,2024-12-20,6.91854893908282,0.7337440109514032,2,3,0,0,1,,,2,16.5,16.5,2023-11-19,1,0.055353460115186756,1.0,197
10000245,hat,1,2024-02-16,2024,2024Q1,24,0,Female,White,0,Hispanic or Latino,1999-06-10,,2015-01-01,2026-03-06,9.125256673511293,2.0506502395619437,6,2,1,0,4,,,0,,,,1,0.19058802581740752,1.0,198
10000246,hat,1,2023-03-13,2023,2023Q1,42,0,Female,White,0,Not Hispanic or Latino,1981-02-26,,2018-09-17,2023-12-03,4.484599589322382,0.7255304585900069,2,3,0,0,2,D89.40,2023-01-12,0,,,,1,0.0155218468265019,1.0,199
10000247,hat,1,2023-08-10,2023,2023Q3,18,0,Female,White,0,Not Hispanic or Latino,2004-12-19,,2016-10-22,2025-05-13,6.798083504449007,1.757700205338809,2,4,3,0,4,,,0,,,,1,0.050573289311952964,1.0,200
10000248,hat,1,2026-03-22,2026,2026Q1,60,0,Female,White,0,Not Hispanic or Latino,1966-02-11,,2020-12-28,2026-05-13,5.229295003422314,0.14236824093086928,2,1,0,0,1,,,3,11.9,11.4,2025-10-16,1,0.009708206819938217,1.0,201
10000249,hat,1,2023-01-19,2023,2023Q1,69,0,Female,Black or African American,0,Not Hispanic or Latino,1953-02-18,,2017-02-28,2024-04-12,5.88911704312115,1.2292950034223136,2,4,1,0,2,D89.40,2021-06-05,0,,,,1,0.00867268995365563,1.0,202
10000250,hat,1,2025-05-07,2025,2025Q2,33,0,Female,White,0,Hispanic or Latino,1991-10-24,,2020-07-31,2026-01-03,4.766598220396989,0.6598220396988365,4,2,0,1,6,,,0,,,,1,0.04224999967798032,1.0,203
10000251,hat,1,2026-04-12,2026,2026Q2,38,0,Female,White,0,Not Hispanic or Latino,1987-12-30,,2022-09-09,2026-04-12,3.589322381930185,0.0,4,0,1,0,1,,,0,,,,1,0.04219821644484072,1.0,204
10000252,hat,1,2024-07-13,2024,2024Q3,40,0,Female,White,0,Not Hispanic or Latino,1984-01-31,,2021-03-06,2025-12-13,3.353867214236824,1.4182067077344285,2,7,2,0,5,,,3,16.4,5.0,2024-05-17,1,0.012958747911054851,1.0,205
10000253,hat,1,2024-07-23,2024,2024Q3,18,0,Female,White,0,Not Hispanic or Latino,2006-02-15,,2020-09-26,2026-04-19,3.8220396988364134,1.7385352498288844,3,9,0,0,1,,,3,9.9,9.7,2024-04-16,1,0.05149177899200819,1.0,206
10000255,hat,1,2022-07-27,2022,2022Q3,63,0,Female,White,0,Hispanic or Latino,1958-09-17,,2019-01-31,2024-07-10,3.485284052019165,1.9548254620123204,5,4,0,1,6,,,3,21.6,12.8,2022-01-16,1,0.01506470703009891,1.0,207
10000256,hat,1,2024-04-08,2024,2024Q2,43,0,Male,White,0,Not Hispanic or Latino,1981-03-24,,2021-01-16,2026-02-17,3.2251882272416155,1.8617385352498288,6,2,2,1,2,,,1,10.6,10.6,2024-02-02,1,0.054738682275411676,1.0,208
10000257,hat,1,2022-03-20,2022,2022Q1,61,0,Female,White,0,Not Hispanic or Latino,1960-12-05,,2019-05-02,2022-08-22,2.8829568788501025,0.4243668720054757,3,6,0,1,3,D89.40,2019-05-02,1,6.6,6.6,2022-07-30,1,0.010464610285293658,1.0,209
10000259,hat,1,2025-04-03,2025,2025Q2,44,0,Female,White,0,Not Hispanic or Latino,1980-04-22,,2020-02-22,2026-05-07,5.111567419575633,1.0924024640657084,2,3,0,0,4,D89.40,2024-03-01,3,13.0,13.0,2025-04-19,1,0.015758305768364546,1.0,210
10000261,hat,1,2024-10-25,2024,2024Q4,18,0,Female,Black or African American,0,Hispanic or Latino,2006-07-19,,2021-02-12,2026-04-14,3.698836413415469,1.4674880219028064,3,8,1,1,1,,,0,,,,1,0.043384257433184276,1.0,211
10000262,hat,1,2026-05-18,2026,2026Q2,29,0,Female,White,0,Not Hispanic or Latino,1996-09-29,,2023-07-19,2026-05-18,2.830937713894593,0.0,5,0,0,0,2,,,0,,,,1,0.0704730720117127,1.0,212
10000263,hat,1,2022-09-14,2022,2022Q3,47,0,Female,Asian,0,Not Hispanic or Latino,1974-11-06,,2019-06-16,2024-03-07,3.247091033538672,1.4784394250513346,4,4,0,0,3,,,0,,,,1,0.02364722997459288,1.0,213
10000264,hat,1,2025-04-11,2025,2025Q2,40,0,Male,Asian,0,Not Hispanic or Latino,1985-03-24,,2016-03-21,2026-02-05,9.05681040383299,0.8213552361396304,4,5,1,0,3,,,1,17.3,17.3,2025-11-21,1,0.08614351951896088,1.0,214
10000265,hat,1,2021-11-29,2021,2021Q4,24,0,Female,White,0,Not Hispanic or Latino,1997-11-12,,2015-04-08,2022-08-07,6.6447638603696095,0.6872005475701575,3,5,0,1,3,D89.40,2017-12-18,0,,,,1,0.07299525643495873,1.0,215
10000268,hat,1,2023-03-12,2023,2023Q1,18,0,Female,Asian,0,Not Hispanic or Latino,2004-08-20,,2015-11-23,2024-11-04,7.299110198494182,1.6509240246406571,3,4,2,0,6,,,0,,,,1,0.08489291917820209,1.0,216
10000270,hat,1,2025-08-23,2025,2025Q3,38,0,Female,White,0,Not Hispanic or Latino,1986-12-23,,2017-07-31,2026-04-08,8.062970568104038,0.6242299794661191,3,3,0,0,1,,,3,11.3,11.3,2025-05-20,1,0.058066002695722846,1.0,217
10000271,hat,1,2023-04-09,2023,2023Q2,18,0,Female,White,1,Not Hispanic or Latino,2004-06-07,,2018-05-24,2026-05-05,4.876112251882272,3.0718685831622174,5,3,2,0,6,,,2,13.5,13.5,2023-05-06,1,0.11624690215105392,1.0,218
10000272,hat,1,2023-10-07,2023,2023Q4,40,0,Female,White,0,Not Hispanic or Latino,1983-01-12,,2018-06-02,2023-12-23,5.347022587268994,0.2108145106091718,4,1,1,0,3,,,2,14.6,14.6,2023-03-25,1,0.05266036919606996,1.0,219
10000273,hat,1,2025-12-05,2025,2025Q4,53,0,Female,White,0,Not Hispanic or Latino,1972-06-13,,2023-09-04,2026-04-30,2.2532511978097194,0.3997262149212868,3,2,0,0,2,,,1,12.3,12.3,2025-08-05,1,0.012467282885295703,1.0,220
10000274,hat,1,2025-10-06,2025,2025Q4,60,0,Female,Asian,0,Not Hispanic or Latino,1965-01-27,,2021-05-23,2026-01-05,4.372347707049966,0.24914442162902123,5,2,0,0,2,D89.40,2022-06-23,2,15.9,14.1,2025-12-06,1,0.028080429152060157,1.0,221
10000275,hat,1,2022-08-29,2022,2022Q3,51,0,Female,White,0,Not Hispanic or Latino,1970-10-06,,2018-09-03,2025-03-17,3.9863107460643397,2.5489390828199863,3,6,0,0,1,D89.40,2021-04-13,0,,,,1,0.01570269065182153,1.0,222
10000276,hat,1,2025-11-04,2025,2025Q4,18,0,Female,Unknown,0,Not Hispanic or Latino,2007-05-30,,2017-11-18,2026-05-27,7.96167008898015,0.5585215605749486,2,2,0,1,3,,,1,6.9,6.9,2025-12-04,1,0.08154096146140627,1.0,223
10000278,hat,1,2026-01-12,2026,2026Q1,18,0,Male,White,0,Not Hispanic or Latino,2007-05-17,,2015-01-01,2026-05-12,11.030800821355236,0.32854209445585214,2,3,1,0,2,,,1,9.8,9.8,2026-06-01,1,0.11313309183335629,1.0,224
10000279,hat,1,2026-01-13,2026,2026Q1,18,0,Male,White,0,Not Hispanic or Latino,2007-09-22,,2024-05-10,2026-04-28,1.678302532511978,0.2874743326488706,6,2,0,0,1,,,0,,,,1,0.10800124668631146,1.0,225
10000280,hat,1,2024-03-04,2024,2024Q1,18,0,Female,White,0,Not Hispanic or Latino,2005-12-15,2025-01-01,2015-12-08,2025-01-01,8.238193018480493,0.8295687885010267,3,4,0,0,1,D89.40,2021-10-05,3,13.6,12.4,2023-10-06,1,0.11465403182291,1.0,226
10000281,hat,1,2022-03-30,2022,2022Q1,54,0,Female,White,0,Not Hispanic or Latino,1968-01-11,,2015-01-01,2024-06-12,7.241615331964408,2.2039698836413417,3,6,1,1,2,,,0,,,,1,0.02584887728377948,1.0,227
10000282,hat,1,2024-02-08,2024,2024Q1,51,0,Female,Unknown,0,Not Hispanic or Latino,1973-02-06,,2017-09-11,2026-04-13,6.409308692676249,2.1765913757700206,5,7,0,0,5,D89.40,2020-04-09,0,,,,1,0.06485596507493349,1.0,228
10000283,hat,1,2025-04-21,2025,2025Q2,38,0,Female,White,0,Not Hispanic or Latino,1987-02-25,,2020-04-14,2026-01-08,5.018480492813142,0.7173169062286106,2,5,1,0,3,D89.40,2023-08-04,0,,,,1,0.019704119189311795,1.0,229
10000285,hat,1,2025-06-22,2025,2025Q2,39,0,Female,White,0,Unknown,1986-06-18,,2019-07-30,2026-05-17,5.897330595482546,0.9007529089664613,2,6,0,0,1,,,0,,,,1,0.01928147840911429,1.0,230
10000286,hat,1,2024-06-14,2024,2024Q2,37,0,Female,White,0,Not Hispanic or Latino,1986-10-20,,2016-01-25,2024-09-16,8.386036960985626,0.25735797399041754,2,0,0,1,3,,,0,,,,1,0.03825333851375231,1.0,231
10000288,hat,1,2022-10-28,2022,2022Q4,39,0,Female,White,0,Not Hispanic or Latino,1982-12-24,,2019-09-10,2025-09-07,3.132101300479124,2.861054072553046,2,1,0,0,5,D89.40,2020-08-03,1,15.6,15.6,2023-07-05,1,0.011652267047912866,1.0,232
10000289,hat,1,2023-04-24,2023,2023Q2,44,0,Female,Other Race,0,Unknown,1978-09-06,,2017-07-14,2026-02-11,5.776865160848733,2.8035592060232717,4,6,0,0,6,,,0,,,,1,0.03147083925949219,1.0,233
10000290,hat,1,2026-03-15,2026,2026Q1,47,0,Male,White,1,Not Hispanic or Latino,1978-03-23,,2020-02-08,2026-04-24,6.09719370294319,0.10951403148528405,2,1,0,0,1,,,0,,,,1,0.01810498750605312,1.0,234
10000291,hat,1,2024-12-07,2024,2024Q4,44,0,Female,Other Race,0,Not Hispanic or Latino,1980-11-11,,2019-11-13,2024-12-22,5.06776180698152,0.04106776180698152,3,0,1,0,1,D89.40,2022-12-26,3,19.0,10.0,2024-07-17,1,0.02511046715371333,1.0,235
10000292,hat,1,2026-04-09,2026,2026Q2,27,0,Female,White,0,Not Hispanic or Latino,1998-05-14,,2021-06-18,2026-04-14,4.80766598220397,0.013689253935660506,4,1,1,0,2,,,1,10.8,10.8,2026-01-19,1,0.07567887759135045,1.0,236
10000293,hat,1,2025-11-21,2025,2025Q4,71,0,Female,Asian,0,Not Hispanic or Latino,1953-12-20,,2023-11-24,2026-02-25,1.9931553730321698,0.26283367556468173,2,1,1,0,1,D89.40,2024-08-01,0,,,,1,0.003251151076738243,1.0,237
10000294,hat,1,2026-01-07,2026,2026Q1,65,0,Female,White,0,Not Hispanic or Latino,1960-04-21,,2023-01-11,2026-05-15,2.9897330595482545,0.35044490075290896,11,6,1,0,1,,,0,,,,1,0.07360189196956582,1.0,238
10000295,hat,1,2026-02-17,2026,2026Q1,46,0,Female,White,0,Not Hispanic or Latino,1979-06-17,,2016-01-04,2026-03-23,10.121834360027378,0.09308692676249145,3,1,1,0,1,,,0,,,,1,0.06516968877381624,1.0,239
10000296,hat,1,2026-05-30,2026,2026Q2,50,0,Female,White,0,Not Hispanic or Latino,1976-02-21,,2020-12-12,2026-05-30,5.462012320328542,0.0,4,0,1,1,1,,,0,,,,1,0.03855722098848127,1.0,240
10000297,hat,1,2025-06-27,2025,2025Q2,48,0,Male,White,0,Not Hispanic or Latino,1976-10-04,,2020-01-15,2026-03-10,5.448323066392882,0.7008898015058179,4,2,2,0,2,D89.40,2021-05-26,3,13.3,13.3,2025-03-23,1,0.039296420018550215,1.0,241
10000298,hat,1,2026-03-30,2026,2026Q1,36,0,Female,White,0,Not Hispanic or Latino,1990-01-01,,2024-06-15,2026-05-31,1.787816563997262,0.1697467488021903,5,1,0,0,1,,,3,9.5,7.8,2026-04-16,1,0.04585334073347564,1.0,242
10000299,hat,1,2024-03-20,2024,2024Q1,46,0,Female,Other Race,0,Not Hispanic or Latino,1977-04-29,,2018-10-05,2025-01-04,5.456536618754278,0.7939767282683093,3,1,1,0,4,D89.40,2020-07-20,0,,,,1,0.02378240983369137,1.0,243
10000300,hat,1,2025-02-01,2025,2025Q1,62,0,Female,White,0,Not Hispanic or Latino,1962-10-08,,2017-11-02,2026-04-18,7.2498288843258045,1.2073921971252566,5,2,0,0,1,,,2,24.6,24.6,2025-06-27,1,0.04488504232627949,1.0,244
10000301,hat,1,2023-03-12,2023,2023Q1,53,0,Male,White,0,Not Hispanic or Latino,1969-06-02,,2019-06-20,2025-06-13,3.7262149212867897,2.2559890485968515,5,4,0,1,1,,,3,12.7,12.7,2022-09-14,1,0.030819358216686098,1.0,245
10000302,hat,1,2024-06-14,2024,2024Q2,35,0,Female,Unknown,0,Not Hispanic or Latino,1989-01-08,,2016-03-18,2025-06-30,8.240930869267626,1.0431211498973305,3,4,0,0,6,D89.40,2022-05-03,0,,,,1,0.07854617667876036,1.0,246
10000304,hat,1,2026-05-03,2026,2026Q2,46,0,Female,White,0,Not Hispanic or Latino,1979-11-15,,2020-06-05,2026-05-25,5.908281998631074,0.06023271731690623,5,0,1,0,2,,,3,20.5,18.0,2026-06-01,1,0.06662732315546521,1.0,247
10000305,hat,1,2023-08-30,2023,2023Q3,27,0,Female,White,0,Not Hispanic or Latino,1996-01-18,,2018-07-11,2025-06-11,5.136208076659822,1.782340862422998,5,1,0,0,4,D89.40,2020-10-04,2,14.9,11.5,2023-05-17,1,0.09841810951690497,1.0,248
10000306,hat,1,2022-08-05,2022,2022Q3,39,0,Female,White,0,Not Hispanic or Latino,1982-10-13,,2016-12-17,2025-01-10,5.631759069130732,2.433949349760438,3,2,0,1,1,D89.40,2019-04-18,2,13.3,13.3,2022-11-14,1,0.03244800018783494,1.0,249
10000307,hat,1,2021-10-29,2021,2021Q4,40,0,Male,Black or African American,0,Not Hispanic or Latino,1981-09-23,,2016-08-06,2025-08-31,5.229295003422314,3.838466803559206,4,4,1,1,1,,,2,14.3,14.3,2021-10-31,1,0.04737523868819481,1.0,250
10000309,hat,1,2025-01-12,2025,2025Q1,67,0,Male,White,0,Not Hispanic or Latino,1957-12-20,,2015-01-01,2026-01-07,10.03148528405202,0.9856262833675564,4,9,1,0,5,,,0,,,,1,0.044312637388383085,1.0,251
10000310,hat,1,2026-03-09,2026,2026Q1,36,0,Female,White,0,Not Hispanic or Latino,1989-06-15,,2021-10-15,2026-03-20,4.396988364134154,0.030116358658453114,3,0,0,0,3,,,1,9.0,9.0,2025-12-26,1,0.0342619629614678,1.0,252
10000311,hat,1,2024-02-05,2024,2024Q1,18,0,Female,Other Race,0,Not Hispanic or Latino,2005-03-02,,2021-11-29,2025-05-23,2.184804928131417,1.2950034223134839,2,4,0,0,6,,,1,11.9,11.9,2024-03-24,1,0.02001818959360776,1.0,253
10000312,hat,1,2023-07-11,2023,2023Q3,62,0,Female,Black or African American,0,Not Hispanic or Latino,1960-11-14,,2018-01-13,2024-04-28,5.489390828199863,0.7994524298425736,3,3,0,0,1,,,0,,,,1,0.018569571681534273,1.0,254
10000313,hat,1,2021-10-21,2021,2021Q4,27,0,Male,White,0,Not Hispanic or Latino,1994-03-16,,2017-02-17,2022-08-20,4.673511293634497,0.8295687885010267,4,4,0,0,1,,,0,,,,1,0.07007773043028455,1.0,255
10000314,hat,1,2024-06-13,2024,2024Q2,76,0,Female,White,0,Not Hispanic or Latino,1948-04-18,,2018-01-21,2026-05-06,6.392881587953457,1.894592744695414,2,3,0,0,1,,,0,,,,1,0.005947249783892211,1.0,256
10000315,hat,1,2026-05-31,2026,2026Q2,42,0,Female,White,0,Not Hispanic or Latino,1983-08-14,,2015-01-01,2026-05-31,11.411362080766597,0.0,3,0,0,0,2,,,2,13.4,12.1,2026-06-01,1,0.09305960206972132,1.0,257
10000317,hat,1,2022-08-20,2022,2022Q3,31,0,Female,White,0,Unknown,1991-06-23,,2018-09-02,2024-05-07,3.9644079397672827,1.7138945927446954,6,4,0,0,1,,,0,,,,1,0.08306934001939613,1.0,258
10000318,hat,1,2025-12-18,2025,2025Q4,18,0,Female,Asian,0,Not Hispanic or Latino,2007-04-30,,2021-08-31,2026-05-11,4.298425735797399,0.3942505133470226,5,4,2,0,1,,,3,13.0,10.2,2025-12-23,1,0.11452444787734943,1.0,259
10000319,hat,1,2025-08-06,2025,2025Q3,26,0,Female,White,0,Not Hispanic or Latino,1998-12-08,,2020-12-16,2025-11-24,4.63791923340178,0.30116358658453113,2,1,1,0,1,D89.40,2023-05-09,0,,,,1,0.02898892742145397,1.0,260
10000320,hat,1,2024-01-03,2024,2024Q1,51,0,Female,White,0,Not Hispanic or Latino,1972-07-19,,2018-07-03,2024-08-07,5.503080082135524,0.5941136208076659,3,2,0,1,5,D89.40,2023-10-09,2,10.4,8.6,2023-09-07,1,0.023621324337701484,1.0,261
10000321,hat,1,2026-05-14,2026,2026Q2,18,0,Male,White,0,Not Hispanic or Latino,2008-04-25,,2023-04-06,2026-05-14,3.1047227926078027,0.0,3,0,1,1,1,,,1,12.3,12.3,2026-03-22,1,0.05120119247946136,1.0,262
10000322,hat,1,2024-10-01,2024,2024Q4,42,0,Female,White,0,Not Hispanic or Latino,1982-09-30,,2018-02-15,2026-05-21,6.625598904859685,1.6344969199178645,3,5,0,0,4,D89.40,2023-07-10,0,,,,1,0.03677101420717474,1.0,263
10000323,hat,1,2024-07-30,2024,2024Q3,22,0,Male,White,0,Not Hispanic or Latino,2002-01-22,,2015-01-01,2025-11-19,9.57700205338809,1.3059548254620124,2,4,0,0,6,,,0,,,,1,0.07316949618460683,1.0,264
10000324,hat,1,2023-08-18,2023,2023Q3,46,0,Male,Black or African American,0,Hispanic or Latino,1977-07-12,,2018-11-23,2023-10-12,4.733744010951403,0.15058179329226556,7,1,0,0,3,,,2,11.7,8.1,2023-04-14,1,0.07746216801269597,1.0,265
10000325,hat,1,2023-07-22,2023,2023Q3,35,0,Female,White,0,Not Hispanic or Latino,1988-03-12,,2016-06-24,2024-06-08,7.0746064339493495,0.8815879534565366,4,5,0,1,5,,,3,14.1,9.7,2023-01-13,1,0.08002521135268885,1.0,266
10000326,hat,1,2023-02-24,2023,2023Q1,72,0,Female,White,0,Not Hispanic or Latino,1950-10-29,,2018-04-14,2026-03-31,4.865160848733744,3.0965092402464065,5,2,0,0,2,D89.40,2020-12-10,0,,,,1,0.018163345587561563,1.0,267
10000327,hat,1,2025-12-07,2025,2025Q4,30,0,Female,White,0,Not Hispanic or Latino,1995-02-14,,2021-12-26,2026-04-09,3.9479808350444903,0.33675564681724846,3,2,0,0,4,,,0,,,,1,0.03823270372764441,1.0,268
10000328,hat,1,2025-01-14,2025,2025Q1,23,0,Female,White,0,Not Hispanic or Latino,2001-09-21,,2018-08-25,2026-03-23,6.3901437371663246,1.1854893908281998,2,4,0,0,3,,,0,,,,1,0.04121080033282626,1.0,269
10000330,hat,1,2025-02-18,2025,2025Q1,22,0,Female,Black or African American,0,Not Hispanic or Latino,2002-08-07,,2017-11-27,2026-05-29,7.227926078028747,1.273100616016427,3,3,0,1,1,,,0,,,,1,0.09668397154690102,1.0,270
10000331,hat,1,2024-09-28,2024,2024Q3,23,0,Female,White,0,Unknown,2000-12-04,,2017-03-22,2026-05-09,7.520876112251882,1.6098562628336757,4,2,0,0,2,D89.40,2021-01-30,0,,,,1,0.1080666837211426,1.0,271
10000333,hat,1,2023-04-21,2023,2023Q2,31,0,Female,White,0,Not Hispanic or Latino,1991-10-20,,2017-10-25,2026-02-04,5.486652977412731,2.7926078028747434,3,4,0,0,4,,,1,14.7,14.7,2023-07-03,1,0.04080733186707516,1.0,272
10000334,hat,1,2024-06-01,2024,2024Q2,34,0,Female,Black or African American,0,Unknown,1990-01-28,,2020-05-09,2025-08-16,4.0629705681040384,1.2073921971252566,2,3,0,0,5,D89.40,2023-11-13,1,9.8,9.8,2024-01-10,1,0.01919607571009792,1.0,273
10000335,hat,1,2026-01-09,2026,2026Q1,63,0,Male,White,0,Hispanic or Latino,1962-06-14,,2022-09-02,2026-04-02,3.353867214236824,0.2272416153319644,4,1,0,0,1,,,3,18.3,18.3,2026-06-01,1,0.011717306713663406,1.0,274
10000336,hat,1,2024-06-22,2024,2024Q2,55,0,Female,White,0,Not Hispanic or Latino,1968-09-20,,2020-02-23,2026-05-27,4.328542094455853,1.9274469541409993,8,7,1,1,1,D89.40,2022-09-04,1,10.8,10.8,2025-03-23,1,0.06920852056706647,1.0,275
10000337,hat,1,2023-01-02,2023,2023Q1,42,0,Female,White,0,Not Hispanic or Latino,1980-05-14,,2019-09-13,2025-02-11,3.3045859000684463,2.11088295687885,4,3,0,1,3,,,0,,,,1,0.030163232692900586,1.0,276
10000338,hat,1,2022-08-21,2022,2022Q3,18,0,Female,White,0,Not Hispanic or Latino,2004-02-06,,2015-01-01,2026-04-10,7.6358658453114305,3.6358658453114305,4,3,1,0,5,D89.40,2018-08-29,2,20.4,15.3,2022-04-16,1,0.12775551984640363,1.0,277
10000339,hat,1,2024-02-02,2024,2024Q1,24,0,Female,Black or African American,0,Not Hispanic or Latino,1999-03-23,,2019-02-23,2025-10-20,4.941820670773443,1.7138945927446954,3,5,0,0,3,,,2,18.3,18.3,2024-09-21,1,0.05980103344186002,1.0,278
10000340,hat,1,2022-05-21,2022,2022Q2,18,0,Female,White,0,Not Hispanic or Latino,2003-09-04,,2015-01-01,2023-06-23,7.383983572895278,1.0896646132785763,2,3,0,0,2,,,2,9.7,9.6,2021-11-11,1,0.05853385791540038,1.0,279
10000341,hat,1,2023-06-16,2023,2023Q2,52,0,Female,White,0,Not Hispanic or Latino,1970-10-30,,2019-01-15,2023-11-12,4.41615331964408,0.4079397672826831,6,5,0,0,4,,,1,10.4,10.4,2023-04-22,1,0.05447210383844848,1.0,280
10000342,hat,1,2021-10-23,2021,2021Q4,51,0,Female,Black or African American,0,Not Hispanic or Latino,1970-03-20,,2017-06-14,2024-01-23,4.358658453114305,2.2505133470225873,6,2,0,0,5,,,3,21.0,21.0,2021-04-18,1,0.057858561302226996,1.0,281
10000343,hat,1,2026-01-05,2026,2026Q1,32,0,Male,White,0,Unknown,1993-05-18,,2015-01-01,2026-05-11,11.011635865845312,0.34496919917864477,3,1,1,0,2,,,3,18.9,18.9,2025-08-28,1,0.10484013674579061,1.0,282
10000344,hat,1,2024-06-24,2024,2024Q2,29,0,Female,White,0,Hispanic or Latino,1995-03-26,,2017-11-12,2024-07-26,6.614647501711157,0.08761122518822724,5,1,0,0,3,D89.40,2021-07-11,0,,,,1,0.09588989699899356,1.0,283
10000345,hat,1,2023-09-15,2023,2023Q3,57,0,Female,White,0,Not Hispanic or Latino,1966-07-17,,2021-07-31,2025-10-24,2.1245722108145104,2.108145106091718,6,4,1,0,2,,,0,,,,1,0.02726332576588957,1.0,284
10000346,hat,1,2025-08-28,2025,2025Q3,18,0,Female,White,0,Not Hispanic or Latino,2007-04-14,,2021-04-19,2026-03-12,4.358658453114305,0.5366187542778919,3,2,2,0,1,,,0,,,,1,0.06125156798823512,1.0,285
10000347,hat,1,2024-07-08,2024,2024Q3,38,0,Female,White,0,Hispanic or Latino,1986-06-12,,2021-04-16,2026-01-11,3.2279260780287475,1.51129363449692,2,1,1,0,3,,,3,16.9,16.9,2024-07-07,1,0.009592663166519978,1.0,286
10000348,hat,1,2025-05-04,2025,2025Q2,52,0,Female,White,0,Not Hispanic or Latino,1972-11-24,,2020-06-26,2025-10-01,4.854209445585216,0.4106776180698152,5,4,0,0,3,,,0,,,,1,0.04417945656346211,1.0,287
10000349,hat,1,2022-10-19,2022,2022Q4,67,0,Female,White,0,Not Hispanic or Latino,1955-09-17,,2015-01-01,2025-09-19,7.797399041752224,2.91854893908282,5,3,1,0,4,D89.40,2020-01-31,0,,,,1,0.03689848195694625,1.0,288
10000350,hat,1,2022-09-05,2022,2022Q3,34,0,Female,White,0,Not Hispanic or Latino,1987-12-13,,2020-02-26,2023-05-14,2.524298425735797,0.6872005475701575,3,6,1,0,1,,,2,15.9,15.9,2022-07-18,1,0.02522181346363755,1.0,289
10000351,hat,1,2023-06-02,2023,2023Q2,18,0,Female,White,0,Not Hispanic or Latino,2004-08-09,,2018-02-05,2025-08-01,5.319644079397673,2.1656399726214923,3,4,0,0,3,,,1,6.8,6.8,2023-02-07,1,0.06468435127215584,1.0,290
10000354,hat,1,2025-07-18,2025,2025Q3,40,0,Female,White,0,Not Hispanic or Latino,1985-07-16,,2021-11-11,2026-05-29,3.682409308692676,0.8624229979466119,6,3,1,1,4,,,1,12.8,12.8,2025-08-07,1,0.07009693877656425,1.0,291
10000355,hat,1,2025-01-14,2025,2025Q1,41,0,Female,White,0,Not Hispanic or Latino,1983-12-21,,2015-01-01,2025-12-16,10.036960985626283,0.919917864476386,2,4,1,0,1,,,0,,,,1,0.042435762540537755,1.0,292
10000356,hat,1,2024-12-24,2024,2024Q4,62,0,Male,White,0,Hispanic or Latino,1962-03-18,,2020-06-01,2026-03-05,4.563997262149213,1.1937029431895962,5,4,0,0,6,,,0,,,,1,0.019978019807130345,1.0,293
10000357,hat,1,2022-09-14,2022,2022Q3,61,0,Female,White,0,Not Hispanic or Latino,1961-06-02,,2017-06-15,2024-10-21,5.248459958932238,2.102669404517454,2,4,0,0,2,,,0,,,,1,0.00817584977500596,1.0,294
10000358,hat,1,2023-02-27,2023,2023Q1,32,0,Female,White,0,Not Hispanic or Latino,1990-07-24,,2021-03-09,2025-08-24,1.9712525667351128,2.48870636550308,3,3,0,0,2,,,3,12.6,12.6,2022-10-20,1,0.021628313640606998,1.0,295
10000359,hat,1,2025-09-20,2025,2025Q3,52,0,Female,White,0,Not Hispanic or Latino,1972-11-13,,2020-09-30,2026-04-10,4.971937029431896,0.5530458590006845,9,4,0,0,1,,,1,7.8,7.8,2025-12-07,1,0.11209804983277537,1.0,296
10000360,hat,1,2022-07-18,2022,2022Q3,27,0,Female,Black or African American,0,Not Hispanic or Latino,1995-01-28,,2019-04-08,2024-11-17,3.277207392197125,2.3353867214236823,2,5,0,0,4,D89.40,2019-04-08,0,,,,1,0.02250827407553955,1.0,297
10000361,hat,1,2025-07-25,2025,2025Q3,27,0,Female,White,0,Not Hispanic or Latino,1998-01-16,,2025-03-17,2026-02-02,0.35592060232717315,0.5256673511293635,4,1,0,0,6,D89.40,2025-03-17,0,,,,1,0.03389568179808143,1.0,298
10000362,hat,1,2024-02-03,2024,2024Q1,61,0,Female,Asian,0,Not Hispanic or Latino,1962-05-22,,2018-09-18,2026-03-31,5.377138945927447,2.1546885694729636,4,3,0,0,3,,,0,,,,1,0.020060423806509946,1.0,299
10000363,hat,1,2022-11-27,2022,2022Q4,31,0,Female,Unknown,0,Not Hispanic or Latino,1991-11-18,,2015-01-01,2023-10-21,7.904175222450377,0.8980150581793293,3,2,0,0,5,,,0,,,,1,0.08563265544562855,1.0,300
10000366,hat,1,2022-08-10,2022,2022Q3,40,0,Male,White,0,Not Hispanic or Latino,1981-10-02,,2018-10-16,2026-02-26,3.8165639972621492,3.5482546201232035,8,6,0,0,3,,,0,,,,1,0.09410269511361623,1.0,301
10000367,hat,1,2025-12-04,2025,2025Q4,18,0,Female,White,0,Not Hispanic or Latino,2007-12-04,,2021-05-26,2026-05-21,4.525667351129363,0.459958932238193,2,2,0,1,2,,,2,14.5,14.5,2025-08-31,1,0.037211746609579044,1.0,302
10000368,hat,1,2025-02-24,2025,2025Q1,53,0,Female,White,0,Unknown,1971-10-15,,2023-07-19,2025-12-24,1.6043805612594113,0.8295687885010267,5,6,3,0,6,,,3,23.8,13.7,2024-10-29,1,0.02052877672784262,1.0,303
10000369,hat,1,2026-05-31,2026,2026Q2,53,0,Female,White,0,Unknown,1973-05-17,,2021-10-11,2026-05-31,4.635181382614648,0.0,2,0,1,0,1,,,0,,,,1,0.009932331490469081,1.0,304
10000370,hat,1,2026-05-31,2026,2026Q2,80,0,Female,Unknown,0,Not Hispanic or Latino,1946-01-11,,2019-04-07,2026-05-31,7.148528405201916,0.0,2,0,1,0,2,,,3,16.5,11.0,2026-03-20,1,0.008347054695909219,1.0,305
10000371,hat,1,2025-04-08,2025,2025Q2,28,0,Female,White,0,Unknown,1996-04-27,,2022-05-13,2025-11-04,2.9048596851471595,0.5749486652977412,6,2,0,0,1,D89.40,2023-08-06,2,19.6,19.6,2025-04-28,1,0.08287774008247645,1.0,306
10000373,hat,1,2023-10-10,2023,2023Q4,30,0,Female,White,0,Not Hispanic or Latino,1993-09-07,,2015-01-01,2025-08-16,8.772073921971252,1.8507871321013005,3,3,0,0,2,,,1,9.8,9.8,2023-11-08,1,0.07906432061592425,1.0,307
10000374,hat,1,2022-02-11,2022,2022Q1,55,0,Female,White,0,Not Hispanic or Latino,1966-12-09,,2018-01-10,2023-06-03,4.087611225188227,1.3059548254620124,3,6,0,0,5,,,2,11.2,6.9,2022-03-19,1,0.015134338327644506,1.0,308
10000375,hat,1,2021-10-23,2021,2021Q4,48,0,Female,White,0,Not Hispanic or Latino,1973-09-20,,2016-06-28,2023-01-26,5.319644079397673,1.2594113620807665,4,2,0,0,4,,,0,,,,1,0.03696862660523355,1.0,309
10000376,hat,1,2022-08-23,2022,2022Q3,18,0,Female,White,0,Hispanic or Latino,2004-07-17,,2020-02-23,2023-01-07,2.4969199178644765,0.3750855578370979,3,1,1,0,2,,,3,12.5,12.5,2022-02-24,1,0.03216771394046137,1.0,310
10000377,hat,1,2023-08-06,2023,2023Q3,21,0,Female,Unknown,0,Not Hispanic or Latino,2002-04-24,,2021-10-24,2025-07-15,1.782340862422998,1.9411362080766599,7,3,0,1,2,,,0,,,,1,0.13622057990048111,1.0,311
10000379,hat,1,2025-12-21,2025,2025Q4,34,0,Female,White,0,Not Hispanic or Latino,1991-01-02,,2021-03-30,2026-03-24,4.728268309377139,0.2546201232032854,5,1,1,0,3,,,0,,,,1,0.08065681673379188,1.0,312
10000380,hat,1,2025-01-07,2025,2025Q1,35,0,Female,White,1,Not Hispanic or Latino,1989-07-03,,2021-09-29,2025-10-08,3.274469541409993,0.7501711156741958,3,2,0,0,1,,,2,15.9,15.9,2024-09-07,1,0.027688546379578197,1.0,313
10000381,hat,1,2025-09-24,2025,2025Q3,35,0,Female,White,0,Not Hispanic or Latino,1990-06-13,,2022-10-20,2026-05-31,2.9295003422313486,0.6817248459958932,3,5,2,0,1,,,3,19.7,8.1,2025-06-01,1,0.026171303530405608,1.0,314
10000384,hat,1,2022-10-20,2022,2022Q4,63,0,Female,White,0,Not Hispanic or Latino,1958-12-23,,2019-02-27,2023-08-12,3.6440793976728267,0.810403832991102,5,2,1,0,1,D89.40,2019-04-16,0,,,,1,0.023610689768334133,1.0,315
10000385,hat,1,2025-11-09,2025,2025Q4,40,0,Female,White,0,Not Hispanic or Latino,1984-11-12,,2022-06-05,2026-03-07,3.430527036276523,0.32306639288158795,5,5,1,0,1,D89.40,2022-12-07,0,,,,1,0.05253900050768836,1.0,316
10000386,hat,1,2024-07-03,2024,2024Q3,53,0,Male,White,0,Not Hispanic or Latino,1970-08-27,,2020-09-12,2026-04-19,3.805612594113621,1.7932922655715264,2,4,0,0,1,,,0,,,,1,0.00858692304690302,1.0,317
10000387,hat,1,2023-12-24,2023,2023Q4,34,0,Female,White,0,Not Hispanic or Latino,1989-11-06,,2020-12-28,2026-04-29,2.9869952087611225,2.346338124572211,2,9,1,0,3,,,1,12.6,12.6,2023-09-09,1,0.014080651993765828,1.0,318
10000388,hat,1,2023-03-27,2023,2023Q1,43,0,Female,White,0,Hispanic or Latino,1979-08-04,,2020-11-08,2025-04-29,2.379192334017796,2.0917180013689256,3,3,0,0,1,,,0,,,,1,0.011486642049743746,1.0,319
10000389,hat,1,2026-01-11,2026,2026Q1,29,0,Male,White,0,Not Hispanic or Latino,1996-04-22,,2020-12-20,2026-05-21,5.059548254620124,0.35592060232717315,4,6,1,0,1,,,2,9.9,9.7,2026-05-28,1,0.07217553605288693,1.0,320
10000390,hat,1,2025-10-29,2025,2025Q4,39,0,Male,Black or African American,0,Hispanic or Latino,1986-01-25,,2019-12-31,2026-04-11,5.8288843258042435,0.4490075290896646,6,1,0,1,1,D89.40,2022-12-08,0,,,,1,0.09068986059584719,1.0,321
10000391,hat,1,2024-02-27,2024,2024Q1,18,0,Male,White,0,Unknown,2005-12-22,,2016-11-08,2026-05-22,7.301848049281314,2.2313483915126624,3,0,0,0,5,,,1,11.1,11.1,2024-07-02,1,0.07959603393832639,1.0,322
10000392,hat,1,2024-11-21,2024,2024Q4,28,0,Male,White,0,Not Hispanic or Latino,1996-11-17,,2021-04-25,2025-05-24,3.575633127994524,0.5037645448323066,4,3,0,0,1,,,0,,,,1,0.057414786075718934,1.0,323
10000393,hat,1,2025-01-29,2025,2025Q1,30,0,Male,White,0,Not Hispanic or Latino,1994-09-05,,2018-06-16,2026-05-30,6.622861054072553,1.3305954825462012,5,1,0,0,3,D89.40,2021-12-14,0,,,,1,0.11706074001569003,1.0,324
10000394,hat,1,2022-01-12,2022,2022Q1,22,0,Female,White,0,Not Hispanic or Latino,1999-07-03,,2017-03-13,2022-07-18,4.8350444900752905,0.5119780971937029,3,0,0,0,3,,,1,12.5,12.5,2022-08-29,1,0.05808223731820371,1.0,325
10000395,hat,1,2024-06-21,2024,2024Q2,49,0,Female,White,0,Not Hispanic or Latino,1974-11-01,,2023-03-22,2026-01-27,1.2511978097193703,1.6016427104722792,5,1,2,0,1,,,1,12.6,12.6,2024-11-13,1,0.023960599192537065,1.0,326
10000398,hat,1,2023-08-09,2023,2023Q3,52,0,Female,White,0,Not Hispanic or Latino,1970-10-26,,2018-09-16,2024-09-25,4.895277207392197,1.1307323750855578,2,1,0,0,3,,,0,,,,1,0.011354909455971928,1.0,327
10000399,hat,1,2024-08-19,2024,2024Q3,29,0,Female,White,0,Not Hispanic or Latino,1994-12-27,,2020-11-29,2026-04-09,3.7207392197125255,1.6372347707049966,2,3,0,2,1,D89.40,2024-06-24,3,16.3,14.4,2024-06-12,1,0.020173121040740354,1.0,328
20000000,control,0,2022-11-07,2022,2022Q4,32,0,Male,White,0,Not Hispanic or Latino,1990-08-25,,2019-11-10,2025-09-24,2.9924709103353866,2.8802190280629705,2,3,0,0,0,,,0,,,,1,0.014578123397895661,0.7533536585365785,23
20000001,control,0,2024-09-04,2024,2024Q3,86,0,Female,Other Race,0,Not Hispanic or Latino,1937-10-04,,2020-07-30,2025-02-15,4.098562628336755,0.4490075290896646,6,3,0,0,0,,,0,,,,1,0.013399715094791348,0.7533536585365785,205
20000003,control,0,2024-04-03,2024,2024Q2,31,0,Male,White,0,Not Hispanic or Latino,1992-08-08,,2023-01-19,2024-06-23,1.2046543463381245,0.22176591375770022,3,1,1,1,0,,,0,,,,1,0.022917266175216826,0.7533536585365785,192
20000013,control,0,2025-06-14,2025,2025Q2,41,0,Female,White,0,Not Hispanic or Latino,1984-04-24,,2021-05-21,2026-04-08,4.0657084188911705,0.8158795345653662,4,3,0,0,0,,,0,,,,1,0.03906128662376889,0.7533536585365785,203
20000019,control,0,2021-11-03,2021,2021Q4,62,0,Female,Unknown,0,Not Hispanic or Latino,1959-07-09,,2018-10-28,2023-07-19,3.0171115674195756,1.7056810403832992,6,1,0,0,0,,,0,,,,1,0.03384619848543862,0.7533536585365785,160
20000020,control,0,2024-08-02,2024,2024Q3,42,0,Female,Black or African American,0,Not Hispanic or Latino,1981-08-13,,2015-12-17,2025-11-11,8.626967830253252,1.2758384668035592,2,2,0,0,0,,,0,,,,1,0.03680179807768348,0.7533536585365785,191
20000029,control,0,2025-04-19,2025,2025Q2,51,0,Female,White,1,Unknown,1974-01-31,,2022-10-20,2026-01-13,2.4969199178644765,0.7364818617385352,4,1,0,0,0,,,0,,,,1,0.018377377297405673,0.7533536585365785,22
20000059,control,0,2022-12-22,2022,2022Q4,37,0,Female,White,0,Hispanic or Latino,1985-03-07,,2017-07-18,2023-09-18,5.429158110882957,0.7392197125256673,5,3,0,0,0,,,0,,,,1,0.057518479910446015,0.7533536585365785,62
20000061,control,0,2026-05-19,2026,2026Q2,25,0,Female,White,0,Not Hispanic or Latino,2001-03-06,,2023-12-28,2026-05-31,2.3901437371663246,0.03285420944558522,3,1,1,0,0,,,0,,,,1,0.0353757901563158,0.7533536585365785,240
20000062,control,0,2024-12-11,2024,2024Q4,37,0,Male,White,0,Not Hispanic or Latino,1987-03-14,,2023-01-24,2026-02-14,1.8809034907597535,1.1772758384668036,3,0,1,1,0,,,0,,,,1,0.019539614057365838,0.7533536585365785,293
20000073,control,0,2026-01-17,2026,2026Q1,18,0,Male,White,0,Not Hispanic or Latino,2007-05-02,,2025-08-24,2026-05-03,0.3997262149212868,0.29021218343600275,2,0,0,0,0,,,0,,,,1,0.018120660608085395,0.7533536585365785,234
20000074,control,0,2025-04-24,2025,2025Q2,78,0,Male,White,0,Not Hispanic or Latino,1947-03-10,,2020-05-12,2025-12-24,4.950034223134839,0.6680355920602327,5,2,0,0,0,,,0,,,,1,0.017671773243451983,0.7533536585365785,89
20000078,control,0,2024-10-25,2024,2024Q4,36,0,Female,White,0,Not Hispanic or Latino,1988-08-16,,2019-04-23,2026-03-28,5.508555783709788,1.4209445585215605,3,0,0,0,0,,,0,,,,1,0.03782737764539806,0.7533536585365785,263
20000081,control,0,2026-01-15,2026,2026Q1,72,0,Female,White,0,Not Hispanic or Latino,1953-03-09,,2020-11-28,2026-03-11,5.130732375085558,0.15058179329226556,4,0,0,0,0,,,0,,,,1,0.016544152337149554,0.7533536585365785,193
20000082,control,0,2025-03-18,2025,2025Q1,40,0,Male,White,0,Not Hispanic or Latino,1984-04-05,,2023-01-29,2025-12-19,2.132785763175907,0.75564681724846,5,2,0,0,0,,,0,,,,1,0.04071537864525285,0.7533536585365785,134
20000120,control,0,2024-09-04,2024,2024Q3,52,0,Female,Black or African American,0,Not Hispanic or Latino,1972-02-12,,2020-05-05,2026-04-30,4.334017796030117,1.6509240246406571,3,3,0,0,0,,,0,,,,1,0.02030459461985366,0.7533536585365785,328
20000122,control,0,2022-06-04,2022,2022Q2,39,0,Female,White,0,Not Hispanic or Latino,1983-05-10,,2018-05-03,2023-08-17,4.087611225188227,1.2019164955509924,5,6,0,0,0,,,0,,,,1,0.057360270300315506,0.7533536585365785,279
20000127,control,0,2026-01-02,2026,2026Q1,37,0,Female,White,1,Unknown,1988-11-17,,2015-01-01,2026-03-10,11.003422313483915,0.1834360027378508,2,1,0,0,0,,,0,,,,1,0.05338726005758579,0.7533536585365785,88
20000131,control,0,2026-02-23,2026,2026Q1,70,0,Female,Asian,0,Not Hispanic or Latino,1955-05-25,,2021-04-25,2026-05-26,4.832306639288158,0.2518822724161533,3,0,1,0,0,,,0,,,,1,0.009835756214908876,0.7533536585365785,201
20000138,control,0,2025-12-15,2025,2025Q4,66,0,Female,Black or African American,0,Not Hispanic or Latino,1959-07-08,,2019-12-06,2025-12-15,6.026009582477755,0.0,5,0,0,0,0,,,0,,,,1,0.040356877794500375,0.7533536585365785,268
20000142,control,0,2026-05-12,2026,2026Q2,18,0,Male,White,0,Hispanic or Latino,2007-12-15,,2023-01-10,2026-05-12,3.3347022587268995,0.0,4,0,0,0,0,,,2,4.9,4.9,2026-02-01,1,0.05783426341288538,1.506707317073157,133
20000143,control,0,2025-11-27,2025,2025Q4,23,0,Female,White,0,Not Hispanic or Latino,2002-05-31,,2024-02-12,2026-05-12,1.7905544147843941,0.4544832306639288,4,0,1,0,0,,,0,,,,1,0.050278301641117226,0.7533536585365785,316
20000150,control,0,2024-11-04,2024,2024Q4,62,0,Male,White,0,Not Hispanic or Latino,1962-04-11,,2019-08-15,2026-04-04,5.223819301848049,1.4127310061601643,8,3,2,0,0,,,0,,,,1,0.06581964317922741,0.8370596205961982,165
20000154,control,0,2024-02-05,2024,2024Q1,32,0,Female,White,0,Hispanic or Latino,1991-10-15,,2021-01-18,2025-08-05,3.047227926078029,1.4976043805612593,3,2,2,1,0,,,0,,,,1,0.019997494794522574,0.7533536585365785,299
20000161,control,0,2024-07-12,2024,2024Q3,47,0,Male,White,0,Not Hispanic or Latino,1977-03-31,,2017-05-02,2025-10-02,7.195071868583162,1.2238193018480492,5,0,1,0,0,,,0,,,,1,0.07412101412619346,0.8370596205961982,264
20000167,control,0,2025-11-30,2025,2025Q4,55,0,Female,Black or African American,0,Unknown,1970-06-29,,2019-11-11,2026-04-14,6.053388090349076,0.36960985626283366,3,0,0,0,0,,,0,,,,1,0.02382472485086477,0.8370596205961982,221
20000170,control,0,2023-02-06,2023,2023Q1,18,0,Female,White,0,Unknown,2004-06-06,,2015-01-01,2025-05-05,8.098562628336756,2.242299794661191,2,2,1,1,0,,,0,,,,1,0.05400781995836528,0.7533536585365785,76
20000173,control,0,2025-10-05,2025,2025Q4,71,0,Female,White,0,Not Hispanic or Latino,1954-09-22,,2020-06-21,2026-04-09,5.28952772073922,0.5092402464065708,6,5,1,0,0,,,0,,,,1,0.032574075978902856,0.941692073170723,115
20000174,control,0,2026-04-19,2026,2026Q2,50,0,Female,White,0,Not Hispanic or Latino,1976-02-16,,2023-01-30,2026-04-19,3.216974674880219,0.0,2,0,0,0,0,,,0,,,,1,0.009768946633078684,0.7533536585365785,304
20000179,control,0,2022-04-25,2022,2022Q2,40,0,Female,Black or African American,0,Not Hispanic or Latino,1981-07-08,,2018-08-23,2023-08-26,3.671457905544148,1.3360711841204653,5,2,0,0,0,,,0,,,,1,0.060044185095721854,0.7533536585365785,279
20000181,control,0,2024-10-19,2024,2024Q4,51,0,Female,White,0,Not Hispanic or Latino,1973-02-05,,2018-08-01,2025-03-01,6.217659137577002,0.36413415468856947,4,3,0,0,0,,,0,,,,1,0.04144551609503766,1.2555894308942974,96
20000186,control,0,2023-08-21,2023,2023Q3,52,0,Male,Other Race,0,Not Hispanic or Latino,1971-07-29,,2018-03-11,2025-06-28,5.44558521560575,1.8535249828884326,5,2,0,0,0,,,0,,,,1,0.038361459331037316,0.7533536585365785,123
20000196,control,0,2024-07-25,2024,2024Q3,46,0,Female,Unknown,0,Hispanic or Latino,1978-02-24,,2019-04-13,2025-11-06,5.284052019164956,1.2840520191649556,4,0,0,0,0,,,0,,,,1,0.03456022394162596,0.7533536585365785,191
20000201,control,0,2023-07-17,2023,2023Q3,49,0,Female,White,0,Unknown,1974-04-06,,2018-09-22,2024-07-01,4.815879534565366,0.9582477754962354,2,3,1,1,0,,,0,,,,1,0.01106586853179789,0.7533536585365785,327
20000202,control,0,2023-07-08,2023,2023Q3,36,0,Female,White,0,Not Hispanic or Latino,1986-08-06,,2020-10-27,2024-03-06,2.6940451745379876,0.6625598904859685,2,2,0,1,0,,,0,,,,1,0.014009732732384653,0.7533536585365785,185
20000204,control,0,2022-08-15,2022,2022Q3,18,0,Female,White,0,Not Hispanic or Latino,2003-11-25,,2015-10-30,2026-02-01,6.792607802874743,3.46611909650924,3,3,2,0,0,,,0,,,,1,0.07611263979011915,2.511178861788595,90
20000213,control,0,2022-08-04,2022,2022Q3,36,0,Female,White,0,Hispanic or Latino,1986-02-17,,2018-07-23,2023-06-15,4.032854209445585,0.8624229979466119,3,4,0,0,0,,,0,,,,1,0.02162739574778223,0.7533536585365785,297
20000214,control,0,2022-08-11,2022,2022Q3,41,0,Female,White,0,Not Hispanic or Latino,1980-09-07,,2018-09-16,2023-09-20,3.9014373716632442,1.108829568788501,4,3,0,0,0,,,0,,,,1,0.03719412651637713,0.7533536585365785,66
20000224,control,0,2023-06-09,2023,2023Q2,52,0,Female,White,1,Not Hispanic or Latino,1970-09-18,,2021-05-19,2024-11-20,2.0561259411362083,1.4510609171800137,3,1,0,0,0,,,0,,,,1,0.011576509492072059,0.7533536585365785,87
20000227,control,0,2022-12-31,2022,2022Q4,19,0,Female,Other Race,0,Not Hispanic or Latino,2003-05-23,,2020-06-19,2023-11-19,2.532511978097194,0.8843258042436687,4,1,1,0,0,,,0,,,,1,0.05515955299488143,0.7533536585365785,62
20000231,control,0,2024-07-12,2024,2024Q3,35,0,Female,White,0,Hispanic or Latino,1989-05-16,,2017-11-11,2025-08-01,6.666666666666667,1.054072553045859,2,2,0,0,0,,,0,,,,1,0.020445537699292658,0.7533536585365785,328
20000249,control,0,2025-10-06,2025,2025Q4,28,0,Female,White,0,Not Hispanic or Latino,1997-08-06,,2018-03-02,2025-12-03,7.597535934291581,0.15879534565366188,3,1,0,0,0,,,0,,,,1,0.07761617514232251,3.766768292682892,312
20000252,control,0,2023-10-02,2023,2023Q4,43,0,Female,White,0,Not Hispanic or Latino,1980-01-24,,2018-05-02,2026-03-03,5.418206707734429,2.4175222450376452,4,5,0,0,0,,,0,,,,1,0.04133490513716278,0.7533536585365785,70
20000256,control,0,2025-05-04,2025,2025Q2,41,0,Female,White,0,Not Hispanic or Latino,1983-12-01,,2021-01-15,2026-04-19,4.298425735797399,0.9582477754962354,2,7,1,0,0,,,0,,,,1,0.01530428977526544,0.7533536585365785,210
20000261,control,0,2022-04-26,2022,2022Q2,45,0,Female,White,0,Not Hispanic or Latino,1977-03-15,,2017-02-08,2024-09-07,5.210130047912389,2.3682409308692676,4,2,0,0,0,,,0,,,,1,0.03730157419213819,0.7533536585365785,37
20000263,control,0,2022-06-12,2022,2022Q2,32,0,Male,White,0,Not Hispanic or Latino,1990-03-22,,2017-11-15,2023-12-09,4.572210814510609,1.4921286789869952,4,2,0,0,0,,,0,,,,1,0.05558083391887522,0.8370596205961982,20
20000265,control,0,2022-05-30,2022,2022Q2,51,0,Female,White,0,Not Hispanic or Latino,1971-03-02,,2017-06-07,2023-06-11,4.97741273100616,1.0321697467488022,3,1,1,0,0,,,0,,,,1,0.02085998032463654,0.7533536585365785,12
20000278,control,0,2026-01-29,2026,2026Q1,34,0,Female,Unknown,0,Not Hispanic or Latino,1991-07-05,,2020-07-13,2026-01-29,5.546885694729637,0.0,2,0,0,0,0,,,0,,,,1,0.032252108413494365,0.7533536585365785,166
20000284,control,0,2026-05-25,2026,2026Q2,30,0,Female,White,0,Not Hispanic or Latino,1995-12-03,,2021-01-09,2026-05-25,5.371663244353183,0.0,2,0,1,0,0,,,0,,,,1,0.02927732354324812,0.7533536585365785,81
20000294,control,0,2026-01-07,2026,2026Q1,65,0,Male,White,0,Not Hispanic or Latino,1960-11-24,,2019-07-03,2026-05-03,6.5160848733744015,0.31759069130732376,2,2,0,0,0,,,0,,,,1,0.010105367125216121,0.7533536585365785,127
20000296,control,0,2024-05-04,2024,2024Q2,41,0,Female,White,0,Not Hispanic or Latino,1983-01-16,,2018-10-12,2026-01-06,5.560574948665297,1.675564681724846,3,1,0,1,0,,,0,,,,1,0.03148590394729403,0.7533536585365785,83
20000301,control,0,2024-05-11,2024,2024Q2,71,0,Female,White,0,Not Hispanic or Latino,1952-05-19,,2019-04-02,2024-07-17,5.108829568788501,0.1834360027378508,2,3,0,0,0,,,0,,,,1,0.006376611415394071,0.7533536585365785,146
20000307,control,0,2023-12-15,2023,2023Q4,53,0,Female,Unknown,0,Not Hispanic or Latino,1970-11-13,,2016-05-18,2026-05-06,7.575633127994524,2.3901437371663246,5,1,0,0,0,,,0,,,,1,0.07283360701111459,2.511178861788595,307
20000310,control,0,2022-03-20,2022,2022Q1,41,0,Female,Unknown,0,Not Hispanic or Latino,1980-07-05,,2015-01-01,2022-03-20,7.214236824093087,0.0,3,0,0,0,0,,,0,,,,1,0.05775955164006766,1.2555894308942974,325
20000322,control,0,2025-12-15,2025,2025Q4,49,0,Male,Other Race,0,Not Hispanic or Latino,1976-03-28,,2021-07-04,2026-04-15,4.4490075290896645,0.33127994524298426,5,2,0,0,0,,,0,,,,1,0.039728375185174816,0.7533536585365785,67
20000331,control,0,2024-03-18,2024,2024Q1,19,0,Female,White,0,Not Hispanic or Latino,2004-05-26,,2015-01-01,2025-01-13,9.210130047912388,0.8240930869267625,4,4,0,0,0,,,0,,,,1,0.18711111995921897,3.766768292682892,198
20000332,control,0,2022-09-13,2022,2022Q3,41,0,Female,White,0,Not Hispanic or Latino,1980-12-15,,2021-02-07,2023-03-14,1.596167008898015,0.49828884325804246,5,4,0,0,0,,,0,,,,1,0.03643510450125528,0.7533536585365785,66
20000347,control,0,2023-02-10,2023,2023Q1,44,0,Female,White,0,Not Hispanic or Latino,1978-03-30,,2021-04-17,2025-03-18,1.8179329226557153,2.099931553730322,5,3,1,0,0,,,0,,,,1,0.030521202859618575,0.7533536585365785,276
20000349,control,0,2025-05-10,2025,2025Q2,30,0,Female,White,0,Not Hispanic or Latino,1995-04-28,,2022-10-16,2026-03-17,2.565366187542779,0.8514715947980835,2,2,0,1,0,,,0,,,,1,0.016735574751470833,0.7533536585365785,22
20000360,control,0,2024-05-06,2024,2024Q2,60,0,Female,White,0,Not Hispanic or Latino,1963-07-06,,2023-09-01,2026-02-06,0.6789869952087612,1.754962354551677,3,1,0,0,0,,,0,,,,1,0.006628270058800568,0.7533536585365785,146
20000372,control,0,2026-02-26,2026,2026Q1,21,0,Female,White,0,Not Hispanic or Latino,2004-09-07,,2020-03-29,2026-02-26,5.9137577002053385,0.0,3,0,1,1,0,,,0,,,,1,0.07469953430264689,2.511178861788595,94
20000373,control,0,2026-03-19,2026,2026Q1,58,0,Male,White,0,Not Hispanic or Latino,1967-03-30,,2025-07-12,2026-04-29,0.6844626967830253,0.11225188227241616,5,1,1,0,0,,,0,,,,1,0.017467349737732618,0.7533536585365785,174
20000375,control,0,2026-05-16,2026,2026Q2,45,0,Female,White,0,Not Hispanic or Latino,1980-11-09,,2016-05-02,2026-05-16,10.036960985626283,0.0,4,0,0,0,0,,,0,,,,1,0.0995830189982605,3.766768292682892,32
20000391,control,0,2022-01-18,2022,2022Q1,46,0,Female,White,0,Not Hispanic or Latino,1975-12-30,,2020-06-05,2024-05-30,1.620807665982204,2.3627652292950034,6,3,0,0,0,,,0,,,,1,0.03606296135508981,0.7533536585365785,112
20000395,control,0,2024-08-08,2024,2024Q3,69,0,Female,White,0,Not Hispanic or Latino,1955-07-24,,2020-06-21,2025-04-17,4.131416837782341,0.6899383983572895,5,5,1,0,0,,,0,,,,1,0.020993876203480425,0.7533536585365785,328
20000406,control,0,2025-02-12,2025,2025Q1,40,0,Female,White,0,Not Hispanic or Latino,1984-06-15,,2021-01-22,2026-03-31,4.057494866529774,1.1279945242984257,4,2,0,0,0,,,0,,,,1,0.0395285921613064,0.7533536585365785,269
20000409,control,0,2023-06-25,2023,2023Q2,51,0,Female,Unknown,0,Not Hispanic or Latino,1971-09-25,,2018-12-14,2024-01-16,4.528405201916495,0.5612594113620808,5,1,0,0,0,,,0,,,,1,0.052389683858169014,0.8370596205961982,280
20000419,control,0,2021-11-24,2021,2021Q4,49,0,Male,Asian,0,Hispanic or Latino,1972-09-13,,2016-02-07,2023-05-22,5.796030116358659,1.4893908281998631,6,4,0,0,0,,,0,,,,1,0.046428540000770714,0.7533536585365785,250
20000428,control,0,2025-06-19,2025,2025Q2,52,0,Female,White,0,Not Hispanic or Latino,1972-08-03,,2017-07-02,2026-04-10,7.964407939767283,0.8076659822039699,3,3,0,0,0,,,0,,,,1,0.034722262605253414,0.7533536585365785,147
20000433,control,0,2022-11-29,2022,2022Q4,23,0,Female,White,0,Not Hispanic or Latino,1999-04-04,,2016-08-05,2026-04-15,6.316221765913758,3.375770020533881,2,1,0,0,0,,,0,,,,1,0.03497596745960866,0.7533536585365785,33
20000435,control,0,2022-10-31,2022,2022Q4,67,0,Male,Unknown,0,Not Hispanic or Latino,1955-07-22,,2015-01-01,2024-05-20,7.83025325119781,1.5523613963039014,5,1,0,0,0,,,0,,,,1,0.0499691635275918,0.7533536585365785,186
20000449,control,0,2021-10-07,2021,2021Q4,45,0,Female,White,0,Not Hispanic or Latino,1976-02-29,,2015-03-14,2022-02-16,6.568104038329911,0.3613963039014374,3,0,0,0,0,,,0,,,,1,0.03579389595945701,0.7533536585365785,160
20000466,control,0,2023-07-08,2023,2023Q3,36,0,Female,White,0,Not Hispanic or Latino,1986-10-28,,2021-08-03,2025-03-20,1.9274469541409993,1.700205338809035,3,1,0,0,0,,,0,,,,1,0.0196786794466879,0.7533536585365785,3
20000467,control,0,2026-05-06,2026,2026Q2,48,0,Female,White,0,Hispanic or Latino,1977-12-11,,2016-04-16,2026-05-06,10.053388090349076,0.0,2,0,0,0,0,,,0,,,,1,0.025374433995269594,0.7533536585365785,101
20000481,control,0,2023-10-07,2023,2023Q4,60,0,Female,White,0,Not Hispanic or Latino,1963-07-21,,2019-10-23,2024-03-10,3.9561943874058865,0.4243668720054757,4,0,0,0,0,,,0,,,,1,0.020163679607301966,0.7533536585365785,19
20000509,control,0,2021-12-27,2021,2021Q4,45,0,Female,White,0,Hispanic or Latino,1976-10-24,,2018-02-26,2022-11-15,3.8329911019849416,0.8843258042436687,5,4,0,0,0,,,0,,,,1,0.032687195269697905,0.7533536585365785,160
20000516,control,0,2026-01-08,2026,2026Q1,37,0,Female,White,0,Hispanic or Latino,1988-08-24,,2025-02-21,2026-03-26,0.8788501026694046,0.2108145106091718,5,1,0,0,0,,,0,,,,1,0.026930917929904447,0.7533536585365785,170
20000534,control,0,2023-07-14,2023,2023Q3,37,0,Female,White,0,Not Hispanic or Latino,1986-03-14,,2019-02-25,2024-12-12,4.380561259411362,1.4154688569472964,5,3,0,2,0,,,0,,,,1,0.06363837248688958,1.0762195121951121,61
20000540,control,0,2024-02-19,2024,2024Q1,51,0,Male,Unknown,0,Not Hispanic or Latino,1973-01-26,,2022-02-12,2026-05-11,2.0177960301163584,2.223134839151266,3,2,0,0,0,,,0,,,,1,0.013921934656549794,0.7533536585365785,59
20000543,control,0,2025-09-14,2025,2025Q3,39,0,Female,Asian,0,Unknown,1986-09-04,,2019-07-07,2026-04-13,6.190280629705681,0.5776865160848734,4,2,0,0,0,,,0,,,,1,0.04913925239838978,0.7533536585365785,162
20000548,control,0,2023-01-24,2023,2023Q1,45,0,Female,White,0,Not Hispanic or Latino,1977-04-27,,2020-11-23,2023-09-17,2.1683778234086244,0.6461327857631759,3,0,1,1,0,,,0,,,,1,0.016060788472078598,0.7533536585365785,199
20000552,control,0,2025-10-16,2025,2025Q4,35,0,Female,White,0,Hispanic or Latino,1990-08-31,,2020-11-12,2026-04-23,4.9253935660506505,0.5174537987679672,2,1,0,0,0,,,0,,,,1,0.015550979412048806,0.7533536585365785,132
20000556,control,0,2025-09-27,2025,2025Q3,23,0,Female,White,0,Not Hispanic or Latino,2002-05-07,,2021-12-22,2026-03-19,3.7645448323066395,0.4736481861738535,7,3,1,0,0,,,0,,,,1,0.1589189128603376,2.511178861788595,181
20000558,control,0,2022-11-07,2022,2022Q4,66,0,Female,White,0,Not Hispanic or Latino,1956-08-11,,2016-11-24,2023-04-03,5.952087611225188,0.4024640657084189,4,0,0,0,0,,,0,,,,1,0.02329397129976037,0.7533536585365785,315
20000577,control,0,2023-01-04,2023,2023Q1,52,0,Male,White,0,Not Hispanic or Latino,1970-06-03,2024-10-20,2021-03-20,2024-10-20,1.7932922655715264,1.7932922655715264,6,3,1,0,0,,,3,7.8,7.8,2022-09-17,1,0.03133916423255743,0.7533536585365785,245
20000580,control,0,2025-10-05,2025,2025Q4,35,0,Female,White,0,Not Hispanic or Latino,1990-02-22,,2019-07-18,2026-04-02,6.217659137577002,0.49007529089664614,4,2,1,1,0,,,0,,,,1,0.07109498659862279,1.0762195121951121,41
20000590,control,0,2023-05-28,2023,2023Q2,47,0,Female,White,0,Not Hispanic or Latino,1976-01-02,,2017-10-23,2023-10-04,5.593429158110883,0.3531827515400411,3,3,0,0,0,,,0,,,,1,0.028114607573533373,0.7533536585365785,38
20000608,control,0,2025-08-05,2025,2025Q3,18,0,Female,Black or African American,0,Not Hispanic or Latino,2006-11-25,,2019-07-24,2026-01-13,6.034223134839151,0.4407939767282683,2,1,0,0,0,,,0,,,,1,0.05695412205749541,0.7533536585365785,217
20000619,control,0,2022-03-08,2022,2022Q1,35,0,Female,Other Race,0,Not Hispanic or Latino,1987-02-03,,2018-10-27,2022-07-30,3.36208076659822,0.3942505133470226,4,1,0,0,0,,,0,,,,1,0.0378820881105766,0.7533536585365785,112
20000629,control,0,2022-12-11,2022,2022Q4,18,0,Female,Black or African American,0,Not Hispanic or Latino,2004-07-30,,2020-10-17,2024-04-02,2.1492128678986995,1.3086926762491444,3,4,0,1,0,,,0,,,,1,0.04666179795326049,0.7533536585365785,78
20000630,control,0,2025-08-17,2025,2025Q3,28,0,Female,White,0,Not Hispanic or Latino,1997-02-15,,2018-04-19,2026-03-28,7.329226557152635,0.6105407255304586,3,3,0,0,0,,,0,,,,1,0.07199495995264722,0.941692073170723,291
20000641,control,0,2024-04-06,2024,2024Q2,50,0,Female,White,0,Unknown,1973-11-22,,2015-01-01,2024-11-01,9.262149212867898,0.5722108145106092,4,1,1,0,0,,,0,,,,1,0.06308971083542148,1.883384146341446,275
20000643,control,0,2023-03-17,2023,2023Q1,32,0,Female,White,0,Not Hispanic or Latino,1990-08-03,,2021-12-13,2025-12-26,1.2566735112936345,2.7789185489390826,3,0,0,1,0,,,0,,,,1,0.018654644444701635,0.7533536585365785,267
20000645,control,0,2025-02-09,2025,2025Q1,40,0,Female,White,1,Not Hispanic or Latino,1984-10-22,,2023-05-24,2026-04-23,1.7166324435318274,1.1991786447638604,4,0,0,0,0,,,0,,,,1,0.02603836587564775,0.7533536585365785,313
20000646,control,0,2024-06-04,2024,2024Q2,48,0,Female,White,1,Not Hispanic or Latino,1975-11-28,,2021-07-04,2024-06-04,2.91854893908282,0.0,5,0,0,0,0,,,0,,,,1,0.037242730311042346,0.7533536585365785,231
20000650,control,0,2025-01-10,2025,2025Q1,50,0,Female,Black or African American,0,Not Hispanic or Latino,1974-03-03,,2023-06-23,2026-01-30,1.5523613963039014,1.054072553045859,4,2,0,0,0,,,0,,,,1,0.02117307107743578,0.7533536585365785,303
20000651,control,0,2025-11-02,2025,2025Q4,77,0,Female,Asian,0,Not Hispanic or Latino,1948-05-06,,2022-11-11,2026-05-08,2.976043805612594,0.5119780971937029,2,2,0,0,0,,,0,,,,1,0.0030733976093018324,0.7533536585365785,237
20000654,control,0,2025-11-13,2025,2025Q4,36,0,Female,White,0,Not Hispanic or Latino,1988-12-30,,2023-12-12,2026-02-08,1.9219712525667352,0.23819301848049282,2,1,0,0,0,,,0,,,,1,0.01256659345301014,0.7533536585365785,220
20000662,control,0,2024-07-30,2024,2024Q3,20,0,Female,White,0,Unknown,2004-05-12,,2016-11-12,2025-07-27,7.712525667351129,0.9911019849418207,2,3,0,0,0,,,0,,,,1,0.051358620243194306,0.7533536585365785,206
20000666,control,0,2026-03-06,2026,2026Q1,30,0,Male,White,0,Not Hispanic or Latino,1995-08-12,,2021-05-16,2026-03-06,4.804928131416838,0.0,3,0,0,0,0,,,0,,,,1,0.04543929292555829,0.7533536585365785,64
20000670,control,0,2023-03-24,2023,2023Q1,47,0,Female,White,0,Not Hispanic or Latino,1975-10-16,,2017-01-26,2024-01-14,6.154688569472964,0.810403832991102,3,2,1,0,0,,,0,,,,1,0.030075036834396697,0.7533536585365785,276
20000678,control,0,2026-02-18,2026,2026Q1,49,0,Female,White,0,Not Hispanic or Latino,1976-07-09,,2018-12-23,2026-02-18,7.156741957563312,0.0,5,0,0,0,0,,,0,,,,1,0.07469024550493725,1.506707317073157,238
20000683,control,0,2025-02-27,2025,2025Q1,27,0,Male,White,0,Not Hispanic or Latino,1997-04-16,,2021-11-06,2025-08-11,3.3100616016427105,0.4517453798767967,3,2,0,0,0,,,0,,,,1,0.03766133751230225,0.7533536585365785,134
20000702,control,0,2022-08-11,2022,2022Q3,44,0,Female,Asian,0,Hispanic or Latino,1978-05-08,,2017-09-17,2025-09-01,4.898015058179329,3.058179329226557,2,3,1,0,0,,,0,,,,1,0.008449948728368217,0.7533536585365785,294
20000704,control,0,2025-01-04,2025,2025Q1,55,0,Male,White,0,Not Hispanic or Latino,1969-11-28,,2019-02-05,2026-05-18,5.9137577002053385,1.3661875427789185,5,2,0,0,0,,,0,,,,1,0.04484598704886371,1.0762195121951121,251
20000707,control,0,2025-11-12,2025,2025Q4,21,0,Female,White,0,Not Hispanic or Latino,2004-03-04,,2023-07-03,2026-05-11,2.3627652292950034,0.4928131416837782,3,2,0,0,0,,,0,,,,1,0.0392162846650731,0.7533536585365785,268
20000710,control,0,2024-10-14,2024,2024Q4,18,0,Female,White,0,Not Hispanic or Latino,2006-05-04,,2021-05-01,2025-09-24,3.455167693360712,0.944558521560575,2,3,0,0,0,,,0,,,,1,0.029802483720675996,0.7533536585365785,107
20000716,control,0,2022-02-01,2022,2022Q1,40,0,Female,White,0,Not Hispanic or Latino,1981-06-26,,2020-03-04,2022-10-04,1.9137577002053388,0.6707734428473648,2,2,0,0,0,,,1,3.1,3.1,2022-05-22,1,0.010543940924946036,0.7533536585365785,209
20000727,control,0,2026-03-02,2026,2026Q1,40,0,Female,Asian,0,Not Hispanic or Latino,1985-06-18,,2021-06-01,2026-03-02,4.7501711156741955,0.0,2,0,0,0,0,,,0,,,,1,0.016615899367616878,0.7533536585365785,193
20000731,control,0,2025-02-06,2025,2025Q1,47,0,Female,White,0,Not Hispanic or Latino,1977-02-18,,2022-05-12,2025-02-06,2.7405886379192332,0.0,6,0,1,0,0,,,0,,,,1,0.04979971607825785,0.7533536585365785,102
20000732,control,0,2023-05-26,2023,2023Q2,60,0,Female,Unknown,0,Not Hispanic or Latino,1962-12-20,,2017-04-30,2023-06-14,6.069815195071868,0.05201916495550993,5,1,1,0,0,,,0,,,,1,0.05194094458585813,0.8370596205961982,280
20000744,control,0,2023-03-25,2023,2023Q1,53,0,Female,Black or African American,0,Not Hispanic or Latino,1969-05-03,,2020-11-08,2023-09-01,2.3737166324435317,0.4380561259411362,4,0,0,0,0,,,0,,,,1,0.02300790648024549,0.7533536585365785,85
20000752,control,0,2023-08-29,2023,2023Q3,45,0,Female,White,0,Not Hispanic or Latino,1978-01-07,,2020-06-05,2024-07-29,3.2306639288158796,0.917180013689254,3,3,0,0,0,,,0,,,,1,0.01905539889068424,0.7533536585365785,254
20000758,control,0,2026-03-06,2026,2026Q1,51,0,Male,White,0,Not Hispanic or Latino,1975-01-09,,2022-03-24,2026-05-12,3.9507186858316223,0.1834360027378508,3,0,1,0,0,,,0,,,,1,0.018433973302688835,0.7533536585365785,234
20000772,control,0,2026-05-14,2026,2026Q2,43,0,Female,White,0,Hispanic or Latino,1983-04-09,,2022-04-28,2026-05-20,4.043805612594114,0.01642710472279261,2,0,0,0,0,,,0,,,,1,0.010326905904538188,0.7533536585365785,304
20000798,control,0,2026-04-24,2026,2026Q2,45,0,Female,Unknown,0,Not Hispanic or Latino,1980-05-03,,2017-02-27,2026-04-25,9.152635181382614,0.0027378507871321013,2,0,0,0,0,,,0,,,,1,0.04133830056590045,1.2555894308942974,204
20000800,control,0,2025-02-06,2025,2025Q1,43,0,Female,White,0,Not Hispanic or Latino,1981-09-25,,2018-05-18,2026-03-05,6.72416153319644,1.0732375085557837,2,1,1,0,0,,,0,,,,1,0.021812818513029898,0.7533536585365785,303
20000809,control,0,2026-05-15,2026,2026Q2,67,0,Female,Black or African American,0,Not Hispanic or Latino,1959-05-05,,2025-03-26,2026-05-15,1.136208076659822,0.0,2,0,0,0,0,,,0,,,,1,0.004304580155494976,0.7533536585365785,35
20000810,control,0,2026-02-03,2026,2026Q1,47,0,Female,Asian,0,Not Hispanic or Latino,1978-08-22,,2020-12-30,2026-03-07,5.0951403148528405,0.08761122518822724,4,1,1,1,0,,,0,,,,1,0.0361138864808551,0.7533536585365785,166
20000817,control,0,2023-05-27,2023,2023Q2,20,0,Female,White,0,Not Hispanic or Latino,2002-09-20,,2016-11-26,2026-04-12,6.496919917864476,2.8774811772758384,2,4,1,0,0,,,0,,,,1,0.04148364679813479,0.7533536585365785,272
20000819,control,0,2021-12-01,2021,2021Q4,23,0,Female,Unknown,0,Not Hispanic or Latino,1998-03-30,,2017-08-07,2022-08-19,4.317590691307323,0.7145790554414785,3,7,0,0,0,,,0,,,,1,0.06191232957390902,1.883384146341446,39
20000821,control,0,2022-02-28,2022,2022Q1,24,0,Female,White,0,Not Hispanic or Latino,1997-12-31,,2016-11-09,2022-05-22,5.30321697467488,0.2272416153319644,2,0,0,0,0,,,0,,,,1,0.0351463978569845,0.7533536585365785,15
20000822,control,0,2024-03-07,2024,2024Q1,58,0,Female,Unknown,0,Not Hispanic or Latino,1965-10-30,,2015-07-12,2025-05-27,8.654346338124572,1.2210814510609171,2,3,0,0,0,,,0,,,,1,0.02202775363560113,0.7533536585365785,261
20000828,control,0,2024-04-02,2024,2024Q2,28,0,Male,Black or African American,0,Not Hispanic or Latino,1995-05-27,,2020-04-13,2026-01-20,3.969883641341547,1.8015058179329226,5,0,1,1,0,,,0,,,,1,0.0915616366100655,1.0762195121951121,28
20000832,control,0,2024-09-20,2024,2024Q3,42,0,Female,White,0,Not Hispanic or Latino,1982-01-19,,2022-08-23,2024-12-21,2.078028747433265,0.2518822724161533,4,1,0,1,0,,,0,,,,1,0.027637109829386598,0.7533536585365785,80
20000838,control,0,2022-08-04,2022,2022Q3,50,0,Female,White,0,Not Hispanic or Latino,1972-03-26,,2019-08-01,2024-01-25,3.0088980150581794,1.4757015742642026,3,3,1,0,0,,,0,,,,1,0.014732183960405236,0.7533536585365785,207
20000840,control,0,2023-02-27,2023,2023Q1,54,0,Female,White,0,Not Hispanic or Latino,1968-10-09,,2019-08-15,2023-09-07,3.5373032169746748,0.5256673511293635,2,2,0,0,0,,,0,,,,1,0.00863627206012997,0.7533536585365785,202
20000842,control,0,2022-11-06,2022,2022Q4,74,0,Female,White,0,Not Hispanic or Latino,1948-07-21,,2016-04-16,2023-09-04,6.5571526351813825,0.8268309377138946,2,3,0,0,0,,,0,,,,1,0.00710470054138554,0.7533536585365785,55
20000844,control,0,2025-06-18,2025,2025Q2,24,0,Male,White,0,Not Hispanic or Latino,2000-09-30,,2023-05-05,2026-02-22,2.1218343600273784,0.6817248459958932,3,0,1,0,0,,,0,,,,1,0.033412356569867865,0.7533536585365785,8
20000854,control,0,2022-07-21,2022,2022Q3,68,0,Female,White,0,Not Hispanic or Latino,1954-06-11,,2015-11-26,2023-09-08,6.650239561943874,1.1334702258726899,3,4,0,0,0,,,0,,,,1,0.0152499803558966,0.7533536585365785,207
20000855,control,0,2023-05-29,2023,2023Q2,78,0,Female,White,0,Not Hispanic or Latino,1944-11-03,,2015-04-20,2025-07-06,8.106776180698152,2.105407255304586,3,4,0,1,0,,,0,,,,1,0.012934881881708066,0.7533536585365785,120
20000862,control,0,2025-12-03,2025,2025Q4,50,0,Male,Black or African American,0,Not Hispanic or Latino,1975-07-01,,2015-01-01,2026-04-05,10.921286789869953,0.33675564681724846,5,0,1,0,0,,,0,,,,1,0.1516939665893089,7.533536585365784,194
20000892,control,0,2025-02-18,2025,2025Q1,26,0,Female,White,0,Not Hispanic or Latino,1998-05-17,,2015-07-21,2025-05-27,9.582477754962355,0.2683093771389459,3,2,0,0,0,,,0,,,,1,0.11414860419374061,1.883384146341446,109
20000893,control,0,2025-03-20,2025,2025Q1,79,0,Female,Asian,0,Not Hispanic or Latino,1946-02-05,,2016-12-02,2026-05-02,8.295687885010267,1.1170431211498972,5,2,1,0,0,,,0,,,,1,0.02709845061846425,0.7533536585365785,145
20000903,control,0,2023-01-29,2023,2023Q1,52,0,Female,White,0,Not Hispanic or Latino,1970-03-02,,2015-01-01,2026-03-01,8.0766598220397,3.0855578370978782,3,4,0,0,0,,,0,,,,1,0.03023851097357629,0.7533536585365785,276
20000906,control,0,2026-04-16,2026,2026Q2,22,0,Female,White,0,Not Hispanic or Latino,2003-08-31,,2020-11-25,2026-05-05,5.388090349075975,0.05201916495550993,4,2,0,0,0,,,0,,,,1,0.0981164897312606,1.506707317073157,257
20000907,control,0,2023-10-26,2023,2023Q4,44,0,Female,White,0,Unknown,1979-07-06,,2020-04-27,2026-04-26,3.4962354551676933,2.4996577686516086,6,2,1,0,0,,,0,,,,1,0.04678482296944364,0.7533536585365785,119
20000909,control,0,2022-12-26,2022,2022Q4,21,0,Female,White,0,Not Hispanic or Latino,2001-04-05,,2021-05-22,2024-06-08,1.596167008898015,1.4510609171800137,3,2,0,0,0,,,0,,,,1,0.03207814508359839,0.7533536585365785,95
20000918,control,0,2026-03-19,2026,2026Q1,35,0,Female,Other Race,0,Not Hispanic or Latino,1990-07-24,,2023-06-22,2026-05-24,2.7405886379192332,0.1806981519507187,4,1,1,0,0,,,0,,,,1,0.034472061853548286,0.7533536585365785,166
20000930,control,0,2024-05-30,2024,2024Q2,33,0,Female,White,0,Not Hispanic or Latino,1990-07-29,,2022-12-20,2025-03-20,1.4428473648186173,0.8049281314168378,4,0,0,0,0,,,0,,,,1,0.032622044271998094,0.7533536585365785,83
20000932,control,0,2025-11-12,2025,2025Q4,42,0,Female,White,0,Not Hispanic or Latino,1983-08-26,,2018-06-28,2026-05-30,7.3757700205338805,0.5448323066392882,2,1,0,0,0,,,0,,,,1,0.026329261090171793,0.7533536585365785,128
20000935,control,0,2023-06-13,2023,2023Q2,18,0,Female,White,0,Not Hispanic or Latino,2004-10-01,,2015-09-27,2023-10-15,7.709787816563997,0.3394934976043806,2,0,1,0,0,,,0,,,,1,0.0650882654109158,0.7533536585365785,290
20000961,control,0,2025-02-07,2025,2025Q1,67,0,Male,White,0,Not Hispanic or Latino,1957-11-22,,2022-03-10,2026-01-18,2.915811088295688,0.944558521560575,3,3,1,1,0,,,0,,,,1,0.008178066935356113,0.7533536585365785,144
20000965,control,0,2025-06-22,2025,2025Q2,55,0,Female,White,0,Not Hispanic or Latino,1969-12-19,,2020-03-01,2026-05-11,5.308692676249144,0.8843258042436687,3,1,0,0,0,,,0,,,,1,0.01939921223270174,0.7533536585365785,230
20000975,control,0,2025-12-13,2025,2025Q4,42,0,Female,White,0,Not Hispanic or Latino,1983-08-03,,2020-10-29,2026-03-14,5.122518822724161,0.24914442162902123,3,0,1,0,0,,,0,,,,1,0.03106942593392049,0.941692073170723,182
20000983,control,0,2025-11-08,2025,2025Q4,58,0,Female,White,0,Not Hispanic or Latino,1967-09-06,,2019-06-17,2025-11-08,6.395619438740589,0.0,3,0,0,0,0,,,0,,,,1,0.022525025992725864,0.7533536585365785,5
20000986,control,0,2026-01-12,2026,2026Q1,26,0,Female,White,0,Not Hispanic or Latino,1999-03-12,,2023-01-29,2026-05-30,2.954140999315537,0.37782340862423,2,3,0,0,0,,,0,,,,1,0.021382766311796177,0.7533536585365785,173
20000987,control,0,2024-12-27,2024,2024Q4,45,0,Female,White,0,Not Hispanic or Latino,1979-03-23,,2021-08-02,2026-02-02,3.403148528405202,1.1006160164271048,2,1,0,0,0,,,0,,,,1,0.011179069422794828,0.7533536585365785,121
20001014,control,0,2022-02-23,2022,2022Q1,37,0,Female,White,0,Not Hispanic or Latino,1984-05-06,,2016-11-15,2022-12-13,5.2731006160164275,0.8021902806297057,3,4,1,0,0,,,0,,,,1,0.03658217685556477,0.7533536585365785,112
20001015,control,0,2025-01-10,2025,2025Q1,55,0,Female,White,0,Not Hispanic or Latino,1969-03-30,,2017-11-16,2026-03-10,7.151266255989048,1.160848733744011,2,4,0,1,0,,,0,,,,1,0.015265583366142407,0.7533536585365785,157
20001020,control,0,2024-01-22,2024,2024Q1,57,0,Female,White,0,Not Hispanic or Latino,1966-03-17,,2019-09-06,2024-07-26,4.37782340862423,0.5092402464065708,4,0,1,0,0,,,0,,,,1,0.024032108148066143,0.7533536585365785,243
20001024,control,0,2024-05-23,2024,2024Q2,34,0,Female,Asian,0,Not Hispanic or Latino,1990-02-25,,2022-03-05,2025-10-14,2.217659137577002,1.3935660506502396,3,2,0,0,0,,,0,,,,1,0.020539111576898826,0.7533536585365785,93
20001034,control,0,2024-06-04,2024,2024Q2,55,0,Female,Unknown,0,Not Hispanic or Latino,1969-03-08,,2017-01-08,2026-05-29,7.403148528405202,1.9822039698836413,3,2,0,1,0,,,0,,,,1,0.03206858993159533,0.7533536585365785,83
20001035,control,0,2025-06-15,2025,2025Q2,40,0,Female,Black or African American,0,Not Hispanic or Latino,1985-03-13,,2020-04-14,2026-05-12,5.169062286105407,0.9062286105407256,3,3,0,0,0,,,0,,,,1,0.037838404070142335,0.7533536585365785,203
20001037,control,0,2024-09-02,2024,2024Q3,49,0,Female,White,0,Hispanic or Latino,1975-01-22,,2019-06-14,2025-01-10,5.221081451060917,0.35592060232717315,2,1,2,0,0,,,0,,,,1,0.010049775612716829,0.7533536585365785,286
20001050,control,0,2023-02-12,2023,2023Q1,30,0,Female,White,0,Not Hispanic or Latino,1992-10-26,,2020-09-11,2025-02-16,2.4202600958247777,2.0123203285420943,4,1,0,0,0,,,0,,,,1,0.03956597375827424,0.7533536585365785,172
20001059,control,0,2025-10-15,2025,2025Q4,43,0,Female,White,0,Not Hispanic or Latino,1982-09-03,,2024-11-07,2026-05-04,0.9363449691991786,0.5503080082135524,4,1,0,0,0,,,0,,,,1,0.021328800219844346,0.7533536585365785,128
20001084,control,0,2025-11-25,2025,2025Q4,64,0,Female,Unknown,0,Not Hispanic or Latino,1961-07-23,,2016-09-01,2026-05-22,9.232032854209445,0.487337440109514,3,5,0,0,0,,,0,,,,1,0.03580067839439302,0.8370596205961982,302
20001089,control,0,2023-03-28,2023,2023Q1,55,0,Female,White,0,Not Hispanic or Latino,1967-10-29,,2015-03-24,2026-01-31,8.010951403148528,2.847364818617385,2,3,0,0,0,,,0,,,,1,0.015810432434097584,0.7533536585365785,199
20001108,control,0,2025-05-01,2025,2025Q2,47,0,Female,White,0,Not Hispanic or Latino,1977-07-17,,2023-09-25,2025-11-05,1.5989048596851472,0.5147159479808351,6,2,1,0,0,,,0,,,,1,0.03941161674409105,1.0762195121951121,287
20001117,control,0,2023-09-27,2023,2023Q3,42,0,Female,White,0,Not Hispanic or Latino,1981-08-16,,2015-01-01,2026-04-20,8.736481861738536,2.5626283367556466,3,5,0,0,0,,,0,,,,1,0.04984436726802628,0.7533536585365785,200
20001120,control,0,2025-01-22,2025,2025Q1,61,0,Male,Black or African American,0,Not Hispanic or Latino,1963-06-05,,2020-12-16,2026-05-08,4.101300479123887,1.2895277207392197,2,3,2,0,0,,,0,,,,1,0.008336654030944477,0.7533536585365785,144
20001124,control,0,2025-09-09,2025,2025Q3,52,0,Female,White,0,Not Hispanic or Latino,1972-11-19,,2023-07-18,2026-05-30,2.1464750171115674,0.7200547570157426,6,3,0,0,0,,,0,,,,1,0.035923857058885296,0.7533536585365785,298
20001126,control,0,2026-05-26,2026,2026Q2,41,0,Female,White,0,Not Hispanic or Latino,1985-01-11,,2020-11-10,2026-05-26,5.538672142368241,0.0,3,0,0,0,0,,,0,,,,1,0.03522762142135368,0.7533536585365785,240
20001130,control,0,2025-12-08,2025,2025Q4,59,0,Female,White,0,Not Hispanic or Latino,1966-09-17,,2019-10-20,2026-05-16,6.135523613963039,0.4353182751540041,4,3,0,0,0,,,0,,,,1,0.030734497310698196,0.941692073170723,182
20001144,control,0,2024-08-21,2024,2024Q3,47,0,Female,White,0,Not Hispanic or Latino,1977-01-28,,2021-07-22,2026-01-04,3.082819986310746,1.3716632443531827,2,5,0,0,0,,,0,,,,1,0.009634226055632078,0.7533536585365785,286
20001151,control,0,2025-11-08,2025,2025Q4,26,0,Male,White,0,Not Hispanic or Latino,1999-11-05,,2021-04-02,2025-11-13,4.602327173169062,0.013689253935660506,6,0,0,0,0,,,0,,,,1,0.13596251877437704,1.506707317073157,139
20001157,control,0,2022-07-14,2022,2022Q3,31,0,Female,White,0,Not Hispanic or Latino,1990-08-24,,2017-06-01,2023-02-14,5.117043121149897,0.5886379192334018,2,2,0,0,0,,,0,,,,1,0.025930526449622026,0.7533536585365785,289
20001160,control,0,2025-03-24,2025,2025Q1,32,0,Female,White,0,Not Hispanic or Latino,1992-12-21,,2016-09-11,2026-02-28,8.531143052703628,0.9336071184120466,4,1,0,0,0,,,0,,,,1,0.11187631804230307,1.883384146341446,109
20001164,control,0,2026-05-15,2026,2026Q2,70,0,Female,Unknown,0,Not Hispanic or Latino,1955-09-12,,2024-04-06,2026-05-27,2.105407255304586,0.03285420944558522,2,1,0,0,0,,,0,,,,1,0.0047935805351004964,0.7533536585365785,35
20001177,control,0,2022-03-06,2022,2022Q1,30,0,Female,White,0,Not Hispanic or Latino,1991-11-04,,2020-02-15,2025-02-10,2.0533880903490758,2.9349760438056127,4,4,0,0,0,,,0,,,,1,0.034811075636394705,0.7533536585365785,15
20001178,control,0,2025-02-26,2025,2025Q1,60,0,Male,White,0,Not Hispanic or Latino,1965-01-24,,2018-12-27,2026-03-12,6.168377823408624,1.0376454483230664,5,6,2,0,0,,,0,,,,1,0.04031087845105535,0.7533536585365785,134
20001180,control,0,2025-06-28,2025,2025Q2,34,0,Female,White,0,Not Hispanic or Latino,1991-03-05,,2021-10-12,2026-03-30,3.7097878165639973,0.7529089664613279,2,1,0,0,0,,,0,,,,1,0.017935339378478098,0.7533536585365785,22
20001197,control,0,2025-05-24,2025,2025Q2,50,0,Male,White,0,Hispanic or Latino,1974-10-06,,2018-05-11,2026-05-19,7.036276522929501,0.9856262833675564,4,3,0,0,0,,,0,,,,1,0.033981875090877835,0.7533536585365785,86
20001202,control,0,2022-01-16,2022,2022Q1,18,0,Female,White,0,Not Hispanic or Latino,2003-12-06,,2018-10-01,2022-09-15,3.293634496919918,0.6625598904859685,4,3,0,0,0,,,0,,,,1,0.07596260974028039,1.0762195121951121,82
20001203,control,0,2022-01-02,2022,2022Q1,43,0,Female,Black or African American,1,Not Hispanic or Latino,1978-04-03,,2019-06-14,2023-09-28,2.5544147843942504,1.7357973990417521,7,4,2,0,0,,,0,,,,1,0.07364198615557706,1.0762195121951121,82
20001208,control,0,2025-12-02,2025,2025Q4,56,0,Female,White,0,Not Hispanic or Latino,1969-04-26,,2019-07-01,2026-03-16,6.422997946611909,0.28473648186173856,4,0,0,1,0,,,0,,,,1,0.036290413795485636,0.7533536585365785,268
20001212,control,0,2023-01-03,2023,2023Q1,45,0,Female,White,0,Not Hispanic or Latino,1977-06-11,,2019-06-24,2024-06-30,3.5290896646132786,1.4893908281998631,4,2,1,0,0,,,0,,,,1,0.029488568935688075,0.7533536585365785,276
20001221,control,0,2024-01-21,2024,2024Q1,52,0,Female,White,0,Not Hispanic or Latino,1972-01-01,,2019-09-06,2024-03-12,4.375085557837098,0.13963039014373715,3,1,1,0,0,,,0,,,,1,0.01925037912817186,0.7533536585365785,299
20001222,control,0,2024-03-20,2024,2024Q1,52,0,Female,White,0,Not Hispanic or Latino,1972-01-26,,2020-11-25,2026-05-07,3.3155373032169746,2.130047912388775,4,2,1,0,0,,,0,,,,1,0.02119766037170943,0.7533536585365785,253
20001246,control,0,2024-04-18,2024,2024Q2,58,0,Female,White,0,Not Hispanic or Latino,1965-05-30,,2021-04-28,2025-09-13,2.973305954825462,1.404517453798768,5,6,0,1,0,,,0,,,,1,0.02399454361652152,0.7533536585365785,326
20001261,control,0,2023-04-26,2023,2023Q2,54,0,Female,White,0,Not Hispanic or Latino,1969-03-15,,2015-09-19,2025-06-10,7.600273785078714,2.1245722108145104,5,2,0,0,0,,,0,,,,1,0.05898745089601761,1.2555894308942974,79
20001277,control,0,2025-11-07,2025,2025Q4,40,0,Female,White,0,Not Hispanic or Latino,1985-02-03,,2015-01-01,2026-04-21,10.850102669404517,0.4517453798767967,2,2,0,0,0,,,0,,,,1,0.05222813152765414,0.7533536585365785,316
20001296,control,0,2024-03-16,2024,2024Q1,40,0,Male,White,0,Unknown,1984-01-13,,2019-10-15,2026-03-22,4.418891170431212,2.0150581793292264,2,5,1,0,0,,,0,,,,1,0.013196234901216804,0.7533536585365785,59
20001300,control,0,2025-11-16,2025,2025Q4,70,0,Female,White,0,Not Hispanic or Latino,1955-07-07,,2023-09-14,2026-02-06,2.1738535249828885,0.2245037645448323,2,0,1,0,0,,,0,,,,1,0.003872782216509886,0.7533536585365785,237
20001305,control,0,2024-06-24,2024,2024Q2,30,0,Female,White,0,Not Hispanic or Latino,1993-10-07,2025-04-20,2021-08-01,2025-04-20,2.8966461327857633,0.8213552361396304,5,1,0,0,0,,,0,,,,1,0.06521472978526492,1.883384146341446,275
20001307,control,0,2026-01-03,2026,2026Q1,67,0,Male,Asian,0,Not Hispanic or Latino,1958-09-01,,2024-02-23,2026-01-03,1.8617385352498288,0.0,4,0,1,0,0,,,0,,,,1,0.010031322632516434,0.7533536585365785,127
20001308,control,0,2024-08-27,2024,2024Q3,77,0,Male,White,0,Unknown,1947-03-24,,2018-03-19,2026-01-29,6.442162902121835,1.4236824093086926,3,2,0,0,0,,,0,,,,1,0.009143149574536468,0.7533536585365785,317
20001313,control,0,2022-02-28,2022,2022Q1,55,0,Female,Unknown,0,Not Hispanic or Latino,1966-12-05,,2019-03-10,2023-12-07,2.973305954825462,1.7713894592744694,3,7,0,0,0,,,0,,,,1,0.014790201254402524,0.7533536585365785,308
20001314,control,0,2023-03-18,2023,2023Q1,37,0,Female,Unknown,0,Not Hispanic or Latino,1986-01-13,,2021-08-05,2024-09-25,1.6153319644079398,1.5249828884325805,2,1,0,0,0,,,0,,,,1,0.012926237186232717,0.7533536585365785,52
20001325,control,0,2026-01-12,2026,2026Q1,43,0,Female,White,0,Not Hispanic or Latino,1982-04-07,,2024-11-09,2026-05-27,1.1745379876796715,0.36960985626283366,5,0,0,0,0,,,0,,,,1,0.03182458673706934,0.7533536585365785,252
20001327,control,0,2025-11-27,2025,2025Q4,47,0,Female,White,0,Not Hispanic or Latino,1978-10-24,,2020-08-14,2026-02-12,5.286789869952088,0.2108145106091718,3,1,0,1,0,,,0,,,,1,0.02689420113000358,0.7533536585365785,1
20001328,control,0,2022-11-24,2022,2022Q4,27,0,Female,White,0,Not Hispanic or Latino,1995-09-11,,2015-01-01,2026-03-15,7.8959616700889805,3.3045859000684463,5,0,0,0,0,,,0,,,,1,0.13925387351073712,7.533536585365784,4
20001330,control,0,2022-08-11,2022,2022Q3,65,0,Female,Unknown,0,Not Hispanic or Latino,1956-10-21,,2019-04-21,2023-04-17,3.3073237508555784,0.6817248459958932,5,1,0,0,0,,,0,,,,1,0.025735259901590986,0.7533536585365785,289
20001336,control,0,2024-01-18,2024,2024Q1,30,0,Female,White,0,Not Hispanic or Latino,1993-04-14,,2020-11-21,2024-08-16,3.156741957563313,0.5776865160848734,2,1,0,1,0,,,0,,,,1,0.018964997793341508,0.7533536585365785,253
20001346,control,0,2024-10-23,2024,2024Q4,52,0,Female,White,0,Not Hispanic or Latino,1972-06-09,,2018-10-25,2025-10-29,5.9958932238193015,1.0157426420260096,5,3,1,1,0,,,0,,,,1,0.05167197983444857,0.941692073170723,74
20001352,control,0,2026-02-13,2026,2026Q1,53,0,Female,White,0,Not Hispanic or Latino,1972-12-10,,2023-08-21,2026-04-10,2.4832306639288158,0.15331964407939766,4,1,1,0,0,,,0,,,,1,0.02026234149419246,0.7533536585365785,71
20001358,control,0,2022-11-20,2022,2022Q4,37,0,Female,White,0,Hispanic or Latino,1985-07-23,,2018-10-28,2023-08-29,4.0629705681040384,0.7720739219712526,4,2,0,0,0,,,0,,,,1,0.032227031565537315,0.7533536585365785,95
20001375,control,0,2023-01-09,2023,2023Q1,67,0,Female,White,0,Not Hispanic or Latino,1955-09-21,,2018-06-12,2023-12-03,4.577686516084873,0.8980150581793293,3,2,0,0,0,,,0,,,,1,0.011073066795159306,0.7533536585365785,319
20001376,control,0,2026-02-16,2026,2026Q1,75,0,Female,White,0,Not Hispanic or Latino,1950-07-03,,2023-04-21,2026-05-29,2.8254620123203287,0.2792607802874743,7,2,0,0,0,,,0,,,,1,0.023924008337018948,0.7533536585365785,75
20001379,control,0,2026-01-01,2026,2026Q1,50,0,Male,White,0,Not Hispanic or Latino,1975-02-06,,2019-09-13,2026-01-01,6.3025325119780975,0.0,2,0,0,0,0,,,0,,,,1,0.017009690549434294,0.7533536585365785,174
20001381,control,0,2024-09-17,2024,2024Q3,44,0,Female,Asian,0,Not Hispanic or Latino,1980-04-07,,2017-07-13,2025-11-29,7.181382614647502,1.1991786447638604,2,1,0,0,0,,,0,,,,1,0.020454185352240188,0.7533536585365785,328
20001383,control,0,2025-02-28,2025,2025Q1,70,0,Female,White,0,Not Hispanic or Latino,1955-02-21,,2015-01-01,2026-03-25,10.160164271047227,1.0677618069815196,2,0,0,0,0,,,0,,,,1,0.015428720778799983,0.7533536585365785,157
20001394,control,0,2026-02-10,2026,2026Q1,47,0,Female,White,0,Hispanic or Latino,1978-10-06,,2017-03-16,2026-03-19,8.906228610540726,0.10130047912388775,2,0,1,0,0,,,0,,,,1,0.02128516600066414,0.7533536585365785,29
20001410,control,0,2023-08-22,2023,2023Q3,38,0,Female,White,0,Not Hispanic or Latino,1985-03-14,,2018-07-31,2024-02-12,5.059548254620124,0.47638603696098564,2,1,0,0,0,,,0,,,,1,0.020188019454821862,0.7533536585365785,3
20001424,control,0,2023-05-18,2023,2023Q2,33,0,Female,White,0,Not Hispanic or Latino,1989-09-29,,2019-01-06,2024-10-01,4.361396303901437,1.374401095140315,3,5,0,0,0,,,0,,,,1,0.03445738231468334,0.7533536585365785,233
20001425,control,0,2022-06-29,2022,2022Q2,48,0,Male,White,0,Not Hispanic or Latino,1973-08-10,,2018-05-28,2025-08-24,4.087611225188227,3.154004106776181,6,3,0,0,0,,,0,,,,1,0.04899614716008393,0.7533536585365785,44
20001431,control,0,2025-01-05,2025,2025Q1,45,0,Female,Black or African American,0,Not Hispanic or Latino,1979-07-16,,2023-08-10,2025-12-01,1.4072553045859,0.9034907597535934,3,5,0,0,0,,,0,,,,1,0.01627037799460034,0.7533536585365785,157
20001440,control,0,2025-05-11,2025,2025Q2,56,0,Male,White,0,Not Hispanic or Latino,1968-06-21,,2022-05-16,2026-05-27,2.9869952087611225,1.0431211498973305,6,5,0,0,0,,,0,,,,1,0.035403848833847014,0.7533536585365785,241
20001460,control,0,2025-12-26,2025,2025Q4,59,0,Female,White,0,Not Hispanic or Latino,1966-11-06,,2023-05-12,2025-12-26,2.625598904859685,0.0,5,0,0,0,0,,,0,,,,1,0.024021192918739286,0.7533536585365785,128
20001479,control,0,2023-08-27,2023,2023Q3,35,0,Male,White,0,Not Hispanic or Latino,1988-01-23,,2016-04-30,2025-11-28,7.323750855578371,2.2559890485968515,4,3,0,0,0,,,0,,,,1,0.07619626972009153,1.2555894308942974,265
20001484,control,0,2024-01-14,2024,2024Q1,47,0,Male,White,0,Not Hispanic or Latino,1976-02-26,,2021-08-11,2026-05-15,2.425735797399042,2.3326488706365502,2,2,0,0,0,,,0,,,,1,0.007991730215660913,0.7533536585365785,17
20001486,control,0,2022-07-08,2022,2022Q3,39,0,Female,Unknown,1,Not Hispanic or Latino,1983-06-07,,2021-03-18,2022-11-13,1.3059548254620124,0.35044490075290896,7,2,0,0,0,,,0,,,,1,0.077820723791411,2.511178861788595,90
20001489,control,0,2023-06-12,2023,2023Q2,59,0,Female,White,0,Not Hispanic or Latino,1964-01-14,,2017-01-17,2025-01-30,6.398357289527721,1.6372347707049966,5,1,0,0,0,,,0,,,,1,0.041692571358890304,0.7533536585365785,272
20001494,control,0,2023-09-12,2023,2023Q3,60,0,Female,White,0,Not Hispanic or Latino,1962-10-07,,2017-08-10,2024-09-17,6.0889801505817935,1.0157426420260096,3,3,0,0,0,,,0,,,,1,0.01849593529074601,0.7533536585365785,254
20001499,control,0,2026-04-29,2026,2026Q2,63,0,Female,White,0,Not Hispanic or Latino,1962-12-04,,2024-01-01,2026-04-29,2.324435318275154,0.0,3,0,1,0,0,,,0,,,,1,0.009075767935576405,0.7533536585365785,305
20001500,control,0,2026-04-14,2026,2026Q2,33,0,Male,White,0,Not Hispanic or Latino,1992-09-17,,2021-04-19,2026-05-03,4.985626283367557,0.05201916495550993,3,0,0,0,0,,,0,,,,1,0.04210936019736705,0.7533536585365785,142
20001505,control,0,2022-12-11,2022,2022Q4,37,0,Female,Unknown,0,Not Hispanic or Latino,1985-12-11,,2016-10-01,2023-05-24,6.193018480492813,0.4490075290896646,3,1,0,0,0,,,0,,,,1,0.05390489415094067,0.7533536585365785,62
20001512,control,0,2025-01-09,2025,2025Q1,26,0,Female,White,1,Not Hispanic or Latino,1998-11-30,,2022-11-08,2026-05-10,2.1711156741957565,1.3305954825462012,4,1,1,1,0,,,0,,,,1,0.045612798427483586,1.2555894308942974,244
20001524,control,0,2025-01-30,2025,2025Q1,50,0,Male,Unknown,0,Not Hispanic or Latino,1974-12-29,,2015-01-01,2026-05-11,10.080766598220396,1.2758384668035592,2,1,0,0,0,,,0,,,,1,0.037424246039361,0.7533536585365785,134
20001544,control,0,2025-08-05,2025,2025Q3,47,0,Female,White,0,Not Hispanic or Latino,1977-10-30,,2020-04-03,2026-03-05,5.338809034907597,0.5804243668720055,3,1,1,1,0,,,0,,,,1,0.026452072044339418,0.7533536585365785,314
20001545,control,0,2026-01-25,2026,2026Q1,56,0,Female,White,0,Not Hispanic or Latino,1969-09-12,,2015-11-17,2026-05-07,10.190280629705681,0.2792607802874743,4,0,0,0,0,,,0,,,,1,0.06960449604057309,1.506707317073157,238
20001546,control,0,2025-03-08,2025,2025Q1,51,0,Female,White,0,Not Hispanic or Latino,1973-03-28,,2020-12-20,2026-01-10,4.213552361396304,0.8432580424366872,5,2,0,1,0,,,0,,,,1,0.039705719010681886,0.8370596205961982,292
20001548,control,0,2026-05-20,2026,2026Q2,57,0,Female,Black or African American,0,Not Hispanic or Latino,1969-03-08,,2019-10-13,2026-05-20,6.6009582477754964,0.0,4,0,1,0,0,,,0,,,,1,0.04342083316654917,1.2555894308942974,176
20001556,control,0,2025-08-08,2025,2025Q3,42,0,Female,White,0,Not Hispanic or Latino,1982-11-14,,2022-11-15,2025-11-13,2.729637234770705,0.2655715263518138,6,1,0,0,0,,,0,,,,1,0.05795294731366648,0.7533536585365785,217
20001565,control,0,2024-08-26,2024,2024Q3,41,0,Female,White,0,Not Hispanic or Latino,1982-10-02,,2022-09-01,2026-04-02,1.9849418206707734,1.5989048596851472,5,4,0,1,0,,,0,,,,1,0.036151031505501266,0.7533536585365785,191
20001571,control,0,2026-02-03,2026,2026Q1,52,0,Female,White,0,Not Hispanic or Latino,1973-05-11,,2025-06-14,2026-04-17,0.6406570841889117,0.1998631074606434,2,1,0,0,0,,,2,6.3,3.9,2025-08-09,1,0.00562581524500546,0.7533536585365785,97
20001577,control,0,2022-10-31,2022,2022Q4,34,0,Male,White,0,Not Hispanic or Latino,1988-08-18,,2020-07-01,2022-11-05,2.3326488706365502,0.013689253935660506,2,0,0,0,0,,,0,,,,1,0.014764301600527798,0.7533536585365785,23
20001584,control,0,2022-12-05,2022,2022Q4,31,0,Female,Black or African American,0,Not Hispanic or Latino,1991-06-08,,2021-01-13,2025-03-29,1.891854893908282,2.3134839151266258,5,2,0,1,0,,,0,,,,1,0.05632595864346812,0.7533536585365785,62
20001592,control,0,2022-04-11,2022,2022Q2,47,0,Female,White,0,Not Hispanic or Latino,1974-09-23,,2015-01-01,2023-02-27,7.274469541409993,0.8815879534565366,4,3,0,0,0,,,0,,,,1,0.055165436397053,0.7533536585365785,279
20001600,control,0,2022-11-30,2022,2022Q4,44,0,Male,White,0,Not Hispanic or Latino,1978-04-14,,2015-01-01,2023-02-20,7.912388774811773,0.2245037645448323,5,1,0,0,0,,,0,,,,1,0.0985013209659589,1.883384146341446,16
20001602,control,0,2025-01-10,2025,2025Q1,31,0,Female,White,0,Not Hispanic or Latino,1993-05-15,,2015-01-01,2025-08-06,10.026009582477755,0.5694729637234771,2,1,0,1,0,,,0,,,,1,0.06118529036414555,1.2555894308942974,141
20001618,control,0,2023-10-23,2023,2023Q4,41,0,Female,White,0,Not Hispanic or Latino,1982-07-30,,2021-07-28,2024-02-29,2.236824093086927,0.3531827515400411,4,1,0,0,0,,,0,,,,1,0.02923664683241817,0.7533536585365785,150
20001619,control,0,2023-12-01,2023,2023Q4,27,0,Female,Unknown,0,Not Hispanic or Latino,1996-05-09,,2019-08-20,2024-07-15,4.2819986310746065,0.621492128678987,3,1,0,0,0,,,0,,,,1,0.054015622609481916,0.7533536585365785,219
20001626,control,0,2023-12-13,2023,2023Q4,41,0,Female,White,0,Not Hispanic or Latino,1982-11-12,,2021-07-14,2024-09-07,2.414784394250513,0.7364818617385352,4,2,2,0,0,,,0,,,,1,0.029376700379390316,0.7533536585365785,150
20001640,control,0,2022-08-14,2022,2022Q3,48,0,Female,Black or African American,0,Not Hispanic or Latino,1974-07-02,,2020-10-24,2023-03-27,1.8042436687200547,0.6160164271047228,3,2,1,0,0,,,0,,,,1,0.016018519810272976,0.7533536585365785,222
20001643,control,0,2024-06-07,2024,2024Q2,54,0,Female,White,0,Not Hispanic or Latino,1970-04-26,,2022-06-13,2026-05-26,1.9849418206707734,1.9657768651608487,2,3,1,0,0,,,0,,,,1,0.0058871505580461335,0.7533536585365785,256
20001648,control,0,2022-03-08,2022,2022Q1,18,0,Female,White,0,Not Hispanic or Latino,2003-05-23,,2020-11-22,2022-10-26,1.2895277207392197,0.6351813826146475,3,3,0,0,0,,,0,,,,1,0.035724242334480655,0.7533536585365785,112
20001650,control,0,2022-11-03,2022,2022Q4,41,0,Female,White,0,Not Hispanic or Latino,1981-08-08,,2016-07-21,2023-01-18,6.286105407255304,0.2080766598220397,3,1,0,0,0,,,0,,,,1,0.03958684850228378,0.7533536585365785,78
20001659,control,0,2026-04-25,2026,2026Q2,76,0,Female,White,0,Not Hispanic or Latino,1949-09-24,,2023-04-20,2026-05-31,3.0143737166324436,0.09856262833675565,4,1,2,0,0,,,0,,,,1,0.009836756602958395,0.7533536585365785,304
20001661,control,0,2023-06-24,2023,2023Q2,27,0,Female,White,0,Not Hispanic or Latino,1996-01-27,,2021-02-11,2025-06-01,2.3627652292950034,1.9383983572895278,4,1,0,0,0,,,0,,,,1,0.04369601184101234,0.7533536585365785,42
20001667,control,0,2021-12-05,2021,2021Q4,44,0,Female,Black or African American,0,Not Hispanic or Latino,1977-09-06,,2019-02-27,2023-03-28,2.7707049965776864,1.3086926762491444,4,2,0,0,0,,,0,,,,1,0.031907818958264576,0.7533536585365785,160
20001671,control,0,2025-07-01,2025,2025Q3,41,0,Female,White,0,Not Hispanic or Latino,1983-07-30,,2022-08-15,2026-05-18,2.8774811772758384,0.8788501026694046,6,2,0,0,0,,,0,,,,1,0.05901026500515071,0.7533536585365785,217
20001674,control,0,2024-06-05,2024,2024Q2,21,0,Female,White,0,Not Hispanic or Latino,2003-02-14,,2016-11-11,2025-04-09,7.564681724845996,0.8432580424366872,3,4,1,1,0,,,0,,,,1,0.09309129180784885,0.941692073170723,283
20001675,control,0,2025-12-26,2025,2025Q4,55,0,Female,Black or African American,0,Not Hispanic or Latino,1970-01-07,,2017-02-19,2026-03-19,8.848733744010952,0.2272416153319644,2,0,1,0,0,,,0,,,,1,0.026072493896643817,0.8370596205961982,221
20001686,control,0,2023-08-07,2023,2023Q3,41,0,Male,Unknown,0,Not Hispanic or Latino,1982-02-03,,2018-05-05,2024-11-20,5.256673511293634,1.2895277207392197,3,3,0,1,0,,,0,,,,1,0.03765403942029642,0.7533536585365785,123
20001689,control,0,2022-01-15,2022,2022Q1,85,0,Female,White,0,Unknown,1936-03-05,,2015-01-01,2025-08-06,7.039014373716633,3.5564681724845997,4,5,1,0,0,,,0,,,,1,0.010092469073475498,0.7533536585365785,209
20001699,control,0,2023-02-16,2023,2023Q1,37,0,Female,White,0,Not Hispanic or Latino,1985-10-06,,2021-05-01,2023-09-25,1.7960301163586585,0.6050650239561944,2,0,0,0,0,,,0,,,,1,0.011548714835449142,0.7533536585365785,319
20001714,control,0,2022-07-31,2022,2022Q3,32,0,Female,White,0,Not Hispanic or Latino,1989-08-11,,2019-06-15,2022-11-17,3.1266255989048597,0.29842573579739906,3,0,1,0,0,,,0,,,,1,0.030935660398956143,0.7533536585365785,249
20001721,control,0,2024-05-19,2024,2024Q2,18,0,Female,White,0,Not Hispanic or Latino,2005-09-18,,2021-07-11,2026-03-31,2.855578370978782,1.864476386036961,4,4,0,0,0,,,0,,,,1,0.06510260765946517,2.511178861788595,171
20001730,control,0,2023-11-11,2023,2023Q4,29,0,Male,White,0,Not Hispanic or Latino,1994-07-01,,2021-05-23,2025-01-05,2.4695414099931554,1.1526351813826146,5,6,0,0,0,,,0,,,,1,0.06134631077142545,0.7533536585365785,180
20001734,control,0,2024-06-26,2024,2024Q2,54,0,Male,White,0,Not Hispanic or Latino,1970-02-09,,2017-07-24,2025-07-05,6.924024640657084,1.0239561943874058,5,2,0,0,0,,,0,,,,1,0.05657968304979527,0.7533536585365785,208
20001735,control,0,2023-12-20,2023,2023Q4,56,0,Female,White,0,Not Hispanic or Latino,1967-12-09,,2018-11-10,2023-12-26,5.108829568788501,0.01642710472279261,6,0,2,0,0,,,0,,,,1,0.054947697250829014,0.7533536585365785,219
20001737,control,0,2025-09-12,2025,2025Q3,27,0,Female,White,0,Not Hispanic or Latino,1998-08-20,,2021-08-20,2026-04-28,4.0629705681040384,0.6242299794661191,2,3,1,1,0,,,0,,,,1,0.024709441473002646,0.7533536585365785,314
20001745,control,0,2024-08-24,2024,2024Q3,43,0,Female,White,0,Not Hispanic or Latino,1981-02-12,,2021-11-20,2026-03-28,2.759753593429158,1.5906913073237507,4,5,0,1,0,,,0,,,,1,0.02742004612176494,0.7533536585365785,80
20001748,control,0,2024-03-05,2024,2024Q1,71,0,Male,White,0,Not Hispanic or Latino,1952-11-05,,2020-12-03,2025-01-21,3.252566735112936,0.8815879534565366,3,5,0,0,0,,,0,,,,1,0.007560209415022224,0.7533536585365785,17
20001750,control,0,2025-11-11,2025,2025Q4,61,0,Female,White,0,Not Hispanic or Latino,1964-06-25,,2018-03-23,2026-05-29,7.638603696098563,0.5448323066392882,3,3,1,0,0,,,0,,,,1,0.024320377582728325,0.8370596205961982,221
20001751,control,0,2024-03-03,2024,2024Q1,54,0,Female,White,0,Not Hispanic or Latino,1969-03-06,,2020-04-26,2026-05-28,3.8521560574948666,2.2340862422997945,2,4,1,0,0,,,0,,,,1,0.00809582228608756,0.7533536585365785,159
20001752,control,0,2023-01-03,2023,2023Q1,44,0,Male,White,0,Not Hispanic or Latino,1978-10-12,,2021-09-12,2025-03-13,1.3086926762491444,2.190280629705681,4,3,0,0,0,,,1,5.1,5.1,2023-07-22,1,0.019604781637581947,0.7533536585365785,161
20001760,control,0,2026-03-23,2026,2026Q1,48,0,Female,White,0,Not Hispanic or Latino,1977-09-30,,2016-03-06,2026-03-23,10.04517453798768,0.0,3,0,0,1,0,,,0,,,,1,0.060473706673111485,1.2555894308942974,239
20001779,control,0,2022-10-23,2022,2022Q4,43,0,Female,White,0,Not Hispanic or Latino,1978-11-10,,2015-01-01,2026-05-12,7.808350444900753,3.5509924709103355,3,4,0,0,0,,,0,,,,1,0.038277213822610914,0.7533536585365785,288
20001783,control,0,2022-11-17,2022,2022Q4,55,0,Female,White,0,Not Hispanic or Latino,1966-11-20,,2020-09-05,2023-09-15,2.198494182067077,0.8268309377138946,4,3,1,0,0,,,0,,,,1,0.017104167404800023,0.7533536585365785,188
20001796,control,0,2022-08-21,2022,2022Q3,49,0,Female,Black or African American,0,Not Hispanic or Latino,1973-01-24,,2020-04-04,2023-12-05,2.379192334017796,1.2895277207392197,4,7,0,0,0,,,0,,,,1,0.024997160493954253,0.7533536585365785,289
20001810,control,0,2021-10-29,2021,2021Q4,40,0,Male,Asian,0,Not Hispanic or Latino,1981-03-12,,2015-01-01,2024-12-11,6.825462012320329,3.1184120465434635,4,0,0,0,0,,,0,,,,1,0.0505592520162776,0.7533536585365785,250
20001818,control,0,2026-03-25,2026,2026Q1,56,0,Male,White,0,Not Hispanic or Latino,1969-08-10,,2019-06-01,2026-03-25,6.8145106091718,0.0,3,0,2,0,0,,,0,,,,1,0.026044725616824534,0.7533536585365785,156
20001822,control,0,2024-04-10,2024,2024Q2,52,0,Male,White,0,Not Hispanic or Latino,1971-10-19,,2018-04-07,2026-04-11,6.009582477754963,2.001368925393566,7,4,0,0,0,,,0,,,,1,0.08177985524939173,1.0762195121951121,28
20001828,control,0,2024-04-22,2024,2024Q2,47,0,Female,White,0,Not Hispanic or Latino,1976-05-04,,2023-04-28,2026-05-27,0.9856262833675564,2.0944558521560577,2,2,1,0,0,,,0,,,,1,0.006264927741593978,0.7533536585365785,256
20001831,control,0,2022-06-09,2022,2022Q2,42,0,Female,Asian,0,Not Hispanic or Latino,1979-12-12,,2015-07-11,2023-05-22,6.913073237508556,0.9500342231348392,7,5,0,0,0,,,0,,,,1,0.1279057017088576,3.766768292682892,195
20001835,control,0,2025-04-17,2025,2025Q2,44,0,Female,White,0,Not Hispanic or Latino,1980-06-29,,2020-05-07,2026-04-20,4.944558521560575,1.0075290896646132,2,2,1,0,0,,,0,,,,1,0.015385388983577896,0.7533536585365785,210
20001840,control,0,2025-09-17,2025,2025Q3,46,0,Female,White,0,Not Hispanic or Latino,1979-03-05,,2016-03-02,2026-05-16,9.544147843942506,0.6598220396988365,2,2,1,0,0,,,3,4.2,4.2,2025-03-17,1,0.03328571374089035,0.7533536585365785,298
20001844,control,0,2025-03-17,2025,2025Q1,41,0,Female,White,0,Not Hispanic or Latino,1983-05-24,,2018-05-03,2026-05-16,6.872005475701574,1.163586584531143,2,3,0,0,0,,,0,,,,1,0.023886930901241464,0.7533536585365785,196
20001857,control,0,2025-02-24,2025,2025Q1,18,0,Male,White,0,Not Hispanic or Latino,2006-07-14,,2017-05-04,2026-01-17,7.811088295687885,0.8952772073921971,3,3,0,0,0,,,0,,,,1,0.10654281443535511,2.511178861788595,130
20001874,control,0,2025-03-06,2025,2025Q1,30,0,Female,White,0,Not Hispanic or Latino,1994-12-04,,2023-03-24,2026-04-28,1.9520876112251881,1.1444216290212184,2,4,0,0,0,,,0,,,,1,0.014686477249643264,0.7533536585365785,157
20001881,control,0,2024-12-06,2024,2024Q4,48,0,Female,Black or African American,0,Not Hispanic or Latino,1976-02-13,,2016-10-20,2026-04-06,8.128678986995208,1.3305954825462012,3,0,1,0,0,,,0,,,,1,0.04664802302340076,1.2555894308942974,175
20001882,control,0,2024-04-04,2024,2024Q2,18,0,Female,White,0,Not Hispanic or Latino,2005-11-04,,2020-06-26,2025-09-08,3.7727583846680357,1.429158110882957,4,4,0,0,0,,,0,,,,1,0.07825987796950225,1.506707317073157,34
20001885,control,0,2025-12-20,2025,2025Q4,24,0,Female,White,0,Not Hispanic or Latino,2001-07-06,,2023-12-07,2026-05-15,2.0369609856262834,0.3997262149212868,4,2,0,0,0,,,0,,,,1,0.05088068697208996,0.7533536585365785,316
20001895,control,0,2024-08-05,2024,2024Q3,57,0,Male,White,0,Not Hispanic or Latino,1967-02-17,,2020-05-29,2026-04-16,4.186173853524983,1.6947296372347707,2,1,0,0,0,,,0,,,,1,0.008021780116916842,0.7533536585365785,317
20001912,control,0,2025-10-08,2025,2025Q4,42,0,Female,White,0,Not Hispanic or Latino,1982-11-07,,2024-02-05,2026-05-26,1.672826830937714,0.6297056810403833,4,1,1,0,0,,,0,,,,1,0.02505142552973042,0.7533536585365785,128
20001927,control,0,2025-11-28,2025,2025Q4,59,0,Female,White,0,Not Hispanic or Latino,1966-05-10,,2015-01-01,2025-11-28,10.907597535934292,0.0,2,0,1,0,0,,,0,,,,1,0.028072708384110474,0.8370596205961982,68
20001936,control,0,2022-10-22,2022,2022Q4,31,0,Female,White,0,Not Hispanic or Latino,1991-04-05,,2016-04-15,2024-07-10,6.5188227241615335,1.7166324435318274,4,1,1,0,0,,,0,,,,1,0.07885000281723754,1.2555894308942974,126
20001940,control,0,2025-04-13,2025,2025Q2,49,0,Female,White,0,Not Hispanic or Latino,1975-04-22,,2018-04-21,2025-12-14,6.978781656399726,0.6707734428473648,2,2,0,0,0,,,0,,,,1,0.018974405815047682,0.7533536585365785,230
20001941,control,0,2023-11-11,2023,2023Q4,26,0,Male,White,0,Not Hispanic or Latino,1997-06-10,,2020-11-04,2024-03-21,3.0171115674195756,0.3586584531143053,3,2,0,0,0,,,0,,,,1,0.03728553996472973,0.7533536585365785,14
20001944,control,0,2023-08-06,2023,2023Q3,36,0,Male,White,0,Not Hispanic or Latino,1986-11-23,,2019-11-02,2024-08-01,3.759069130732375,0.9883641341546886,6,3,0,0,0,,,0,,,,1,0.08052393506862397,1.2555894308942974,265
20001956,control,0,2026-05-19,2026,2026Q2,53,0,Female,Unknown,0,Unknown,1972-07-13,,2015-01-01,2026-05-19,11.378507871321013,0.0,2,0,0,0,0,,,0,,,,1,0.040660278630402814,1.2555894308942974,176
20001958,control,0,2024-06-06,2024,2024Q2,62,0,Female,White,0,Unknown,1962-04-03,,2017-01-16,2026-03-14,7.38672142368241,1.7686516084873374,3,8,2,0,0,,,0,,,,1,0.018084409451910345,0.7533536585365785,190
20001968,control,0,2023-06-12,2023,2023Q2,28,0,Female,White,0,Not Hispanic or Latino,1995-01-30,,2020-09-10,2026-05-03,2.751540041067762,2.891170431211499,4,3,2,1,0,,,0,,,,1,0.0423061767060513,0.7533536585365785,272
20001971,control,0,2024-04-30,2024,2024Q2,65,0,Female,White,0,Not Hispanic or Latino,1958-11-01,,2016-09-04,2026-04-28,7.652292950034223,1.9931553730321698,7,4,0,0,0,,,0,,,,1,0.06978586892068836,2.511178861788595,171
20001974,control,0,2024-06-17,2024,2024Q2,74,0,Female,White,0,Not Hispanic or Latino,1950-01-07,,2018-10-24,2026-05-31,5.648186173853525,1.9520876112251881,2,2,0,0,0,,,0,,,,1,0.005562717323516867,0.7533536585365785,256
20001978,control,0,2024-04-26,2024,2024Q2,28,0,Female,White,0,Not Hispanic or Latino,1996-02-13,,2016-12-05,2026-03-11,7.389459274469542,1.8726899383983573,3,3,0,0,0,,,0,,,,1,0.06685857268977896,2.511178861788595,171
20001985,control,0,2025-12-23,2025,2025Q4,52,0,Female,Unknown,0,Not Hispanic or Latino,1973-07-25,,2022-05-11,2026-05-09,3.619438740588638,0.3750855578370979,9,1,0,1,0,,,0,,,,1,0.11006478125416919,1.883384146341446,259
20001989,control,0,2023-06-29,2023,2023Q2,43,0,Female,Unknown,0,Not Hispanic or Latino,1979-10-10,,2015-01-01,2024-12-12,8.490075290896646,1.4565366187542779,3,2,0,0,0,,,0,,,,1,0.0608488844636318,1.2555894308942974,79
20001990,control,0,2022-06-10,2022,2022Q2,46,0,Female,White,0,Not Hispanic or Latino,1975-10-21,,2016-09-13,2023-11-02,5.738535249828884,1.3963039014373717,5,1,0,0,0,,,0,,,,1,0.05916662137078248,0.7533536585365785,279
20001993,control,0,2022-12-19,2022,2022Q4,21,0,Female,Unknown,0,Not Hispanic or Latino,2001-09-26,,2021-04-27,2024-06-15,1.6454483230663928,1.4893908281998631,2,2,0,0,0,,,0,,,,1,0.023036688961780724,0.7533536585365785,315
20001997,control,0,2022-02-25,2022,2022Q1,46,0,Female,White,0,Not Hispanic or Latino,1975-04-29,,2017-11-17,2022-09-26,4.27378507871321,0.5831622176591376,4,1,0,0,0,,,0,,,,1,0.03457372592334327,0.7533536585365785,15
20002002,control,0,2023-02-23,2023,2023Q1,53,0,Female,White,0,Not Hispanic or Latino,1970-02-01,,2019-10-10,2024-01-31,3.373032169746749,0.9363449691991786,2,2,0,0,0,,,0,,,,1,0.008440653351166325,0.7533536585365785,202
20002027,control,0,2023-08-11,2023,2023Q3,35,0,Female,Asian,0,Not Hispanic or Latino,1987-10-18,,2015-01-01,2024-08-25,8.607802874743326,1.0403832991101984,3,2,0,1,0,,,0,,,,1,0.06227559483764704,1.0762195121951121,61
20002034,control,0,2024-04-23,2024,2024Q2,35,0,Female,Black or African American,0,Not Hispanic or Latino,1989-01-06,,2022-08-15,2026-02-24,1.6892539356605065,1.839835728952772,7,0,0,0,0,,,0,,,,1,0.08263917900400962,1.506707317073157,34
20002036,control,0,2023-01-22,2023,2023Q1,59,0,Male,White,0,Not Hispanic or Latino,1963-09-10,,2020-09-25,2025-02-25,2.324435318275154,2.0944558521560577,6,1,1,0,0,,,0,,,,1,0.026346934319771947,0.7533536585365785,106
20002038,control,0,2025-06-15,2025,2025Q2,64,0,Female,White,0,Not Hispanic or Latino,1960-10-27,,2020-06-15,2026-05-03,4.999315537303217,0.8815879534565366,4,3,1,0,0,,,0,,,,1,0.020405246221307013,0.7533536585365785,230
20002044,control,0,2024-04-25,2024,2024Q2,59,0,Female,White,0,Not Hispanic or Latino,1964-10-24,,2019-04-22,2024-09-14,5.0102669404517455,0.3887748117727584,3,2,0,0,0,,,0,,,,1,0.01651607837086683,0.7533536585365785,190
20002047,control,0,2025-04-17,2025,2025Q2,53,0,Female,White,0,Not Hispanic or Latino,1971-10-04,,2023-06-26,2026-05-30,1.809719370294319,1.1170431211498972,8,2,0,0,0,,,0,,,,1,0.05083519689845377,0.941692073170723,152
20002058,control,0,2022-11-07,2022,2022Q4,21,0,Female,Black or African American,0,Not Hispanic or Latino,2001-09-22,,2016-08-13,2025-04-24,6.234086242299795,2.461327857631759,2,1,0,0,0,,,0,,,,1,0.04634780940309822,0.7533536585365785,78
20002061,control,0,2025-09-18,2025,2025Q3,20,0,Female,White,0,Not Hispanic or Latino,2004-10-20,,2019-08-26,2026-03-15,6.064339493497604,0.487337440109514,3,1,0,1,0,,,0,,,,1,0.07670993652628719,1.2555894308942974,187
20002063,control,0,2025-01-02,2025,2025Q1,42,0,Female,White,0,Not Hispanic or Latino,1982-06-30,,2022-05-19,2026-01-23,2.625598904859685,1.056810403832991,3,3,1,0,0,,,0,,,,1,0.01884282509406776,0.7533536585365785,148
20002070,control,0,2023-02-26,2023,2023Q1,46,0,Female,White,0,Unknown,1976-12-16,,2019-11-17,2025-02-27,3.277207392197125,2.004106776180698,2,3,0,1,0,,,0,,,,1,0.008669813823716207,0.7533536585365785,202
20002079,control,0,2022-07-23,2022,2022Q3,65,0,Female,White,0,Not Hispanic or Latino,1957-06-24,,2016-06-22,2024-10-11,6.083504449007529,2.220396988364134,4,2,1,0,0,,,0,,,,1,0.02174977379379796,0.7533536585365785,213
20002089,control,0,2024-04-15,2024,2024Q2,43,0,Female,White,0,Not Hispanic or Latino,1980-11-07,,2017-04-28,2024-08-04,6.965092402464066,0.30390143737166325,2,4,0,0,0,,,0,,,,1,0.024029264654580128,0.7533536585365785,326
20002094,control,0,2025-11-11,2025,2025Q4,33,0,Female,White,0,Not Hispanic or Latino,1992-03-14,,2021-06-18,2026-04-07,4.399726214921286,0.4024640657084189,3,2,0,0,0,,,0,,,,1,0.03710145840779863,0.8370596205961982,302
20002096,control,0,2023-12-29,2023,2023Q4,54,0,Male,White,0,Not Hispanic or Latino,1969-10-25,,2015-01-01,2025-02-24,8.991101984941821,1.158110882956879,3,3,0,0,0,,,0,,,,1,0.037844038411120565,0.7533536585365785,14
20002102,control,0,2023-12-07,2023,2023Q4,18,0,Male,Asian,0,Not Hispanic or Latino,2005-08-15,,2018-09-04,2025-10-10,5.256673511293634,1.842573579739904,3,4,0,0,0,,,0,,,,1,0.05933749765589836,0.7533536585365785,180
20002103,control,0,2023-02-17,2023,2023Q1,18,0,Female,White,0,Not Hispanic or Latino,2004-12-31,,2020-09-25,2024-05-25,2.3956194387405887,1.267624914442163,3,2,0,1,0,,,0,,,,1,0.041508309909673816,0.7533536585365785,172
20002114,control,0,2025-09-18,2025,2025Q3,18,0,Female,Black or African American,0,Not Hispanic or Latino,2007-07-19,,2020-05-20,2026-05-27,5.330595482546201,0.6872005475701575,2,2,0,1,0,,,0,,,,1,0.04961017733953961,0.7533536585365785,162
20002118,control,0,2025-09-02,2025,2025Q3,47,0,Female,White,0,Not Hispanic or Latino,1978-06-27,,2019-03-24,2026-04-30,6.444900752908967,0.6570841889117043,5,3,0,0,0,,,0,,,,1,0.06779781475326051,0.941692073170723,291
20002120,control,0,2025-09-18,2025,2025Q3,68,0,Female,White,0,Not Hispanic or Latino,1957-01-18,,2015-01-01,2026-03-08,10.713210130047912,0.4681724845995893,3,2,2,0,0,,,0,,,,1,0.03292028616023342,0.7533536585365785,298
20002129,control,0,2024-07-29,2024,2024Q3,35,0,Female,White,0,Not Hispanic or Latino,1988-10-13,,2021-12-02,2026-05-15,2.6557152635181382,1.7932922655715264,2,6,0,0,0,,,0,,,,1,0.013311833335591251,0.7533536585365785,205
20002130,control,0,2025-10-11,2025,2025Q4,39,0,Male,White,0,Not Hispanic or Latino,1986-09-08,,2021-09-13,2026-01-10,4.076659822039699,0.24914442162902123,4,1,1,0,0,,,0,,,,1,0.043620215267702774,0.7533536585365785,67
20002136,control,0,2023-02-15,2023,2023Q1,40,0,Female,White,0,Not Hispanic or Latino,1982-05-18,,2021-12-26,2024-12-09,1.1389459274469542,1.8151950718685832,4,1,0,1,0,,,0,,,,1,0.022506737825655553,0.7533536585365785,85
20002139,control,0,2024-10-17,2024,2024Q4,33,0,Male,White,0,Not Hispanic or Latino,1991-06-09,,2023-07-29,2026-05-01,1.2210814510609171,1.5359342915811087,6,1,0,0,0,,,0,,,,1,0.055832738204331114,0.7533536585365785,323
20002148,control,0,2022-10-27,2022,2022Q4,58,0,Male,White,0,Not Hispanic or Latino,1964-05-10,,2018-05-14,2024-02-19,4.454483230663929,1.3141683778234086,3,2,0,0,0,,,0,,,,1,0.014513114883742115,0.7533536585365785,23
20002150,control,0,2026-02-27,2026,2026Q1,50,0,Male,White,0,Not Hispanic or Latino,1975-04-18,,2022-11-07,2026-02-27,3.3073237508555784,0.0,3,0,0,0,0,,,0,,,,1,0.017247095433145402,0.7533536585365785,174
20002152,control,0,2025-09-26,2025,2025Q3,21,0,Female,Unknown,0,Not Hispanic or Latino,2003-11-27,,2022-06-24,2025-12-13,3.2580424366872007,0.2135523613963039,5,0,1,0,0,,,0,,,,1,0.11774264332612511,7.533536585365784,296
20002159,control,0,2023-07-04,2023,2023Q3,24,0,Female,White,0,Not Hispanic or Latino,1998-09-18,,2020-11-16,2023-07-04,2.628336755646817,0.0,4,0,1,0,0,,,0,,,,1,0.057883755691969845,1.0762195121951121,61
20002161,control,0,2026-02-20,2026,2026Q1,60,0,Male,Black or African American,0,Not Hispanic or Latino,1965-09-20,,2019-05-05,2026-05-10,6.798083504449007,0.216290212183436,3,1,0,0,0,,,0,,,,1,0.026215690577241213,0.7533536585365785,156
20002175,control,0,2026-03-29,2026,2026Q1,39,0,Female,White,0,Not Hispanic or Latino,1986-04-19,,2022-09-13,2026-05-30,3.540041067761807,0.1697467488021903,3,1,0,0,0,,,0,,,,1,0.026244718892098864,0.7533536585365785,170
20002178,control,0,2023-03-24,2023,2023Q1,50,0,Female,White,0,Not Hispanic or Latino,1972-08-29,,2022-09-01,2026-03-26,0.5585215605749486,3.0061601642710474,4,3,0,0,0,,,0,,,,1,0.013062850157616438,0.7533536585365785,52
20002193,control,0,2022-10-03,2022,2022Q4,50,0,Female,White,0,Not Hispanic or Latino,1972-08-11,,2021-05-31,2025-05-03,1.3415468856947297,2.5817932922655715,7,4,0,0,0,,,0,,,,1,0.0377744525208805,0.7533536585365785,288
20002197,control,0,2026-01-10,2026,2026Q1,26,0,Male,White,0,Not Hispanic or Latino,1999-05-31,,2022-11-01,2026-05-14,3.19233401779603,0.3394934976043806,6,3,1,0,0,,,0,,,,1,0.1062743877324219,7.533536585365784,282
20002198,control,0,2023-03-17,2023,2023Q1,19,0,Male,White,0,Not Hispanic or Latino,2003-08-15,,2020-03-03,2023-12-23,3.0362765229295,0.7693360711841205,2,8,0,0,0,,,0,,,,1,0.027043745782587274,0.7533536585365785,106
20002203,control,0,2023-12-31,2023,2023Q4,24,0,Female,White,0,Not Hispanic or Latino,1999-12-05,,2020-05-08,2024-02-29,3.646817248459959,0.16427104722792607,3,0,0,0,0,,,0,,,,1,0.045216391879099545,0.7533536585365785,119
20002204,control,0,2025-12-13,2025,2025Q4,41,0,Female,White,0,Not Hispanic or Latino,1984-09-01,,2022-02-01,2026-05-14,3.863107460643395,0.4161533196440794,2,1,0,0,0,,,0,,,,1,0.01470717227132593,0.7533536585365785,132
20002207,control,0,2023-05-30,2023,2023Q2,44,0,Female,Unknown,0,Hispanic or Latino,1978-10-04,,2020-06-03,2023-10-10,2.9869952087611225,0.36413415468856947,4,1,0,0,0,,,0,,,,1,0.02634641018493757,0.7533536585365785,98
20002212,control,0,2023-10-01,2023,2023Q4,41,0,Male,White,0,Not Hispanic or Latino,1982-02-13,,2019-09-20,2026-05-09,4.030116358658453,2.6036960985626285,2,5,0,1,0,,,0,,,,1,0.012982927672301978,0.7533536585365785,47
20002216,control,0,2023-08-10,2023,2023Q3,58,0,Female,Other Race,0,Not Hispanic or Latino,1964-09-12,,2017-10-15,2024-02-12,5.817932922655715,0.5092402464065708,6,3,0,0,0,,,0,,,,1,0.048564422457039236,0.7533536585365785,200
20002225,control,0,2025-10-23,2025,2025Q4,36,0,Female,White,0,Unknown,1989-09-21,,2016-09-03,2026-05-27,9.136208076659821,0.5913757700205339,3,3,0,0,0,,,0,,,,1,0.06606347011457452,1.0762195121951121,41
20002230,control,0,2026-05-10,2026,2026Q2,36,0,Female,White,0,Hispanic or Latino,1989-11-24,,2015-04-22,2026-05-10,11.049965776865161,0.0,3,0,1,0,0,,,0,,,,1,0.07783051023277077,3.766768292682892,10
20002232,control,0,2022-12-02,2022,2022Q4,56,0,Female,White,0,Unknown,1966-07-18,,2016-09-19,2023-02-16,6.201232032854209,0.2080766598220397,2,1,1,0,0,,,0,,,,1,0.01165299880907958,0.7533536585365785,232
20002248,control,0,2026-05-25,2026,2026Q2,27,0,Female,Asian,1,Not Hispanic or Latino,1998-06-12,,2024-01-08,2026-05-25,2.3764544832306638,0.0,3,0,0,0,0,,,0,,,,1,0.02982771229836024,0.7533536585365785,81
20002265,control,0,2023-06-30,2023,2023Q2,29,0,Male,Unknown,0,Not Hispanic or Latino,1994-05-18,,2015-01-01,2026-01-23,8.492813141683778,2.568104038329911,2,2,0,0,0,,,0,,,,1,0.053769645661411895,0.7533536585365785,178
20002273,control,0,2022-10-01,2022,2022Q4,65,0,Male,White,0,Not Hispanic or Latino,1956-12-11,,2020-05-03,2024-03-06,2.412046543463381,1.429158110882957,3,2,0,0,0,,,0,,,,1,0.007751654787350524,0.7533536585365785,135
20002275,control,0,2024-03-29,2024,2024Q1,25,0,Female,White,0,Not Hispanic or Latino,1998-11-19,,2018-05-27,2024-07-02,5.839835728952772,0.2600958247775496,3,2,1,0,0,,,0,,,,1,0.06334141989646179,0.941692073170723,228
20002280,control,0,2023-08-11,2023,2023Q3,70,0,Female,Black or African American,0,Not Hispanic or Latino,1953-01-24,,2017-12-14,2024-01-27,5.6563997262149215,0.46269678302532513,3,3,0,1,0,,,0,,,,1,0.01473088026846396,0.7533536585365785,185
20002287,control,0,2025-06-26,2025,2025Q2,41,0,Female,White,0,Not Hispanic or Latino,1983-10-20,,2022-10-10,2025-07-14,2.7104722792607805,0.049281314168377825,3,0,0,0,0,,,0,,,,1,0.02127659408263049,0.7533536585365785,230
20002289,control,0,2026-02-18,2026,2026Q1,43,0,Female,White,0,Not Hispanic or Latino,1982-04-18,,2017-04-05,2026-04-16,8.873374401095141,0.15605749486652978,2,1,0,0,0,,,0,,,,1,0.03402508610600382,0.7533536585365785,166
20002291,control,0,2024-10-15,2024,2024Q4,66,0,Female,White,0,Not Hispanic or Latino,1957-11-28,,2015-01-01,2026-02-02,9.787816563997263,1.3004791238877482,4,3,0,0,0,,,0,,,,1,0.04303070483928451,1.0762195121951121,211
20002294,control,0,2022-11-18,2022,2022Q4,41,0,Female,White,0,Not Hispanic or Latino,1981-04-17,,2017-08-25,2023-01-29,5.232032854209446,0.1971252566735113,3,1,0,0,0,,,0,,,,1,0.032925141043419204,0.7533536585365785,95
20002315,control,0,2025-11-01,2025,2025Q4,25,0,Male,White,1,Not Hispanic or Latino,2000-04-22,,2023-08-29,2026-03-06,2.1765913757700206,0.34223134839151265,3,0,1,0,0,,,0,,,,1,0.03334977487680174,0.7533536585365785,108
20002316,control,0,2025-03-16,2025,2025Q1,37,0,Female,White,0,Not Hispanic or Latino,1987-10-15,,2023-04-23,2026-04-09,1.8973305954825461,1.0650239561943875,7,4,0,0,0,,,0,,,,1,0.0720032588152799,1.0762195121951121,122
20002319,control,0,2023-03-20,2023,2023Q1,41,0,Male,White,0,Not Hispanic or Latino,1982-01-23,,2015-01-01,2024-06-15,8.213552361396303,1.2402464065708418,2,1,1,0,0,,,0,,,,1,0.030136048032215906,0.7533536585365785,245
20002320,control,0,2025-04-27,2025,2025Q2,60,0,Male,White,0,Not Hispanic or Latino,1965-03-24,,2023-08-13,2026-05-13,1.7056810403832992,1.0431211498973305,5,2,0,0,0,,,0,,,,1,0.01828740076921644,0.7533536585365785,27
20002322,control,0,2025-06-04,2025,2025Q2,37,0,Female,White,0,Not Hispanic or Latino,1988-02-05,,2020-11-28,2026-05-17,4.514715947980835,0.9500342231348392,4,4,0,0,0,,,0,,,,1,0.04808033000021893,1.0762195121951121,72
20002339,control,0,2022-12-05,2022,2022Q4,81,0,Male,White,1,Not Hispanic or Latino,1941-10-08,,2017-04-26,2024-08-30,5.6098562628336754,1.7357973990417521,3,3,0,0,0,,,0,,,,1,0.007601437971503404,0.7533536585365785,135
20002343,control,0,2022-11-29,2022,2022Q4,39,0,Female,White,0,Not Hispanic or Latino,1983-07-14,,2015-01-01,2024-01-27,7.909650924024641,1.160848733744011,4,2,0,0,0,,,0,,,,1,0.0790750704742807,1.2555894308942974,126
20002357,control,0,2022-05-08,2022,2022Q2,34,0,Male,Unknown,0,Hispanic or Latino,1987-11-12,,2015-01-01,2025-05-08,7.34839151266256,3.0006844626967832,4,3,0,0,0,,,0,,,,1,0.06648562163137618,1.0762195121951121,7
20002359,control,0,2025-07-01,2025,2025Q3,54,0,Female,White,0,Hispanic or Latino,1971-01-10,,2021-11-19,2026-05-31,3.6139630390143735,0.9144421629021219,2,3,0,0,0,,,0,,,,1,0.006035123244177487,0.7533536585365785,24
20002365,control,0,2025-01-02,2025,2025Q1,31,0,Female,White,0,Not Hispanic or Latino,1993-03-08,,2022-03-27,2026-04-24,2.7707049965776864,1.3059548254620124,3,1,0,0,0,,,0,,,,1,0.02805233561939843,0.7533536585365785,313
20002376,control,0,2025-04-05,2025,2025Q2,45,0,Female,White,0,Unknown,1979-12-06,,2024-02-11,2026-05-21,1.1471594798083504,1.1252566735112937,5,3,0,0,0,,,0,,,,1,0.02461180978402467,0.7533536585365785,184
20002377,control,0,2022-04-05,2022,2022Q2,20,0,Male,White,0,Not Hispanic or Latino,2002-01-08,,2017-07-16,2022-04-05,4.720054757015743,0.0,3,0,0,0,0,,,0,,,,1,0.0631047501508218,1.0762195121951121,7
20002382,control,0,2026-02-01,2026,2026Q1,71,0,Female,White,0,Not Hispanic or Latino,1954-03-01,,2021-03-21,2026-05-20,4.867898699520876,0.29568788501026694,4,2,1,0,0,,,0,,,,1,0.016189752404009727,0.7533536585365785,193
20002387,control,0,2022-12-05,2022,2022Q4,34,0,Female,White,0,Not Hispanic or Latino,1988-05-24,,2015-12-31,2023-06-16,6.929500342231348,0.5284052019164955,4,1,0,0,0,,,0,,,,1,0.082651938848725,1.2555894308942974,126
20002401,control,0,2022-12-17,2022,2022Q4,30,0,Female,White,0,Not Hispanic or Latino,1992-10-29,,2019-03-17,2025-03-05,3.753593429158111,2.21492128678987,3,1,0,0,0,,,0,,,,1,0.0324470892305703,0.7533536585365785,95
20002430,control,0,2025-03-28,2025,2025Q1,21,0,Male,White,0,Not Hispanic or Latino,2003-11-03,,2019-03-08,2026-05-25,6.056125941136208,1.158110882956879,4,2,0,1,0,,,0,,,,1,0.10529457237704107,2.511178861788595,130
20002435,control,0,2024-08-16,2024,2024Q3,43,0,Female,White,0,Not Hispanic or Latino,1981-02-20,,2020-05-27,2026-04-05,4.2217659137577,1.6344969199178645,3,2,0,0,0,,,0,,,,1,0.023211985419547384,0.7533536585365785,164
20002440,control,0,2024-10-05,2024,2024Q4,39,0,Male,White,0,Not Hispanic or Latino,1985-02-22,,2016-08-18,2024-11-02,8.131416837782341,0.07665982203969883,3,0,0,0,0,,,0,,,,1,0.05891815631309873,0.7533536585365785,323
20002451,control,0,2022-09-10,2022,2022Q3,35,0,Female,White,0,Not Hispanic or Latino,1986-12-03,,2020-07-08,2023-04-08,2.1738535249828885,0.5749486652977412,3,2,0,0,0,,,0,,,,1,0.023055471444943923,0.7533536585365785,213
20002456,control,0,2025-10-09,2025,2025Q4,48,0,Female,White,0,Not Hispanic or Latino,1976-12-26,,2024-07-11,2026-05-09,1.2457221081451062,0.5804243668720055,3,1,0,0,0,,,0,,,,1,0.012281985329529937,0.7533536585365785,220
20002457,control,0,2022-03-09,2022,2022Q1,41,0,Female,White,0,Unknown,1981-01-30,,2015-01-01,2024-04-02,7.184120465434634,2.0670773442847366,5,3,0,0,0,,,0,,,,1,0.0756672765316759,1.0762195121951121,82
20002458,control,0,2025-06-22,2025,2025Q2,49,0,Male,White,0,Not Hispanic or Latino,1976-01-09,,2018-08-14,2026-05-16,6.855578370978781,0.8980150581793293,3,3,0,0,0,,,0,,,,1,0.03153308757772606,0.7533536585365785,8
20002467,control,0,2025-02-03,2025,2025Q1,58,0,Male,White,0,Not Hispanic or Latino,1966-12-30,,2022-02-08,2026-05-19,2.9869952087611225,1.2867898699520877,7,2,2,0,0,,,0,,,,1,0.04168062521596534,1.0762195121951121,251
20002474,control,0,2022-01-31,2022,2022Q1,18,0,Female,White,0,Not Hispanic or Latino,2003-06-24,,2018-10-05,2024-03-05,3.323750855578371,2.0917180013689256,5,1,0,0,0,,,0,,,,1,0.0961391046545884,1.506707317073157,100
20002478,control,0,2023-02-15,2023,2023Q1,33,0,Female,White,0,Not Hispanic or Latino,1989-03-01,,2021-06-05,2026-02-21,1.6974674880219027,3.0171115674195756,2,3,0,0,0,,,0,,,,1,0.01103645355371293,0.7533536585365785,319
20002479,control,0,2022-11-21,2022,2022Q4,35,0,Female,Black or African American,0,Not Hispanic or Latino,1987-10-19,,2019-03-05,2023-05-13,3.7152635181382614,0.4736481861738535,4,5,0,1,0,,,0,,,,1,0.05446031108302515,0.7533536585365785,62
20002486,control,0,2024-09-15,2024,2024Q3,41,0,Female,White,0,Not Hispanic or Latino,1983-09-01,,2018-12-28,2025-10-12,5.716632443531828,1.0732375085557837,3,1,1,0,0,,,0,,,,1,0.03374445906225737,0.7533536585365785,191
20002487,control,0,2024-10-16,2024,2024Q4,36,0,Female,White,0,Not Hispanic or Latino,1988-04-25,,2019-06-14,2024-10-23,5.341546885694729,0.019164955509924708,3,1,0,0,0,,,0,,,,1,0.04046322281367591,1.0762195121951121,211
20002491,control,0,2023-02-01,2023,2023Q1,25,0,Male,White,0,Not Hispanic or Latino,1997-07-29,2024-12-08,2018-01-12,2024-01-18,5.054072553045859,0.9609856262833676,2,1,0,0,0,,,0,,,,1,0.030867532602385693,0.7533536585365785,245
20002494,control,0,2024-02-11,2024,2024Q1,48,0,Female,White,0,Not Hispanic or Latino,1975-09-18,,2022-09-14,2024-04-25,1.4099931553730323,0.2026009582477755,4,1,0,0,0,,,0,,,,1,0.019913843541090926,0.7533536585365785,253
20002496,control,0,2023-10-30,2023,2023Q4,38,0,Female,Other Race,0,Not Hispanic or Latino,1985-09-24,,2020-09-22,2025-01-20,3.1019849418206706,1.2265571526351813,4,4,0,1,0,,,0,,,,1,0.03075473312631473,0.7533536585365785,150
20002498,control,0,2025-03-06,2025,2025Q1,18,0,Female,White,0,Not Hispanic or Latino,2006-12-14,,2019-12-29,2026-04-08,5.1854893908282,1.0896646132785763,3,2,1,0,0,,,0,,,,1,0.06794833744739906,1.0762195121951121,122
20002507,control,0,2025-03-16,2025,2025Q1,42,0,Female,White,0,Not Hispanic or Latino,1983-01-03,,2015-01-30,2025-11-12,10.124572210814511,0.6598220396988365,2,3,0,0,0,,,0,,,,1,0.04236877403018776,0.8370596205961982,292
20002508,control,0,2022-04-14,2022,2022Q2,54,0,Female,Unknown,0,Not Hispanic or Latino,1967-09-02,,2019-05-13,2022-04-14,2.921286789869952,0.0,5,0,0,0,0,,,0,,,,1,0.03709660924110879,0.7533536585365785,37
20002510,control,0,2025-04-12,2025,2025Q2,50,0,Male,White,0,Hispanic or Latino,1975-01-06,,2020-12-07,2026-04-27,4.344969199178645,1.0403832991101984,5,1,0,0,0,,,0,,,,1,0.029691027391661014,0.7533536585365785,8
20002515,control,0,2024-09-18,2024,2024Q3,62,0,Male,White,0,Not Hispanic or Latino,1962-07-20,,2022-04-28,2026-05-02,2.3928815879534566,1.6180698151950719,3,5,0,0,0,,,0,,,,1,0.008490024882391119,0.7533536585365785,317
20002525,control,0,2023-01-11,2023,2023Q1,33,0,Male,Asian,0,Not Hispanic or Latino,1989-02-02,,2019-03-15,2023-03-12,3.8275154004106775,0.16427104722792607,3,1,0,0,0,,,0,,,,1,0.030855634722405025,0.7533536585365785,245
20002526,control,0,2026-01-20,2026,2026Q1,64,0,Female,Asian,0,Not Hispanic or Latino,1961-07-08,,2021-06-07,2026-01-20,4.621492128678987,0.0,5,0,1,0,0,,,0,,,,1,0.025932469248961598,0.7533536585365785,170
20002529,control,0,2022-09-13,2022,2022Q3,33,0,Female,Other Race,0,Not Hispanic or Latino,1989-02-24,,2015-01-01,2023-12-18,7.698836413415469,1.2621492128678986,2,1,1,0,0,,,0,,,,1,0.031425547771603855,0.7533536585365785,249
20002533,control,0,2025-04-17,2025,2025Q2,43,0,Male,White,0,Not Hispanic or Latino,1981-07-11,,2023-02-26,2026-04-21,2.138261464750171,1.0102669404517455,3,3,0,0,0,,,0,,,,1,0.016720335750707117,0.7533536585365785,89
20002537,control,0,2022-08-01,2022,2022Q3,37,0,Female,White,0,Not Hispanic or Latino,1985-05-26,,2016-03-20,2025-02-23,6.365503080082136,2.565366187542779,3,3,2,0,0,,,0,,,,1,0.03922521884104083,0.7533536585365785,66
20002548,control,0,2023-10-10,2023,2023Q4,23,0,Female,White,0,Not Hispanic or Latino,1999-12-15,,2018-05-20,2026-01-17,5.390828199863107,2.272416153319644,3,1,1,0,0,,,0,,,,1,0.05481921429953042,0.7533536585365785,219
20002552,control,0,2025-08-12,2025,2025Q3,70,0,Female,White,1,Unknown,1955-03-11,,2017-02-08,2026-03-30,8.506502395619439,0.6297056810403833,4,2,0,0,0,,,0,,,,1,0.027521671401487664,0.7533536585365785,91
20002553,control,0,2023-11-16,2023,2023Q4,36,0,Male,Unknown,0,Not Hispanic or Latino,1987-06-22,,2015-11-27,2025-12-17,7.969883641341547,2.086242299794661,2,1,0,0,0,,,0,,,,1,0.03983942313940979,0.7533536585365785,14
20002554,control,0,2022-09-01,2022,2022Q3,43,0,Female,White,0,Not Hispanic or Latino,1978-11-26,,2018-10-07,2022-09-01,3.9014373716632442,0.0,6,0,0,0,0,,,0,,,,1,0.0696396202917149,0.7533536585365785,129
20002591,control,0,2025-06-04,2025,2025Q2,53,0,Male,White,0,Not Hispanic or Latino,1971-12-21,,2016-10-10,2026-04-02,8.648870636550308,0.8268309377138946,3,2,0,1,0,,,0,,,,1,0.037759893760772975,0.7533536585365785,241
20002596,control,0,2022-03-17,2022,2022Q1,46,0,Female,White,0,Not Hispanic or Latino,1975-08-20,,2016-06-03,2024-07-20,5.7850787132101305,2.3436002737850785,3,3,1,0,0,,,0,,,,1,0.026223675835818368,0.7533536585365785,227
20002598,control,0,2026-04-28,2026,2026Q2,38,0,Female,White,0,Not Hispanic or Latino,1987-05-05,,2022-03-26,2026-04-28,4.090349075975359,0.0,4,0,0,0,0,,,0,,,,1,0.04604398238207122,1.2555894308942974,176
20002605,control,0,2026-01-07,2026,2026Q1,31,0,Female,White,0,Not Hispanic or Latino,1994-04-30,,2022-12-15,2026-04-15,3.0636550308008212,0.2683093771389459,4,0,0,0,0,,,0,,,,1,0.04817945244026671,0.7533536585365785,88
20002611,control,0,2025-11-25,2025,2025Q4,48,0,Female,White,0,Unknown,1976-12-02,,2021-04-23,2026-02-01,4.591375770020534,0.1861738535249829,4,2,0,1,0,,,0,,,,1,0.030815541199776527,0.941692073170723,182
20002618,control,0,2022-04-23,2022,2022Q2,74,0,Female,White,0,Not Hispanic or Latino,1948-01-04,,2016-03-31,2023-07-24,6.061601642710472,1.2511978097193703,6,4,1,0,0,,,0,,,,1,0.031907416293859785,0.7533536585365785,116
20002620,control,0,2025-05-09,2025,2025Q2,60,0,Male,White,0,Not Hispanic or Latino,1964-11-24,,2015-01-01,2025-05-09,10.351813826146476,0.0,3,0,0,0,0,,,0,,,,1,0.04219304973053404,0.7533536585365785,169
20002632,control,0,2024-11-28,2024,2024Q4,46,0,Male,White,0,Not Hispanic or Latino,1978-10-06,,2021-04-25,2025-08-16,3.594798083504449,0.7145790554414785,3,3,0,1,0,,,0,,,,1,0.01990691732359483,0.7533536585365785,293
20002634,control,0,2025-01-30,2025,2025Q1,73,0,Male,White,0,Not Hispanic or Latino,1951-11-19,,2020-12-20,2026-05-05,4.112251882272417,1.2594113620807665,3,1,0,0,0,,,0,,,,1,0.007999749665066658,0.7533536585365785,144
20002636,control,0,2023-11-29,2023,2023Q4,54,0,Male,White,0,Not Hispanic or Latino,1969-07-26,,2022-09-23,2024-04-05,1.1827515400410678,0.35044490075290896,7,1,0,0,0,,,0,,,,1,0.037271144349382314,0.7533536585365785,14
20002644,control,0,2023-02-25,2023,2023Q1,56,0,Female,White,0,Not Hispanic or Latino,1966-10-13,,2019-07-27,2024-11-01,3.583846680355921,1.6837782340862424,6,4,1,0,0,,,0,,,,1,0.037610514554974044,0.7533536585365785,172
20002651,control,0,2023-04-08,2023,2023Q2,28,0,Male,White,0,Not Hispanic or Latino,1994-05-07,,2015-01-01,2023-09-28,8.265571526351813,0.4736481861738535,2,0,0,0,0,,,0,,,,1,0.05041825013115958,0.7533536585365785,178
20002654,control,0,2026-05-02,2026,2026Q2,63,0,Female,White,0,Hispanic or Latino,1962-12-08,,2023-03-21,2026-05-14,3.1156741957563314,0.03285420944558522,5,0,0,0,0,,,0,,,,1,0.016147480794126153,0.7533536585365785,143
20002661,control,0,2022-06-01,2022,2022Q2,18,0,Male,White,0,Not Hispanic or Latino,2003-12-02,,2021-04-21,2023-08-19,1.111567419575633,1.215605749486653,4,2,0,0,0,,,0,,,,1,0.05042407228524435,0.7533536585365785,44
20002664,control,0,2022-10-05,2022,2022Q4,20,0,Male,White,0,Not Hispanic or Latino,2001-12-21,,2017-11-04,2023-05-20,4.917180013689254,0.621492128678987,3,3,0,0,0,,,0,,,,1,0.06259428135365565,0.7533536585365785,105
20002665,control,0,2022-09-20,2022,2022Q3,23,0,Female,White,0,Not Hispanic or Latino,1998-11-01,,2015-01-01,2025-03-22,7.7180013689253935,2.5023956194387407,4,1,0,0,0,,,0,,,,1,0.11857512883580065,3.766768292682892,25
20002684,control,0,2023-02-03,2023,2023Q1,31,0,Female,White,0,Not Hispanic or Latino,1991-02-24,,2020-02-21,2023-04-13,2.951403148528405,0.188911704312115,2,2,0,0,0,,,0,,,,1,0.01813188440972695,0.7533536585365785,267
20002699,control,0,2022-09-23,2022,2022Q3,38,0,Female,Black or African American,0,Not Hispanic or Latino,1984-01-07,,2015-01-01,2023-03-02,7.72621492128679,0.4380561259411362,3,2,0,0,0,,,0,,,,1,0.06512585893760835,0.7533536585365785,129
20002700,control,0,2025-06-08,2025,2025Q2,89,0,Female,White,0,Not Hispanic or Latino,1935-09-17,,2021-09-02,2026-03-09,3.7645448323066395,0.7501711156741958,8,2,1,0,0,,,0,,,,1,0.020838609634758223,0.7533536585365785,230
20002705,control,0,2022-10-03,2022,2022Q4,44,0,Female,White,0,Not Hispanic or Latino,1978-03-18,,2018-02-20,2024-02-02,4.616016427104722,1.3333333333333333,5,1,1,0,0,,,0,,,,1,0.05246065803047148,0.7533536585365785,62
20002711,control,0,2026-05-27,2026,2026Q2,48,0,Female,White,0,Not Hispanic or Latino,1978-02-14,,2019-03-27,2026-05-27,7.167693360711842,0.0,2,0,0,1,0,,,0,,,,1,0.0213160204992447,0.7533536585365785,153
20002724,control,0,2026-04-25,2026,2026Q2,51,0,Female,White,0,Hispanic or Latino,1975-03-07,,2022-04-20,2026-04-25,4.01368925393566,0.0,5,0,0,0,0,,,0,,,,1,0.029064238000135155,0.7533536585365785,81
20002726,control,0,2022-10-14,2022,2022Q4,39,0,Female,White,0,Not Hispanic or Latino,1983-03-08,,2020-07-25,2025-08-25,2.220396988364134,2.863791923340178,3,0,0,0,0,,,0,,,,1,0.017171235462184686,0.7533536585365785,188
20002727,control,0,2026-01-26,2026,2026Q1,52,0,Female,White,0,Not Hispanic or Latino,1973-09-22,,2022-08-25,2026-04-21,3.4223134839151266,0.2327173169062286,3,1,0,1,0,,,0,,,,1,0.016127481425640397,0.7533536585365785,193
20002728,control,0,2023-01-28,2023,2023Q1,40,0,Female,Unknown,0,Not Hispanic or Latino,1982-12-13,,2015-01-01,2025-07-16,8.073921971252567,2.4640657084188913,4,2,0,0,0,,,0,,,,1,0.08771820463447073,1.883384146341446,216
20002734,control,0,2025-06-07,2025,2025Q2,53,0,Female,White,0,Not Hispanic or Latino,1972-02-09,,2022-12-31,2025-08-19,2.433949349760438,0.1998631074606434,4,1,0,0,0,,,0,,,,1,0.020019361360399664,0.7533536585365785,229
20002736,control,0,2026-02-23,2026,2026Q1,38,0,Female,White,0,Not Hispanic or Latino,1987-05-20,,2018-11-16,2026-05-16,7.271731690622861,0.2245037645448323,3,3,0,0,0,,,0,,,,1,0.052065404416006114,0.7533536585365785,88
20002737,control,0,2023-01-18,2023,2023Q1,32,0,Female,White,0,Not Hispanic or Latino,1990-06-13,,2021-07-06,2023-08-25,1.5359342915811087,0.5995893223819302,2,2,2,0,0,,,0,,,,1,0.0131868401110049,0.7533536585365785,52
20002742,control,0,2025-12-06,2025,2025Q4,49,0,Female,White,1,Not Hispanic or Latino,1976-03-02,,2015-01-01,2026-01-26,10.929500342231348,0.13963039014373715,6,2,0,2,0,,,2,6.3,5.5,2026-03-02,1,0.17655021962978107,7.533536585365784,11
20002752,control,0,2026-03-05,2026,2026Q1,57,0,Male,White,0,Not Hispanic or Latino,1968-08-01,,2022-03-25,2026-05-19,3.9452429842573578,0.2053388090349076,6,1,2,0,0,,,0,,,,1,0.042837385210491574,0.7533536585365785,64
20002754,control,0,2022-10-06,2022,2022Q4,43,0,Male,White,0,Not Hispanic or Latino,1979-04-12,,2021-03-28,2026-04-24,1.5249828884325805,3.5482546201232035,2,1,1,1,0,,,0,,,,1,0.007192437020794491,0.7533536585365785,135
20002756,control,0,2022-02-18,2022,2022Q1,43,0,Female,Black or African American,0,Not Hispanic or Latino,1978-10-29,,2016-09-30,2022-07-23,5.385352498288843,0.4243668720054757,3,2,0,0,0,,,0,,,,1,0.036590758920331506,0.7533536585365785,112
20002760,control,0,2022-10-02,2022,2022Q4,39,0,Female,Unknown,0,Not Hispanic or Latino,1983-07-15,,2017-05-16,2024-05-11,5.379876796714579,1.6071184120465434,3,2,0,1,0,,,0,,,,1,0.04035842533488378,0.7533536585365785,49
20002765,control,0,2025-10-19,2025,2025Q4,35,0,Male,White,0,Not Hispanic or Latino,1990-01-18,,2023-05-30,2026-04-23,2.3901437371663246,0.5092402464065708,4,3,2,1,0,,,0,,,,1,0.03667144740987858,0.7533536585365785,67
20002773,control,0,2025-02-01,2025,2025Q1,18,0,Female,Other Race,0,Not Hispanic or Latino,2006-10-25,,2020-09-19,2026-04-26,4.369609856262834,1.2292950034223136,3,3,0,0,0,,,0,,,,1,0.050750893034534686,0.7533536585365785,102
20002776,control,0,2026-05-18,2026,2026Q2,34,0,Female,White,0,Not Hispanic or Latino,1991-09-18,,2023-12-19,2026-05-18,2.412046543463381,0.0,4,0,0,0,0,,,0,,,,1,0.03948170478491366,0.7533536585365785,240
20002779,control,0,2025-04-22,2025,2025Q2,67,0,Female,White,0,Not Hispanic or Latino,1957-10-17,,2021-01-28,2026-04-27,4.229979466119096,1.0130047912388775,3,2,1,0,0,,,0,,,,1,0.010316184594405819,0.7533536585365785,54
20002781,control,0,2023-01-15,2023,2023Q1,42,0,Female,White,0,Not Hispanic or Latino,1980-12-07,,2017-11-15,2025-06-19,5.166324435318275,2.425735797399042,5,2,0,0,0,,,0,,,,1,0.05735606478411647,0.7533536585365785,76
20002783,control,0,2023-10-10,2023,2023Q4,55,0,Female,Other Race,0,Not Hispanic or Latino,1968-03-31,,2015-04-23,2025-04-21,8.465434633812457,1.5304585900068446,4,2,1,0,0,,,0,,,,1,0.0426204116268996,0.7533536585365785,70
20002832,control,0,2025-11-05,2025,2025Q4,24,0,Female,White,0,Not Hispanic or Latino,2001-01-14,,2021-03-18,2025-11-22,4.635181382614648,0.04654346338124572,2,0,0,0,0,,,0,,,,1,0.031640868659461266,0.8370596205961982,68
20002838,control,0,2024-01-04,2024,2024Q1,35,0,Male,White,0,Not Hispanic or Latino,1988-10-15,,2016-10-15,2025-03-31,7.219712525667351,1.2375085557837098,4,2,1,0,0,,,0,,,,1,0.08009173974022225,1.506707317073157,322
20002840,control,0,2024-02-23,2024,2024Q1,89,0,Male,White,0,Not Hispanic or Latino,1934-03-17,,2019-05-31,2025-03-19,4.733744010951403,1.0677618069815196,4,3,2,0,0,,,0,,,,1,0.00784932227053604,0.7533536585365785,17
20002850,control,0,2026-03-05,2026,2026Q1,52,0,Female,White,0,Not Hispanic or Latino,1973-08-01,,2021-02-28,2026-05-16,5.0130047912388775,0.1971252566735113,3,1,0,0,0,,,0,,,,1,0.02148382025754675,0.7533536585365785,173
20002853,control,0,2025-06-25,2025,2025Q2,51,0,Female,White,0,Unknown,1974-06-03,,2020-02-15,2026-05-08,5.3579739904175225,0.8678986995208761,3,4,0,0,0,,,0,,,,1,0.019830368151270705,0.7533536585365785,229
20002859,control,0,2024-06-06,2024,2024Q2,40,0,Female,White,0,Not Hispanic or Latino,1983-08-16,,2020-06-19,2026-02-09,3.9644079397672827,1.678302532511978,5,4,0,0,0,,,0,,,,1,0.05254125473640434,0.7533536585365785,125
20002862,control,0,2023-03-07,2023,2023Q1,37,0,Female,White,0,Not Hispanic or Latino,1985-12-19,,2020-05-10,2024-09-02,2.8227241615331966,1.4921286789869952,3,5,0,0,0,,,0,,,,1,0.02260676656965411,0.7533536585365785,85
20002872,control,0,2024-08-31,2024,2024Q3,71,0,Male,White,0,Not Hispanic or Latino,1953-01-16,,2020-01-02,2026-05-09,4.662559890485968,1.6865160848733745,3,2,0,0,0,,,0,,,,1,0.009210011012472744,0.7533536585365785,317
20002874,control,0,2024-02-03,2024,2024Q1,65,0,Female,Black or African American,0,Not Hispanic or Latino,1958-10-30,,2019-05-28,2025-10-04,4.687200547570157,1.6673511293634498,2,1,2,0,0,,,0,,,,1,0.007812883420289638,0.7533536585365785,159
20002876,control,0,2026-01-05,2026,2026Q1,75,0,Female,Black or African American,0,Not Hispanic or Latino,1950-12-07,,2019-04-03,2026-05-02,6.759753593429158,0.3203285420944558,5,0,1,0,0,,,0,,,,1,0.03278511114676104,0.7533536585365785,252
20002877,control,0,2022-12-27,2022,2022Q4,31,0,Female,White,0,Not Hispanic or Latino,1991-10-22,,2019-07-21,2024-05-17,3.436002737850787,1.3880903490759753,6,4,0,0,0,,,0,,,,1,0.0877462367229198,1.883384146341446,300
20002880,control,0,2025-08-14,2025,2025Q3,48,0,Female,White,0,Not Hispanic or Latino,1977-01-16,,2017-03-19,2025-11-01,8.405201916495551,0.216290212183436,2,0,0,0,0,,,0,,,,1,0.026163052433554202,0.7533536585365785,314
20002885,control,0,2025-08-09,2025,2025Q3,37,0,Female,Unknown,0,Not Hispanic or Latino,1988-08-01,,2022-03-18,2026-03-10,3.3949349760438055,0.5831622176591376,4,2,0,0,0,,,0,,,,1,0.04972361125504147,0.7533536585365785,162
20002900,control,0,2025-06-18,2025,2025Q2,30,0,Male,White,0,Not Hispanic or Latino,1995-01-25,,2022-10-13,2026-03-13,2.6803559206023273,0.7337440109514032,3,4,1,0,0,,,0,,,,1,0.029759474152636918,0.7533536585365785,8
20002904,control,0,2022-08-16,2022,2022Q3,49,0,Female,White,0,Not Hispanic or Latino,1973-04-17,,2015-01-01,2025-05-25,7.62217659137577,2.7734428473648185,5,2,0,0,0,,,0,,,,1,0.06717639185724113,0.7533536585365785,129
20002905,control,0,2025-05-19,2025,2025Q2,37,0,Female,White,0,Not Hispanic or Latino,1988-04-30,,2024-05-20,2025-08-30,0.9965776865160849,0.28199863107460643,2,1,0,0,0,,,0,,,,1,0.010231620544084774,0.7533536585365785,54
20002912,control,0,2024-02-22,2024,2024Q1,52,0,Female,White,0,Hispanic or Latino,1972-01-28,,2019-09-12,2025-08-01,4.446269678302532,1.4401095140314852,4,0,0,0,0,,,0,,,,1,0.019376560552039866,0.7533536585365785,299
20002915,control,0,2026-01-18,2026,2026Q1,56,0,Male,Black or African American,0,Not Hispanic or Latino,1969-09-04,,2024-12-03,2026-04-13,1.1252566735112937,0.2327173169062286,4,0,0,0,0,,,0,,,,1,0.016789971623590295,0.7533536585365785,174
20002929,control,0,2023-08-01,2023,2023Q3,30,0,Female,White,0,Not Hispanic or Latino,1993-02-13,,2021-03-27,2024-05-10,2.346338124572211,0.7748117727583846,5,1,2,1,0,,,0,,,,1,0.05955174386544289,1.0762195121951121,61
20002934,control,0,2026-04-25,2026,2026Q2,28,0,Female,Unknown,0,Not Hispanic or Latino,1997-08-04,,2021-09-05,2026-04-25,4.635181382614648,0.0,4,0,0,1,0,,,0,,,,1,0.08656677239601293,1.883384146341446,99
20002939,control,0,2023-07-06,2023,2023Q3,54,0,Female,White,0,Not Hispanic or Latino,1969-06-15,,2020-11-16,2025-04-05,2.6338124572210813,1.7494866529774127,3,3,0,0,0,,,0,,,,1,0.011706441625076338,0.7533536585365785,327
20002941,control,0,2024-11-11,2024,2024Q4,33,0,Male,Black or African American,0,Not Hispanic or Latino,1990-12-03,,2016-07-31,2025-08-12,8.281998631074606,0.7501711156741958,3,3,1,0,0,,,0,,,,1,0.08286975076590318,0.941692073170723,117
20002947,control,0,2024-05-20,2024,2024Q2,52,0,Female,White,0,Not Hispanic or Latino,1971-12-07,,2022-11-17,2025-04-07,1.5058179329226558,0.8815879534565366,4,3,1,0,0,,,0,,,,1,0.01674967538922641,0.7533536585365785,190
20002959,control,0,2022-08-11,2022,2022Q3,60,0,Female,White,0,Not Hispanic or Latino,1962-08-04,,2015-01-01,2023-11-21,7.60848733744011,1.2785763175906912,3,2,0,0,0,,,0,,,,1,0.023807399553290167,0.7533536585365785,213
20002965,control,0,2026-03-09,2026,2026Q1,42,0,Female,White,0,Not Hispanic or Latino,1983-12-14,,2021-11-22,2026-05-25,4.292950034223135,0.2108145106091718,6,0,0,0,0,,,0,,,,1,0.07587212675157863,2.511178861788595,94
20002969,control,0,2024-10-08,2024,2024Q4,30,0,Female,White,0,Hispanic or Latino,1994-01-03,,2023-01-21,2025-11-18,1.7138945927446954,1.111567419575633,5,0,0,0,0,,,0,,,,1,0.03747408228917453,0.7533536585365785,263
20002970,control,0,2022-08-11,2022,2022Q3,30,0,Female,White,0,Not Hispanic or Latino,1991-12-28,,2018-02-11,2022-11-14,4.4955509924709105,0.2600958247775496,2,0,0,0,0,,,0,,,,1,0.02461616191386779,0.7533536585365785,289
20003008,control,0,2024-03-28,2024,2024Q1,33,0,Female,White,0,Hispanic or Latino,1990-05-03,,2021-04-26,2025-11-29,2.921286789869952,1.672826830937714,6,2,0,0,0,,,0,,,,1,0.05339266537043503,0.7533536585365785,197
20003009,control,0,2021-11-27,2021,2021Q4,34,0,Female,Black or African American,0,Not Hispanic or Latino,1987-04-26,,2015-11-18,2022-08-30,6.026009582477755,0.75564681724846,2,3,0,0,0,,,0,,,,1,0.03195252892023247,0.7533536585365785,309
20003010,control,0,2023-11-19,2023,2023Q4,23,0,Male,White,0,Not Hispanic or Latino,2000-08-04,,2022-04-05,2025-09-18,1.623545516769336,1.8316221765913758,5,2,0,1,0,,,0,,,,1,0.0622029044013758,0.7533536585365785,180
20003015,control,0,2024-01-30,2024,2024Q1,31,0,Female,White,0,Hispanic or Latino,1992-08-13,,2016-11-23,2026-05-03,7.184120465434634,2.2559890485968515,4,1,0,0,0,,,0,,,,1,0.06164876743212448,0.941692073170723,228
20003033,control,0,2025-07-01,2025,2025Q3,54,0,Female,White,0,Not Hispanic or Latino,1971-04-20,,2023-06-23,2026-05-24,2.023271731690623,0.8952772073921971,2,1,0,0,0,,,0,,,,1,0.0063980986290800715,0.7533536585365785,24
20003037,control,0,2025-10-07,2025,2025Q4,68,0,Female,White,0,Not Hispanic or Latino,1957-03-26,,2020-02-06,2026-04-10,5.66735112936345,0.5065023956194388,4,2,0,1,0,,,0,,,,1,0.020475944671031417,0.7533536585365785,128
20003038,control,0,2023-10-22,2023,2023Q4,41,0,Male,White,0,Not Hispanic or Latino,1982-04-13,,2023-04-24,2024-06-16,0.49555099247091033,0.6516084873374401,6,6,0,0,0,,,0,,,,1,0.03966925403434785,0.7533536585365785,14
20003039,control,0,2022-12-11,2022,2022Q4,29,0,Female,White,0,Not Hispanic or Latino,1993-03-13,,2018-02-13,2023-01-31,4.824093086926762,0.13963039014373715,3,2,0,0,0,,,0,,,,1,0.046746526249836474,0.7533536585365785,49
20003042,control,0,2024-07-21,2024,2024Q3,47,0,Female,White,0,Hispanic or Latino,1977-06-06,,2016-05-05,2024-10-20,8.210814510609172,0.24914442162902123,2,0,0,0,0,,,0,,,,1,0.018606292847399328,0.7533536585365785,58
20003044,control,0,2025-08-27,2025,2025Q3,63,0,Female,White,0,Not Hispanic or Latino,1961-10-06,,2020-02-23,2026-04-02,5.508555783709788,0.5968514715947981,5,4,0,0,0,,,0,,,,1,0.03333296806464108,0.7533536585365785,298
20003045,control,0,2026-05-01,2026,2026Q2,30,0,Female,White,0,Not Hispanic or Latino,1995-08-26,,2025-04-06,2026-05-31,1.0677618069815196,0.08213552361396304,5,1,0,0,0,,,0,,,,1,0.05008343706824888,0.7533536585365785,110
20003050,control,0,2024-05-17,2024,2024Q2,78,0,Female,White,0,Not Hispanic or Latino,1946-04-30,,2018-09-01,2026-03-04,5.708418891170431,1.7960301163586585,5,0,0,0,0,,,0,,,,1,0.01869307519754608,0.7533536585365785,273
20003057,control,0,2024-05-28,2024,2024Q2,60,0,Male,Black or African American,0,Not Hispanic or Latino,1964-05-08,,2015-02-11,2024-12-30,9.292265571526352,0.5913757700205339,5,3,1,0,0,,,0,,,,1,0.08326028900266313,1.0762195121951121,28
20003065,control,0,2023-04-23,2023,2023Q2,22,0,Female,White,0,Hispanic or Latino,2000-12-22,,2015-11-21,2023-07-10,7.4195756331279945,0.2135523613963039,2,0,3,1,0,,,0,,,,1,0.03914211707479379,0.7533536585365785,272
20003069,control,0,2024-12-23,2024,2024Q4,18,0,Female,White,0,Not Hispanic or Latino,2006-05-20,,2019-04-23,2025-10-20,5.670088980150582,0.8240930869267625,2,3,0,1,0,,,0,,,,1,0.04432333032014843,1.2555894308942974,175
20003080,control,0,2026-03-23,2026,2026Q1,30,0,Female,White,0,Hispanic or Latino,1995-04-09,,2018-02-10,2026-04-13,8.112251882272416,0.057494866529774126,2,0,0,2,0,,,0,,,,1,0.03378605618752037,0.7533536585365785,252
20003090,control,0,2023-10-09,2023,2023Q4,63,0,Female,Black or African American,0,Not Hispanic or Latino,1960-04-25,,2016-01-12,2026-02-01,7.73990417522245,2.316221765913758,2,5,2,0,0,,,0,,,,1,0.013895122373229887,0.7533536585365785,318
20003114,control,0,2026-01-29,2026,2026Q1,45,0,Male,White,0,Not Hispanic or Latino,1980-06-25,,2023-11-01,2026-04-23,2.245037645448323,0.2299794661190965,3,0,1,0,0,,,0,,,,1,0.01676785605966155,0.7533536585365785,174
20003122,control,0,2022-10-21,2022,2022Q4,66,0,Female,White,0,Not Hispanic or Latino,1955-11-04,,2016-02-21,2023-02-04,6.663928815879535,0.29021218343600275,3,1,0,0,0,,,0,,,,1,0.01742384887809598,0.7533536585365785,188
20003133,control,0,2025-12-26,2025,2025Q4,39,0,Female,White,0,Not Hispanic or Latino,1986-10-30,,2020-12-15,2026-05-01,5.02943189596167,0.34496919917864477,4,1,0,0,0,,,0,,,,1,0.05112538197214466,0.7533536585365785,316
20003140,control,0,2026-03-07,2026,2026Q1,34,0,Female,White,0,Not Hispanic or Latino,1992-01-23,,2019-10-10,2026-03-07,6.406570841889117,0.0,3,0,0,0,0,,,0,,,,1,0.05224165130751693,0.7533536585365785,88
20003142,control,0,2025-02-07,2025,2025Q1,50,0,Female,White,0,Not Hispanic or Latino,1974-02-23,,2022-01-08,2026-04-20,3.082819986310746,1.1964407939767283,5,1,1,0,0,,,0,,,,1,0.032903047748070485,0.7533536585365785,138
20003145,control,0,2024-02-26,2024,2024Q1,27,0,Female,Unknown,0,Unknown,1996-05-24,,2017-10-27,2025-04-11,6.33264887063655,1.1225188227241616,3,0,0,1,0,,,0,,,,1,0.06548619497371125,0.941692073170723,228
20003148,control,0,2022-10-22,2022,2022Q4,61,0,Female,White,0,Not Hispanic or Latino,1961-03-02,,2017-06-30,2024-03-24,5.3114305270362765,1.4209445585215605,5,4,0,0,0,,,0,,,,1,0.032616135572132866,0.7533536585365785,95
20003156,control,0,2023-03-12,2023,2023Q1,27,0,Female,White,0,Not Hispanic or Latino,1995-12-21,,2015-01-01,2024-10-30,8.191649555099247,1.6372347707049966,3,2,0,0,0,,,0,,,,1,0.08041288629965769,1.883384146341446,216
20003164,control,0,2022-11-29,2022,2022Q4,55,0,Female,White,0,Not Hispanic or Latino,1966-12-22,,2018-07-11,2023-11-06,4.386036960985626,0.9363449691991786,6,7,0,0,0,,,0,,,,1,0.04714673530797197,0.7533536585365785,49
20003170,control,0,2023-11-27,2023,2023Q4,39,0,Female,Black or African American,0,Not Hispanic or Latino,1983-12-02,,2022-10-05,2025-09-11,1.1444216290212184,1.7905544147843941,4,2,0,0,0,,,0,,,,1,0.027600962993674524,0.7533536585365785,77
20003173,control,0,2022-01-29,2022,2022Q1,45,0,Female,White,0,Not Hispanic or Latino,1976-11-18,,2016-08-08,2024-06-20,5.475701574264202,2.3901437371663246,3,2,0,0,0,,,0,,,,1,0.02563213907701091,0.7533536585365785,227
20003174,control,0,2024-04-26,2024,2024Q2,20,0,Male,Unknown,0,Not Hispanic or Latino,2003-12-23,,2022-12-26,2025-10-24,1.3333333333333333,1.4948665297741273,4,1,0,0,0,,,0,,,,1,0.058704241572382125,0.7533536585365785,208
20003176,control,0,2023-01-30,2023,2023Q1,29,0,Male,White,0,Hispanic or Latino,1993-09-21,,2017-07-02,2026-05-17,5.579739904175223,3.293634496919918,3,4,0,0,0,,,0,,,,1,0.03074584411039613,0.7533536585365785,245
20003181,control,0,2025-03-30,2025,2025Q1,29,0,Female,White,0,Not Hispanic or Latino,1995-09-01,,2017-02-10,2026-04-25,8.131416837782341,1.0704996577686516,4,4,0,0,0,,,0,,,,1,0.11450166197895206,1.883384146341446,109
20003184,control,0,2024-11-30,2024,2024Q4,59,0,Male,White,0,Not Hispanic or Latino,1965-10-01,,2018-06-20,2026-02-11,6.447638603696099,1.1991786447638604,3,4,0,1,0,,,0,,,,1,0.02017128432476568,0.7533536585365785,293
20003189,control,0,2026-02-15,2026,2026Q1,57,0,Male,Other Race,0,Not Hispanic or Latino,1968-06-22,,2019-07-04,2026-05-30,6.620123203285421,0.28473648186173856,2,0,0,0,0,,,0,,,,1,0.011836105750978532,0.7533536585365785,274
20003194,control,0,2024-01-03,2024,2024Q1,18,0,Female,Black or African American,0,Not Hispanic or Latino,2005-03-25,,2020-12-01,2026-04-27,3.0882956878850103,2.3134839151266258,3,0,0,0,0,,,0,,,,1,0.051267126756093545,0.7533536585365785,197
20003196,control,0,2026-03-27,2026,2026Q1,47,0,Female,White,0,Not Hispanic or Latino,1979-03-14,,2023-06-29,2026-04-01,2.7433264887063653,0.013689253935660506,2,1,0,1,0,,,0,,,,1,0.009979414918299458,0.7533536585365785,201
20003216,control,0,2025-11-15,2025,2025Q4,31,0,Female,Unknown,0,Not Hispanic or Latino,1994-08-31,,2020-11-21,2026-01-27,4.982888432580425,0.1998631074606434,2,2,1,0,0,,,0,,,,1,0.031994821797450126,0.8370596205961982,302
20003217,control,0,2025-05-06,2025,2025Q2,32,0,Male,White,0,Not Hispanic or Latino,1992-06-15,,2023-05-21,2026-03-11,1.9603011635865846,0.8459958932238193,4,0,0,0,0,,,0,,,,1,0.03689606570494298,0.7533536585365785,241
20003222,control,0,2025-03-13,2025,2025Q1,20,0,Female,White,0,Not Hispanic or Latino,2004-08-17,,2021-09-14,2026-03-25,3.4934976043805612,1.0321697467488022,3,2,0,1,0,,,0,,,,1,0.04764505970008277,1.0762195121951121,65
20003224,control,0,2024-02-10,2024,2024Q1,47,0,Female,White,0,Not Hispanic or Latino,1976-08-17,,2022-08-04,2025-04-06,1.5195071868583163,1.1526351813826146,4,0,0,0,0,,,0,,,,1,0.019682425007436676,0.7533536585365785,253
20003228,control,0,2024-03-23,2024,2024Q1,55,0,Female,White,0,Not Hispanic or Latino,1968-08-20,,2016-04-13,2024-11-11,7.942505133470226,0.6379192334017796,2,3,1,1,0,,,0,,,,1,0.01824984773218123,0.7533536585365785,253
20003241,control,0,2025-05-09,2025,2025Q2,38,0,Female,White,0,Not Hispanic or Latino,1987-04-18,,2022-11-29,2025-10-18,2.4421629021218343,0.44353182751540043,4,0,0,0,0,,,0,,,,1,0.033472758987880824,0.7533536585365785,147
20003245,control,0,2024-02-04,2024,2024Q1,57,0,Male,Unknown,0,Not Hispanic or Latino,1966-03-26,,2018-05-02,2025-12-05,5.760438056125941,1.834360027378508,2,3,1,0,0,,,0,,,,1,0.013023237140317515,0.7533536585365785,59
20003251,control,0,2026-01-07,2026,2026Q1,71,0,Female,White,0,Not Hispanic or Latino,1954-03-24,,2021-04-03,2026-05-31,4.763860369609857,0.3942505133470226,5,1,0,0,0,,,0,,,,1,0.022347489683424506,0.7533536585365785,29
20003265,control,0,2024-03-09,2024,2024Q1,49,0,Female,Black or African American,0,Not Hispanic or Latino,1974-08-16,,2022-09-26,2025-01-28,1.4510609171800137,0.8898015058179329,2,2,0,0,0,,,0,,,,1,0.008181781273897803,0.7533536585365785,159
20003267,control,0,2022-08-09,2022,2022Q3,43,0,Female,White,0,Not Hispanic or Latino,1979-02-16,,2019-10-28,2023-09-06,2.7816563997262147,1.0759753593429158,7,3,1,0,0,,,0,,,,1,0.06826891039359091,0.7533536585365785,129
20003269,control,0,2024-03-24,2024,2024Q1,59,0,Female,White,0,Not Hispanic or Latino,1964-07-08,,2019-10-26,2026-02-06,4.4106776180698155,1.8726899383983573,2,0,1,0,0,,,0,,,,1,0.007676173961373212,0.7533536585365785,159
20003270,control,0,2022-11-28,2022,2022Q4,22,0,Female,Unknown,0,Not Hispanic or Latino,2000-11-10,,2019-06-09,2023-10-31,3.4715947980835042,0.9226557152635181,3,3,0,0,0,,,0,,,,1,0.05463717853754381,0.7533536585365785,62
20003281,control,0,2022-10-06,2022,2022Q4,44,0,Female,White,0,Not Hispanic or Latino,1978-04-21,,2021-07-12,2025-09-15,1.2347707049965777,2.943189596167009,3,2,0,0,0,,,0,,,,1,0.011965815712382814,0.7533536585365785,232
20003289,control,0,2022-07-19,2022,2022Q3,36,0,Female,White,0,Not Hispanic or Latino,1985-07-20,,2018-11-14,2026-03-25,3.676933607118412,3.682409308692676,4,2,0,0,0,,,3,8.1,4.2,2022-01-05,1,0.03564494089758293,0.7533536585365785,249
20003302,control,0,2026-05-21,2026,2026Q2,56,0,Female,White,0,Not Hispanic or Latino,1970-01-24,,2022-10-11,2026-05-21,3.6084873374401094,0.0,2,0,0,0,0,,,0,,,,1,0.008451164800142817,0.7533536585365785,305
20003303,control,0,2025-08-07,2025,2025Q3,36,0,Female,White,0,Not Hispanic or Latino,1988-10-02,,2017-05-21,2026-04-16,8.213552361396303,0.6899383983572895,4,3,0,0,0,,,0,,,,1,0.09473853786698529,1.506707317073157,124
20003311,control,0,2025-10-28,2025,2025Q4,83,0,Female,White,0,Not Hispanic or Latino,1942-07-27,,2016-12-06,2025-10-28,8.892539356605065,0.0,4,0,1,0,0,,,0,,,,1,0.02213986635238727,0.7533536585365785,5
20003316,control,0,2026-03-22,2026,2026Q1,60,0,Female,Unknown,0,Not Hispanic or Latino,1965-12-20,,2022-03-29,2026-05-29,3.980835044490075,0.1861738535249829,3,0,0,0,0,,,0,,,,1,0.01657715259722984,0.7533536585365785,193
20003318,control,0,2023-04-23,2023,2023Q2,42,0,Female,Black or African American,0,Not Hispanic or Latino,1980-09-07,,2019-03-20,2023-12-20,4.093086926762491,0.6598220396988365,5,1,1,0,0,,,0,,,,1,0.06309218573617414,0.7533536585365785,290
20003321,control,0,2024-08-02,2024,2024Q3,76,0,Female,White,0,Not Hispanic or Latino,1948-07-01,,2018-11-09,2025-11-30,5.730321697467488,1.3278576317590691,5,1,0,0,0,,,0,,,,1,0.020822861866820808,0.7533536585365785,328
20003323,control,0,2023-04-25,2023,2023Q2,67,0,Female,White,0,Not Hispanic or Latino,1956-03-27,,2015-01-01,2024-02-05,8.31211498973306,0.783025325119781,2,1,1,0,0,,,0,,,,1,0.012575603287329986,0.7533536585365785,120
20003324,control,0,2023-04-24,2023,2023Q2,50,0,Female,White,0,Not Hispanic or Latino,1972-09-05,,2021-07-07,2024-09-09,1.7960301163586585,1.379876796714579,4,2,0,0,0,,,0,,,,1,0.01829157106434457,0.7533536585365785,163
20003330,control,0,2023-02-15,2023,2023Q1,36,0,Female,White,0,Not Hispanic or Latino,1986-12-01,,2015-04-30,2024-02-13,7.797399041752224,0.9938398357289527,3,2,2,2,0,,,0,,,,1,0.05793726770748987,0.7533536585365785,76
20003338,control,0,2025-03-26,2025,2025Q1,26,0,Female,White,0,Not Hispanic or Latino,1998-08-25,,2021-10-21,2026-05-30,3.4277891854893907,1.1772758384668036,3,4,1,1,0,,,0,,,,1,0.03786734509455218,0.8370596205961982,292
20003340,control,0,2022-06-27,2022,2022Q2,35,0,Female,Unknown,0,Not Hispanic or Latino,1986-11-06,,2019-08-22,2023-06-14,2.847364818617385,0.9637234770704997,3,2,1,0,0,,,0,,,,1,0.031104641165431914,0.7533536585365785,116
20003341,control,0,2023-12-12,2023,2023Q4,28,0,Female,White,0,Unknown,1995-05-03,,2017-10-21,2026-01-19,6.140999315537303,2.105407255304586,2,2,0,0,0,,,0,,,,1,0.027322613346194617,0.7533536585365785,150
20003348,control,0,2022-07-11,2022,2022Q3,28,0,Female,White,0,Not Hispanic or Latino,1993-08-01,,2017-05-28,2024-07-28,5.119780971937029,2.0479123887748116,2,5,0,0,0,,,0,,,,1,0.026047590361469912,0.7533536585365785,289
20003354,control,0,2022-01-19,2022,2022Q1,60,0,Female,White,1,Not Hispanic or Latino,1961-10-17,,2018-04-20,2026-05-07,3.7508555783709787,4.295687885010267,4,0,1,0,0,,,0,,,,1,0.014795899797039434,0.7533536585365785,308
20003357,control,0,2022-10-31,2022,2022Q4,73,0,Female,White,0,Not Hispanic or Latino,1948-12-01,2023-05-25,2019-08-28,2023-05-25,3.1759069130732374,0.5639972621492129,3,4,1,1,0,,,0,,,,1,0.007096967098462754,0.7533536585365785,55
20003359,control,0,2025-04-27,2025,2025Q2,32,0,Female,White,0,Not Hispanic or Latino,1993-01-25,,2022-05-08,2026-04-25,2.97056810403833,0.9938398357289527,3,3,0,0,0,,,0,,,,1,0.028672995792743416,0.7533536585365785,48
20003367,control,0,2022-01-18,2022,2022Q1,46,0,Female,White,0,Not Hispanic or Latino,1975-04-04,,2019-07-31,2023-08-18,2.4695414099931554,1.5797399041752225,3,0,0,0,0,,,0,,,,1,0.015314231260719924,0.7533536585365785,308
20003368,control,0,2026-05-06,2026,2026Q2,41,0,Female,White,0,Not Hispanic or Latino,1984-10-01,,2020-10-20,2026-05-08,5.541409993155373,0.0054757015742642025,2,0,2,0,0,,,0,,,,1,0.020441838304656255,0.7533536585365785,153
20003376,control,0,2023-05-05,2023,2023Q2,28,0,Female,White,0,Not Hispanic or Latino,1995-04-09,,2019-01-20,2023-06-27,4.287474332648871,0.14510609171800137,3,1,0,0,0,,,0,,,,1,0.04406592460346276,0.7533536585365785,42
20003394,control,0,2023-02-25,2023,2023Q1,65,0,Female,White,0,Not Hispanic or Latino,1957-08-14,,2015-05-07,2025-01-08,7.8056125941136205,1.8699520876112252,2,3,0,0,0,,,0,,,,1,0.011418792254544834,0.7533536585365785,319
20003395,control,0,2022-10-29,2022,2022Q4,29,0,Female,White,0,Hispanic or Latino,1993-09-05,,2019-05-26,2025-06-20,3.4277891854893907,2.642026009582478,4,5,0,0,0,,,0,,,,1,0.03350729788944349,0.7533536585365785,95
20003401,control,0,2024-01-19,2024,2024Q1,55,0,Female,White,0,Not Hispanic or Latino,1968-07-08,,2019-10-05,2025-10-20,4.290212183436003,1.7522245037645447,4,2,0,0,0,,,0,,,,1,0.023279808110116068,0.7533536585365785,261
20003427,control,0,2023-10-01,2023,2023Q4,31,0,Female,White,0,Not Hispanic or Latino,1991-11-08,,2018-08-05,2025-05-08,5.155373032169747,1.6016427104722792,3,3,0,0,0,,,0,,,,1,0.04180004497892375,0.7533536585365785,70
20003429,control,0,2025-05-10,2025,2025Q2,58,0,Female,White,0,Unknown,1966-11-21,,2015-10-13,2026-03-31,9.574264202600958,0.8898015058179329,2,3,0,0,0,,,0,,,,1,0.01893549373271808,0.7533536585365785,22
20003438,control,0,2026-01-28,2026,2026Q1,65,0,Male,White,0,Not Hispanic or Latino,1960-09-22,,2017-06-08,2026-05-08,8.640657084188911,0.2737850787132101,3,3,0,0,0,,,0,,,,1,0.02570769958967995,0.7533536585365785,156
20003440,control,0,2025-11-11,2025,2025Q4,48,0,Female,White,1,Hispanic or Latino,1977-03-04,,2021-02-28,2026-03-30,4.700889801505818,0.3805612594113621,4,4,0,0,0,,,0,,,,1,0.025166423230678265,0.7533536585365785,1
20003445,control,0,2026-03-30,2026,2026Q1,39,0,Male,White,0,Unknown,1986-09-05,,2023-11-12,2026-04-17,2.379192334017796,0.049281314168377825,5,0,0,0,0,,,0,,,,1,0.04067741468237073,0.7533536585365785,64
20003458,control,0,2024-04-10,2024,2024Q2,25,0,Female,Other Race,0,Not Hispanic or Latino,1998-10-23,,2020-03-25,2025-05-15,4.043805612594114,1.0951403148528405,4,2,0,0,0,,,0,,,,1,0.057420816825468006,0.7533536585365785,125
20003466,control,0,2025-01-29,2025,2025Q1,43,0,Female,White,0,Not Hispanic or Latino,1981-08-13,,2022-09-19,2026-05-23,2.3627652292950034,1.3114305270362765,5,4,0,0,0,,,0,,,,1,0.03674484529639271,0.8370596205961982,292
20003468,control,0,2026-05-30,2026,2026Q2,33,0,Male,Black or African American,0,Not Hispanic or Latino,1992-12-13,,2022-05-16,2026-05-30,4.03832991101985,0.0,3,0,0,0,0,,,0,,,,1,0.04216823706945659,0.7533536585365785,142
20003475,control,0,2025-01-12,2025,2025Q1,54,0,Female,Black or African American,0,Not Hispanic or Latino,1970-04-11,,2022-08-09,2026-02-12,2.428473648186174,1.0841889117043122,4,3,1,1,0,,,0,,,,1,0.021430919166308574,0.7533536585365785,303
20003481,control,0,2025-06-21,2025,2025Q2,43,0,Female,Black or African American,0,Hispanic or Latino,1981-08-20,,2021-02-25,2025-11-19,4.317590691307323,0.4134154688569473,5,3,1,0,0,,,0,,,,1,0.04640784761376154,1.0762195121951121,114
20003485,control,0,2022-12-05,2022,2022Q4,58,0,Female,White,0,Not Hispanic or Latino,1964-03-16,,2019-10-17,2023-03-04,3.134839151266256,0.243668720054757,2,2,0,0,0,,,0,,,,1,0.007095285137359527,0.7533536585365785,55
20003489,control,0,2026-05-08,2026,2026Q2,18,0,Female,White,0,Not Hispanic or Latino,2008-01-22,,2016-08-22,2026-05-08,9.708418891170432,0.0,2,0,0,0,0,,,3,6.9,4.4,2026-02-22,1,0.09309719149535593,1.506707317073157,257
20003490,control,0,2023-08-25,2023,2023Q3,69,0,Female,White,0,Not Hispanic or Latino,1954-04-22,,2019-11-20,2025-06-01,3.761806981519507,1.7686516084873374,5,6,0,0,0,,,0,,,,1,0.018217831012489912,0.7533536585365785,254
20003499,control,0,2025-12-03,2025,2025Q4,60,0,Female,White,0,Not Hispanic or Latino,1965-01-28,,2018-08-21,2026-05-12,7.285420944558521,0.4380561259411362,6,3,2,0,0,,,0,,,,1,0.06762651123917784,1.0762195121951121,41
20003511,control,0,2026-03-16,2026,2026Q1,57,0,Female,White,0,Not Hispanic or Latino,1968-08-15,,2021-12-22,2026-04-17,4.229979466119096,0.08761122518822724,5,0,0,0,0,,,0,,,,1,0.03402308649644333,0.7533536585365785,252
20003515,control,0,2025-09-15,2025,2025Q3,36,0,Female,White,0,Not Hispanic or Latino,1989-04-07,,2023-08-09,2025-12-09,2.102669404517454,0.2327173169062286,4,2,0,1,0,,,0,,,,1,0.03431765237309886,0.7533536585365785,298
20003517,control,0,2023-03-13,2023,2023Q1,23,0,Male,White,0,Not Hispanic or Latino,1999-08-07,,2018-12-24,2025-05-27,4.216290212183436,2.206707734428474,2,2,0,0,0,,,0,,,,1,0.026183792874714666,0.7533536585365785,106
20003522,control,0,2025-07-08,2025,2025Q3,46,0,Female,White,0,Not Hispanic or Latino,1978-08-30,,2019-12-16,2026-05-11,5.560574948665297,0.840520191649555,3,2,0,1,0,,,0,,,,1,0.027987196588299314,0.7533536585365785,91
20003546,control,0,2022-12-15,2022,2022Q4,18,0,Female,White,0,Not Hispanic or Latino,2004-01-16,,2021-03-15,2024-09-21,1.7522245037645447,1.7686516084873374,3,0,0,1,0,,,0,,,,1,0.035827181271831335,0.7533536585365785,33
20003547,control,0,2023-09-03,2023,2023Q3,35,0,Female,White,0,Not Hispanic or Latino,1987-09-17,,2018-02-20,2024-12-16,5.533196440793977,1.2867898699520877,4,3,1,0,0,,,0,,,,1,0.05998688029812361,1.0762195121951121,61
20003551,control,0,2025-09-05,2025,2025Q3,18,0,Female,White,0,Not Hispanic or Latino,2007-08-04,,2022-07-14,2026-02-05,3.1457905544147846,0.4188911704312115,7,3,0,0,0,,,0,,,,1,0.16885387741134184,2.511178861788595,181
20003562,control,0,2024-06-12,2024,2024Q2,53,0,Female,Unknown,0,Not Hispanic or Latino,1970-11-25,,2022-09-03,2024-10-20,1.7741273100616017,0.35592060232717315,4,2,0,0,0,,,0,,,,1,0.02168453739590579,0.7533536585365785,93
20003565,control,0,2022-01-19,2022,2022Q1,18,0,Male,White,0,Not Hispanic or Latino,2003-04-23,,2019-04-11,2024-10-30,2.7761806981519506,2.7789185489390826,5,5,1,0,0,,,0,,,,1,0.08394804046246483,3.766768292682892,103
20003568,control,0,2023-10-04,2023,2023Q4,46,0,Female,Black or African American,0,Not Hispanic or Latino,1976-10-31,,2015-01-01,2026-03-27,8.75564681724846,2.4777549623545516,3,5,0,0,0,,,0,,,,1,0.05151833931461143,0.7533536585365785,219
20003576,control,0,2022-10-21,2022,2022Q4,45,0,Male,White,0,Not Hispanic or Latino,1977-04-19,,2015-01-01,2024-06-13,7.8028747433264884,1.6454483230663928,4,2,0,0,0,,,0,,,,1,0.061415638903878536,0.7533536585365785,105
20003584,control,0,2023-01-16,2023,2023Q1,34,0,Female,White,0,Not Hispanic or Latino,1988-06-29,,2020-03-24,2024-04-19,2.8145106091718,1.2566735112936345,4,4,0,0,0,,,0,,,,1,0.03884877805883913,0.7533536585365785,172
20003587,control,0,2024-10-11,2024,2024Q4,41,0,Male,White,0,Not Hispanic or Latino,1983-10-03,,2015-01-01,2026-03-13,9.776865160848734,1.4182067077344285,3,2,0,0,0,,,0,,,,1,0.066611990167765,0.8370596205961982,165
20003588,control,0,2025-11-01,2025,2025Q4,52,0,Female,White,0,Not Hispanic or Latino,1973-06-11,,2018-11-21,2026-03-02,6.945927446954141,0.33127994524298426,3,2,2,0,0,,,0,,,,1,0.029992662785071834,0.8370596205961982,68
20003590,control,0,2024-07-19,2024,2024Q3,49,0,Female,White,0,Not Hispanic or Latino,1975-03-13,,2020-09-19,2026-01-27,3.8302532511978096,1.5249828884325805,4,2,0,0,0,,,0,,,,1,0.026947447393228532,0.7533536585365785,80
20003608,control,0,2026-02-03,2026,2026Q1,72,0,Male,Black or African American,0,Hispanic or Latino,1953-05-21,,2020-04-18,2026-04-22,5.796030116358659,0.2135523613963039,3,0,0,0,0,,,0,,,,1,0.010158199813102085,0.7533536585365785,127
20003613,control,0,2022-04-25,2022,2022Q2,44,0,Male,White,0,Not Hispanic or Latino,1978-03-08,,2016-03-14,2022-06-19,6.113620807665982,0.15058179329226556,4,0,0,0,0,,,0,,,,1,0.0526056699861091,0.8370596205961982,20
20003616,control,0,2025-05-14,2025,2025Q2,46,0,Male,White,0,Not Hispanic or Latino,1978-12-15,,2021-10-25,2026-03-20,3.5509924709103355,0.8487337440109514,4,2,0,0,0,,,0,,,,1,0.029882403620188562,0.7533536585365785,8
20003627,control,0,2026-03-10,2026,2026Q1,55,0,Female,White,1,Not Hispanic or Latino,1970-12-11,,2025-01-28,2026-03-10,1.111567419575633,0.0,2,0,0,0,0,,,0,,,,1,0.005577482487231626,0.7533536585365785,97
20003631,control,0,2024-02-29,2024,2024Q1,23,0,Female,White,1,Unknown,2000-04-29,,2021-05-22,2024-05-29,2.7734428473648185,0.2464065708418891,4,1,0,0,0,,,0,,,,1,0.05328047789456426,0.7533536585365785,197
20003642,control,0,2024-02-04,2024,2024Q1,43,0,Male,White,0,Not Hispanic or Latino,1980-05-29,,2020-03-31,2025-02-20,3.8466803559206024,1.0458590006844628,2,4,0,0,0,,,0,,,,1,0.013057351849431678,0.7533536585365785,59
20003644,control,0,2022-11-07,2022,2022Q4,18,0,Male,White,0,Not Hispanic or Latino,2004-06-18,,2017-10-17,2024-02-07,5.0568104038329915,1.2511978097193703,4,1,0,0,0,,,0,,,,1,0.09800173650801088,1.883384146341446,16
20003645,control,0,2024-04-02,2024,2024Q2,28,0,Male,Asian,0,Not Hispanic or Latino,1995-09-01,,2022-03-18,2024-08-30,2.0424366872005475,0.4106776180698152,5,1,0,0,0,,,0,,,,1,0.056257735767771294,0.7533536585365785,208
20003649,control,0,2022-10-10,2022,2022Q4,29,0,Female,White,0,Not Hispanic or Latino,1993-02-12,,2015-06-16,2025-03-09,7.318275154004107,2.412046543463381,4,1,0,0,0,,,0,,,,1,0.09196776112056734,2.511178861788595,183
20003658,control,0,2026-03-28,2026,2026Q1,28,0,Male,White,0,Not Hispanic or Latino,1998-01-04,,2023-02-26,2026-05-01,3.082819986310746,0.09308692676249145,5,2,0,0,0,,,0,,,,1,0.07557865206150967,1.506707317073157,320
20003665,control,0,2023-01-07,2023,2023Q1,27,0,Female,White,0,Not Hispanic or Latino,1995-09-11,,2020-08-18,2023-05-24,2.3874058863791925,0.3750855578370979,2,1,0,0,0,,,0,,,,1,0.018654757881601033,0.7533536585365785,267
20003668,control,0,2023-07-15,2023,2023Q3,35,0,Male,White,0,Not Hispanic or Latino,1987-11-01,,2017-11-06,2024-12-25,5.686516084873374,1.4483230663928817,3,2,1,0,0,,,0,,,,1,0.04033131094044176,0.7533536585365785,123
20003676,control,0,2024-01-31,2024,2024Q1,18,0,Female,Unknown,0,Unknown,2005-03-29,,2021-11-21,2025-10-15,2.193018480492813,1.7056810403832992,2,2,0,0,0,,,0,,,,1,0.024431708499191324,0.7533536585365785,243
20003677,control,0,2025-09-22,2025,2025Q3,64,0,Female,White,0,Not Hispanic or Latino,1961-07-30,,2022-10-15,2026-05-09,2.937713894592745,0.6269678302532512,2,3,1,0,0,,,0,,,,1,0.005366912374990918,0.7533536585365785,24
20003686,control,0,2024-08-01,2024,2024Q3,51,0,Female,Asian,0,Not Hispanic or Latino,1973-04-01,,2017-11-24,2025-12-23,6.685831622176591,1.3935660506502396,4,2,0,1,0,,,0,,,,1,0.03793229735773975,0.7533536585365785,191
20003702,control,0,2022-03-11,2022,2022Q1,60,0,Female,Other Race,0,Unknown,1961-07-19,,2015-01-01,2022-07-06,7.189596167008898,0.3203285420944558,2,1,0,0,0,,,0,,,,1,0.010302037309769082,0.7533536585365785,209
20003705,control,0,2024-03-15,2024,2024Q1,67,0,Female,White,0,Not Hispanic or Latino,1957-03-15,,2018-01-18,2026-05-28,6.154688569472964,2.2012320328542097,2,2,0,0,0,,,0,,,,1,0.007706707152365303,0.7533536585365785,159
20003707,control,0,2026-01-25,2026,2026Q1,22,0,Male,White,0,Not Hispanic or Latino,2004-01-18,,2019-09-07,2026-05-21,6.38466803559206,0.31759069130732376,4,1,1,1,0,,,0,,,,1,0.1134590141657268,2.511178861788595,224
20003712,control,0,2023-11-09,2023,2023Q4,43,0,Female,Asian,0,Not Hispanic or Latino,1980-01-11,,2015-10-09,2025-01-18,8.084873374401095,1.1937029431895962,3,1,0,0,0,,,0,,,,1,0.04277209035511485,0.7533536585365785,70
20003719,control,0,2025-02-11,2025,2025Q1,31,0,Female,White,0,Not Hispanic or Latino,1993-09-01,,2020-05-23,2026-04-15,4.722792607802875,1.1718001368925393,4,1,0,0,0,,,0,,,,1,0.06030820824862894,1.2555894308942974,141
20003728,control,0,2023-07-12,2023,2023Q3,45,0,Female,White,0,Not Hispanic or Latino,1977-11-29,,2020-02-15,2025-09-28,3.403148528405202,2.21492128678987,6,4,1,0,0,,,0,,,,1,0.05145024460560633,0.7533536585365785,200
20003731,control,0,2025-07-25,2025,2025Q3,42,0,Female,White,0,Not Hispanic or Latino,1983-04-07,,2019-02-21,2026-04-28,6.422997946611909,0.758384668035592,4,1,1,1,0,,,0,,,,1,0.05702105183417975,0.7533536585365785,217
20003733,control,0,2022-07-25,2022,2022Q3,33,0,Female,Black or African American,0,Not Hispanic or Latino,1988-08-10,,2016-07-29,2023-12-20,5.987679671457905,1.404517453798768,2,2,1,0,0,,,0,,,,1,0.031423138940800205,0.7533536585365785,310
20003743,control,0,2025-04-09,2025,2025Q2,43,0,Female,White,0,Not Hispanic or Latino,1981-09-06,,2023-01-27,2026-05-02,2.198494182067077,1.0622861054072552,3,4,2,1,0,,,0,,,,1,0.01683976581156549,0.7533536585365785,22
20003744,control,0,2024-12-22,2024,2024Q4,55,0,Female,White,0,Not Hispanic or Latino,1969-07-04,,2020-11-01,2025-11-03,4.139630390143737,0.865160848733744,4,4,0,0,0,,,0,,,,1,0.024116957102544,0.7533536585365785,235
20003756,control,0,2025-04-03,2025,2025Q2,24,0,Male,White,0,Not Hispanic or Latino,2000-10-23,,2023-04-26,2026-05-20,1.9383983572895278,1.1279945242984257,2,1,0,0,0,,,0,,,,1,0.01816699451912756,0.7533536585365785,27
20003761,control,0,2024-05-23,2024,2024Q2,34,0,Female,White,0,Unknown,1989-10-30,,2021-06-13,2026-05-15,2.943189596167009,1.9767282683093772,3,0,0,0,0,,,0,,,,1,0.021807825101961966,0.7533536585365785,273
20003769,control,0,2022-01-01,2022,2022Q1,43,0,Female,White,0,Hispanic or Latino,1978-02-09,,2019-04-10,2026-05-18,2.729637234770705,4.375085557837098,3,9,1,0,0,,,0,,,,1,0.010405801257838491,0.7533536585365785,209
20003776,control,0,2025-03-14,2025,2025Q1,27,0,Female,Asian,0,Not Hispanic or Latino,1997-05-10,,2020-03-31,2026-02-07,4.952772073921971,0.9034907597535934,5,2,1,0,0,,,0,,,,1,0.09203903408380054,3.766768292682892,270
20003782,control,0,2026-01-16,2026,2026Q1,49,0,Male,White,0,Not Hispanic or Latino,1976-10-21,,2022-03-16,2026-04-03,3.838466803559206,0.2108145106091718,3,1,0,1,0,,,0,,,,1,0.01936280733369982,0.7533536585365785,234
20003809,control,0,2026-02-07,2026,2026Q1,52,0,Female,White,0,Not Hispanic or Latino,1973-06-28,,2022-05-14,2026-02-07,3.7371663244353184,0.0,2,0,0,1,0,,,0,,,,1,0.009986265686461012,0.7533536585365785,201
20003813,control,0,2022-10-08,2022,2022Q4,44,0,Female,White,0,Not Hispanic or Latino,1978-01-26,,2015-01-01,2025-10-11,7.767282683093772,3.0088980150581794,3,1,0,1,0,,,0,,,,1,0.03809862418444794,0.7533536585365785,288
20003818,control,0,2025-04-22,2025,2025Q2,63,0,Male,White,0,Not Hispanic or Latino,1962-03-18,,2015-01-01,2026-04-26,10.30527036276523,1.0102669404517455,5,3,0,1,0,,,0,,,,1,0.07423269707886812,2.511178861788595,31
20003821,control,0,2025-12-21,2025,2025Q4,42,0,Female,White,0,Not Hispanic or Latino,1983-11-10,,2022-10-04,2025-12-21,3.2142368240930868,0.0,3,0,2,0,0,,,0,,,,1,0.022540963127648677,0.7533536585365785,5
20003823,control,0,2025-01-28,2025,2025Q1,33,0,Female,Black or African American,0,Not Hispanic or Latino,1991-04-22,,2017-08-14,2026-02-27,7.457905544147844,1.08145106091718,2,2,0,0,0,,,0,,,,1,0.04159171009078691,0.7533536585365785,269
20003838,control,0,2024-05-27,2024,2024Q2,45,0,Female,White,0,Not Hispanic or Latino,1978-09-19,,2017-06-23,2025-05-19,6.926762491444216,0.9774127310061602,5,4,0,0,0,,,0,,,,1,0.07700692441744836,1.506707317073157,34
20003842,control,0,2024-04-12,2024,2024Q2,18,0,Male,White,0,Unknown,2006-03-17,,2016-06-17,2025-09-19,7.819301848049282,1.4373716632443532,2,2,0,0,0,,,0,,,,1,0.05435951932553583,0.7533536585365785,208
20003845,control,0,2025-02-23,2025,2025Q1,50,0,Female,White,0,Not Hispanic or Latino,1974-05-09,,2021-12-17,2025-02-23,3.186858316221766,0.0,5,0,2,1,0,,,0,,,,1,0.03640399879516846,0.7533536585365785,269
20003846,control,0,2022-07-03,2022,2022Q3,34,0,Female,White,0,Not Hispanic or Latino,1988-02-04,,2016-08-15,2024-03-04,5.880903490759754,1.6700889801505818,4,3,0,0,0,,,0,,,,1,0.06418330157634866,0.7533536585365785,129
20003847,control,0,2022-10-19,2022,2022Q4,35,0,Female,White,0,Not Hispanic or Latino,1987-05-23,,2017-12-31,2023-09-03,4.799452429842574,0.8733744010951403,3,3,0,0,0,,,0,,,,1,0.03592360461449906,0.7533536585365785,33
20003855,control,0,2025-07-22,2025,2025Q3,63,0,Female,White,0,Not Hispanic or Latino,1961-10-11,,2017-02-11,2025-10-29,8.44079397672827,0.27104722792607805,3,3,0,0,0,,,0,,,,1,0.026632984395536533,0.7533536585365785,314
20003856,control,0,2025-12-16,2025,2025Q4,89,0,Female,Black or African American,0,Not Hispanic or Latino,1936-09-09,,2024-04-17,2026-03-05,1.6646132785763177,0.216290212183436,2,1,0,0,0,,,0,,,,1,0.0021064050102786638,0.7533536585365785,237
20003861,control,0,2025-05-23,2025,2025Q2,56,0,Male,White,0,Not Hispanic or Latino,1968-06-08,,2017-02-01,2025-05-23,8.303901437371664,0.0,3,0,0,1,0,,,0,,,,1,0.03388482268359567,0.7533536585365785,86
20003864,control,0,2024-05-20,2024,2024Q2,33,0,Male,White,0,Hispanic or Latino,1991-04-26,,2017-06-22,2025-08-12,6.910335386721424,1.2292950034223136,2,1,0,0,0,,,0,,,,1,0.02264275762582342,0.7533536585365785,192
20003875,control,0,2025-08-09,2025,2025Q3,44,0,Female,White,0,Not Hispanic or Latino,1981-04-05,,2018-12-30,2026-03-30,6.609171800136893,0.6379192334017796,4,1,0,0,0,,,0,,,,1,0.05543088690922674,0.7533536585365785,217
20003886,control,0,2026-01-07,2026,2026Q1,73,0,Female,Unknown,0,Not Hispanic or Latino,1952-04-28,,2022-11-24,2026-03-22,3.1211498973305956,0.2026009582477755,2,3,0,0,0,,,0,,,,1,0.005108980541466101,0.7533536585365785,97
20003887,control,0,2025-11-07,2025,2025Q4,84,0,Female,Black or African American,0,Hispanic or Latino,1940-11-10,,2023-09-03,2026-03-07,2.1793292265571527,0.32854209445585214,3,2,0,0,0,,,0,,,,1,0.0033978256173393642,0.7533536585365785,237
20003892,control,0,2021-10-11,2021,2021Q4,58,0,Female,Black or African American,0,Not Hispanic or Latino,1962-11-07,,2018-10-27,2021-10-11,2.9568788501026693,0.0,6,0,0,0,0,,,0,,,,1,0.04157295281678885,0.7533536585365785,309
20003895,control,0,2023-01-14,2023,2023Q1,38,0,Female,White,0,Not Hispanic or Latino,1984-10-11,,2021-10-30,2025-03-07,1.2073921971252566,2.1437371663244353,3,3,1,1,0,,,0,,,,1,0.015614927083625921,0.7533536585365785,199
20003897,control,0,2025-12-12,2025,2025Q4,58,0,Female,White,0,Not Hispanic or Latino,1967-05-19,,2015-01-01,2026-02-28,10.94592744695414,0.2135523613963039,3,1,0,0,0,,,0,,,,1,0.04940678582127842,0.7533536585365785,316
20003905,control,0,2023-08-29,2023,2023Q3,41,0,Female,White,0,Not Hispanic or Latino,1981-11-10,,2020-10-31,2025-10-14,2.8254620123203287,2.127310061601643,3,3,0,0,0,,,0,,,,1,0.01876699362297417,0.7533536585365785,254
20003916,control,0,2022-08-11,2022,2022Q3,37,0,Female,White,0,Not Hispanic or Latino,1984-11-13,,2021-11-18,2023-12-06,0.7282683093771389,1.319644079397673,4,1,0,0,0,,,0,,,,1,0.024087862962541392,0.7533536585365785,213
20003922,control,0,2024-06-08,2024,2024Q2,48,0,Female,White,1,Not Hispanic or Latino,1975-06-18,,2023-03-23,2026-05-21,1.212867898699521,1.949349760438056,5,1,0,0,0,,,0,,,,1,0.024062355668872056,0.7533536585365785,326
20003935,control,0,2023-02-22,2023,2023Q1,59,0,Female,White,0,Not Hispanic or Latino,1963-10-11,,2020-07-28,2024-05-08,2.5708418891170433,1.2073921971252566,4,5,0,0,0,,,0,,,,1,0.015433158941690736,0.7533536585365785,199
20003939,control,0,2025-01-13,2025,2025Q1,39,0,Female,White,0,Not Hispanic or Latino,1985-04-24,,2022-09-23,2026-05-01,2.308008213552361,1.2950034223134839,3,3,0,0,0,,,0,,,,1,0.019478928453101545,0.7533536585365785,148
20003941,control,0,2026-04-12,2026,2026Q2,18,0,Female,White,0,Not Hispanic or Latino,2008-01-22,,2023-04-09,2026-04-18,3.0088980150581794,0.01642710472279261,2,0,1,0,0,,,0,,,,1,0.029379889005056347,0.7533536585365785,81
20003942,control,0,2022-01-04,2022,2022Q1,28,0,Female,White,0,Not Hispanic or Latino,1993-06-03,,2015-01-01,2023-12-10,7.008898015058179,1.9301848049281314,2,3,0,0,0,,,0,,,,1,0.03665130098160971,0.7533536585365785,112
20003952,control,0,2023-11-17,2023,2023Q4,39,0,Male,White,0,Not Hispanic or Latino,1984-04-02,,2018-10-15,2025-09-20,5.089664613278576,1.842573579739904,4,5,1,0,0,,,0,,,,1,0.04664526627983318,0.7533536585365785,167
20003972,control,0,2022-09-20,2022,2022Q3,33,0,Female,White,0,Not Hispanic or Latino,1989-07-30,,2016-01-12,2023-11-21,6.6885694729637235,1.1690622861054072,4,2,1,0,0,,,0,,,,1,0.07868067917496802,2.511178861788595,90
20003975,control,0,2026-04-27,2026,2026Q2,64,0,Female,White,0,Not Hispanic or Latino,1961-12-15,,2024-01-31,2026-05-18,2.236824093086927,0.057494866529774126,3,1,1,0,0,,,0,,,,1,0.00858290131818609,0.7533536585365785,305
20003976,control,0,2026-03-29,2026,2026Q1,47,0,Female,White,0,Not Hispanic or Latino,1978-08-08,,2025-03-21,2026-04-16,1.0212183436002737,0.049281314168377825,5,0,1,0,0,,,0,,,,1,0.027514356041728787,0.7533536585365785,170
20003988,control,0,2022-12-17,2022,2022Q4,26,0,Female,White,0,Not Hispanic or Latino,1996-04-26,,2015-06-05,2024-05-13,7.534565366187543,1.404517453798768,2,2,0,1,0,,,0,,,,1,0.044658182982832154,0.7533536585365785,78
20003992,control,0,2025-04-16,2025,2025Q2,36,0,Male,White,0,Not Hispanic or Latino,1988-11-02,,2021-01-17,2026-04-21,4.243668720054757,1.0130047912388775,3,2,0,1,0,,,0,,,,1,0.031151127189091892,0.7533536585365785,8
20003998,control,0,2022-08-12,2022,2022Q3,57,0,Female,White,0,Not Hispanic or Latino,1965-05-04,2023-11-24,2018-04-23,2022-11-12,4.303901437371663,0.2518822724161533,5,2,1,0,0,,,0,,,,1,0.03407842848539337,0.7533536585365785,249
20004003,control,0,2023-09-02,2023,2023Q3,47,0,Female,Black or African American,0,Not Hispanic or Latino,1976-08-26,,2015-01-01,2025-12-10,8.668035592060233,2.272416153319644,5,4,1,0,0,,,0,,,,1,0.1032381162070702,7.533536585365784,248
20004012,control,0,2022-12-26,2022,2022Q4,42,0,Female,White,0,Not Hispanic or Latino,1979-12-29,,2015-01-01,2026-04-04,7.983572895277208,3.271731690622861,3,2,1,0,0,,,0,,,,1,0.041659207300294696,0.7533536585365785,49
20004019,control,0,2024-10-02,2024,2024Q4,40,0,Female,White,0,Unknown,1984-07-06,,2021-08-29,2025-11-08,3.0937713894592744,1.1006160164271048,2,3,0,1,0,,,0,,,,1,0.011092997490395003,0.7533536585365785,121
20004025,control,0,2023-01-01,2023,2023Q1,38,0,Female,White,0,Not Hispanic or Latino,1984-02-17,,2017-07-07,2023-03-18,5.486652977412731,0.2080766598220397,3,0,0,1,0,,,0,,,,1,0.038210359368394294,0.7533536585365785,172
20004028,control,0,2024-05-14,2024,2024Q2,18,0,Female,Unknown,0,Hispanic or Latino,2005-12-31,,2015-01-01,2025-01-10,9.366187542778919,0.6598220396988365,6,3,0,1,0,,,0,,,,1,0.2948173371715769,7.533536585365784,179
20004049,control,0,2023-06-13,2023,2023Q2,52,0,Female,White,0,Not Hispanic or Latino,1971-04-24,,2019-04-03,2024-01-18,4.1943874058863795,0.5995893223819302,5,4,0,0,0,,,0,,,,1,0.03886512680681755,0.7533536585365785,272
20004051,control,0,2024-06-08,2024,2024Q2,30,0,Female,White,0,Not Hispanic or Latino,1994-05-24,,2015-07-17,2025-07-22,8.895277207392198,1.1197809719370295,3,3,1,0,0,,,0,,,,1,0.08468936970878459,1.506707317073157,34
20004054,control,0,2025-12-09,2025,2025Q4,46,0,Female,White,0,Not Hispanic or Latino,1979-11-06,,2021-10-15,2026-04-27,4.1505817932922655,0.3805612594113621,4,0,0,0,0,,,0,,,,1,0.03431071567533738,0.941692073170723,115
20004063,control,0,2023-06-26,2023,2023Q2,18,0,Female,White,0,Not Hispanic or Latino,2005-06-14,,2019-12-27,2024-05-10,3.4962354551676933,0.8733744010951403,2,3,0,2,0,,,0,,,,1,0.030168481677436864,0.7533536585365785,233
20004076,control,0,2022-04-05,2022,2022Q2,20,0,Female,White,0,Not Hispanic or Latino,2002-03-02,,2018-07-15,2026-03-14,3.7234770704996576,3.9397672826830936,4,3,0,0,0,,,0,,,,1,0.06135603270748291,0.7533536585365785,279
20004077,control,0,2022-12-17,2022,2022Q4,48,0,Female,Black or African American,0,Not Hispanic or Latino,1974-10-24,,2015-05-26,2024-07-04,7.561943874058864,1.5468856947296372,3,4,0,0,0,,,0,,,,1,0.04164360878889242,0.7533536585365785,78
20004082,control,0,2025-08-09,2025,2025Q3,41,0,Female,Black or African American,0,Not Hispanic or Latino,1984-02-17,,2020-07-05,2026-03-31,5.0951403148528405,0.6406570841889117,4,3,0,0,0,,,0,,,,1,0.055592900190802506,0.8370596205961982,285
20004092,control,0,2022-04-01,2022,2022Q2,33,0,Female,White,0,Hispanic or Latino,1988-09-07,,2016-05-14,2024-04-25,5.880903490759754,2.0670773442847366,3,3,0,0,0,,,0,,,,1,0.030679642652351433,0.7533536585365785,116
20004098,control,0,2024-02-10,2024,2024Q1,56,0,Female,White,0,Not Hispanic or Latino,1968-01-04,,2019-10-19,2026-01-07,4.312114989733059,1.9082819986310746,4,1,0,1,0,,,0,,,,1,0.022311888911075,0.7533536585365785,261
20004100,control,0,2025-12-07,2025,2025Q4,18,0,Female,White,0,Not Hispanic or Latino,2007-08-24,,2022-02-14,2026-04-20,3.811088295687885,0.3668720054757016,2,2,0,1,0,,,0,,,,1,0.03303270220000704,0.8370596205961982,302
20004105,control,0,2024-02-24,2024,2024Q1,36,0,Female,Black or African American,0,Not Hispanic or Latino,1987-09-05,,2020-07-14,2024-05-23,3.6139630390143735,0.243668720054757,4,1,0,1,0,,,0,,,,1,0.05252576725316985,0.7533536585365785,197
20004111,control,0,2026-04-05,2026,2026Q2,53,0,Female,White,0,Not Hispanic or Latino,1972-08-15,,2019-08-06,2026-04-05,6.663928815879535,0.0,2,0,0,0,0,,,0,,,,1,0.016306214845739284,0.7533536585365785,143
20004112,control,0,2026-03-02,2026,2026Q1,47,0,Female,White,0,Not Hispanic or Latino,1978-10-29,,2022-01-13,2026-05-24,4.131416837782341,0.2272416153319644,3,1,0,0,0,,,0,,,,1,0.021877717439101458,0.7533536585365785,29
20004113,control,0,2022-06-13,2022,2022Q2,18,0,Male,White,0,Not Hispanic or Latino,2004-06-01,,2020-05-05,2023-02-12,2.105407255304586,0.6680355920602327,4,2,2,0,0,,,0,,,,1,0.0620769576016697,1.0762195121951121,7
20004114,control,0,2022-01-26,2022,2022Q1,57,0,Female,White,0,Not Hispanic or Latino,1964-02-07,,2019-08-02,2023-09-09,2.485968514715948,1.6180698151950719,3,3,1,0,0,,,0,,,,1,0.010332165644524592,0.7533536585365785,209
20004120,control,0,2023-08-23,2023,2023Q3,65,0,Female,White,0,Not Hispanic or Latino,1958-04-01,,2019-12-14,2025-03-27,3.6906228610540723,1.593429158110883,4,2,1,0,0,,,0,,,,1,0.014818145833740758,0.7533536585365785,185
20004125,control,0,2022-09-07,2022,2022Q3,47,0,Female,White,0,Not Hispanic or Latino,1975-06-25,,2019-07-17,2025-12-01,3.143052703627652,3.2334017796030117,2,2,0,1,0,,,0,,,,1,0.008532671855623683,0.7533536585365785,294
20004168,control,0,2025-12-23,2025,2025Q4,39,0,Female,White,0,Not Hispanic or Latino,1986-01-11,,2020-08-20,2026-05-13,5.341546885694729,0.3860369609856263,3,1,1,0,0,,,0,,,,1,0.035532408893920335,0.8370596205961982,302
20004179,control,0,2025-10-05,2025,2025Q4,31,0,Female,White,1,Not Hispanic or Latino,1994-04-27,,2023-04-30,2026-05-27,2.433949349760438,0.6406570841889117,4,2,0,0,0,,,0,,,,1,0.042094979236308366,0.7533536585365785,268
20004180,control,0,2022-07-26,2022,2022Q3,42,0,Female,White,0,Not Hispanic or Latino,1980-04-10,,2017-04-26,2026-03-06,5.248459958932238,3.6112251882272415,2,2,0,0,0,,,0,,,,1,0.014518865576746642,0.7533536585365785,207
20004197,control,0,2022-09-14,2022,2022Q3,71,0,Female,White,0,Not Hispanic or Latino,1951-07-19,,2018-08-28,2024-11-13,4.046543463381246,2.1656399726214923,3,1,0,0,0,,,0,,,,1,0.007964604660848966,0.7533536585365785,294
20004199,control,0,2026-04-18,2026,2026Q2,59,0,Female,Black or African American,0,Not Hispanic or Latino,1966-05-27,,2022-06-17,2026-05-11,3.8357289527720737,0.06297056810403832,2,0,0,0,0,,,1,3.5,3.5,2026-03-13,1,0.009316379032007894,0.7533536585365785,305
20004202,control,0,2024-11-08,2024,2024Q4,18,0,Female,White,0,Not Hispanic or Latino,2006-06-19,,2020-05-22,2024-12-26,4.465434633812457,0.13141683778234087,4,1,0,0,0,,,0,,,,1,0.09560622201346738,1.2555894308942974,151
20004203,control,0,2022-08-12,2022,2022Q3,30,0,Female,White,0,Not Hispanic or Latino,1992-02-24,,2021-03-13,2023-11-12,1.4154688569472964,1.2511978097193703,6,6,1,0,0,,,0,,,,1,0.06517041021150609,0.7533536585365785,129
20004215,control,0,2022-05-29,2022,2022Q2,39,0,Male,White,0,Unknown,1982-08-30,,2017-11-05,2023-07-28,4.561259411362081,1.163586584531143,6,1,0,0,0,,,0,,,,1,0.07288154185408878,3.766768292682892,51
20004220,control,0,2025-04-07,2025,2025Q2,32,0,Male,Other Race,0,Not Hispanic or Latino,1992-04-08,,2019-12-14,2025-04-14,5.314168377823409,0.019164955509924708,3,0,0,0,0,,,0,,,,1,0.04002013771720735,0.7533536585365785,169
20004225,control,0,2022-12-26,2022,2022Q4,31,0,Male,Black or African American,0,Hispanic or Latino,1991-02-16,,2016-10-02,2025-03-16,6.231348391512663,2.220396988364134,4,1,0,0,0,,,0,,,,1,0.061607335289462224,0.7533536585365785,105
20004226,control,0,2024-03-25,2024,2024Q1,41,0,Female,White,0,Not Hispanic or Latino,1982-10-29,,2018-04-19,2026-05-16,5.932922655715264,2.1409993155373033,2,4,0,0,0,,,0,,,,1,0.01886592587716226,0.7533536585365785,253
20004231,control,0,2025-03-11,2025,2025Q1,45,0,Male,Black or African American,0,Not Hispanic or Latino,1979-05-04,,2015-08-12,2025-06-16,9.579739904175222,0.2655715263518138,2,2,0,0,0,,,0,,,,1,0.04198603075342434,1.0762195121951121,251
20004232,control,0,2022-09-05,2022,2022Q3,54,0,Female,White,0,Not Hispanic or Latino,1968-03-29,,2020-02-08,2024-08-16,2.5735797399041753,1.946611909650924,5,1,0,0,0,,,0,,,,1,0.02478821513070595,0.7533536585365785,289
20004250,control,0,2024-01-13,2024,2024Q1,34,0,Female,White,0,Not Hispanic or Latino,1989-03-18,,2018-12-11,2026-03-23,5.089664613278576,2.190280629705681,4,3,0,0,0,,,0,,,,1,0.05411184392365411,0.7533536585365785,197
20004262,control,0,2025-05-31,2025,2025Q2,68,0,Female,Black or African American,1,Not Hispanic or Latino,1957-01-30,,2020-12-02,2026-05-22,4.492813141683778,0.974674880219028,7,7,0,0,0,,,0,,,,1,0.04605140762992004,1.0762195121951121,72
20004274,control,0,2023-06-16,2023,2023Q2,36,0,Female,White,0,Not Hispanic or Latino,1987-02-09,,2021-11-16,2024-06-08,1.5797399041752225,0.9801505817932923,2,5,1,1,0,,,0,,,,1,0.011210896633798373,0.7533536585365785,87
20004280,control,0,2026-02-01,2026,2026Q1,64,0,Male,Black or African American,0,Not Hispanic or Latino,1961-09-20,,2020-10-31,2026-03-07,5.253935660506502,0.09308692676249145,3,2,0,0,0,,,0,,,,1,0.01742577869465811,0.7533536585365785,174
20004282,control,0,2025-01-22,2025,2025Q1,85,0,Male,White,0,Not Hispanic or Latino,1939-03-04,,2018-10-11,2025-09-26,6.283367556468172,0.676249144421629,3,3,0,0,0,,,0,,,,1,0.008016708377988895,0.7533536585365785,144
20004283,control,0,2024-11-04,2024,2024Q4,22,0,Female,White,0,Not Hispanic or Latino,2002-08-29,,2023-07-17,2026-04-30,1.3032169746748803,1.483915126625599,4,3,0,0,0,,,0,,,,1,0.04457823930174708,1.2555894308942974,175
20004285,control,0,2022-07-22,2022,2022Q3,22,0,Female,White,1,Not Hispanic or Latino,2000-03-14,,2018-02-03,2024-05-03,4.462696783025325,1.782340862422998,5,1,1,1,0,,,0,,,,1,0.10374376413406027,2.511178861788595,2
20004293,control,0,2023-03-15,2023,2023Q1,26,0,Female,White,0,Not Hispanic or Latino,1997-03-07,,2017-05-02,2024-11-19,5.867214236824093,1.6837782340862424,3,2,0,0,0,,,0,,,,1,0.05587522384851368,0.7533536585365785,76
20004297,control,0,2026-01-27,2026,2026Q1,18,0,Female,White,0,Not Hispanic or Latino,2007-09-15,,2023-08-03,2026-03-31,2.485968514715948,0.17248459958932238,2,1,0,0,0,,,0,,,,1,0.026492435411162397,0.7533536585365785,170
20004301,control,0,2024-12-22,2024,2024Q4,24,0,Female,White,0,Not Hispanic or Latino,2000-02-28,,2021-08-23,2025-02-15,3.3319644079397674,0.15058179329226556,2,0,0,0,0,,,0,,,,1,0.02494200313734979,0.7533536585365785,235
20004314,control,0,2023-12-24,2023,2023Q4,54,0,Female,White,0,Not Hispanic or Latino,1969-09-17,,2015-03-22,2025-08-01,8.758384668035593,1.6043805612594113,4,3,0,1,0,,,0,,,,1,0.05335006875226939,0.7533536585365785,219
20004321,control,0,2025-04-19,2025,2025Q2,51,0,Male,Other Race,0,Hispanic or Latino,1973-10-08,,2020-10-29,2026-05-23,4.470910335386721,1.0924024640657084,6,1,0,0,0,,,0,,,,1,0.033715702182222404,0.7533536585365785,86
20004328,control,0,2025-09-25,2025,2025Q3,18,0,Female,Unknown,0,Not Hispanic or Latino,2007-08-01,,2023-12-03,2026-04-04,1.8124572210814511,0.5229295003422314,5,0,1,1,0,,,0,,,,1,0.10059259921263475,1.506707317073157,124
20004330,control,0,2024-04-06,2024,2024Q2,33,0,Female,White,1,Not Hispanic or Latino,1990-12-15,,2021-08-09,2025-05-21,2.6584531143052703,1.1225188227241616,4,1,0,0,0,,,0,,,,1,0.0395058343850474,0.7533536585365785,231
20004336,control,0,2026-04-20,2026,2026Q2,47,0,Female,White,0,Not Hispanic or Latino,1978-06-13,,2020-04-22,2026-04-21,5.993155373032169,0.0027378507871321013,4,0,1,1,0,,,0,,,,1,0.04693163948453102,0.7533536585365785,110
20004337,control,0,2024-11-26,2024,2024Q4,41,0,Female,Asian,0,Not Hispanic or Latino,1983-10-11,,2021-10-13,2026-03-20,3.1211498973305956,1.3114305270362765,5,0,0,0,0,,,0,,,,1,0.040723419705805335,1.2555894308942974,96
20004346,control,0,2025-05-31,2025,2025Q2,61,0,Female,White,0,Not Hispanic or Latino,1964-03-26,,2024-09-20,2025-12-19,0.6926762491444216,0.5530458590006845,4,3,0,0,0,,,0,,,,1,0.010736544175461275,0.7533536585365785,54
20004347,control,0,2024-01-28,2024,2024Q1,40,0,Male,Asian,0,Not Hispanic or Latino,1983-06-25,,2019-12-02,2025-08-03,4.15605749486653,1.514031485284052,2,0,1,0,0,,,0,,,,1,0.013421284040066206,0.7533536585365785,59
20004359,control,0,2025-05-10,2025,2025Q2,46,0,Female,Other Race,0,Not Hispanic or Latino,1979-04-20,,2019-12-27,2025-05-10,5.368925393566051,0.0,7,0,1,0,0,,,0,,,,1,0.08902974800587227,2.511178861788595,306
20004363,control,0,2025-11-08,2025,2025Q4,51,0,Female,White,0,Not Hispanic or Latino,1974-02-28,,2022-07-13,2026-02-27,3.323750855578371,0.30390143737166325,4,0,0,2,0,,,0,,,,1,0.02499565962729615,0.7533536585365785,128
20004366,control,0,2026-05-03,2026,2026Q2,35,0,Female,White,0,Not Hispanic or Latino,1991-02-20,,2020-11-27,2026-05-03,5.429158110882957,0.0,4,0,0,0,0,,,0,,,,1,0.06425747322001102,3.766768292682892,247
20004383,control,0,2025-03-30,2025,2025Q1,37,0,Female,White,0,Not Hispanic or Latino,1987-06-28,,2015-01-01,2026-03-02,10.242299794661191,0.9226557152635181,2,5,0,0,0,,,0,,,,1,0.0504894969864374,0.7533536585365785,102
20004396,control,0,2024-02-13,2024,2024Q1,34,0,Female,White,0,Not Hispanic or Latino,1989-05-31,,2021-04-24,2025-05-14,2.8062970568104038,1.2484599589322383,3,0,1,2,0,,,0,,,,1,0.02549637252669827,0.7533536585365785,243
20004413,control,0,2026-02-11,2026,2026Q1,22,0,Male,White,0,Not Hispanic or Latino,2003-03-30,,2020-01-15,2026-04-15,6.075290896646133,0.17248459958932238,2,2,0,1,0,,,0,,,,1,0.043296830895599096,0.7533536585365785,64
20004414,control,0,2024-04-14,2024,2024Q2,89,0,Female,White,0,Not Hispanic or Latino,1934-11-07,,2015-01-01,2026-02-07,9.284052019164955,1.8179329226557153,2,3,1,0,0,,,0,,,,1,0.006317010178676191,0.7533536585365785,146
20004416,control,0,2024-09-23,2024,2024Q3,31,0,Male,White,0,Not Hispanic or Latino,1993-04-28,,2020-09-25,2026-01-18,3.994524298425736,1.319644079397673,5,4,0,0,0,,,0,,,,1,0.07346230251193811,0.8370596205961982,264
20004423,control,0,2025-06-17,2025,2025Q2,59,0,Male,White,0,Not Hispanic or Latino,1966-05-03,,2022-03-27,2026-05-27,3.2251882272416155,0.9418206707734429,4,6,0,1,0,,,0,,,,1,0.017680115048225472,0.7533536585365785,27
20004426,control,0,2024-08-25,2024,2024Q3,21,0,Female,Black or African American,0,Not Hispanic or Latino,2003-03-22,,2016-11-20,2026-05-23,7.761806981519507,1.7412731006160165,3,1,0,1,0,,,0,,,,1,0.1057681945056741,2.511178861788595,271
20004430,control,0,2023-10-19,2023,2023Q4,47,0,Male,White,0,Not Hispanic or Latino,1975-12-07,,2017-12-08,2024-05-27,5.861738535249829,0.6050650239561944,5,3,2,0,0,,,0,,,,1,0.061601424098256606,0.7533536585365785,180
20004439,control,0,2026-03-29,2026,2026Q1,56,0,Male,Unknown,0,Not Hispanic or Latino,1969-08-27,,2022-06-03,2026-05-14,3.8193018480492813,0.12594113620807665,3,1,0,1,0,,,0,,,,1,0.0186498790569802,0.7533536585365785,234
20004456,control,0,2025-10-24,2025,2025Q4,60,0,Male,White,0,Not Hispanic or Latino,1965-07-25,,2016-08-05,2026-03-24,9.218343600273785,0.4134154688569473,3,3,1,0,0,,,0,,,,1,0.03361945239743344,0.7533536585365785,108
20004461,control,0,2025-01-29,2025,2025Q1,23,0,Female,White,0,Not Hispanic or Latino,2001-08-07,,2021-06-08,2026-01-01,3.6440793976728267,0.9226557152635181,4,1,0,1,0,,,3,4.3,4.3,2024-07-30,1,0.0669433174529786,1.2555894308942974,141
20004472,control,0,2024-11-04,2024,2024Q4,23,0,Female,Unknown,0,Not Hispanic or Latino,2001-10-31,,2019-11-18,2025-11-12,4.963723477070499,1.0212183436002737,4,2,0,0,0,,,0,,,,1,0.10079571477631291,1.2555894308942974,151
20004473,control,0,2023-05-31,2023,2023Q2,43,0,Female,Unknown,0,Not Hispanic or Latino,1980-03-12,,2018-05-23,2024-10-05,5.021218343600274,1.3497604380561259,4,5,0,0,0,,,0,,,,1,0.05085357204031487,0.8370596205961982,280
20004474,control,0,2025-06-13,2025,2025Q2,57,0,Female,White,0,Not Hispanic or Latino,1967-07-19,,2020-06-13,2025-11-11,4.999315537303217,0.4134154688569473,3,4,1,0,0,,,0,,,,1,0.017670725333154162,0.7533536585365785,22
20004481,control,0,2026-03-11,2026,2026Q1,62,0,Female,White,0,Not Hispanic or Latino,1963-12-22,,2023-11-03,2026-03-11,2.351813826146475,0.0,3,0,0,0,0,,,0,,,,1,0.009454278277985822,0.7533536585365785,201
20004492,control,0,2025-02-01,2025,2025Q1,28,0,Female,Other Race,0,Not Hispanic or Latino,1997-01-12,,2021-02-01,2026-04-07,4.0,1.1772758384668036,3,2,1,0,0,,,0,,,,1,0.03373582892223219,0.7533536585365785,138
20004495,control,0,2023-10-04,2023,2023Q4,53,0,Female,White,0,Unknown,1969-11-19,,2020-01-25,2024-02-03,3.6906228610540723,0.33401779603011633,3,0,0,0,0,,,0,,,,1,0.014225636388455105,0.7533536585365785,318
20004500,control,0,2023-11-26,2023,2023Q4,69,0,Female,Unknown,0,Not Hispanic or Latino,1954-06-28,,2017-03-09,2024-04-23,6.715947980835044,0.4079397672826831,3,2,1,1,0,,,0,,,,1,0.01931969111490165,0.7533536585365785,19
20004508,control,0,2024-09-10,2024,2024Q3,78,0,Female,White,0,Not Hispanic or Latino,1946-01-01,,2015-07-23,2026-05-13,9.136208076659821,1.6700889801505818,2,1,0,0,0,,,0,,,,1,0.00923310155370073,0.7533536585365785,286
20004513,control,0,2025-07-17,2025,2025Q3,18,0,Female,White,0,Not Hispanic or Latino,2006-12-12,,2020-01-16,2026-05-07,5.500342231348392,0.8049281314168378,3,4,0,1,0,,,0,,,,1,0.07304124540484373,0.941692073170723,291
20004515,control,0,2024-01-18,2024,2024Q1,56,0,Male,White,0,Not Hispanic or Latino,1967-11-01,,2020-08-08,2025-05-21,3.4442162902121836,1.3388090349075976,3,0,0,0,0,,,0,,,,1,0.012979500078884175,0.7533536585365785,59
20004521,control,0,2025-12-10,2025,2025Q4,89,0,Female,White,0,Not Hispanic or Latino,1936-10-17,,2024-05-31,2026-05-21,1.5277207392197125,0.44353182751540043,3,5,0,1,0,,,0,,,,1,0.0029808312731527185,0.7533536585365785,237
20004523,control,0,2025-04-19,2025,2025Q2,34,0,Female,White,0,Not Hispanic or Latino,1990-10-05,,2020-10-13,2026-02-08,4.514715947980835,0.8076659822039699,2,2,0,2,0,,,0,,,,1,0.020628762470944303,0.7533536585365785,229
20004524,control,0,2025-06-29,2025,2025Q2,58,0,Female,White,0,Not Hispanic or Latino,1967-05-07,,2019-11-02,2026-05-17,5.6563997262149215,0.8815879534565366,2,4,0,0,0,,,0,,,,1,0.010689523690881858,0.7533536585365785,54
20004533,control,0,2024-08-04,2024,2024Q3,18,0,Female,White,0,Not Hispanic or Latino,2005-10-18,,2017-08-12,2025-08-12,6.978781656399726,1.0212183436002737,2,1,0,0,0,,,0,,,,1,0.05485128814276071,0.7533536585365785,206
20004542,control,0,2023-12-18,2023,2023Q4,51,0,Female,Unknown,0,Not Hispanic or Latino,1972-07-26,,2019-02-04,2025-04-15,4.867898699520876,1.325119780971937,2,2,0,0,0,,,0,,,,1,0.014253409166892722,0.7533536585365785,318
20004543,control,0,2022-10-24,2022,2022Q4,53,0,Female,Other Race,0,Not Hispanic or Latino,1968-12-07,,2015-11-23,2026-05-18,6.91854893908282,3.564681724845996,2,3,0,0,0,,,0,,,,1,0.011424316014835735,0.7533536585365785,232
20004548,control,0,2024-05-20,2024,2024Q2,49,0,Female,Asian,0,Unknown,1975-04-08,,2021-09-17,2025-06-11,2.6721423682409307,1.0595482546201231,2,2,1,0,0,,,0,,,,1,0.006732183090486241,0.7533536585365785,146
20004550,control,0,2025-12-16,2025,2025Q4,60,0,Female,White,0,Not Hispanic or Latino,1965-02-17,,2022-04-21,2026-05-22,3.6550308008213555,0.42984257357973993,3,1,0,0,0,,,0,,,,1,0.012459052247255787,0.7533536585365785,220
20004551,control,0,2025-06-16,2025,2025Q2,51,0,Female,White,0,Unknown,1974-01-20,,2022-11-02,2025-11-25,2.620123203285421,0.44353182751540043,4,0,1,0,0,,,0,,,,1,0.019177698531825275,0.7533536585365785,230
20004556,control,0,2025-09-05,2025,2025Q3,29,0,Female,White,0,Not Hispanic or Latino,1995-11-03,,2022-12-14,2026-05-20,2.726899383983573,0.70362765229295,3,2,0,0,0,,,0,,,,1,0.03114366944692199,0.7533536585365785,260
20004563,control,0,2026-05-17,2026,2026Q2,37,0,Female,Asian,0,Not Hispanic or Latino,1988-08-05,,2020-08-29,2026-05-23,5.713894592744696,0.01642710472279261,3,0,0,0,0,,,0,,,,1,0.037761053823980345,0.7533536585365785,240
20004564,control,0,2024-07-23,2024,2024Q3,44,0,Female,White,0,Not Hispanic or Latino,1979-10-31,,2020-10-27,2025-08-27,3.7371663244353184,1.0951403148528405,3,2,1,0,0,,,0,,,,1,0.0213435416954263,0.7533536585365785,328
20004581,control,0,2025-04-30,2025,2025Q2,51,0,Female,White,0,Not Hispanic or Latino,1973-07-17,,2020-10-05,2025-12-07,4.566735112936345,0.6050650239561944,6,1,1,1,0,,,0,,,,1,0.05708084736232548,0.8370596205961982,177
20004583,control,0,2023-09-12,2023,2023Q3,18,0,Male,White,0,Not Hispanic or Latino,2004-09-27,,2018-07-23,2025-11-07,5.138945927446954,2.1546885694729636,2,0,0,0,0,,,0,,,,1,0.03686082108040453,0.7533536585365785,123
20004586,control,0,2025-02-23,2025,2025Q1,69,0,Female,White,0,Not Hispanic or Latino,1955-12-14,,2018-01-18,2026-05-14,7.099247091033539,1.218343600273785,3,2,0,0,0,,,0,,,,1,0.015853538772831008,0.7533536585365785,157
20004613,control,0,2024-04-27,2024,2024Q2,18,0,Female,White,0,Not Hispanic or Latino,2005-12-11,,2015-01-14,2025-05-18,9.284052019164955,1.056810403832991,2,1,1,0,0,,,0,,,,1,0.080954077952864,1.506707317073157,34
20004619,control,0,2023-05-04,2023,2023Q2,50,0,Female,White,0,Not Hispanic or Latino,1972-06-25,,2017-09-16,2025-10-15,5.6290212183436,2.4503764544832305,2,0,1,0,0,,,0,,,,1,0.012677355849566982,0.7533536585365785,120
20004623,control,0,2024-11-21,2024,2024Q4,57,0,Female,Other Race,0,Not Hispanic or Latino,1967-02-10,,2016-12-02,2025-11-28,7.969883641341547,1.0184804928131417,4,3,0,1,0,,,0,,,,1,0.037763750078038096,0.7533536585365785,263
20004624,control,0,2022-11-21,2022,2022Q4,59,0,Female,White,0,Not Hispanic or Latino,1963-09-30,,2020-01-20,2025-04-17,2.836413415468857,2.403832991101985,7,2,0,0,0,,,0,,,,1,0.03630138027493372,0.7533536585365785,288
20004629,control,0,2021-10-18,2021,2021Q4,18,0,Female,White,0,Not Hispanic or Latino,2003-09-08,,2019-10-08,2022-09-08,2.028747433264887,0.8898015058179329,4,1,0,0,0,,,0,,,,1,0.060360813828292725,1.883384146341446,39
20004632,control,0,2022-04-09,2022,2022Q2,18,0,Female,White,0,Not Hispanic or Latino,2004-01-13,,2020-08-31,2023-12-10,1.6043805612594113,1.6700889801505818,2,3,0,0,0,,,0,,,,1,0.020392552492004622,0.7533536585365785,12
20004636,control,0,2023-03-16,2023,2023Q1,36,0,Male,White,0,Not Hispanic or Latino,1986-04-20,,2019-09-25,2024-02-11,3.4715947980835042,0.9089664613278576,3,3,0,0,0,,,0,,,,1,0.027374133510592622,0.7533536585365785,106
20004650,control,0,2025-12-22,2025,2025Q4,55,0,Female,White,0,Not Hispanic or Latino,1970-02-06,,2017-04-08,2026-05-18,8.706365503080082,0.4024640657084189,2,2,1,0,0,,,0,,,,1,0.021265195485412145,0.7533536585365785,5
20004656,control,0,2023-07-16,2023,2023Q3,53,0,Female,White,0,Not Hispanic or Latino,1970-06-04,,2021-05-30,2024-11-10,2.127310061601643,1.322381930184805,3,2,0,0,0,,,0,,,,1,0.01141667284012888,0.7533536585365785,327
20004662,control,0,2021-11-19,2021,2021Q4,58,0,Male,White,0,Not Hispanic or Latino,1963-10-06,,2015-01-01,2023-05-04,6.882956878850103,1.4537987679671458,5,2,0,0,0,,,0,,,,1,0.04755317904470398,0.7533536585365785,250
20004671,control,0,2022-12-05,2022,2022Q4,57,0,Female,White,0,Not Hispanic or Latino,1965-03-02,,2019-03-08,2026-05-27,3.7453798767967146,3.4743326488706368,3,1,0,1,0,,,0,,,,1,0.011364149658377789,0.7533536585365785,232
20004675,control,0,2026-02-04,2026,2026Q1,57,0,Female,Unknown,0,Hispanic or Latino,1968-10-10,,2021-07-22,2026-05-15,4.539356605065024,0.2737850787132101,4,1,1,0,0,,,0,,,,1,0.022056071185453777,0.7533536585365785,29
20004707,control,0,2025-02-28,2025,2025Q1,26,0,Female,White,0,Not Hispanic or Latino,1998-05-10,,2020-02-17,2026-05-28,5.032169746748802,1.242984257357974,3,3,0,0,0,,,0,,,,1,0.04985007263790977,0.7533536585365785,102
20004713,control,0,2025-06-12,2025,2025Q2,54,0,Female,White,0,Hispanic or Latino,1971-04-01,,2019-08-01,2026-05-10,5.864476386036961,0.9089664613278576,5,3,0,0,0,,,0,,,,1,0.034037921645438986,0.7533536585365785,147
20004720,control,0,2024-01-21,2024,2024Q1,52,0,Male,White,0,Not Hispanic or Latino,1971-04-27,,2018-06-09,2026-03-27,5.618069815195072,2.1793292265571527,7,1,0,0,0,,,0,,,,1,0.07568548661258734,1.506707317073157,322
20004723,control,0,2023-10-13,2023,2023Q4,37,0,Female,White,0,Not Hispanic or Latino,1986-04-13,,2016-01-08,2025-03-09,7.761806981519507,1.404517453798768,3,3,1,0,0,,,0,,,,1,0.05412077419899785,0.7533536585365785,219
20004728,control,0,2025-01-15,2025,2025Q1,28,0,Male,White,0,Not Hispanic or Latino,1996-12-25,,2019-09-24,2026-03-27,5.3114305270362765,1.1937029431895962,5,2,0,1,0,,,0,,,,1,0.101829320049727,2.511178861788595,130
20004730,control,0,2022-05-08,2022,2022Q2,27,0,Male,Black or African American,0,Not Hispanic or Latino,1995-02-01,,2018-05-22,2023-04-23,3.9616700889801506,0.9582477754962354,4,2,1,0,0,,,0,,,,1,0.07215047640945416,2.511178861788595,43
20004732,control,0,2026-01-21,2026,2026Q1,52,0,Female,White,0,Not Hispanic or Latino,1974-01-09,,2022-07-05,2026-03-07,3.5482546201232035,0.12320328542094455,5,2,0,0,0,,,0,,,,1,0.035863083629347516,0.7533536585365785,166
20004734,control,0,2026-05-25,2026,2026Q2,35,0,Female,White,0,Not Hispanic or Latino,1990-06-17,,2020-04-02,2026-05-25,6.143737166324435,0.0,3,0,0,0,0,,,0,,,,1,0.04823010751058388,0.7533536585365785,110
20004748,control,0,2023-12-18,2023,2023Q4,31,0,Male,Black or African American,0,Not Hispanic or Latino,1992-12-16,,2015-05-08,2023-12-18,8.61327857631759,0.0,2,0,0,0,0,,,0,,,,1,0.05858484559696191,0.7533536585365785,180
20004754,control,0,2022-10-31,2022,2022Q4,18,0,Male,Black or African American,0,Not Hispanic or Latino,2004-05-07,,2020-01-13,2023-08-07,2.7980835044490076,0.7665982203969883,3,2,0,0,0,,,0,,,,1,0.05416642190689807,0.7533536585365785,105
20004766,control,0,2023-02-02,2023,2023Q1,57,0,Female,White,0,Not Hispanic or Latino,1965-12-02,,2015-01-01,2023-05-30,8.087611225188228,0.3203285420944558,2,1,0,1,0,,,0,,,,1,0.01783682783511785,0.7533536585365785,267
20004770,control,0,2025-06-01,2025,2025Q2,53,0,Male,White,0,Not Hispanic or Latino,1971-09-07,,2023-04-16,2026-05-12,2.127310061601643,0.944558521560575,4,4,2,0,0,,,0,,,,1,0.017984879414667358,0.7533536585365785,27
20004775,control,0,2024-01-31,2024,2024Q1,53,0,Male,White,0,Not Hispanic or Latino,1970-04-13,,2023-06-15,2026-05-01,0.6297056810403833,2.2477754962354553,3,1,0,0,0,,,0,,,,1,0.008160259602381875,0.7533536585365785,17
20004777,control,0,2025-12-30,2025,2025Q4,48,0,Female,White,0,Not Hispanic or Latino,1977-03-17,,2018-12-27,2026-04-07,7.008898015058179,0.2683093771389459,2,1,0,0,0,,,0,,,,1,0.020334187056895308,0.7533536585365785,5
20004778,control,0,2025-06-19,2025,2025Q2,43,0,Female,White,0,Not Hispanic or Latino,1981-07-09,,2019-05-13,2025-10-19,6.102669404517454,0.33401779603011633,4,2,0,1,0,,,0,,,,1,0.0536676180353767,0.941692073170723,152
20004784,control,0,2025-12-09,2025,2025Q4,53,0,Female,White,0,Not Hispanic or Latino,1972-01-07,,2017-07-05,2026-04-19,8.429842573579739,0.3586584531143053,5,2,0,1,0,,,0,,,,1,0.07902461087081214,2.511178861788595,223
20004790,control,0,2025-05-30,2025,2025Q2,61,0,Female,Black or African American,0,Not Hispanic or Latino,1963-10-07,,2022-01-18,2025-11-24,3.36208076659822,0.487337440109514,5,3,0,0,0,,,0,,,,1,0.029096811599894346,0.7533536585365785,48
20004795,control,0,2022-06-09,2022,2022Q2,34,0,Male,White,0,Unknown,1987-07-11,,2018-02-24,2022-12-24,4.287474332648871,0.5420944558521561,5,1,0,1,0,,,0,,,,1,0.06494307591937915,1.0762195121951121,7
20004805,control,0,2026-03-24,2026,2026Q1,67,0,Female,Asian,0,Not Hispanic or Latino,1958-11-17,,2022-04-14,2026-03-24,3.9425051334702257,0.0,2,0,0,0,0,,,0,,,,1,0.0054502811889237165,0.7533536585365785,97
20004808,control,0,2025-04-23,2025,2025Q2,68,0,Male,Black or African American,0,Not Hispanic or Latino,1956-05-04,,2023-03-27,2026-05-24,2.0752908966461328,1.0841889117043122,5,2,0,0,0,,,0,,,,1,0.01731826434448536,0.7533536585365785,89
20004811,control,0,2025-10-07,2025,2025Q4,50,0,Female,Asian,0,Not Hispanic or Latino,1974-11-06,,2020-08-24,2025-11-14,5.119780971937029,0.10403832991101986,2,1,2,0,0,,,0,,,,1,0.012329613657417783,0.7533536585365785,220
20004815,control,0,2025-01-30,2025,2025Q1,26,0,Female,White,0,Not Hispanic or Latino,1998-03-05,,2020-10-12,2026-02-03,4.301163586584531,1.0102669404517455,3,3,0,0,0,,,0,,,,1,0.044615331932188515,1.2555894308942974,244
20004819,control,0,2022-06-28,2022,2022Q2,55,0,Male,White,0,Not Hispanic or Latino,1967-05-08,,2015-01-01,2023-06-10,7.488021902806297,0.9500342231348392,5,2,1,0,0,,,0,,,,1,0.06053398691937403,1.0762195121951121,7
20004829,control,0,2025-02-17,2025,2025Q1,50,0,Female,Asian,0,Not Hispanic or Latino,1974-11-29,,2022-11-02,2026-05-18,2.294318959616701,1.2457221081451062,6,0,0,1,0,,,0,,,,1,0.03449940579149409,0.7533536585365785,138
20004832,control,0,2025-08-11,2025,2025Q3,49,0,Female,White,0,Not Hispanic or Latino,1976-07-20,,2015-12-10,2026-02-15,9.670088980150581,0.5147159479808351,2,2,0,0,0,,,0,,,,1,0.030942275870722465,0.7533536585365785,91
20004840,control,0,2023-03-03,2023,2023Q1,46,0,Female,White,0,Not Hispanic or Latino,1976-06-13,,2020-03-30,2025-03-18,2.924024640657084,2.0424366872005475,3,6,0,0,0,,,0,,,,1,0.016080252029136377,0.7533536585365785,199
20004841,control,0,2026-04-16,2026,2026Q2,41,0,Male,Unknown,0,Not Hispanic or Latino,1984-09-12,,2023-05-28,2026-05-21,2.8856947296372346,0.09582477754962354,4,1,0,0,0,,,0,,,,1,0.040969793195413697,0.7533536585365785,142
20004862,control,0,2022-08-10,2022,2022Q3,26,0,Female,Asian,0,Not Hispanic or Latino,1995-11-23,,2020-02-26,2024-10-14,2.4531143052703626,2.1793292265571527,2,3,0,0,0,,,0,,,,1,0.015555618853388603,0.7533536585365785,222
20004865,control,0,2024-04-08,2024,2024Q2,47,0,Male,White,1,Not Hispanic or Latino,1977-01-22,,2019-02-19,2026-02-23,5.13347022587269,1.8781656399726214,3,2,1,0,0,,,0,,,,1,0.023292303840348666,0.7533536585365785,192
20004874,control,0,2025-12-06,2025,2025Q4,37,0,Female,White,0,Not Hispanic or Latino,1988-10-16,,2024-02-01,2026-04-02,1.8453114305270362,0.3203285420944558,2,0,0,0,0,,,0,,,,1,0.011889100622666926,0.7533536585365785,220
20004894,control,0,2025-12-01,2025,2025Q4,18,0,Male,White,0,Not Hispanic or Latino,2007-04-22,,2021-07-09,2026-01-19,4.396988364134154,0.13415468856947296,5,0,0,1,0,,,0,,,,1,0.12953689094902687,1.506707317073157,139
20004908,control,0,2024-11-26,2024,2024Q4,67,0,Female,White,0,Not Hispanic or Latino,1957-03-30,,2017-10-12,2026-03-24,7.123887748117728,1.322381930184805,4,3,1,0,0,,,0,,,,1,0.025962064158144095,0.7533536585365785,235
20004912,control,0,2025-11-12,2025,2025Q4,59,0,Female,White,0,Not Hispanic or Latino,1966-07-08,,2016-07-15,2025-12-11,9.32785763175907,0.07939767282683094,4,0,0,0,0,,,0,,,,1,0.054978157988342644,0.7533536585365785,316
20004921,control,0,2026-02-18,2026,2026Q1,51,0,Female,Black or African American,0,Not Hispanic or Latino,1974-04-24,,2015-01-01,2026-04-10,11.132101300479125,0.13963039014373715,2,0,0,1,0,,,0,,,,1,0.04507411470417102,0.7533536585365785,242
20004936,control,0,2022-11-20,2022,2022Q4,44,0,Female,White,0,Not Hispanic or Latino,1978-01-22,,2018-03-03,2024-06-01,4.717316906228611,1.5304585900068446,4,3,0,0,0,,,0,,,,1,0.03753872539570177,0.7533536585365785,288
20004946,control,0,2022-07-17,2022,2022Q3,52,0,Female,White,0,Not Hispanic or Latino,1969-11-18,,2015-03-26,2022-11-25,7.310061601642711,0.3586584531143053,3,0,0,0,0,,,0,,,,1,0.031922492197444904,0.7533536585365785,310
20004951,control,0,2022-07-20,2022,2022Q3,51,0,Female,White,0,Not Hispanic or Latino,1970-12-08,2024-07-29,2018-12-26,2024-02-26,3.564681724845996,1.6043805612594113,3,1,1,0,0,,,0,,,,1,0.015563400376724662,0.7533536585365785,222
20004952,control,0,2023-09-11,2023,2023Q3,47,0,Male,White,0,Not Hispanic or Latino,1975-11-11,,2017-06-09,2026-03-16,6.2559890485968515,2.510609171800137,4,4,1,1,0,,,0,,,,1,0.04136948422813789,0.7533536585365785,46
20004955,control,0,2026-05-10,2026,2026Q2,56,0,Male,White,0,Unknown,1969-11-12,,2020-07-17,2026-05-10,5.812457221081451,0.0,6,0,0,0,0,,,0,,,,1,0.054769514076314356,1.506707317073157,133
20004963,control,0,2023-11-08,2023,2023Q4,42,0,Male,Unknown,0,Not Hispanic or Latino,1981-08-27,,2017-12-17,2026-03-20,5.891854893908282,2.3627652292950034,3,2,0,0,0,,,0,,,,1,0.03774324736111158,0.7533536585365785,14
20004970,control,0,2024-10-25,2024,2024Q4,40,0,Female,Asian,0,Hispanic or Latino,1984-05-20,,2020-07-29,2026-05-10,4.240930869267625,1.538672142368241,4,1,0,0,0,,,2,11.4,6.5,2025-03-16,1,0.025650741641482573,0.7533536585365785,235
20004984,control,0,2023-02-13,2023,2023Q1,39,0,Female,Unknown,0,Not Hispanic or Latino,1983-04-03,,2021-05-22,2024-01-06,1.730321697467488,0.8952772073921971,3,2,0,1,0,,,0,,,,1,0.022262465702406108,0.7533536585365785,85
20005003,control,0,2025-03-19,2025,2025Q1,51,0,Female,White,0,Not Hispanic or Latino,1973-11-14,,2021-03-31,2026-04-22,3.9671457905544147,1.0924024640657084,4,1,1,0,0,,,0,,,,1,0.026516550374976924,0.7533536585365785,145
20005008,control,0,2024-05-29,2024,2024Q2,41,0,Female,White,0,Not Hispanic or Latino,1982-12-04,,2019-05-09,2024-08-26,5.0568104038329915,0.243668720054757,2,2,0,0,0,,,0,,,,1,0.018435873574762916,0.7533536585365785,273
20005031,control,0,2023-09-14,2023,2023Q3,36,0,Female,White,1,Hispanic or Latino,1987-06-05,,2020-12-02,2023-09-14,2.7816563997262147,0.0,3,0,0,0,0,,,0,,,,1,0.018379939515016402,0.7533536585365785,254
20005043,control,0,2024-12-05,2024,2024Q4,39,0,Female,White,0,Not Hispanic or Latino,1985-10-26,,2018-02-23,2026-04-16,6.781656399726215,1.3607118412046544,3,5,0,0,0,,,0,,,,1,0.04274724711092183,1.2555894308942974,96
20005045,control,0,2023-03-12,2023,2023Q1,66,0,Female,White,0,Not Hispanic or Latino,1957-01-28,,2018-12-05,2024-04-03,4.265571526351814,1.0622861054072552,5,2,0,0,0,,,0,,,,1,0.023298101236197355,0.7533536585365785,85
20005056,control,0,2025-12-26,2025,2025Q4,63,0,Female,Asian,0,Hispanic or Latino,1962-07-31,,2018-11-12,2026-03-31,7.121149897330596,0.2600958247775496,3,0,1,0,0,,,0,,,,1,0.013534298021198137,0.7533536585365785,149
20005070,control,0,2025-04-04,2025,2025Q2,53,0,Female,Black or African American,0,Not Hispanic or Latino,1972-02-16,,2023-09-06,2026-05-30,1.5770020533880904,1.1526351813826146,4,3,0,0,0,,,0,,,,1,0.0189843862666231,0.7533536585365785,230
20005071,control,0,2025-12-15,2025,2025Q4,34,0,Female,White,0,Hispanic or Latino,1991-01-29,,2020-05-16,2026-03-05,5.582477754962355,0.2190280629705681,3,1,1,0,0,,,0,,,,1,0.03195099450542577,0.8370596205961982,68
20005073,control,0,2024-06-07,2024,2024Q2,18,0,Female,White,0,Not Hispanic or Latino,2005-09-01,,2022-07-23,2026-05-16,1.8754277891854894,1.9383983572895278,4,1,0,0,0,,,0,,,,1,0.054770864358937035,0.7533536585365785,125
20005074,control,0,2023-03-04,2023,2023Q1,18,0,Female,White,0,Not Hispanic or Latino,2004-12-03,,2021-11-27,2023-09-13,1.264887063655031,0.5284052019164955,2,2,0,0,0,,,0,,,,1,0.020796787986924314,0.7533536585365785,295
20005084,control,0,2026-01-17,2026,2026Q1,57,0,Female,White,0,Not Hispanic or Latino,1968-12-09,,2019-12-10,2026-02-08,6.105407255304586,0.06023271731690623,3,1,0,0,0,,,0,,,,1,0.022069109130139136,0.7533536585365785,173
20005089,control,0,2025-12-08,2025,2025Q4,69,0,Female,Black or African American,0,Not Hispanic or Latino,1956-06-16,,2023-04-17,2026-05-16,2.64476386036961,0.4353182751540041,6,1,0,1,0,,,0,,,,1,0.02596471281706253,0.7533536585365785,128
20005091,control,0,2024-06-26,2024,2024Q2,34,0,Female,White,0,Not Hispanic or Latino,1989-08-21,,2020-04-10,2024-12-23,4.210814510609172,0.4928131416837782,2,1,2,0,0,,,0,,,,1,0.019977067877095127,0.7533536585365785,93
20005096,control,0,2023-10-30,2023,2023Q4,40,0,Female,White,0,Hispanic or Latino,1983-07-25,,2019-07-11,2025-09-27,4.303901437371663,1.9110198494182067,4,4,0,0,0,,,0,,,,1,0.027956442326055604,0.7533536585365785,77
20005098,control,0,2023-10-25,2023,2023Q4,33,0,Male,White,0,Not Hispanic or Latino,1990-01-04,,2015-01-01,2024-11-17,8.813141683778234,1.0650239561943875,2,2,0,0,0,,,0,,,,1,0.04480339247848901,0.7533536585365785,167
20005124,control,0,2025-09-19,2025,2025Q3,27,0,Female,White,0,Not Hispanic or Latino,1997-11-04,,2021-06-15,2026-05-04,4.262833675564682,0.621492128678987,2,1,0,0,0,,,0,,,,1,0.025606813113373997,0.7533536585365785,314
20005131,control,0,2023-04-20,2023,2023Q2,28,0,Female,White,0,Not Hispanic or Latino,1994-12-22,,2015-07-12,2023-10-02,7.772758384668036,0.4517453798767967,2,0,1,0,0,,,0,,,,1,0.04636021113058804,0.7533536585365785,42
20005132,control,0,2022-12-14,2022,2022Q4,29,0,Female,White,0,Not Hispanic or Latino,1993-10-15,,2015-06-12,2024-01-03,7.507186858316222,1.054072553045859,2,2,1,1,0,,,0,,,,1,0.04102613115139794,0.7533536585365785,49
20005134,control,0,2023-03-01,2023,2023Q1,70,0,Female,White,0,Not Hispanic or Latino,1953-01-23,,2019-04-11,2023-10-06,3.887748117727584,0.5995893223819302,3,2,0,1,0,,,0,,,,1,0.008967706277854455,0.7533536585365785,202
20005137,control,0,2025-02-24,2025,2025Q1,50,0,Female,White,0,Unknown,1974-04-15,,2019-01-06,2026-02-18,6.135523613963039,0.9828884325804244,3,1,0,0,0,,,0,,,,1,0.023410059985224517,0.7533536585365785,196
20005138,control,0,2022-09-10,2022,2022Q3,70,0,Female,White,0,Not Hispanic or Latino,1952-09-01,,2016-03-28,2022-11-15,6.453114305270363,0.1806981519507187,2,0,0,0,0,,,0,,,,1,0.008430267749469577,0.7533536585365785,294
20005146,control,0,2024-04-14,2024,2024Q2,22,0,Female,White,0,Not Hispanic or Latino,2001-04-22,,2022-08-02,2024-06-05,1.700205338809035,0.14236824093086928,2,0,0,1,0,,,0,,,,1,0.02003561491327483,0.7533536585365785,93
20005147,control,0,2024-11-15,2024,2024Q4,28,0,Female,White,0,Not Hispanic or Latino,1996-10-21,,2020-08-05,2024-11-15,4.2792607802874745,0.0,5,0,0,0,0,,,0,,,,1,0.09284059169359309,1.2555894308942974,151
20005150,control,0,2022-12-08,2022,2022Q4,42,0,Male,Black or African American,0,Hispanic or Latino,1980-05-13,,2016-07-23,2024-12-10,6.376454483230664,2.00684462696783,4,2,0,1,0,,,0,,,,1,0.04392052278418968,0.7533536585365785,186
20005153,control,0,2022-07-12,2022,2022Q3,52,0,Female,White,0,Not Hispanic or Latino,1970-04-18,,2016-10-03,2026-04-27,5.771389459274469,3.79192334017796,4,0,0,0,0,,,0,,,,1,0.02918814573345039,0.7533536585365785,310
20005156,control,0,2025-06-05,2025,2025Q2,37,0,Male,White,0,Not Hispanic or Latino,1988-02-07,,2022-01-06,2026-03-12,3.4113620807665983,0.7665982203969883,4,3,0,0,0,,,0,,,,1,0.04017960929919892,0.7533536585365785,169
20005166,control,0,2026-04-14,2026,2026Q2,36,0,Female,White,0,Unknown,1989-06-29,,2025-01-27,2026-04-14,1.2101300479123889,0.0,2,0,0,0,0,,,0,,,,1,0.009859868078740432,0.7533536585365785,304
20005185,control,0,2022-07-24,2022,2022Q3,38,0,Female,White,0,Not Hispanic or Latino,1983-10-11,,2016-09-04,2022-09-13,5.883641341546886,0.13963039014373715,5,0,0,0,0,,,0,,,,1,0.08628786764938343,2.511178861788595,258
20005190,control,0,2023-12-01,2023,2023Q4,40,0,Male,White,0,Not Hispanic or Latino,1983-01-15,,2017-04-09,2025-04-22,6.6447638603696095,1.3908281998631074,4,3,0,0,0,,,0,,,,1,0.060763545849878496,0.7533536585365785,180
20005191,control,0,2024-05-19,2024,2024Q2,54,0,Female,White,0,Not Hispanic or Latino,1969-09-14,,2017-03-02,2024-11-08,7.214236824093087,0.4736481861738535,2,1,1,0,0,,,0,,,,1,0.01679443284154345,0.7533536585365785,190
20005193,control,0,2026-02-04,2026,2026Q1,44,0,Female,Asian,0,Not Hispanic or Latino,1981-04-20,,2020-10-26,2026-04-15,5.27583846680356,0.19164955509924708,2,0,0,0,0,,,0,,,,1,0.015616697511267414,0.7533536585365785,193
20005194,control,0,2023-10-16,2023,2023Q4,47,0,Female,White,0,Not Hispanic or Latino,1976-09-23,,2018-05-12,2023-10-16,5.429158110882957,0.0,4,0,0,0,0,,,0,,,,1,0.042553478058913456,0.7533536585365785,70
20005200,control,0,2022-01-30,2022,2022Q1,66,0,Female,White,0,Not Hispanic or Latino,1955-04-30,,2015-01-01,2024-03-31,7.080082135523614,2.1656399726214923,5,2,0,0,0,,,0,,,,1,0.035489799017538036,0.7533536585365785,112
20005227,control,0,2023-11-05,2023,2023Q4,33,0,Male,White,0,Not Hispanic or Latino,1990-09-10,,2019-01-03,2026-04-29,4.837782340862423,2.4804928131416837,4,2,1,0,0,,,0,,,,1,0.05257552281654795,0.7533536585365785,167
20005238,control,0,2026-05-12,2026,2026Q2,77,0,Female,Unknown,0,Not Hispanic or Latino,1949-02-10,,2023-04-12,2026-05-16,3.082819986310746,0.010951403148528405,3,1,0,0,0,,,0,,,,1,0.00776502095114266,0.7533536585365785,305
20005240,control,0,2024-05-25,2024,2024Q2,52,0,Female,White,0,Not Hispanic or Latino,1971-07-10,,2019-03-10,2025-10-02,5.210130047912389,1.3552361396303902,3,2,0,0,0,,,0,,,,1,0.02051474096404263,0.7533536585365785,93
20005243,control,0,2023-04-06,2023,2023Q2,52,0,Female,Unknown,0,Not Hispanic or Latino,1970-07-11,,2015-01-01,2024-04-28,8.260095824777549,1.0622861054072552,2,5,0,0,0,,,0,,,,1,0.025679290769562536,0.7533536585365785,98
20005246,control,0,2025-06-03,2025,2025Q2,47,0,Female,White,0,Not Hispanic or Latino,1978-01-08,,2018-12-20,2026-01-12,6.453114305270363,0.6105407255304586,3,1,0,0,0,,,0,,,,1,0.03214438834738022,0.7533536585365785,147
20005247,control,0,2022-04-09,2022,2022Q2,46,0,Male,White,0,Not Hispanic or Latino,1975-06-09,,2015-01-01,2023-01-13,7.268993839835729,0.7638603696098563,4,2,0,0,0,,,0,,,,1,0.057487967949317036,0.8370596205961982,20
20005252,control,0,2022-05-26,2022,2022Q2,47,0,Male,White,0,Not Hispanic or Latino,1974-09-24,,2016-07-28,2022-12-03,5.8261464750171115,0.5229295003422314,5,2,0,0,0,,,0,,,,1,0.06156721199478958,1.0762195121951121,7
20005255,control,0,2023-04-09,2023,2023Q2,69,0,Female,White,0,Unknown,1953-06-17,,2017-02-20,2024-12-25,6.1300479123887746,1.7138945927446954,3,0,0,0,0,,,0,,,,1,0.011282330015665332,0.7533536585365785,87
20005282,control,0,2023-06-10,2023,2023Q2,67,0,Female,Asian,0,Not Hispanic or Latino,1955-07-26,,2016-03-07,2023-10-04,7.258042436687201,0.31759069130732376,4,0,0,0,0,,,0,,,,1,0.02578073692762698,0.7533536585365785,98
20005290,control,0,2025-10-04,2025,2025Q4,65,0,Female,White,0,Hispanic or Latino,1960-06-25,,2015-01-01,2026-05-17,10.757015742642025,0.6160164271047228,3,1,0,0,0,,,0,,,,1,0.026055457771281723,0.7533536585365785,1
20005304,control,0,2025-05-15,2025,2025Q2,22,0,Female,White,0,Not Hispanic or Latino,2002-05-26,,2024-10-12,2026-03-20,0.5886379192334018,0.8459958932238193,2,4,0,0,0,,,0,,,,1,0.01562878778409131,0.7533536585365785,210
20005313,control,0,2023-06-25,2023,2023Q2,37,0,Female,White,0,Not Hispanic or Latino,1985-09-04,,2019-10-28,2026-04-15,3.6577686516084875,2.8062970568104038,5,2,1,0,0,,,0,,,,1,0.051166614658182716,0.8370596205961982,280
20005325,control,0,2024-09-04,2024,2024Q3,26,0,Female,White,0,Hispanic or Latino,1997-10-24,,2019-09-04,2025-05-14,5.002053388090349,0.6899383983572895,3,0,0,0,0,,,0,,,,1,0.036951244924438055,0.7533536585365785,191
20005345,control,0,2024-01-19,2024,2024Q1,53,0,Male,White,0,Not Hispanic or Latino,1970-07-17,,2020-11-06,2025-06-25,3.2005475701574264,1.431895961670089,2,1,0,0,0,,,0,,,,1,0.007898402510691025,0.7533536585365785,17
20005347,control,0,2023-09-17,2023,2023Q3,53,0,Female,White,0,Not Hispanic or Latino,1970-01-05,,2022-02-23,2026-04-05,1.5633127994524298,2.5489390828199863,6,2,1,1,0,,,0,,,,1,0.02756199316517173,0.7533536585365785,284
20005352,control,0,2026-01-07,2026,2026Q1,66,0,Female,White,0,Not Hispanic or Latino,1959-05-15,,2025-02-06,2026-03-05,0.917180013689254,0.15605749486652978,4,3,1,0,0,,,0,,,,1,0.009610582487285982,0.7533536585365785,201
20005369,control,0,2023-03-26,2023,2023Q1,54,0,Female,Black or African American,0,Hispanic or Latino,1968-09-27,,2019-01-10,2025-01-03,4.205338809034908,1.7768651608487338,4,6,0,0,0,,,0,,,,1,0.0199491512626035,0.7533536585365785,295
20005376,control,0,2026-03-12,2026,2026Q1,28,0,Female,White,0,Not Hispanic or Latino,1997-11-19,,2023-09-25,2026-04-30,2.461327857631759,0.13415468856947296,3,2,0,0,0,,,0,,,,1,0.03202225473661187,0.7533536585365785,166
20005382,control,0,2022-02-21,2022,2022Q1,66,0,Female,White,0,Not Hispanic or Latino,1955-03-31,,2016-11-15,2024-01-19,5.2676249144421625,1.9082819986310746,5,1,0,0,0,,,0,,,,1,0.0262372168204402,0.7533536585365785,227
20005389,control,0,2025-01-08,2025,2025Q1,18,0,Female,White,0,Not Hispanic or Latino,2006-06-05,,2018-09-21,2025-01-08,6.299794661190965,0.0,2,0,0,0,0,,,0,,,,1,0.05229518466612516,0.7533536585365785,102
20005399,control,0,2025-11-30,2025,2025Q4,44,0,Female,White,0,Not Hispanic or Latino,1981-05-29,,2018-10-30,2026-03-31,7.085557837097878,0.33127994524298426,3,2,0,0,0,,,0,,,,1,0.0406647613562872,0.7533536585365785,268
20005402,control,0,2022-11-24,2022,2022Q4,69,0,Female,Unknown,0,Not Hispanic or Latino,1953-04-28,,2018-12-03,2022-11-24,3.975359342915811,0.0,6,0,1,0,0,,,0,,,,1,0.035281832893766435,0.7533536585365785,33
20005416,control,0,2025-05-29,2025,2025Q2,45,0,Female,White,0,Not Hispanic or Latino,1979-08-11,,2022-02-11,2026-03-12,3.293634496919918,0.785763175906913,3,2,0,0,0,,,0,,,,1,0.01944985147898929,0.7533536585365785,229
20005419,control,0,2025-11-03,2025,2025Q4,66,0,Female,Black or African American,0,Not Hispanic or Latino,1959-05-26,,2015-01-01,2026-04-11,10.839151266255989,0.4353182751540041,3,4,0,0,0,,,0,,,,1,0.04260892404554476,0.7533536585365785,268
20005421,control,0,2026-02-21,2026,2026Q1,18,0,Female,White,0,Not Hispanic or Latino,2007-07-01,,2020-08-19,2026-03-02,5.508555783709788,0.024640657084188913,2,1,0,0,0,,,0,,,,1,0.045520695466877745,0.7533536585365785,242
20005427,control,0,2024-10-11,2024,2024Q4,38,0,Male,White,0,Unknown,1986-05-06,,2021-12-16,2025-12-06,2.8199863107460645,1.1526351813826146,7,2,0,1,0,,,0,,,,1,0.07151932862397059,0.8370596205961982,165
20005431,control,0,2024-10-07,2024,2024Q4,70,0,Female,White,0,Not Hispanic or Latino,1954-01-26,,2018-08-23,2026-05-30,6.12457221081451,1.6427104722792607,6,2,0,0,0,,,0,,,,1,0.036121606303759345,0.7533536585365785,263
20005433,control,0,2026-01-17,2026,2026Q1,18,0,Male,Black or African American,0,Not Hispanic or Latino,2007-03-31,,2018-02-28,2026-05-09,7.885010266940451,0.3066392881587953,3,1,0,0,0,,,0,,,,1,0.1300362353540526,3.766768292682892,40
20005434,control,0,2025-07-03,2025,2025Q3,36,0,Female,Unknown,0,Not Hispanic or Latino,1989-05-03,,2023-03-19,2025-07-03,2.291581108829569,0.0,3,0,0,0,0,,,0,,,,1,0.029109096625351487,0.7533536585365785,260
20005435,control,0,2024-07-21,2024,2024Q3,41,0,Female,White,0,Not Hispanic or Latino,1982-11-11,,2018-01-07,2026-05-11,6.535249828884326,1.8042436687200547,3,5,1,0,0,,,0,,,,1,0.03704221334498169,0.7533536585365785,191
20005437,control,0,2025-01-04,2025,2025Q1,55,0,Female,Asian,0,Not Hispanic or Latino,1969-07-09,,2018-05-22,2026-01-27,6.622861054072553,1.0622861054072552,4,5,1,0,0,,,0,,,,1,0.03337458588460591,0.7533536585365785,138
20005445,control,0,2024-09-04,2024,2024Q3,39,0,Female,White,0,Hispanic or Latino,1985-02-20,,2019-12-19,2026-05-26,4.7118412046543465,1.7221081451060918,3,3,0,0,0,,,0,,,,1,0.020659766178513013,0.7533536585365785,328
20005452,control,0,2022-10-27,2022,2022Q4,33,0,Female,Unknown,0,Not Hispanic or Latino,1988-12-08,,2020-11-30,2024-03-18,1.9055441478439425,1.3908281998631074,4,4,1,0,0,,,0,,,,1,0.0417103514791339,0.7533536585365785,78
20005454,control,0,2024-05-07,2024,2024Q2,18,0,Female,Asian,0,Not Hispanic or Latino,2005-08-17,,2022-11-22,2026-02-28,1.4565366187542779,1.8124572210814511,5,2,1,0,0,,,0,,,,1,0.06509658749554156,1.883384146341446,275
20005455,control,0,2025-04-29,2025,2025Q2,40,0,Female,Black or African American,1,Not Hispanic or Latino,1984-05-31,,2018-04-25,2026-05-16,7.011635865845311,1.0458590006844628,2,4,1,0,0,,,0,,,,1,0.030181498876697764,0.7533536585365785,48
20005456,control,0,2021-10-24,2021,2021Q4,18,0,Male,White,0,Not Hispanic or Latino,2003-04-16,,2015-07-15,2024-07-02,6.277891854893908,2.6885694729637235,3,5,0,0,0,,,0,,,,1,0.07348456971935415,3.766768292682892,255
20005473,control,0,2023-10-27,2023,2023Q4,54,0,Female,White,0,Hispanic or Latino,1969-08-22,,2016-02-04,2026-04-04,7.72621492128679,2.43668720054757,3,2,0,1,0,,,0,,,,1,0.01974691180090853,0.7533536585365785,19
20005474,control,0,2025-10-12,2025,2025Q4,40,0,Male,White,0,Hispanic or Latino,1985-03-30,,2015-01-01,2026-03-20,10.778918548939084,0.4353182751540041,4,3,0,0,0,,,0,,,,1,0.09416884775435173,1.2555894308942974,321
20005479,control,0,2026-02-01,2026,2026Q1,18,0,Male,White,0,Not Hispanic or Latino,2007-07-26,,2022-07-25,2026-02-26,3.5236139630390144,0.06844626967830253,5,0,1,0,0,,,0,,,,1,0.11310611760172148,2.511178861788595,224
20005485,control,0,2023-12-01,2023,2023Q4,33,0,Female,White,0,Not Hispanic or Latino,1990-05-13,,2017-06-19,2026-05-13,6.450376454483231,2.4476386036960984,2,2,0,0,0,,,0,,,,1,0.02688164454960941,0.7533536585365785,77
20005488,control,0,2022-09-05,2022,2022Q3,44,0,Female,White,0,Not Hispanic or Latino,1977-11-15,,2020-09-03,2024-02-10,2.004106776180698,1.431895961670089,3,7,0,0,0,,,0,,,,1,0.015289396227392707,0.7533536585365785,207
20005498,control,0,2025-10-12,2025,2025Q4,30,0,Female,White,0,Unknown,1995-08-14,,2024-03-06,2026-05-10,1.6016427104722792,0.5749486652977412,4,1,1,0,0,,,0,,,,1,0.0333049282682002,0.941692073170723,115
20005506,control,0,2023-03-01,2023,2023Q1,64,0,Female,White,0,Not Hispanic or Latino,1958-08-09,,2019-03-26,2023-07-28,3.9315537303216974,0.4079397672826831,3,1,0,0,0,,,0,,,,1,0.011364131154124284,0.7533536585365785,319
20005511,control,0,2026-05-11,2026,2026Q2,52,0,Female,White,0,Not Hispanic or Latino,1973-09-15,,2024-04-11,2026-05-11,2.080766598220397,0.0,2,0,0,0,0,,,0,,,,1,0.007405079310643934,0.7533536585365785,305
20005513,control,0,2026-03-06,2026,2026Q1,37,0,Male,White,0,Not Hispanic or Latino,1988-11-09,,2020-08-18,2026-03-20,5.546885694729637,0.038329911019849415,7,1,0,0,0,,,0,,,,1,0.1396654008715845,7.533536585365784,131
20005515,control,0,2024-12-09,2024,2024Q4,38,0,Female,White,0,Hispanic or Latino,1986-01-20,,2019-10-30,2025-02-04,5.111567419575633,0.15605749486652978,5,0,0,0,0,,,0,,,,1,0.05474931604422019,0.7533536585365785,36
20005517,control,0,2022-01-08,2022,2022Q1,18,0,Female,White,0,Hispanic or Latino,2003-11-01,,2016-04-16,2022-06-26,5.730321697467488,0.46269678302532513,3,2,0,0,0,,,0,,,,1,0.05617121739522098,1.2555894308942974,325
20005521,control,0,2023-05-04,2023,2023Q2,18,0,Female,White,0,Not Hispanic or Latino,2005-02-01,,2019-11-18,2025-08-05,3.457905544147844,2.2559890485968515,2,2,0,0,0,,,0,,,,1,0.027213581066138158,0.7533536585365785,38
20005539,control,0,2026-02-05,2026,2026Q1,36,0,Female,White,0,Not Hispanic or Latino,1989-06-15,,2019-12-04,2026-03-18,6.1738535249828885,0.11225188227241616,3,0,0,0,0,,,0,,,,1,0.0464790340134269,0.7533536585365785,242
20005560,control,0,2025-05-31,2025,2025Q2,44,0,Female,White,0,Not Hispanic or Latino,1980-08-19,,2019-01-23,2026-04-16,6.351813826146475,0.8761122518822724,3,2,1,0,0,,,0,,,,1,0.03443733012233422,0.7533536585365785,147
20005568,control,0,2023-07-08,2023,2023Q3,41,0,Female,White,0,Not Hispanic or Latino,1981-10-20,,2020-02-15,2026-03-07,3.3921971252566734,2.6639288158795345,2,0,2,0,0,,,0,,,,1,0.011526156577391648,0.7533536585365785,327
20005581,control,0,2024-05-14,2024,2024Q2,44,0,Male,Unknown,0,Hispanic or Latino,1980-04-16,,2021-04-19,2024-10-02,3.0691307323750854,0.3860369609856263,4,2,1,1,0,,,0,,,,1,0.026692008114807514,0.7533536585365785,140
20005590,control,0,2023-05-10,2023,2023Q2,47,0,Female,White,0,Not Hispanic or Latino,1976-03-07,,2017-11-19,2026-05-22,5.470225872689938,3.033538672142368,3,2,0,0,0,,,0,,,,1,0.022807679956340948,0.7533536585365785,137
20005598,control,0,2021-10-13,2021,2021Q4,29,0,Male,White,0,Not Hispanic or Latino,1992-03-15,,2017-03-08,2023-08-05,4.59958932238193,1.809719370294319,5,3,1,0,0,,,0,,,,1,0.08415981069027152,2.511178861788595,30
20005622,control,0,2026-03-20,2026,2026Q1,33,0,Female,Black or African American,0,Not Hispanic or Latino,1993-03-04,,2021-07-22,2026-05-23,4.659822039698836,0.17522245037645448,3,1,0,0,0,,,0,,,,1,0.04642459438494758,0.7533536585365785,242
20005629,control,0,2022-12-07,2022,2022Q4,31,0,Female,Black or African American,0,Not Hispanic or Latino,1991-10-04,,2020-04-19,2023-12-30,2.6338124572210813,1.0622861054072552,6,2,0,0,0,,,0,,,,1,0.09162502905652603,2.511178861788595,183
20005639,control,0,2023-08-15,2023,2023Q3,68,0,Male,White,0,Not Hispanic or Latino,1955-02-20,,2015-10-29,2025-12-22,7.794661190965092,2.3545516769336072,5,2,0,0,0,,,0,,,,1,0.03702978759336757,0.7533536585365785,123
20005658,control,0,2022-12-22,2022,2022Q4,36,0,Male,White,0,Not Hispanic or Latino,1986-01-07,,2015-01-01,2023-05-12,7.972621492128679,0.3860369609856263,3,1,0,0,0,,,0,,,,1,0.062197926162972095,0.7533536585365785,105
20005665,control,0,2024-02-01,2024,2024Q1,49,0,Male,White,0,Not Hispanic or Latino,1974-07-12,,2016-07-20,2024-10-22,7.534565366187543,0.7227926078028748,5,3,0,0,0,,,0,,,,1,0.07587200861724995,1.506707317073157,322
20005672,control,0,2023-02-17,2023,2023Q1,21,0,Female,White,0,Not Hispanic or Latino,2001-07-06,,2021-05-17,2025-10-03,1.754962354551677,2.625598904859685,3,4,1,0,0,,,0,,,,1,0.030404719530347943,0.7533536585365785,276
20005678,control,0,2025-04-23,2025,2025Q2,18,0,Female,White,0,Hispanic or Latino,2006-07-24,,2020-10-04,2025-10-23,4.550308008213553,0.5010266940451745,3,3,0,0,0,,,0,,,,1,0.045686815727505756,1.0762195121951121,114
20005681,control,0,2025-02-26,2025,2025Q1,30,0,Female,White,0,Not Hispanic or Latino,1994-05-10,,2021-05-08,2026-04-10,3.805612594113621,1.1170431211498972,4,4,0,0,0,,,0,,,,1,0.05350805789047745,0.7533536585365785,102
20005686,control,0,2026-03-17,2026,2026Q1,38,0,Male,White,0,Not Hispanic or Latino,1987-10-09,,2020-04-24,2026-05-01,5.894592744695414,0.12320328542094455,3,1,0,0,0,,,0,,,,1,0.04127636501809605,0.7533536585365785,64
20005693,control,0,2026-03-26,2026,2026Q1,70,0,Female,White,0,Not Hispanic or Latino,1955-04-07,,2022-09-17,2026-04-16,3.5208761122518824,0.057494866529774126,2,1,0,0,0,,,0,,,,1,0.005003415056623933,0.7533536585365785,97
20005694,control,0,2025-04-16,2025,2025Q2,54,0,Female,White,0,Hispanic or Latino,1971-04-16,,2018-04-07,2026-03-19,7.025325119780972,0.9226557152635181,4,4,0,0,0,,,0,,,,1,0.02960223449639411,0.7533536585365785,48
20005703,control,0,2024-05-30,2024,2024Q2,29,0,Female,White,0,Not Hispanic or Latino,1994-07-23,,2018-10-27,2025-12-21,5.590691307323751,1.5605749486652978,4,2,1,0,0,,,0,,,,1,0.07287134103769058,3.766768292682892,6
20005716,control,0,2025-02-23,2025,2025Q1,40,0,Female,White,0,Not Hispanic or Latino,1984-08-31,,2024-01-02,2026-04-17,1.1444216290212184,1.1444216290212184,5,5,1,0,0,,,0,,,,1,0.0333283092994354,0.7533536585365785,138
20005718,control,0,2024-01-23,2024,2024Q1,19,0,Female,White,0,Not Hispanic or Latino,2005-01-07,,2016-05-30,2025-07-06,7.649555099247091,1.4510609171800137,2,3,1,0,0,,,0,,,,1,0.05777762117162129,1.0762195121951121,278
20005727,control,0,2021-12-19,2021,2021Q4,50,0,Male,White,0,Not Hispanic or Latino,1971-11-23,,2015-01-01,2023-07-12,6.965092402464066,1.5605749486652978,4,3,1,0,0,,,0,,,,1,0.045024928042787495,0.7533536585365785,250
20005730,control,0,2021-11-25,2021,2021Q4,48,0,Female,White,1,Hispanic or Latino,1973-02-04,,2015-01-01,2023-05-03,6.899383983572895,1.434633812457221,4,2,2,0,0,,,0,,,,1,0.034490533415875324,0.7533536585365785,160
20005733,control,0,2025-05-17,2025,2025Q2,37,0,Female,White,0,Not Hispanic or Latino,1988-05-06,,2016-07-22,2026-04-16,8.818617385352498,0.9144421629021219,2,4,0,0,0,,,0,,,,1,0.03943528722221202,0.7533536585365785,203
20005744,control,0,2021-12-16,2021,2021Q4,33,0,Female,White,0,Not Hispanic or Latino,1988-04-23,,2017-03-09,2023-07-18,4.772073921971253,1.5852156057494866,3,1,0,1,0,,,0,,,,1,0.03649877559428355,0.7533536585365785,309
20005745,control,0,2026-03-04,2026,2026Q1,55,0,Male,Black or African American,0,Not Hispanic or Latino,1970-06-28,,2024-07-09,2026-05-13,1.6509240246406571,0.19164955509924708,3,0,0,0,0,,,0,,,,1,0.012503788225176579,0.7533536585365785,274
20005747,control,0,2023-05-30,2023,2023Q2,57,0,Female,White,0,Not Hispanic or Latino,1966-05-05,,2015-11-15,2023-05-30,7.537303216974675,0.0,3,0,0,0,0,,,0,,,,1,0.02857651680638291,0.7533536585365785,38
20005758,control,0,2022-03-02,2022,2022Q1,36,0,Female,White,1,Not Hispanic or Latino,1986-01-15,,2017-06-18,2023-02-13,4.70362765229295,0.9527720739219713,3,3,0,0,0,,,0,,,,1,0.033922171675694834,0.7533536585365785,15
20005761,control,0,2026-01-20,2026,2026Q1,24,0,Female,White,0,Not Hispanic or Latino,2001-07-23,,2024-03-28,2026-04-12,1.8151950718685832,0.2245037645448323,5,0,0,0,0,,,0,,,,1,0.06918709522100207,1.506707317073157,238
20005770,control,0,2026-02-23,2026,2026Q1,42,0,Female,White,0,Not Hispanic or Latino,1983-03-10,,2021-10-06,2026-02-23,4.383299110198494,0.0,2,0,0,0,0,,,0,,,,1,0.016043382620953738,0.7533536585365785,193
20005776,control,0,2026-04-11,2026,2026Q2,52,0,Female,White,0,Not Hispanic or Latino,1973-08-03,,2019-08-15,2026-04-27,6.655715263518139,0.04380561259411362,3,1,0,0,0,,,0,,,,1,0.029068870988586536,0.7533536585365785,81
20005777,control,0,2024-08-12,2024,2024Q3,28,0,Female,White,0,Not Hispanic or Latino,1996-05-22,,2020-07-29,2026-05-13,4.03832991101985,1.7494866529774127,2,1,1,0,0,,,0,,,,1,0.02194595937868876,0.7533536585365785,164
20005778,control,0,2024-01-02,2024,2024Q1,31,0,Female,White,0,Not Hispanic or Latino,1992-10-18,,2015-11-21,2025-12-14,8.114989733059549,1.949349760438056,3,1,0,0,0,,,0,,,,1,0.06798170563342976,0.941692073170723,228
20005782,control,0,2023-12-21,2023,2023Q4,53,0,Female,White,0,Hispanic or Latino,1970-02-12,,2015-01-01,2025-10-28,8.969199178644764,1.8535249828884326,3,4,0,0,0,,,0,,,,1,0.026587149695560676,0.7533536585365785,77
20005785,control,0,2025-04-05,2025,2025Q2,33,0,Male,White,0,Not Hispanic or Latino,1991-08-30,,2023-05-20,2026-01-05,1.8781656399726214,0.7529089664613279,7,2,0,0,0,,,0,,,,1,0.08375375842842299,3.766768292682892,214
20005788,control,0,2021-11-06,2021,2021Q4,45,0,Female,White,0,Not Hispanic or Latino,1976-05-18,,2020-02-12,2024-09-06,1.73305954825462,2.833675564681725,4,0,0,0,0,,,0,,,,1,0.019506810812556542,0.7533536585365785,56
20005809,control,0,2023-04-10,2023,2023Q2,64,0,Male,Black or African American,0,Not Hispanic or Latino,1958-05-03,,2016-06-16,2023-06-24,6.8145106091718,0.2053388090349076,5,1,0,0,0,,,0,,,,1,0.04891970014556227,0.7533536585365785,178
20005812,control,0,2025-07-12,2025,2025Q3,49,0,Female,White,0,Hispanic or Latino,1976-05-27,,2017-12-13,2026-03-20,7.578370978781656,0.6872005475701575,3,5,1,0,0,,,0,,,,1,0.02595712091189984,0.7533536585365785,314
20005816,control,0,2025-03-27,2025,2025Q1,63,0,Female,Unknown,0,Not Hispanic or Latino,1961-10-22,,2017-05-25,2026-05-18,7.838466803559206,1.1416837782340863,4,1,0,0,0,,,0,,,,1,0.042138133262274315,0.8370596205961982,292
20005841,control,0,2022-05-12,2022,2022Q2,30,0,Male,White,0,Not Hispanic or Latino,1991-12-06,,2015-03-21,2024-03-10,7.143052703627652,1.8288843258042438,3,1,0,0,0,,,0,,,,1,0.060074205943972385,0.8370596205961982,20
20005844,control,0,2025-12-12,2025,2025Q4,41,0,Male,White,0,Not Hispanic or Latino,1984-10-25,,2025-01-02,2026-05-05,0.9418206707734429,0.3942505133470226,5,0,1,0,0,,,0,,,,1,0.03271022487104964,0.7533536585365785,108
20005846,control,0,2024-01-28,2024,2024Q1,70,0,Female,White,0,Hispanic or Latino,1953-05-17,,2015-01-01,2025-03-31,9.073237508555783,1.1718001368925393,4,2,0,0,0,,,0,,,,1,0.023779549339991747,0.7533536585365785,243
20005850,control,0,2023-02-11,2023,2023Q1,74,0,Female,White,0,Not Hispanic or Latino,1948-11-11,,2015-09-28,2025-08-05,7.3730321697467485,2.4804928131416837,3,1,0,0,0,,,0,,,,1,0.012738507468821115,0.7533536585365785,52
20005853,control,0,2025-04-17,2025,2025Q2,18,0,Female,Asian,0,Not Hispanic or Latino,2006-11-06,,2023-03-23,2026-05-31,2.0698151950718686,1.1197809719370295,2,4,1,0,0,,,0,,,,1,0.02080704296886523,0.7533536585365785,229
20005854,control,0,2024-01-23,2024,2024Q1,62,0,Female,White,0,Not Hispanic or Latino,1961-05-14,,2021-08-31,2025-12-17,2.3956194387405887,1.9000684462696784,6,4,2,1,0,,,0,,,,1,0.024326369152397435,0.7533536585365785,261
20005869,control,0,2024-12-19,2024,2024Q4,35,0,Female,White,0,Not Hispanic or Latino,1989-05-16,,2024-03-17,2026-05-12,0.758384668035592,1.3935660506502396,4,5,0,0,0,,,0,,,,1,0.025857177921024675,0.7533536585365785,235
20005876,control,0,2025-10-17,2025,2025Q4,32,0,Female,White,0,Unknown,1993-09-29,,2022-11-09,2026-04-25,2.937713894592745,0.5201916495550992,2,1,0,0,0,,,0,,,,1,0.014963844522977034,0.7533536585365785,132
20005883,control,0,2023-10-01,2023,2023Q4,51,0,Female,White,1,Not Hispanic or Latino,1972-04-03,,2019-01-19,2024-07-05,4.698151950718686,0.7611225188227242,3,0,0,0,0,,,0,,,,1,0.020227793538347937,0.7533536585365785,19
20005896,control,0,2022-07-08,2022,2022Q3,43,0,Female,White,1,Not Hispanic or Latino,1979-02-09,,2019-02-15,2026-03-11,3.3921971252566734,3.67419575633128,5,1,0,0,0,,,0,,,,1,0.037388850349943076,0.7533536585365785,66
20005899,control,0,2026-04-28,2026,2026Q2,18,0,Female,Unknown,0,Not Hispanic or Latino,2008-02-20,,2024-03-10,2026-05-01,2.132785763175907,0.008213552361396304,3,0,0,0,0,,,0,,,,1,0.05294659147550445,0.7533536585365785,110
20005901,control,0,2024-07-19,2024,2024Q3,39,0,Female,White,1,Not Hispanic or Latino,1984-10-20,,2022-07-10,2026-05-18,2.026009582477755,1.8288843258042438,4,0,0,0,0,,,0,,,,1,0.027268951880365187,0.7533536585365785,80
20005902,control,0,2023-09-15,2023,2023Q3,60,0,Female,White,0,Not Hispanic or Latino,1962-10-01,,2017-05-07,2024-07-19,6.357289527720739,0.8432580424366872,3,7,0,0,0,,,0,,,,1,0.019640901758780173,0.7533536585365785,3
20005907,control,0,2025-09-28,2025,2025Q3,56,0,Female,White,0,Not Hispanic or Latino,1969-09-17,,2018-06-24,2026-03-08,7.263518138261465,0.4407939767282683,3,0,1,1,0,,,0,,,,1,0.027347837462750022,0.7533536585365785,260
20005908,control,0,2023-06-13,2023,2023Q2,43,0,Female,White,0,Not Hispanic or Latino,1980-05-04,,2016-08-20,2024-01-05,6.811772758384668,0.5639972621492129,3,4,1,0,0,,,0,,,,1,0.03949936914108803,0.7533536585365785,272
20005916,control,0,2025-04-04,2025,2025Q2,34,0,Female,White,0,Not Hispanic or Latino,1990-08-27,,2019-11-08,2026-05-05,5.404517453798768,1.0841889117043122,4,6,1,0,0,,,0,,,,1,0.06154776911656508,0.8370596205961982,177
20005918,control,0,2026-05-22,2026,2026Q2,46,0,Female,White,0,Not Hispanic or Latino,1979-09-11,,2024-08-12,2026-05-22,1.7741273100616017,0.0,4,0,0,2,0,,,0,,,,1,0.02313789827743421,0.7533536585365785,101
20005921,control,0,2022-04-14,2022,2022Q2,46,0,Female,White,1,Not Hispanic or Latino,1975-08-04,,2017-11-27,2022-09-13,4.37782340862423,0.4161533196440794,4,3,0,0,0,,,0,,,,1,0.035620847607908054,0.7533536585365785,37
20005924,control,0,2022-04-22,2022,2022Q2,23,0,Female,White,0,Not Hispanic or Latino,1998-05-24,,2019-03-30,2022-11-06,3.0636550308008212,0.5420944558521561,4,1,0,0,0,,,0,,,,1,0.06220871626648992,0.7533536585365785,279
20005927,control,0,2025-10-06,2025,2025Q4,56,0,Male,White,0,Not Hispanic or Latino,1969-02-02,,2019-11-09,2025-12-26,5.908281998631074,0.22176591375770022,4,1,0,0,0,,,0,,,,1,0.03329596101645552,0.7533536585365785,108
20005928,control,0,2023-03-15,2023,2023Q1,49,0,Female,White,0,Not Hispanic or Latino,1974-02-01,,2018-05-24,2023-11-01,4.80766598220397,0.6324435318275154,2,3,0,1,0,,,0,,,,1,0.01289237830013917,0.7533536585365785,52
20005935,control,0,2023-05-22,2023,2023Q2,34,0,Female,White,0,Not Hispanic or Latino,1989-02-27,,2021-08-31,2023-08-12,1.7221081451060918,0.2245037645448323,6,1,1,0,0,,,0,,,,1,0.06422893964265336,0.7533536585365785,290
20005937,control,0,2026-05-04,2026,2026Q2,37,0,Female,White,0,Not Hispanic or Latino,1988-12-14,,2021-10-02,2026-05-04,4.58590006844627,0.0,4,0,0,0,0,,,0,,,,1,0.05193058630766239,0.7533536585365785,110
20005952,control,0,2022-12-10,2022,2022Q4,42,0,Male,White,0,Not Hispanic or Latino,1980-07-20,,2021-04-19,2023-09-16,1.6427104722792607,0.7665982203969883,6,2,0,0,0,,,0,,,,1,0.04642888554182683,0.7533536585365785,186
20005953,control,0,2024-10-11,2024,2024Q4,56,0,Male,White,0,Not Hispanic or Latino,1967-12-12,,2023-03-14,2025-11-05,1.5797399041752225,1.0677618069815196,5,2,0,1,0,,,0,,,,1,0.020577468346580575,0.7533536585365785,293
20005974,control,0,2024-12-19,2024,2024Q4,29,0,Female,White,0,Not Hispanic or Latino,1995-11-16,,2021-05-29,2026-02-19,3.5592060232717317,1.1690622861054072,3,1,1,0,0,,,0,,,,1,0.03491470887695742,0.7533536585365785,263
20005983,control,0,2025-02-11,2025,2025Q1,62,0,Male,White,0,Not Hispanic or Latino,1962-06-30,,2020-03-04,2025-10-06,4.941820670773443,0.648870636550308,2,3,1,0,0,,,0,,,,1,0.008274965585522945,0.7533536585365785,144
20005990,control,0,2026-02-24,2026,2026Q1,59,0,Female,Black or African American,0,Not Hispanic or Latino,1966-03-02,,2023-10-23,2026-04-14,2.3408624229979464,0.13415468856947296,6,2,1,0,0,,,0,,,,1,0.03571203207379089,0.7533536585365785,166
20005995,control,0,2023-03-27,2023,2023Q1,31,0,Male,White,0,Unknown,1991-11-03,,2018-11-23,2023-07-22,4.339493497604381,0.3203285420944558,2,1,0,0,0,,,0,,,,1,0.020209717531694704,0.7533536585365785,161
20005998,control,0,2023-02-08,2023,2023Q1,34,0,Male,Asian,0,Unknown,1988-09-09,,2017-07-05,2025-09-07,5.596167008898015,2.5790554414784395,3,1,0,0,0,,,0,,,,1,0.03026093929735499,0.7533536585365785,245
20006000,control,0,2026-02-25,2026,2026Q1,36,0,Female,White,0,Not Hispanic or Latino,1989-04-08,,2022-08-27,2026-03-04,3.4989733059548254,0.019164955509924708,4,0,1,0,0,,,0,,,,1,0.044464545922116024,0.7533536585365785,242
20006009,control,0,2023-04-02,2023,2023Q2,41,0,Female,White,0,Not Hispanic or Latino,1981-10-15,,2015-12-09,2026-05-23,7.312799452429843,3.14031485284052,2,1,0,0,0,,,0,,,,1,0.02249480352320665,0.7533536585365785,137
20006016,control,0,2024-12-15,2024,2024Q4,39,0,Female,White,0,Not Hispanic or Latino,1985-06-26,,2021-03-27,2025-02-07,3.7207392197125255,0.14784394250513347,4,1,1,0,0,,,0,,,,1,0.04128132601514048,1.0762195121951121,211
20006017,control,0,2026-04-16,2026,2026Q2,30,0,Female,White,0,Not Hispanic or Latino,1995-04-25,,2022-01-31,2026-04-16,4.205338809034908,0.0,2,0,1,0,0,,,0,,,,1,0.023808226153456194,0.7533536585365785,101
20006021,control,0,2021-12-11,2021,2021Q4,44,0,Female,White,0,Not Hispanic or Latino,1977-12-03,,2017-12-31,2024-03-19,3.9452429842573578,2.269678302532512,3,4,0,0,0,,,0,,,,1,0.020396964801610833,0.7533536585365785,56
20006026,control,0,2024-06-12,2024,2024Q2,36,0,Female,Asian,0,Not Hispanic or Latino,1987-12-19,,2021-11-30,2026-05-29,2.532511978097194,1.9603011635865846,4,2,0,0,0,,,0,,,,1,0.029700148193275974,0.7533536585365785,83
20006029,control,0,2022-10-17,2022,2022Q4,58,0,Male,Other Race,0,Hispanic or Latino,1964-08-26,,2015-01-01,2025-09-04,7.79192334017796,2.8829568788501025,3,3,1,0,0,,,0,,,,1,0.014466055870731525,0.7533536585365785,23
20006032,control,0,2026-03-04,2026,2026Q1,80,0,Male,White,1,Not Hispanic or Latino,1945-11-11,,2016-04-25,2026-03-04,9.856262833675565,0.0,2,0,0,0,0,,,0,,,,1,0.01101623298672767,0.7533536585365785,274
20006034,control,0,2025-05-28,2025,2025Q2,47,0,Female,White,0,Unknown,1978-04-11,,2021-03-13,2026-04-02,4.20807665982204,0.8459958932238193,6,3,1,0,0,,,0,,,,1,0.05341168313484713,0.941692073170723,152
20006040,control,0,2026-01-06,2026,2026Q1,43,0,Female,Other Race,0,Not Hispanic or Latino,1982-03-06,,2024-01-25,2026-05-29,1.949349760438056,0.3915126625598905,4,2,0,0,0,,,0,,,,1,0.022274641544387904,0.7533536585365785,173
20006048,control,0,2025-11-06,2025,2025Q4,36,0,Female,White,0,Unknown,1989-07-23,,2024-01-14,2026-05-28,1.8124572210814511,0.5557837097878165,10,2,0,0,0,,,0,,,,1,0.11791347606343615,1.883384146341446,259
20006050,control,0,2026-02-07,2026,2026Q1,44,0,Female,White,0,Not Hispanic or Latino,1982-01-24,,2024-02-12,2026-05-17,1.9876796714579055,0.27104722792607805,4,0,0,0,0,,,0,,,,1,0.02531028226147733,0.7533536585365785,170
20006052,control,0,2026-03-27,2026,2026Q1,74,0,Female,Black or African American,0,Not Hispanic or Latino,1951-05-25,,2024-11-27,2026-05-08,1.3278576317590691,0.11498973305954825,4,1,0,0,0,,,0,,,,1,0.009218313211797806,0.7533536585365785,201
20006055,control,0,2024-04-17,2024,2024Q2,30,0,Female,White,0,Not Hispanic or Latino,1994-01-04,,2023-01-09,2024-07-24,1.270362765229295,0.2683093771389459,3,0,1,2,0,,,0,,,,1,0.023944132723612937,0.7533536585365785,326
20006056,control,0,2024-08-03,2024,2024Q3,37,0,Female,White,0,Not Hispanic or Latino,1986-09-03,,2022-09-20,2025-01-24,1.8699520876112252,0.47638603696098564,3,1,0,0,0,,,0,,,,1,0.020486019126561922,0.7533536585365785,328
20006057,control,0,2022-07-31,2022,2022Q3,22,0,Female,White,1,Not Hispanic or Latino,2000-03-13,,2017-04-25,2024-09-02,5.2648870636550305,2.0917180013689256,2,2,0,0,0,,,0,,,,1,0.03290665870501395,0.7533536585365785,249
20006070,control,0,2025-02-28,2025,2025Q1,40,0,Female,White,0,Not Hispanic or Latino,1984-09-01,,2020-07-22,2026-05-22,4.605065023956194,1.2265571526351813,4,2,0,0,0,,,0,,,,1,0.043200196715259445,1.0762195121951121,65
20006072,control,0,2026-03-25,2026,2026Q1,30,0,Female,White,0,Not Hispanic or Latino,1995-10-27,,2022-07-19,2026-03-25,3.682409308692676,0.0,2,0,2,0,0,,,0,,,,1,0.021692466376602253,0.7533536585365785,173
20006075,control,0,2025-08-06,2025,2025Q3,51,0,Female,White,0,Not Hispanic or Latino,1973-12-04,,2016-05-18,2026-04-27,9.218343600273785,0.7227926078028748,5,1,2,0,0,,,0,,,,1,0.09400554333886953,1.506707317073157,124
20006077,control,0,2025-10-10,2025,2025Q4,36,0,Female,White,0,Not Hispanic or Latino,1989-09-25,,2022-08-19,2026-04-29,3.143052703627652,0.5503080082135524,4,3,1,0,0,,,0,,,,1,0.040291714221971864,0.7533536585365785,268
20006098,control,0,2024-06-09,2024,2024Q2,51,0,Male,White,0,Not Hispanic or Latino,1972-08-03,,2021-07-18,2024-10-05,2.8939082819986313,0.32306639288158795,7,2,1,1,0,,,0,,,,1,0.055766380184503556,0.7533536585365785,208
20006108,control,0,2023-12-08,2023,2023Q4,26,0,Male,White,0,Not Hispanic or Latino,1997-07-28,,2017-11-18,2025-12-03,6.053388090349076,1.9876796714579055,3,3,1,1,0,,,0,,,,1,0.05651763688413293,0.7533536585365785,180
20006110,control,0,2022-11-03,2022,2022Q4,53,0,Female,Unknown,0,Not Hispanic or Latino,1968-12-13,,2018-03-17,2023-08-11,4.632443531827516,0.7693360711841205,4,1,0,0,0,,,0,,,,1,0.03494710883190477,0.7533536585365785,33
20006116,control,0,2025-06-03,2025,2025Q2,39,0,Female,White,0,Not Hispanic or Latino,1986-01-29,,2023-09-11,2026-04-15,1.727583846680356,0.865160848733744,3,2,0,0,0,,,2,5.7,5.7,2025-08-03,1,0.018099074455235505,0.7533536585365785,230
20006117,control,0,2022-02-21,2022,2022Q1,30,0,Female,White,0,Not Hispanic or Latino,1991-09-26,,2018-04-11,2024-03-08,3.865845311430527,2.0424366872005475,6,2,0,0,0,,,0,,,,1,0.09331145793220663,1.506707317073157,100
20006120,control,0,2024-02-06,2024,2024Q1,74,0,Male,White,0,Not Hispanic or Latino,1949-09-08,,2019-08-28,2026-05-17,4.4435318275154,2.2751540041067764,3,1,0,0,0,,,0,,,,1,0.007621926336996316,0.7533536585365785,17
20006137,control,0,2026-02-28,2026,2026Q1,23,0,Female,White,0,Not Hispanic or Latino,2002-03-03,,2025-01-12,2026-04-24,1.1279945242984257,0.15058179329226556,4,1,0,0,0,,,0,,,,1,0.04576183628596597,0.7533536585365785,242
20006139,control,0,2025-11-05,2025,2025Q4,59,0,Male,Unknown,0,Unknown,1966-06-26,,2021-12-29,2026-01-31,3.8521560574948666,0.23819301848049282,5,0,0,0,0,,,0,,,,1,0.03173712445521712,0.7533536585365785,108
20006143,control,0,2023-04-15,2023,2023Q2,36,0,Male,White,0,Not Hispanic or Latino,1986-11-19,,2018-05-29,2023-10-04,4.878850102669404,0.47091033538672145,4,4,1,0,0,,,0,,,,1,0.05474945690085189,0.7533536585365785,178
20006145,control,0,2022-07-18,2022,2022Q3,67,0,Female,White,0,Not Hispanic or Latino,1954-10-22,,2016-05-24,2023-12-20,6.1492128678987,1.4236824093086926,5,3,1,0,0,,,0,,,,1,0.030621632983404572,0.7533536585365785,249
20006153,control,0,2023-04-20,2023,2023Q2,18,0,Male,White,0,Not Hispanic or Latino,2004-05-24,,2019-05-21,2025-06-27,3.915126625598905,2.187542778918549,3,2,0,0,0,,,0,,,,1,0.050752280762696826,0.7533536585365785,178
20006156,control,0,2026-05-18,2026,2026Q2,50,0,Female,White,0,Hispanic or Latino,1975-11-08,,2024-10-13,2026-05-18,1.593429158110883,0.0,2,0,0,1,0,,,0,,,,1,0.005160886439774245,0.7533536585365785,35
20006168,control,0,2024-07-29,2024,2024Q3,52,0,Female,White,0,Not Hispanic or Latino,1971-12-19,,2021-08-28,2026-01-16,2.91854893908282,1.4674880219028064,4,3,0,0,0,,,0,,,,1,0.020689458684876677,0.7533536585365785,328
20006173,control,0,2025-01-09,2025,2025Q1,44,0,Female,White,0,Not Hispanic or Latino,1980-04-08,,2023-05-19,2026-05-21,1.6454483230663928,1.3607118412046544,6,2,0,1,0,,,0,,,,1,0.0416102960315638,0.7533536585365785,269
20006182,control,0,2025-06-14,2025,2025Q2,33,0,Female,White,0,Not Hispanic or Latino,1992-05-18,,2021-10-11,2025-11-13,3.67419575633128,0.4161533196440794,3,2,2,0,0,,,0,,,,1,0.0326283765970293,0.7533536585365785,147
20006188,control,0,2022-08-08,2022,2022Q3,18,0,Female,Unknown,0,Not Hispanic or Latino,2003-08-16,,2020-09-22,2024-06-22,1.8754277891854894,1.8726899383983573,2,2,0,0,0,,,0,,,,1,0.025977641008870386,0.7533536585365785,289
20006190,control,0,2024-09-10,2024,2024Q3,59,0,Female,White,0,Not Hispanic or Latino,1965-07-10,,2022-03-29,2026-04-23,2.4531143052703626,1.6153319644079398,3,5,1,0,0,,,0,,,,1,0.009561480313183388,0.7533536585365785,286
20006193,control,0,2026-05-17,2026,2026Q2,39,0,Female,White,0,Not Hispanic or Latino,1987-01-10,,2023-03-09,2026-05-17,3.189596167008898,0.0,3,0,1,0,0,,,0,,,,1,0.024956616408103784,0.7533536585365785,101
20006195,control,0,2024-11-25,2024,2024Q4,42,0,Male,White,0,Not Hispanic or Latino,1981-12-13,,2019-10-18,2026-05-05,5.106091718001369,1.4401095140314852,5,3,0,1,0,,,0,,,,1,0.06067085347152725,0.7533536585365785,323
20006201,control,0,2022-09-06,2022,2022Q3,72,0,Female,White,0,Unknown,1950-08-02,,2015-01-01,2023-03-19,7.6796714579055445,0.5311430527036276,5,0,0,0,0,,,0,,,,1,0.031484660664749364,0.7533536585365785,310
20006205,control,0,2024-06-30,2024,2024Q2,29,0,Female,Black or African American,0,Not Hispanic or Latino,1994-09-30,,2021-01-12,2026-05-31,3.463381245722108,1.9164955509924708,3,1,0,0,0,,,0,,,,1,0.03841577806663516,0.7533536585365785,231
20006209,control,0,2023-09-13,2023,2023Q3,43,0,Male,White,1,Not Hispanic or Latino,1979-12-17,,2018-07-17,2025-10-09,5.158110882956879,2.0725530458590007,4,4,0,0,0,,,0,,,,1,0.04044743075742547,0.7533536585365785,123
20006212,control,0,2021-12-30,2021,2021Q4,22,0,Female,White,0,Not Hispanic or Latino,1999-04-16,,2018-03-25,2025-01-02,3.7672826830937716,3.0088980150581794,4,1,0,0,0,,,0,,,,1,0.0614838109044259,1.883384146341446,39
20006218,control,0,2026-01-10,2026,2026Q1,42,0,Male,White,0,Not Hispanic or Latino,1983-02-27,,2024-01-07,2026-05-22,2.0095824777549622,0.3613963039014374,3,0,2,0,0,,,0,,,,1,0.01772461200568116,0.7533536585365785,174
20006223,control,0,2023-05-05,2023,2023Q2,41,0,Female,White,0,Not Hispanic or Latino,1982-01-29,,2019-03-13,2026-03-13,4.145106091718001,2.855578370978782,4,2,0,0,0,,,0,,,,1,0.034403732479468006,0.7533536585365785,38
20006228,control,0,2021-11-04,2021,2021Q4,29,0,Female,White,0,Not Hispanic or Latino,1992-03-02,,2018-10-20,2022-02-21,3.0417522245037647,0.29842573579739906,2,0,0,0,0,,,0,,,,1,0.019633803021102677,0.7533536585365785,56
20006230,control,0,2024-05-04,2024,2024Q2,50,0,Female,White,0,Not Hispanic or Latino,1973-09-17,,2020-06-20,2025-08-09,3.871321013004791,1.264887063655031,3,6,0,0,0,,,0,,,,1,0.01745181915222287,0.7533536585365785,190
20006233,control,0,2026-03-22,2026,2026Q1,53,0,Male,White,0,Not Hispanic or Latino,1972-03-27,,2021-02-05,2026-05-31,5.122518822724161,0.19164955509924708,2,1,0,0,0,,,0,,,,1,0.012197900715202312,0.7533536585365785,274
20006240,control,0,2026-03-17,2026,2026Q1,58,0,Male,Unknown,0,Not Hispanic or Latino,1967-11-15,,2024-04-17,2026-04-11,1.9137577002053388,0.06844626967830253,3,0,1,1,0,,,0,,,,1,0.012388777158497295,0.7533536585365785,274
20006241,control,0,2025-02-12,2025,2025Q1,45,0,Male,Unknown,0,Not Hispanic or Latino,1979-03-17,,2015-03-04,2025-09-10,9.946611909650924,0.5749486652977412,4,2,0,1,0,,,0,,,,1,0.1143967469392863,7.533536585365784,13
20006245,control,0,2022-12-28,2022,2022Q4,37,0,Female,Black or African American,0,Not Hispanic or Latino,1985-06-26,,2020-09-21,2024-09-19,2.2669404517453797,1.727583846680356,4,4,0,0,0,,,0,,,,1,0.03624742413191388,0.7533536585365785,33
20006246,control,0,2022-12-26,2022,2022Q4,18,0,Female,White,0,Not Hispanic or Latino,2004-06-03,,2021-09-06,2023-07-22,1.3032169746748803,0.5694729637234771,3,1,0,1,0,,,0,,,,1,0.035973262937056244,0.7533536585365785,33
20006250,control,0,2024-10-29,2024,2024Q4,29,0,Female,White,0,Not Hispanic or Latino,1995-02-06,,2018-06-13,2026-02-01,6.379192334017796,1.2594113620807665,3,4,0,0,0,,,0,,,,1,0.056666492315519276,0.7533536585365785,36
20006257,control,0,2022-03-16,2022,2022Q1,42,0,Female,White,0,Not Hispanic or Latino,1979-12-16,,2018-01-12,2022-11-07,4.172484599589322,0.6461327857631759,3,1,0,0,0,,,0,,,,1,0.025544739385746956,0.7533536585365785,227
20006258,control,0,2026-01-29,2026,2026Q1,73,0,Female,Asian,0,Hispanic or Latino,1952-04-04,,2022-06-22,2026-05-06,3.6057494866529773,0.2655715263518138,3,0,0,1,0,,,0,,,,1,0.005006287887846236,0.7533536585365785,97
20006259,control,0,2025-04-08,2025,2025Q2,44,0,Female,White,0,Not Hispanic or Latino,1980-07-19,,2015-12-09,2025-06-28,9.330595482546201,0.22176591375770022,3,1,1,0,0,,,0,,,,1,0.06041618566065761,0.8370596205961982,177
20006279,control,0,2023-05-25,2023,2023Q2,48,0,Female,White,0,Not Hispanic or Latino,1975-02-18,,2015-01-01,2024-08-10,8.394250513347023,1.212867898699521,4,2,0,0,0,,,0,,,,1,0.06316483434018862,0.7533536585365785,290
20006280,control,0,2024-06-05,2024,2024Q2,54,0,Female,White,0,Not Hispanic or Latino,1969-09-15,,2018-12-21,2024-10-29,5.456536618754278,0.3997262149212868,4,0,0,1,0,,,0,,,,1,0.032578740874140456,0.7533536585365785,83
20006284,control,0,2023-05-26,2023,2023Q2,66,0,Female,White,0,Not Hispanic or Latino,1957-05-26,,2015-02-07,2026-04-20,8.295687885010267,2.9021218343600275,2,1,0,0,0,,,0,,,,1,0.011183914170466621,0.7533536585365785,87
20006290,control,0,2024-10-12,2024,2024Q4,32,0,Female,White,0,Not Hispanic or Latino,1992-04-22,,2021-01-11,2025-06-11,3.7508555783709787,0.6625598904859685,3,4,0,1,0,,,0,,,,1,0.033671455624736654,0.7533536585365785,263
20006293,control,0,2024-05-23,2024,2024Q2,38,0,Male,White,0,Hispanic or Latino,1986-04-25,,2019-11-16,2024-11-28,4.517453798767967,0.5174537987679672,3,1,0,0,0,,,0,,,,1,0.022500657131704897,0.7533536585365785,192
20006294,control,0,2024-12-26,2024,2024Q4,60,0,Female,White,0,Not Hispanic or Latino,1964-07-26,,2021-04-24,2026-04-29,3.67419575633128,1.3388090349075976,5,3,0,0,0,,,0,,,,1,0.025436580143157764,0.7533536585365785,235
20006299,control,0,2024-11-11,2024,2024Q4,55,0,Female,White,0,Unknown,1968-12-26,,2015-01-01,2024-12-11,9.86173853524983,0.08213552361396304,3,0,0,0,0,,,0,,,,1,0.040348973096841524,1.2555894308942974,96
20006308,control,0,2022-04-25,2022,2022Q2,30,0,Male,White,1,Not Hispanic or Latino,1992-01-15,,2019-04-06,2023-02-20,3.052703627652293,0.8240930869267625,5,2,0,1,0,,,0,,,,1,0.06695653908646612,1.0762195121951121,7
20006319,control,0,2023-10-22,2023,2023Q4,47,0,Male,White,0,Not Hispanic or Latino,1976-07-06,,2020-02-01,2025-10-03,3.7207392197125255,1.949349760438056,6,1,1,0,0,,,0,,,,1,0.051663889802056905,0.7533536585365785,167
20006349,control,0,2026-03-17,2026,2026Q1,50,0,Female,White,0,Not Hispanic or Latino,1975-10-01,,2025-03-28,2026-04-30,0.9691991786447639,0.12046543463381246,5,0,0,0,0,,,0,,,,1,0.024399475564641032,0.7533536585365785,75
20006350,control,0,2022-04-13,2022,2022Q2,52,0,Female,Black or African American,0,Not Hispanic or Latino,1969-11-05,,2018-07-10,2022-07-05,3.759069130732375,0.2272416153319644,3,0,0,0,0,,,0,,,,1,0.02025262002969617,0.7533536585365785,12
20006359,control,0,2021-10-22,2021,2021Q4,31,0,Female,White,0,Not Hispanic or Latino,1990-06-10,,2015-01-01,2023-04-01,6.806297056810404,1.4401095140314852,2,2,0,0,0,,,0,,,,1,0.032942737010288305,0.7533536585365785,160
20006361,control,0,2026-03-19,2026,2026Q1,45,0,Male,White,0,Not Hispanic or Latino,1980-07-25,,2022-10-21,2026-03-19,3.4086242299794662,0.0,2,0,0,1,0,,,0,,,,1,0.012097912011085305,0.7533536585365785,274
20006364,control,0,2022-05-29,2022,2022Q2,18,0,Male,White,0,Unknown,2004-04-07,,2015-01-01,2023-08-02,7.405886379192334,1.1772758384668036,2,1,0,0,0,,,0,,,,1,0.051520548027265516,0.7533536585365785,44
20006369,control,0,2025-11-26,2025,2025Q4,51,0,Female,White,0,Not Hispanic or Latino,1974-09-09,,2020-11-08,2025-12-17,5.048596851471594,0.057494866529774126,4,0,0,0,0,,,0,,,,1,0.03449098690638481,0.8370596205961982,302
20006370,control,0,2023-04-26,2023,2023Q2,38,0,Female,White,0,Not Hispanic or Latino,1984-07-26,,2017-06-02,2023-06-14,5.897330595482546,0.13415468856947296,4,1,0,0,0,,,0,,,,1,0.062294115330436745,1.2555894308942974,79
20006371,control,0,2024-09-26,2024,2024Q3,45,0,Female,Black or African American,0,Not Hispanic or Latino,1978-10-26,,2021-08-11,2025-02-14,3.1266255989048597,0.3860369609856263,2,1,1,1,0,,,0,,,,1,0.01323788917287241,0.7533536585365785,205
20006376,control,0,2023-09-05,2023,2023Q3,66,0,Female,Black or African American,0,Not Hispanic or Latino,1957-02-24,,2022-01-23,2026-05-28,1.6153319644079398,2.726899383983573,5,1,0,0,0,,,0,,,,1,0.015253573661430939,0.7533536585365785,185
20006377,control,0,2025-02-14,2025,2025Q1,35,0,Female,White,0,Not Hispanic or Latino,1989-03-09,,2017-05-25,2026-03-13,7.72621492128679,1.0732375085557837,2,1,0,0,0,,,0,,,,1,0.03453373573840579,0.7533536585365785,138
20006379,control,0,2023-06-30,2023,2023Q2,41,0,Female,White,0,Not Hispanic or Latino,1981-12-16,,2017-11-29,2025-01-20,5.582477754962355,1.5605749486652978,5,0,1,0,0,,,0,,,,1,0.06752589609440492,0.7533536585365785,290
20006380,control,0,2026-05-17,2026,2026Q2,60,0,Male,White,0,Not Hispanic or Latino,1965-05-27,,2023-01-10,2026-05-17,3.34839151266256,0.0,7,0,0,0,0,,,0,,,,1,0.04523606904011857,1.0762195121951121,262
20006388,control,0,2022-12-05,2022,2022Q4,29,0,Female,White,0,Not Hispanic or Latino,1993-01-21,,2016-08-06,2024-05-09,6.329911019849418,1.4264202600958247,4,2,0,1,0,,,0,,,,1,0.08323699377611339,1.2555894308942974,126
20006395,control,0,2021-11-06,2021,2021Q4,54,0,Female,White,0,Not Hispanic or Latino,1967-05-23,,2015-03-19,2025-05-31,6.636550308008213,3.564681724845996,4,6,1,0,0,,,0,,,,1,0.03220087393648589,0.7533536585365785,160
20006396,control,0,2022-05-03,2022,2022Q2,54,0,Female,White,0,Not Hispanic or Latino,1967-12-10,,2016-06-08,2024-01-22,5.900068446269678,1.7221081451060918,3,3,0,0,0,,,0,,,,1,0.021060789034944787,0.7533536585365785,12
20006399,control,0,2024-05-28,2024,2024Q2,58,0,Male,White,0,Not Hispanic or Latino,1966-02-16,,2019-04-25,2026-03-06,5.092402464065708,1.7713894592744694,4,3,0,0,0,,,0,,,,1,0.024111321449515326,0.7533536585365785,192
20006404,control,0,2023-05-22,2023,2023Q2,18,0,Female,White,0,Not Hispanic or Latino,2004-06-29,,2018-12-16,2024-11-12,4.42984257357974,1.4784394250513346,2,6,0,0,0,,,0,,,,1,0.03410233043669677,0.7533536585365785,233
20006424,control,0,2024-03-24,2024,2024Q1,49,0,Male,White,0,Not Hispanic or Latino,1974-04-24,,2019-04-23,2025-02-07,4.919917864476386,0.8761122518822724,2,0,1,0,0,,,0,,,,1,0.012930223086781208,0.7533536585365785,59
20006432,control,0,2024-04-27,2024,2024Q2,31,0,Female,White,0,Not Hispanic or Latino,1993-03-26,,2020-04-19,2025-06-14,4.0219028062970565,1.1307323750855578,2,2,0,0,0,,,0,,,,1,0.020545159403439164,0.7533536585365785,93
20006434,control,0,2022-08-07,2022,2022Q3,61,0,Female,White,0,Not Hispanic or Latino,1960-11-16,,2015-01-01,2022-09-08,7.597535934291581,0.08761122518822724,4,1,0,2,0,,,0,,,,1,0.03796148447607038,0.7533536585365785,66
20006440,control,0,2023-07-02,2023,2023Q3,41,0,Male,White,0,Unknown,1981-08-17,,2015-01-16,2026-02-13,8.457221081451062,2.620123203285421,3,3,0,0,0,,,0,,,,1,0.043140399159877135,0.7533536585365785,46
20006457,control,0,2026-04-11,2026,2026Q2,22,0,Female,White,0,Hispanic or Latino,2003-08-22,,2021-11-20,2026-05-24,4.388774811772758,0.11772758384668036,2,1,0,0,0,,,0,,,,1,0.023074148031916413,0.7533536585365785,101
20006458,control,0,2025-10-13,2025,2025Q4,31,0,Female,Other Race,0,Not Hispanic or Latino,1994-09-20,,2022-11-06,2026-05-23,2.9349760438056127,0.6078028747433265,3,3,0,0,0,,,0,,,,1,0.026166499081865743,0.7533536585365785,1
20006460,control,0,2024-09-10,2024,2024Q3,54,0,Female,White,0,Not Hispanic or Latino,1970-04-16,,2018-09-24,2026-01-23,5.963039014373717,1.3689253935660506,3,4,0,0,0,,,0,,,,1,0.021832885347647796,0.7533536585365785,164
20006461,control,0,2025-11-06,2025,2025Q4,46,0,Male,White,0,Not Hispanic or Latino,1979-09-30,,2018-11-27,2026-03-27,6.9431895961670085,0.3860369609856263,7,0,0,0,0,,,0,,,,1,0.12841767681557076,1.506707317073157,139
20006462,control,0,2023-04-03,2023,2023Q2,39,0,Female,White,0,Not Hispanic or Latino,1983-08-11,,2015-01-01,2024-02-03,8.251882272416154,0.837782340862423,5,4,0,1,0,,,0,,,,1,0.11765129698108505,3.766768292682892,218
20006474,control,0,2022-05-11,2022,2022Q2,18,0,Male,Other Race,0,Not Hispanic or Latino,2003-09-10,,2018-06-10,2022-05-11,3.917864476386037,0.0,4,0,1,0,0,,,0,,,,1,0.07664493438082332,2.511178861788595,43
20006477,control,0,2021-11-09,2021,2021Q4,18,0,Female,White,0,Not Hispanic or Latino,2003-06-13,,2017-08-27,2021-11-09,4.202600958247776,0.0,3,0,0,0,0,,,0,,,,1,0.06183255704244636,2.511178861788595,281
20006479,control,0,2024-11-20,2024,2024Q4,29,0,Female,White,0,Unknown,1995-09-27,,2024-01-07,2026-03-20,0.8706365503080082,1.3278576317590691,4,1,0,0,0,,,0,,,,1,0.028775441317873095,0.7533536585365785,107
20006494,control,0,2024-03-25,2024,2024Q1,39,0,Female,Unknown,0,Unknown,1984-09-22,,2018-02-05,2026-05-15,6.132785763175907,2.138261464750171,2,0,1,0,0,,,0,,,,1,0.022708437899993234,0.7533536585365785,261
20006496,control,0,2024-09-11,2024,2024Q3,50,0,Female,White,0,Not Hispanic or Latino,1974-02-21,,2016-05-10,2025-07-14,8.33949349760438,0.837782340862423,2,6,0,0,0,,,0,,,,1,0.02306872801061947,0.7533536585365785,164
20006510,control,0,2024-06-29,2024,2024Q2,34,0,Male,White,0,Not Hispanic or Latino,1990-05-14,,2022-02-17,2025-08-22,2.3627652292950034,1.1471594798083504,5,4,1,0,0,,,0,,,,1,0.05077501222134135,0.7533536585365785,208
20006518,control,0,2022-01-27,2022,2022Q1,22,0,Female,White,0,Unknown,1999-08-30,,2015-01-01,2025-05-02,7.0718685831622174,3.260780287474333,2,3,0,0,0,,,0,,,,1,0.036680777790747084,0.7533536585365785,112
20006520,control,0,2024-01-14,2024,2024Q1,18,0,Female,White,0,Unknown,2005-04-03,,2021-04-02,2026-05-21,2.784394250513347,2.349075975359343,2,1,0,0,0,,,0,,,,1,0.02107165068085408,0.7533536585365785,299
20006527,control,0,2024-05-15,2024,2024Q2,31,0,Female,White,0,Not Hispanic or Latino,1992-12-24,,2018-03-23,2026-04-13,6.146475017111568,1.9110198494182067,5,2,0,0,0,,,0,,,,1,0.10108791465658853,0.941692073170723,283
20006532,control,0,2024-05-02,2024,2024Q2,30,0,Female,White,0,Not Hispanic or Latino,1993-08-26,,2021-03-13,2024-09-24,3.137577002053388,0.39698836413415467,2,0,0,0,0,,,0,,,,1,0.019141942961909676,0.7533536585365785,273
20006535,control,0,2025-12-18,2025,2025Q4,64,0,Female,Unknown,0,Unknown,1961-12-17,,2024-02-20,2026-04-18,1.8261464750171115,0.33127994524298426,6,1,0,0,0,,,0,,,,1,0.024720450651743688,0.8370596205961982,221
20006548,control,0,2026-01-12,2026,2026Q1,49,0,Female,White,0,Not Hispanic or Latino,1976-05-07,,2024-04-18,2026-03-13,1.7357973990417521,0.16427104722792607,4,2,0,0,0,,,0,,,,1,0.02042418680493198,0.7533536585365785,71
20006558,control,0,2022-11-14,2022,2022Q4,19,0,Female,White,0,Not Hispanic or Latino,2003-05-27,,2019-03-21,2022-12-11,3.652292950034223,0.07392197125256673,3,0,1,0,0,,,0,,,,1,0.054101584385057445,0.7533536585365785,62
20006561,control,0,2023-07-10,2023,2023Q3,51,0,Female,White,0,Not Hispanic or Latino,1972-07-03,,2021-06-19,2025-12-20,2.0561259411362083,2.4476386036960984,3,3,0,0,0,,,0,,,,1,0.011180511597991077,0.7533536585365785,327
20006571,control,0,2022-09-07,2022,2022Q3,52,0,Female,White,0,Not Hispanic or Latino,1969-10-12,,2019-06-05,2022-12-20,3.2580424366872007,0.28473648186173856,4,1,0,0,0,,,2,6.9,6.1,2022-05-22,1,0.023878999253581765,0.7533536585365785,213
20006573,control,0,2023-10-16,2023,2023Q4,56,0,Male,Black or African American,0,Not Hispanic or Latino,1967-02-21,,2021-07-18,2024-09-02,2.245037645448323,0.8815879534565366,3,2,0,0,0,,,0,,,,1,0.01278423911714032,0.7533536585365785,47
20006581,control,0,2022-06-03,2022,2022Q2,46,0,Male,White,0,Not Hispanic or Latino,1975-11-01,,2018-08-31,2023-03-12,3.756331279945243,0.7720739219712526,6,4,0,0,0,,,0,,,,1,0.05826109499294079,0.8370596205961982,20
20006583,control,0,2025-08-26,2025,2025Q3,56,0,Female,White,0,Not Hispanic or Latino,1969-06-09,,2015-03-21,2025-10-23,10.433949349760438,0.15879534565366188,2,1,0,0,0,,,0,,,,1,0.02837780002323952,0.7533536585365785,91
20006590,control,0,2023-07-19,2023,2023Q3,43,0,Female,White,0,Not Hispanic or Latino,1979-12-24,,2018-12-21,2025-02-15,4.574948665297741,1.5797399041752225,2,4,0,0,0,,,0,,,,1,0.014330681218607618,0.7533536585365785,185
20006593,control,0,2026-01-30,2026,2026Q1,68,0,Female,White,0,Not Hispanic or Latino,1958-01-15,,2022-09-01,2026-04-27,3.4140999315537304,0.23819301848049282,2,0,1,0,0,,,0,,,,1,0.0052071072827178854,0.7533536585365785,97
20006596,control,0,2024-01-13,2024,2024Q1,18,0,Female,White,0,Not Hispanic or Latino,2005-04-20,,2018-10-04,2025-03-19,5.27583846680356,1.1800136892539357,3,4,1,0,0,,,0,,,,1,0.06858278832470935,0.941692073170723,228
20006599,control,0,2025-03-08,2025,2025Q1,30,0,Female,White,0,Not Hispanic or Latino,1994-06-05,,2021-09-23,2026-05-04,3.455167693360712,1.1553730321697468,3,2,0,0,0,,,0,,,,1,0.033133080451068664,0.7533536585365785,138
20006603,control,0,2026-03-04,2026,2026Q1,74,0,Female,White,0,Not Hispanic or Latino,1951-12-12,,2016-05-21,2026-04-11,9.78507871321013,0.10403832991101986,3,1,0,0,0,,,0,,,,1,0.023188514350478223,0.7533536585365785,173
20006611,control,0,2025-05-15,2025,2025Q2,57,0,Female,Asian,0,Not Hispanic or Latino,1967-06-19,,2020-03-31,2026-05-04,5.122518822724161,0.9691991786447639,3,1,0,0,0,,,0,,,,1,0.015687008106831803,0.7533536585365785,210
20006612,control,0,2023-06-06,2023,2023Q2,52,0,Female,White,0,Not Hispanic or Latino,1971-03-15,,2019-06-01,2023-07-13,4.01368925393566,0.10130047912388775,5,2,0,1,0,,,0,,,,1,0.0389707468598731,0.7533536585365785,272
20006617,control,0,2025-09-11,2025,2025Q3,54,0,Female,White,0,Not Hispanic or Latino,1971-07-14,,2015-01-01,2026-05-01,10.694045174537989,0.6351813826146475,3,2,0,0,0,,,0,,,,1,0.052745926080166636,0.7533536585365785,162
20006624,control,0,2023-12-24,2023,2023Q4,35,0,Female,White,0,Not Hispanic or Latino,1988-03-15,,2018-08-31,2026-05-20,5.314168377823409,2.403832991101985,4,1,0,0,0,,,0,,,,1,0.05356758606550065,0.7533536585365785,219
20006625,control,0,2022-11-17,2022,2022Q4,45,0,Male,White,0,Not Hispanic or Latino,1977-09-14,,2016-12-06,2026-05-17,5.946611909650924,3.4962354551676933,2,1,0,0,0,,,0,,,,1,0.014904712455440375,0.7533536585365785,23
20006626,control,0,2026-05-19,2026,2026Q2,65,0,Female,White,0,Not Hispanic or Latino,1960-06-11,,2020-05-30,2026-05-19,5.968514715947981,0.0,3,0,0,0,0,,,0,,,,1,0.016271823674444394,0.7533536585365785,143
20006642,control,0,2025-01-18,2025,2025Q1,52,0,Female,Other Race,0,Not Hispanic or Latino,1972-10-28,,2021-10-12,2026-04-08,3.268993839835729,1.218343600273785,4,1,0,0,0,,,0,,,,1,0.019321094393952628,0.7533536585365785,148
20006644,control,0,2026-02-20,2026,2026Q1,60,0,Female,Black or African American,0,Not Hispanic or Latino,1965-08-06,,2017-09-09,2026-03-05,8.449007529089664,0.03559206023271732,3,1,0,1,0,,,0,,,,1,0.035529251736075955,0.7533536585365785,166
20006650,control,0,2025-12-11,2025,2025Q4,63,0,Female,White,0,Not Hispanic or Latino,1962-11-12,,2021-09-26,2026-05-20,4.20807665982204,0.4380561259411362,3,1,0,1,0,,,0,,,,1,0.012353196251723585,0.7533536585365785,220
20006661,control,0,2024-02-21,2024,2024Q1,75,0,Female,White,0,Not Hispanic or Latino,1948-04-03,,2019-07-12,2025-07-21,4.61327857631759,1.4127310061601643,3,0,0,0,0,,,0,,,,1,0.008061385194111374,0.7533536585365785,159
20006664,control,0,2023-04-20,2023,2023Q2,62,0,Female,White,0,Not Hispanic or Latino,1960-05-09,,2020-08-13,2025-04-27,2.6830937713894594,2.020533880903491,6,2,0,0,0,,,0,,,,1,0.02538576218056021,0.7533536585365785,137
20006665,control,0,2025-11-02,2025,2025Q4,31,0,Female,Black or African American,0,Not Hispanic or Latino,1994-07-26,,2020-08-18,2026-05-12,5.207392197125257,0.5229295003422314,3,1,1,0,0,,,0,,,,1,0.05339863997721143,0.7533536585365785,316
20006681,control,0,2021-12-10,2021,2021Q4,68,0,Female,Black or African American,0,Not Hispanic or Latino,1953-01-19,,2015-02-13,2022-05-10,6.822724161533197,0.4134154688569473,3,0,0,0,0,,,0,,,,1,0.019559829785826353,0.7533536585365785,56
20006684,control,0,2026-03-09,2026,2026Q1,40,0,Male,White,0,Not Hispanic or Latino,1986-02-04,,2024-04-20,2026-05-10,1.8836413415468858,0.1697467488021903,2,1,0,0,0,,,0,,,,1,0.010866321402062203,0.7533536585365785,127
20006685,control,0,2024-03-06,2024,2024Q1,20,0,Female,White,0,Not Hispanic or Latino,2003-09-01,,2021-11-17,2024-12-04,2.299794661190965,0.7474332648870636,4,5,1,0,0,,,0,,,,1,0.05963096773498662,1.0762195121951121,278
20006698,control,0,2025-01-26,2025,2025Q1,32,0,Female,White,0,Not Hispanic or Latino,1992-03-17,,2019-10-28,2025-06-16,5.248459958932238,0.3860369609856263,4,0,1,0,0,,,0,,,,1,0.06721586006678558,1.0762195121951121,122
20006709,control,0,2024-11-18,2024,2024Q4,19,0,Female,Black or African American,0,Not Hispanic or Latino,2005-09-14,,2023-02-14,2026-04-21,1.7604380561259412,1.4209445585215605,3,3,0,0,0,,,0,,,,1,0.04180045567016916,1.2555894308942974,175
20006723,control,0,2025-12-05,2025,2025Q4,18,0,Female,White,0,Not Hispanic or Latino,2006-12-30,,2020-12-05,2026-04-29,4.999315537303217,0.39698836413415467,3,1,0,0,0,,,0,,,,1,0.06895362193543542,1.0762195121951121,41
20006743,control,0,2025-07-07,2025,2025Q3,30,0,Female,White,0,Not Hispanic or Latino,1994-08-27,,2021-09-13,2025-07-07,3.813826146475017,0.0,4,0,0,1,0,,,0,,,,1,0.05779425134244075,0.7533536585365785,217
20006744,control,0,2022-07-31,2022,2022Q3,50,0,Female,White,1,Not Hispanic or Latino,1971-10-12,,2019-07-25,2023-04-15,3.0171115674195756,0.7063655030800822,4,5,0,0,0,,,0,,,,1,0.02384175714615723,0.7533536585365785,213
20006745,control,0,2026-01-15,2026,2026Q1,35,0,Female,White,0,Not Hispanic or Latino,1990-02-26,,2022-08-20,2026-05-19,3.405886379192334,0.3394934976043806,4,3,0,0,0,,,0,,,,1,0.044309024859085666,0.7533536585365785,242
20006747,control,0,2025-04-25,2025,2025Q2,42,0,Male,White,0,Not Hispanic or Latino,1982-09-03,,2020-06-23,2026-02-17,4.837782340862423,0.8158795345653662,2,3,0,0,0,,,0,,,,1,0.016430911609283595,0.7533536585365785,89
20006752,control,0,2024-07-25,2024,2024Q3,37,0,Female,Unknown,0,Unknown,1986-08-11,,2022-01-01,2026-05-09,2.5626283367556466,1.787816563997262,3,4,0,0,0,,,0,,,,1,0.022865158642794817,0.7533536585365785,164
20006759,control,0,2024-11-07,2024,2024Q4,22,0,Male,White,1,Hispanic or Latino,2002-02-11,,2021-11-16,2025-03-09,2.976043805612594,0.33401779603011633,5,0,1,0,0,,,0,,,,1,0.06475119393960783,0.8370596205961982,165
20006769,control,0,2024-05-28,2024,2024Q2,56,0,Female,White,0,Not Hispanic or Latino,1967-10-08,,2015-01-01,2026-05-19,9.404517453798768,1.9739904175222451,2,1,1,1,0,,,0,,,,1,0.020816089866860052,0.7533536585365785,93
20006779,control,0,2023-03-20,2023,2023Q1,35,0,Male,White,0,Not Hispanic or Latino,1987-09-27,,2016-10-26,2024-04-01,6.395619438740589,1.0349075975359343,2,4,0,0,0,,,0,,,,1,0.027378370549891874,0.7533536585365785,106
20006783,control,0,2026-04-25,2026,2026Q2,43,0,Female,White,0,Not Hispanic or Latino,1982-05-30,,2021-11-15,2026-05-22,4.440793976728268,0.07392197125256673,4,0,0,0,0,,,0,,,,1,0.04094263767034309,1.2555894308942974,204
20006784,control,0,2022-12-28,2022,2022Q4,47,0,Female,White,0,Not Hispanic or Latino,1975-01-05,,2016-08-10,2024-05-02,6.381930184804928,1.3442847364818618,2,1,0,0,0,,,0,,,,1,0.01746417240999345,0.7533536585365785,188
20006788,control,0,2026-04-18,2026,2026Q2,52,0,Female,White,0,Hispanic or Latino,1973-12-15,,2024-08-27,2026-04-18,1.6399726214921286,0.0,2,0,0,0,0,,,0,,,,1,0.00484231835082386,0.7533536585365785,35
20006793,control,0,2025-06-05,2025,2025Q2,18,0,Female,White,0,Not Hispanic or Latino,2007-01-01,,2023-04-03,2026-02-25,2.1738535249828885,0.7255304585900069,3,0,0,0,0,,,0,,,,1,0.04144812099329267,0.7533536585365785,203
20006796,control,0,2025-05-26,2025,2025Q2,31,0,Female,White,0,Not Hispanic or Latino,1993-09-04,,2023-01-06,2026-04-25,2.3846680355920604,0.9144421629021219,4,6,0,0,0,,,0,,,,1,0.04095644968299034,0.7533536585365785,203
20006824,control,0,2023-06-07,2023,2023Q2,38,0,Female,White,0,Not Hispanic or Latino,1984-07-20,,2021-06-15,2023-10-07,1.9767282683093772,0.33401779603011633,2,1,2,1,0,,,0,,,,1,0.01173381133520928,0.7533536585365785,87
20006828,control,0,2022-02-24,2022,2022Q1,43,0,Female,Black or African American,0,Not Hispanic or Latino,1978-03-30,,2018-05-10,2023-08-03,3.7946611909650922,1.4373716632443532,3,6,0,0,0,,,0,,,,1,0.025755740783970322,0.7533536585365785,227
20006835,control,0,2026-01-31,2026,2026Q1,32,0,Female,White,0,Not Hispanic or Latino,1993-12-23,,2019-08-15,2026-04-27,6.464065708418891,0.23545516769336072,2,2,0,0,0,,,0,,,,1,0.03255637302241441,0.7533536585365785,252
20006842,control,0,2025-01-04,2025,2025Q1,36,0,Female,White,0,Not Hispanic or Latino,1988-10-03,,2023-05-01,2026-05-16,1.68104038329911,1.3607118412046544,3,4,1,0,0,,,1,6.5,6.5,2025-03-29,1,0.019286522980842026,0.7533536585365785,148
20006843,control,0,2024-10-24,2024,2024Q4,57,0,Female,White,0,Not Hispanic or Latino,1967-08-20,,2018-12-11,2026-05-26,5.8699520876112254,1.5852156057494866,2,5,0,0,0,,,0,,,,1,0.010953811734371178,0.7533536585365785,121
20006848,control,0,2024-09-24,2024,2024Q3,30,0,Female,White,0,Not Hispanic or Latino,1993-12-24,,2018-08-16,2026-05-24,6.108145106091718,1.6618754277891854,3,3,0,0,0,,,0,,,,1,0.050848754073444864,0.7533536585365785,206
20006861,control,0,2022-07-04,2022,2022Q3,29,0,Female,Black or African American,0,Not Hispanic or Latino,1992-08-26,,2018-02-03,2025-11-14,4.413415468856948,3.3648186173853527,2,1,0,0,0,,,0,,,,1,0.023880571759009046,0.7533536585365785,213
20006881,control,0,2023-08-05,2023,2023Q3,59,0,Female,White,0,Not Hispanic or Latino,1963-12-06,,2022-12-14,2024-01-30,0.6406570841889117,0.487337440109514,4,2,0,0,0,,,0,,,,1,0.011480505829710535,0.7533536585365785,327
20006891,control,0,2022-02-06,2022,2022Q1,21,0,Female,White,0,Not Hispanic or Latino,2000-04-27,,2015-01-01,2023-08-30,7.099247091033539,1.5605749486652978,4,3,0,2,0,,,0,,,,1,0.12146511157686385,7.533536585365784,118
20006892,control,0,2025-04-17,2025,2025Q2,48,0,Female,White,0,Hispanic or Latino,1976-08-23,,2019-07-27,2026-04-01,5.724845995893224,0.9555099247091033,5,3,1,0,0,,,0,,,,1,0.04082096018416189,1.0762195121951121,287
20006896,control,0,2022-07-12,2022,2022Q3,18,0,Female,White,0,Not Hispanic or Latino,2003-08-24,,2017-03-21,2024-09-13,5.308692676249144,2.1738535249828885,3,2,0,0,0,,,0,,,,1,0.06452823407800425,0.7533536585365785,129
20006906,control,0,2024-02-02,2024,2024Q1,24,0,Female,White,0,Not Hispanic or Latino,1999-12-08,,2019-01-05,2024-11-17,5.075975359342916,0.7912388774811773,3,1,0,1,0,,,0,,,,1,0.055476662548172635,0.7533536585365785,197
20006913,control,0,2024-07-30,2024,2024Q3,73,0,Male,White,0,Not Hispanic or Latino,1950-12-21,,2022-10-18,2025-11-21,1.782340862422998,1.3114305270362765,4,1,0,0,0,,,0,,,,1,0.008047487855946962,0.7533536585365785,317
20006917,control,0,2022-06-14,2022,2022Q2,60,0,Female,White,0,Unknown,1961-07-28,,2017-04-15,2024-05-21,5.163586584531143,1.9356605065023955,4,3,0,0,0,,,0,,,,1,0.019748206604148468,0.7533536585365785,12
20006934,control,0,2023-04-16,2023,2023Q2,18,0,Male,White,0,Not Hispanic or Latino,2004-08-23,,2021-02-08,2025-12-22,2.1820670773442847,2.6858316221765914,4,2,1,0,0,,,0,,,,1,0.054887257228410334,0.7533536585365785,178
20006939,control,0,2026-04-16,2026,2026Q2,56,0,Female,White,0,Not Hispanic or Latino,1970-01-11,,2021-08-23,2026-05-20,4.646132785763176,0.09308692676249145,2,0,0,0,0,,,0,,,,1,0.010123984201601087,0.7533536585365785,304
20006942,control,0,2023-11-30,2023,2023Q4,18,0,Female,White,0,Not Hispanic or Latino,2005-10-04,,2022-06-02,2025-04-06,1.4948665297741273,1.3497604380561259,4,3,0,0,0,,,0,,,,1,0.053384945450715246,0.7533536585365785,219
20006949,control,0,2024-12-18,2024,2024Q4,40,0,Female,White,0,Not Hispanic or Latino,1984-03-09,,2018-10-29,2026-05-04,6.138261464750171,1.374401095140315,4,2,0,0,0,,,0,,,,1,0.05576972691336558,0.941692073170723,74
20006950,control,0,2023-05-28,2023,2023Q2,25,0,Female,Other Race,0,Unknown,1997-09-12,,2015-01-01,2024-08-28,8.402464065708418,1.2539356605065024,2,2,0,0,0,,,0,,,,1,0.04140028806939236,0.7533536585365785,272
20006954,control,0,2023-05-23,2023,2023Q2,36,0,Female,Black or African American,0,Not Hispanic or Latino,1986-10-20,,2017-05-30,2026-01-05,5.979466119096509,2.622861054072553,3,3,0,0,0,,,0,,,,1,0.044516929975300164,0.7533536585365785,42
20006971,control,0,2025-10-24,2025,2025Q4,43,0,Female,Unknown,0,Not Hispanic or Latino,1981-11-25,,2017-05-29,2026-02-17,8.405201916495551,0.31759069130732376,2,2,0,0,0,,,0,,,,1,0.038054781721393476,0.7533536585365785,268
20006984,control,0,2022-07-03,2022,2022Q3,41,0,Female,Asian,0,Not Hispanic or Latino,1981-04-24,,2021-04-04,2023-01-09,1.2457221081451062,0.5201916495550992,2,2,0,0,0,,,0,,,,1,0.008224371664631983,0.7533536585365785,294
20006995,control,0,2021-12-30,2021,2021Q4,29,0,Female,White,0,Not Hispanic or Latino,1992-03-16,,2015-01-01,2023-09-28,6.995208761122519,1.7440109514031485,3,2,1,0,0,,,0,,,,1,0.060950689447532805,1.883384146341446,104
20007000,control,0,2026-04-05,2026,2026Q2,50,0,Female,White,0,Not Hispanic or Latino,1975-11-21,,2021-11-19,2026-04-09,4.375085557837098,0.010951403148528405,7,0,0,0,0,,,2,5.4,4.8,2025-10-03,1,0.07580018549953658,2.511178861788595,236
20007003,control,0,2025-04-17,2025,2025Q2,45,0,Male,White,0,Not Hispanic or Latino,1979-09-01,,2015-02-28,2026-04-07,10.132785763175907,0.971937029431896,2,1,0,0,0,,,0,,,,1,0.03740952380072584,0.7533536585365785,241
20007012,control,0,2022-07-09,2022,2022Q3,48,0,Female,White,0,Not Hispanic or Latino,1973-09-07,,2016-12-12,2023-03-31,5.5715263518138265,0.7255304585900069,2,4,0,0,0,,,0,,,,1,0.015225290471799598,0.7533536585365785,207
20007022,control,0,2025-06-11,2025,2025Q2,33,0,Female,White,0,Not Hispanic or Latino,1991-07-08,,2022-04-06,2026-01-15,3.1813826146475015,0.5968514715947981,3,4,1,0,0,,,0,,,,1,0.02953772237391476,0.7533536585365785,48
20007033,control,0,2025-07-20,2025,2025Q3,44,0,Female,Unknown,0,Not Hispanic or Latino,1981-05-23,,2017-09-02,2026-03-19,7.879534565366187,0.6625598904859685,3,2,1,0,0,,,0,,,,1,0.05587768432285291,0.7533536585365785,217
20007034,control,0,2025-06-28,2025,2025Q2,54,0,Female,White,0,Not Hispanic or Latino,1971-06-28,,2022-09-08,2026-04-04,2.8035592060232717,0.7665982203969883,6,4,0,0,0,,,0,,,,1,0.03747251163046202,0.7533536585365785,203
20007041,control,0,2022-07-08,2022,2022Q3,28,0,Female,White,0,Unknown,1993-10-05,,2015-01-01,2024-01-24,7.515400410677618,1.5468856947296372,2,5,1,1,0,,,0,,,,1,0.036194080380027444,0.7533536585365785,66
20007045,control,0,2025-03-14,2025,2025Q1,47,0,Female,White,0,Hispanic or Latino,1978-02-25,,2019-01-03,2026-01-14,6.193018480492813,0.837782340862423,4,2,2,0,0,,,0,,,,1,0.032876954636377576,0.7533536585365785,138
20007050,control,0,2022-11-05,2022,2022Q4,69,0,Female,White,0,Hispanic or Latino,1952-12-19,,2015-05-13,2025-07-14,7.482546201232033,2.6885694729637235,3,4,0,0,0,,,0,,,,1,0.010867166774799606,0.7533536585365785,155
20007082,control,0,2023-07-11,2023,2023Q3,65,0,Female,White,0,Unknown,1957-10-02,,2017-10-27,2024-06-14,5.702943189596167,0.9281314168377823,4,5,1,0,0,,,0,,,,1,0.019540071949606615,0.7533536585365785,3
20007084,control,0,2024-09-14,2024,2024Q3,39,0,Female,White,0,Not Hispanic or Latino,1985-01-28,,2023-06-22,2025-12-23,1.2320328542094456,1.273100616016427,2,3,1,1,0,,,0,,,,1,0.009260540269570756,0.7533536585365785,286
20007089,control,0,2022-12-06,2022,2022Q4,27,0,Male,White,0,Not Hispanic or Latino,1995-07-26,,2015-01-01,2023-10-30,7.928815879534565,0.8980150581793293,2,1,0,0,0,,,0,,,,1,0.04782638332033265,0.7533536585365785,186
20007090,control,0,2022-08-21,2022,2022Q3,39,0,Female,Black or African American,0,Unknown,1982-12-02,,2019-10-04,2023-09-20,2.8802190280629705,1.08145106091718,3,3,1,0,0,,,0,,,,1,0.022715216782311202,0.7533536585365785,297
20007092,control,0,2022-11-03,2022,2022Q4,52,0,Female,Unknown,0,Not Hispanic or Latino,1970-01-03,,2020-10-08,2023-07-13,2.0698151950718686,0.6899383983572895,4,4,0,0,0,,,0,,,,1,0.023133216737416064,0.7533536585365785,315
20007118,control,0,2025-05-16,2025,2025Q2,57,0,Female,White,0,Not Hispanic or Latino,1967-11-25,,2021-01-17,2026-03-07,4.32580424366872,0.8076659822039699,3,2,1,1,0,,,0,,,,1,0.015232990581666796,0.7533536585365785,210
20007123,control,0,2022-12-05,2022,2022Q4,65,0,Female,White,0,Not Hispanic or Latino,1957-02-10,,2018-01-14,2026-04-22,4.889801505817933,3.378507871321013,5,1,0,0,0,,,0,,,,1,0.022933300147546666,0.7533536585365785,315
20007145,control,0,2026-04-22,2026,2026Q2,65,0,Female,White,0,Not Hispanic or Latino,1960-11-08,,2021-04-25,2026-05-11,4.991101984941821,0.05201916495550993,5,1,1,0,0,,,0,,,,1,0.029455297117492372,0.7533536585365785,81
20007147,control,0,2025-06-03,2025,2025Q2,55,0,Male,White,0,Not Hispanic or Latino,1970-04-19,,2018-03-27,2025-11-17,7.186858316221766,0.45722108145106094,4,1,1,0,0,,,0,,,,1,0.04244223838490302,0.7533536585365785,169
20007156,control,0,2023-02-12,2023,2023Q1,34,0,Female,Unknown,0,Not Hispanic or Latino,1988-07-07,,2018-11-09,2025-11-13,4.26009582477755,2.751540041067762,2,4,0,0,0,,,0,,,,1,0.021185359702054304,0.7533536585365785,295
20007157,control,0,2025-10-09,2025,2025Q4,52,0,Female,White,0,Not Hispanic or Latino,1973-09-21,,2024-02-02,2025-11-28,1.6837782340862424,0.13689253935660506,3,2,0,0,0,,,0,,,,1,0.011882834164738145,0.7533536585365785,220
20007158,control,0,2025-04-25,2025,2025Q2,42,0,Female,Black or African American,0,Not Hispanic or Latino,1983-01-13,,2017-01-30,2026-03-07,8.232717316906228,0.865160848733744,3,3,0,1,0,,,0,,,,1,0.060228046452181216,0.8370596205961982,177
20007159,control,0,2021-12-06,2021,2021Q4,45,0,Female,White,0,Not Hispanic or Latino,1976-11-21,,2019-12-10,2023-01-29,1.9904175222450375,1.1471594798083504,5,5,0,0,0,,,0,,,,1,0.032456472926657313,0.7533536585365785,309
20007162,control,0,2026-03-11,2026,2026Q1,39,0,Male,White,0,Not Hispanic or Latino,1986-10-29,,2018-03-24,2026-03-11,7.964407939767283,0.0,5,0,0,0,0,,,0,,,,1,0.11845537237562866,2.511178861788595,224
20007167,control,0,2025-01-20,2025,2025Q1,59,0,Male,Asian,0,Hispanic or Latino,1965-07-09,,2018-03-20,2025-11-10,6.839151266255989,0.8049281314168378,2,2,0,0,0,,,0,,,,1,0.008212389220487577,0.7533536585365785,144
20007170,control,0,2022-04-01,2022,2022Q2,21,0,Female,White,1,Not Hispanic or Latino,2001-01-18,,2020-10-31,2022-11-10,1.4154688569472964,0.6105407255304586,3,2,0,0,0,,,2,8.6,5.1,2022-05-04,1,0.032938748068846536,0.7533536585365785,116
20007176,control,0,2024-12-05,2024,2024Q4,34,0,Female,Black or African American,0,Not Hispanic or Latino,1990-11-07,,2024-04-27,2025-09-09,0.6078028747433265,0.7611225188227242,5,4,1,0,0,,,0,,,,1,0.04522109660514325,1.2555894308942974,96
20007187,control,0,2025-11-30,2025,2025Q4,55,0,Male,White,0,Not Hispanic or Latino,1970-05-17,,2017-02-11,2026-05-02,8.799452429842573,0.4188911704312115,3,2,0,0,0,,,0,,,,1,0.0371886938694571,0.7533536585365785,67
20007188,control,0,2026-01-21,2026,2026Q1,39,0,Male,White,0,Not Hispanic or Latino,1986-10-01,,2024-09-17,2026-04-09,1.3442847364818618,0.2135523613963039,4,0,0,2,0,,,0,,,,1,0.027049165696541144,0.7533536585365785,156
20007192,control,0,2024-07-29,2024,2024Q3,43,0,Female,White,0,Not Hispanic or Latino,1981-06-12,,2023-08-17,2026-05-18,0.9500342231348392,1.8015058179329226,4,1,0,0,0,,,0,,,,1,0.01958207326928736,0.7533536585365785,58
20007196,control,0,2026-03-12,2026,2026Q1,61,0,Male,Unknown,0,Not Hispanic or Latino,1964-12-01,,2021-08-26,2026-04-26,4.542094455852156,0.12320328542094455,4,0,0,0,0,,,0,,,,1,0.027158996982713252,0.7533536585365785,156
20007200,control,0,2023-03-26,2023,2023Q1,44,0,Female,White,0,Not Hispanic or Latino,1979-03-17,,2017-06-22,2026-04-04,5.757700205338809,3.025325119780972,5,5,0,0,0,,,0,,,,1,0.056935267417809236,0.7533536585365785,76
20007208,control,0,2023-11-28,2023,2023Q4,42,0,Female,Unknown,0,Not Hispanic or Latino,1981-11-09,,2020-04-28,2024-09-24,3.583846680355921,0.8240930869267625,3,3,0,0,0,,,0,,,,1,0.02796456229605775,0.7533536585365785,150
20007211,control,0,2025-12-19,2025,2025Q4,52,0,Female,White,1,Not Hispanic or Latino,1973-07-21,,2019-11-02,2026-04-30,6.1300479123887746,0.3613963039014374,3,0,0,0,0,,,0,,,,1,0.025904542946666373,0.8370596205961982,221
20007218,control,0,2023-04-01,2023,2023Q2,47,0,Female,Black or African American,0,Unknown,1975-11-01,,2021-03-11,2026-03-21,2.0561259411362083,2.97056810403833,5,0,0,0,0,,,0,,,,1,0.027958747206880533,0.7533536585365785,38
20007219,control,0,2024-09-23,2024,2024Q3,36,0,Male,White,0,Unknown,1988-04-07,,2015-01-01,2024-11-02,9.727583846680355,0.10951403148528405,3,1,0,0,0,,,0,,,,1,0.07540072006050211,0.8370596205961982,264
20007221,control,0,2023-07-08,2023,2023Q3,34,0,Male,White,0,Not Hispanic or Latino,1989-02-28,,2020-03-27,2024-04-17,3.2799452429842573,0.7775496235455168,6,0,0,0,0,,,0,,,,1,0.08055164878265551,1.2555894308942974,265
20007230,control,0,2026-01-01,2026,2026Q1,47,0,Female,Asian,0,Not Hispanic or Latino,1978-09-13,,2018-04-29,2026-02-24,7.676933607118412,0.14784394250513347,2,0,0,1,0,,,0,,,,1,0.021625180413351614,0.7533536585365785,29
20007235,control,0,2026-01-04,2026,2026Q1,44,0,Female,White,0,Unknown,1981-09-24,,2017-07-08,2026-04-12,8.492813141683778,0.2683093771389459,4,2,0,0,0,,,0,,,,1,0.0692150849853303,1.506707317073157,238
20007241,control,0,2024-11-20,2024,2024Q4,47,0,Male,White,0,Not Hispanic or Latino,1977-05-06,,2022-02-22,2026-05-03,2.7433264887063653,1.4483230663928817,9,3,0,1,0,,,0,,,,1,0.08641130482348362,0.941692073170723,117
20007249,control,0,2024-02-29,2024,2024Q1,25,0,Female,White,1,Not Hispanic or Latino,1998-03-07,,2015-05-06,2024-05-26,8.818617385352498,0.23819301848049282,2,1,0,0,0,,,0,,,,1,0.06242666775944113,0.941692073170723,228
20007253,control,0,2025-03-06,2025,2025Q1,18,0,Female,Asian,0,Not Hispanic or Latino,2006-05-16,,2020-12-19,2025-12-10,4.210814510609172,0.7638603696098563,3,3,0,0,0,,,0,,,,1,0.05332988964922456,0.7533536585365785,102
20007255,control,0,2025-10-11,2025,2025Q4,51,0,Female,White,0,Not Hispanic or Latino,1974-03-18,,2023-06-06,2026-04-24,2.349075975359343,0.5338809034907598,5,1,0,0,0,,,0,,,,1,0.029224115819555946,0.8370596205961982,68
20007269,control,0,2022-12-09,2022,2022Q4,30,0,Male,White,0,Not Hispanic or Latino,1992-11-26,,2017-11-08,2024-01-11,5.084188911704312,1.0896646132785763,3,1,0,0,0,,,0,,,,1,0.0442705823052673,0.7533536585365785,186
20007282,control,0,2023-10-22,2023,2023Q4,65,0,Female,Unknown,0,Not Hispanic or Latino,1958-02-24,,2019-01-05,2025-08-02,4.7939767282683095,1.7796030116358659,3,1,0,0,0,,,0,,,,1,0.014337016678750824,0.7533536585365785,318
20007286,control,0,2023-02-02,2023,2023Q1,41,0,Female,White,0,Not Hispanic or Latino,1981-10-04,,2019-11-08,2023-05-11,3.2361396303901437,0.2683093771389459,3,0,0,0,0,,,0,,,,1,0.023008423656708993,0.7533536585365785,85
20007288,control,0,2025-10-09,2025,2025Q4,42,0,Female,Unknown,0,Hispanic or Latino,1983-01-07,,2022-01-15,2026-05-25,3.7316906228610542,0.6242299794661191,2,5,0,0,0,,,0,,,,1,0.01196374647709455,0.7533536585365785,220
20007289,control,0,2022-06-02,2022,2022Q2,38,0,Male,White,0,Not Hispanic or Latino,1984-05-24,,2015-01-01,2023-12-24,7.416837782340862,1.5605749486652978,3,2,0,0,0,,,0,,,,1,0.04874565691640753,0.7533536585365785,44
20007290,control,0,2025-04-27,2025,2025Q2,42,0,Male,White,0,Not Hispanic or Latino,1982-12-10,,2019-10-17,2026-05-21,5.5277207392197125,1.0650239561943875,2,1,0,0,0,,,0,,,,1,0.018266633792325238,0.7533536585365785,27
20007302,control,0,2026-04-04,2026,2026Q2,60,0,Female,White,0,Not Hispanic or Latino,1966-03-30,,2019-09-12,2026-05-22,6.5598904859685145,0.13141683778234087,3,0,0,1,0,,,0,,,,1,0.02140769417964008,0.7533536585365785,153
20007305,control,0,2025-07-18,2025,2025Q3,42,0,Female,Black or African American,0,Not Hispanic or Latino,1983-05-10,,2022-08-17,2025-11-14,2.91854893908282,0.3258042436687201,3,1,1,0,0,,,0,,,,1,0.02468436375395613,0.7533536585365785,314
20007310,control,0,2025-02-16,2025,2025Q1,52,0,Male,White,0,Not Hispanic or Latino,1972-08-09,,2021-09-14,2026-05-28,3.4250513347022586,1.2758384668035592,2,2,2,0,0,,,0,,,,1,0.008621524300372461,0.7533536585365785,144
20007314,control,0,2023-02-17,2023,2023Q1,37,0,Female,White,0,Not Hispanic or Latino,1986-01-03,,2018-10-06,2024-08-18,4.3668720054757015,1.5003422313483916,3,3,1,1,0,,,0,,,,1,0.02971255543534049,0.7533536585365785,276
20007319,control,0,2025-12-26,2025,2025Q4,35,0,Female,White,0,Not Hispanic or Latino,1990-08-04,,2024-02-18,2026-03-13,1.8535249828884326,0.2108145106091718,4,1,0,0,0,,,0,,,,1,0.03406846105168821,0.941692073170723,115
20007321,control,0,2025-09-12,2025,2025Q3,58,0,Female,White,0,Unknown,1966-10-02,,2023-06-06,2026-04-22,2.269678302532512,0.6078028747433265,2,1,0,0,0,,,0,,,,1,0.005180688282597282,0.7533536585365785,24
20007322,control,0,2026-05-17,2026,2026Q2,62,0,Female,Unknown,0,Not Hispanic or Latino,1963-08-02,,2017-03-09,2026-05-17,9.188227241615332,0.0,2,0,0,1,0,,,0,,,,1,0.022900847742406045,0.7533536585365785,101
20007330,control,0,2022-10-31,2022,2022Q4,45,0,Female,Black or African American,0,Not Hispanic or Latino,1977-04-02,,2016-06-21,2023-05-08,6.360027378507871,0.5174537987679672,5,4,0,0,0,,,0,,,,1,0.08442326712193605,1.883384146341446,300
20007342,control,0,2026-03-10,2026,2026Q1,33,0,Male,White,0,Not Hispanic or Latino,1992-04-21,,2017-10-22,2026-03-10,8.380561259411362,0.0,3,0,0,0,0,,,0,,,,1,0.07568458477803075,1.506707317073157,320
20007353,control,0,2024-07-01,2024,2024Q3,18,0,Male,White,0,Not Hispanic or Latino,2005-08-24,,2021-08-05,2025-05-15,2.9048596851471595,0.8706365503080082,4,3,1,0,0,,,0,,,,1,0.07016014137868512,0.8370596205961982,264
20007357,control,0,2022-10-18,2022,2022Q4,50,0,Female,White,0,Not Hispanic or Latino,1972-03-17,,2021-08-23,2023-07-13,1.1526351813826146,0.7337440109514032,3,3,0,1,0,,,0,,,,1,0.011121174211397177,0.7533536585365785,155
20007369,control,0,2024-11-15,2024,2024Q4,61,0,Female,White,0,Not Hispanic or Latino,1963-01-04,,2015-01-01,2025-11-29,9.872689938398358,1.0376454483230664,4,4,0,0,0,,,0,,,,1,0.05283615098434096,0.7533536585365785,36
20007380,control,0,2022-09-08,2022,2022Q3,39,0,Female,White,0,Not Hispanic or Latino,1983-02-03,,2016-07-04,2023-10-27,6.179329226557153,1.1334702258726899,2,2,0,0,0,,,0,,,,1,0.02271572271036473,0.7533536585365785,297
20007384,control,0,2024-11-01,2024,2024Q4,61,0,Female,Unknown,0,Not Hispanic or Latino,1963-05-30,,2022-06-10,2026-01-02,2.3956194387405887,1.1690622861054072,5,0,0,0,0,,,0,,,,1,0.024368920801263044,0.7533536585365785,235
20007402,control,0,2026-03-27,2026,2026Q1,62,0,Female,White,0,Not Hispanic or Latino,1964-01-15,,2021-02-25,2026-05-13,5.08145106091718,0.12867898699520877,4,1,1,0,0,,,0,,,,1,0.023433204126348046,0.7533536585365785,75
20007411,control,0,2022-09-04,2022,2022Q3,34,0,Female,White,0,Not Hispanic or Latino,1988-01-22,,2015-01-01,2026-05-28,7.67419575633128,3.728952772073922,5,1,0,0,0,,,0,,,,1,0.10469570766883861,2.511178861788595,2
20007418,control,0,2025-12-20,2025,2025Q4,35,0,Female,White,0,Not Hispanic or Latino,1990-08-17,,2024-01-10,2026-03-18,1.943874058863792,0.24093086926762491,3,2,0,0,0,,,0,,,,1,0.022655046621112666,0.7533536585365785,5
20007425,control,0,2024-10-04,2024,2024Q4,58,0,Female,White,0,Not Hispanic or Latino,1966-07-30,,2021-08-25,2026-03-01,3.1101984941820673,1.404517453798768,8,2,0,0,0,,,0,,,,1,0.05254778473701234,0.7533536585365785,36
20007427,control,0,2025-02-26,2025,2025Q1,55,0,Female,Asian,0,Not Hispanic or Latino,1969-11-28,,2021-04-06,2026-03-10,3.893223819301848,1.0321697467488022,4,3,1,1,0,,,0,,,,1,0.020614040459325182,0.7533536585365785,303
20007432,control,0,2022-12-27,2022,2022Q4,57,0,Female,Black or African American,0,Not Hispanic or Latino,1965-07-29,,2018-02-08,2024-10-16,4.8815879534565365,1.8042436687200547,2,2,0,0,0,,,0,,,,1,0.010681428822133252,0.7533536585365785,155
20007435,control,0,2026-03-07,2026,2026Q1,30,0,Female,White,0,Hispanic or Latino,1995-12-26,,2023-06-29,2026-05-14,2.6885694729637235,0.1861738535249829,6,0,1,0,0,,,0,,,,1,0.06284242234352293,1.2555894308942974,239
20007436,control,0,2023-03-09,2023,2023Q1,60,0,Female,Unknown,0,Not Hispanic or Latino,1962-09-15,,2015-03-06,2024-12-25,8.008213552361397,1.7987679671457906,3,1,1,0,0,,,0,,,,1,0.030318221364039465,0.7533536585365785,276
20007438,control,0,2023-02-16,2023,2023Q1,54,0,Female,White,0,Not Hispanic or Latino,1968-08-06,,2018-08-31,2025-11-17,4.462696783025325,2.751540041067762,4,4,0,0,0,,,0,,,,1,0.02318922620135706,0.7533536585365785,85
20007439,control,0,2026-02-11,2026,2026Q1,49,0,Female,White,0,Not Hispanic or Latino,1976-05-23,,2022-11-23,2026-05-30,3.2197125256673513,0.29568788501026694,7,0,0,0,0,,,0,,,,1,0.06324559194412434,1.2555894308942974,239
20007447,control,0,2023-08-07,2023,2023Q3,30,0,Female,White,0,Not Hispanic or Latino,1992-08-16,,2019-10-04,2025-04-13,3.8412046543463383,1.6837782340862424,2,2,0,0,0,,,0,,,,1,0.01982709100224773,0.7533536585365785,3
20007453,control,0,2026-03-24,2026,2026Q1,32,0,Female,White,0,Not Hispanic or Latino,1993-03-25,,2024-08-25,2026-05-07,1.5770020533880904,0.12046543463381246,4,0,0,0,0,,,0,,,,1,0.036269533602196424,0.7533536585365785,252
20007459,control,0,2022-08-19,2022,2022Q3,42,0,Female,White,0,Not Hispanic or Latino,1980-01-28,,2020-04-25,2026-03-12,2.316221765913758,3.561943874058864,3,2,0,1,0,,,0,,,,1,0.014941218542271442,0.7533536585365785,207
20007473,control,0,2026-04-19,2026,2026Q2,50,0,Female,Asian,0,Not Hispanic or Latino,1976-01-12,,2023-03-11,2026-04-19,3.1074606433949348,0.0,8,0,1,0,0,,,0,,,,1,0.06878715018194295,3.766768292682892,212
20007477,control,0,2025-02-16,2025,2025Q1,58,0,Male,White,0,Not Hispanic or Latino,1967-01-23,,2021-02-02,2026-05-04,4.03832991101985,1.2101300479123889,6,1,0,0,0,,,0,,,,1,0.03924421363220727,0.7533536585365785,134
20007482,control,0,2026-03-05,2026,2026Q1,42,0,Female,White,0,Not Hispanic or Latino,1983-12-25,,2020-04-02,2026-04-05,5.921971252566735,0.08487337440109514,5,1,0,0,0,,,0,,,,1,0.07628397666861222,2.511178861788595,94
20007483,control,0,2022-04-29,2022,2022Q2,45,0,Male,White,0,Unknown,1976-10-14,,2017-05-17,2023-07-31,4.950034223134839,1.2539356605065024,5,1,0,0,0,,,0,,,,1,0.04759369073490244,0.7533536585365785,44
20007496,control,0,2023-10-15,2023,2023Q4,40,0,Female,Other Race,0,Hispanic or Latino,1983-02-01,,2015-05-08,2024-05-14,8.438056125941136,0.5804243668720055,4,1,1,0,0,,,0,,,,1,0.05457939032123966,0.7533536585365785,219
20007498,control,0,2025-05-29,2025,2025Q2,24,0,Female,Black or African American,0,Not Hispanic or Latino,2000-11-19,,2022-08-25,2026-03-25,2.759753593429158,0.8213552361396304,2,1,0,0,0,,,0,,,,1,0.02538195102507145,0.7533536585365785,184
20007501,control,0,2026-04-14,2026,2026Q2,58,0,Female,White,0,Not Hispanic or Latino,1967-06-06,,2025-08-27,2026-05-15,0.6297056810403833,0.08487337440109514,5,1,0,0,0,,,0,,,,1,0.017330433860486882,0.7533536585365785,143
20007505,control,0,2023-10-16,2023,2023Q4,54,0,Male,Unknown,0,Not Hispanic or Latino,1968-12-08,,2021-08-09,2025-06-17,2.184804928131417,1.6700889801505818,6,4,0,0,0,,,0,,,,1,0.03877352947750314,0.7533536585365785,14
20007509,control,0,2023-05-04,2023,2023Q2,34,0,Female,Unknown,0,Not Hispanic or Latino,1989-04-23,,2017-04-28,2024-12-01,6.015058179329227,1.5797399041752225,5,1,0,0,0,,,0,,,,1,0.11093883829838476,7.533536585365784,9
20007514,control,0,2024-06-04,2024,2024Q2,80,0,Male,Unknown,0,Not Hispanic or Latino,1943-09-17,,2020-02-10,2026-02-08,4.314852840520191,1.68104038329911,6,2,0,0,0,,,0,,,,1,0.022621005601937083,0.7533536585365785,192
20007541,control,0,2025-05-29,2025,2025Q2,45,0,Female,White,0,Not Hispanic or Latino,1980-03-19,,2024-06-26,2025-11-05,0.9226557152635181,0.4380561259411362,5,1,1,0,0,,,0,,,,1,0.02823741342020933,0.7533536585365785,48
20007546,control,0,2021-10-18,2021,2021Q4,18,0,Female,White,0,Not Hispanic or Latino,2003-06-15,,2017-01-25,2023-06-28,4.728268309377139,1.6919917864476386,3,3,0,0,0,,,0,,,,1,0.06036416748480979,1.883384146341446,39
20007550,control,0,2025-10-27,2025,2025Q4,34,0,Female,Other Race,0,Not Hispanic or Latino,1991-10-20,,2018-07-16,2026-05-24,7.282683093771389,0.5722108145106092,2,5,0,0,0,,,0,,,,1,0.02957593495865384,0.8370596205961982,221
20007555,control,0,2022-12-22,2022,2022Q4,57,0,Female,White,0,Not Hispanic or Latino,1965-01-17,,2015-01-01,2023-05-07,7.972621492128679,0.3723477070499658,6,0,0,0,0,,,0,,,,1,0.08431532329268869,1.2555894308942974,126
20007571,control,0,2026-01-25,2026,2026Q1,40,0,Female,White,0,Unknown,1985-05-23,,2022-05-07,2026-05-06,3.7207392197125255,0.27652292950034224,5,0,1,1,0,,,0,,,,1,0.0488557118772617,0.7533536585365785,88
20007574,control,0,2026-05-08,2026,2026Q2,20,0,Female,White,0,Not Hispanic or Latino,2005-11-25,,2019-11-28,2026-05-08,6.442162902121835,0.0,2,0,1,0,0,,,0,,,,1,0.05003402141852968,0.7533536585365785,110
20007579,control,0,2023-02-05,2023,2023Q1,27,0,Female,White,0,Not Hispanic or Latino,1995-07-23,,2020-07-31,2024-04-12,2.516084873374401,1.1827515400410678,2,2,0,0,0,,,0,,,,1,0.018033877317850312,0.7533536585365785,267
20007585,control,0,2023-05-19,2023,2023Q2,18,0,Female,Unknown,0,Not Hispanic or Latino,2004-08-17,,2019-07-04,2024-03-06,3.8740588637919235,0.7994524298425736,3,3,1,0,0,,,0,,,,1,0.06762832733783043,0.7533536585365785,290
20007589,control,0,2023-03-16,2023,2023Q1,29,0,Female,White,0,Unknown,1993-11-19,,2020-08-22,2024-06-16,2.5626283367556466,1.2539356605065024,5,3,0,0,0,,,0,,,,1,0.05463088020142678,0.7533536585365785,76
20007592,control,0,2025-06-17,2025,2025Q2,31,0,Female,Black or African American,0,Hispanic or Latino,1994-04-12,,2021-02-22,2026-01-22,4.314852840520191,0.5995893223819302,4,1,0,0,0,,,0,,,,1,0.049445305928512276,1.0762195121951121,114
20007595,control,0,2025-05-08,2025,2025Q2,40,0,Male,Black or African American,0,Not Hispanic or Latino,1985-02-23,,2023-05-05,2025-08-25,2.0095824777549622,0.29842573579739906,4,3,1,0,0,,,0,,,,1,0.034435680126769855,0.7533536585365785,86
20007598,control,0,2026-02-02,2026,2026Q1,80,0,Female,White,0,Not Hispanic or Latino,1945-05-27,,2020-06-16,2026-02-16,5.631759069130732,0.038329911019849415,2,0,1,0,0,,,0,,,,1,0.005120423351934917,0.7533536585365785,97
20007601,control,0,2022-02-06,2022,2022Q1,46,0,Female,White,0,Not Hispanic or Latino,1976-01-18,,2015-01-01,2023-06-12,7.099247091033539,1.3442847364818618,4,0,2,0,0,,,0,,,,1,0.05368172320592959,1.2555894308942974,325
20007604,control,0,2023-07-22,2023,2023Q3,56,0,Female,White,0,Not Hispanic or Latino,1967-03-09,,2021-03-17,2024-06-20,2.346338124572211,0.9144421629021219,3,2,0,0,0,,,0,,,,1,0.010977981775832228,0.7533536585365785,327
20007606,control,0,2025-05-13,2025,2025Q2,49,0,Female,White,0,Not Hispanic or Latino,1975-11-03,,2018-03-10,2026-01-04,7.175906913073238,0.6461327857631759,3,3,1,0,0,,,0,,,,1,0.0339515383126111,0.7533536585365785,147
20007607,control,0,2024-03-14,2024,2024Q1,19,0,Female,White,0,Not Hispanic or Latino,2005-03-07,,2021-08-24,2026-05-29,2.5544147843942504,2.206707734428474,2,3,0,1,0,,,0,,,,1,0.022451169210753356,0.7533536585365785,261
20007608,control,0,2023-08-09,2023,2023Q3,28,0,Male,White,0,Not Hispanic or Latino,1995-03-10,,2017-01-08,2026-05-11,6.581793292265571,2.754277891854894,4,1,1,0,0,,,0,,,,1,0.08224347274438354,1.2555894308942974,265
20007609,control,0,2023-10-01,2023,2023Q4,49,0,Male,White,0,Hispanic or Latino,1974-08-15,,2015-01-01,2024-05-18,8.747433264887064,0.6297056810403833,4,1,0,0,0,,,0,,,,1,0.04861635082030941,0.7533536585365785,167
20007615,control,0,2024-04-30,2024,2024Q2,33,0,Female,White,0,Hispanic or Latino,1990-06-21,,2020-05-07,2024-11-07,3.980835044490075,0.5229295003422314,4,3,1,0,0,,,0,,,,1,0.03717403050160523,0.7533536585365785,231
20007619,control,0,2023-12-17,2023,2023Q4,42,0,Male,White,0,Not Hispanic or Latino,1981-06-23,,2018-07-28,2024-09-09,5.388090349075975,0.731006160164271,4,1,0,0,0,,,0,,,,1,0.0477827684940542,0.7533536585365785,167
20007620,control,0,2026-03-04,2026,2026Q1,63,0,Male,White,0,Not Hispanic or Latino,1963-01-13,,2015-01-01,2026-05-10,11.170431211498974,0.1834360027378508,3,1,0,0,0,,,0,,,,1,0.04330436805111164,0.7533536585365785,64
20007645,control,0,2025-08-08,2025,2025Q3,35,0,Female,Asian,0,Not Hispanic or Latino,1989-10-07,,2015-05-25,2026-02-20,10.206707734428473,0.5366187542778919,2,1,0,1,0,,,0,,,,1,0.050013865521013626,0.7533536585365785,162
20007652,control,0,2026-05-01,2026,2026Q2,55,0,Female,Unknown,0,Not Hispanic or Latino,1970-10-24,,2021-01-17,2026-05-01,5.284052019164956,0.0,7,0,0,0,0,,,0,,,,1,0.09088838600478336,1.506707317073157,257
20007655,control,0,2023-05-09,2023,2023Q2,19,0,Female,White,0,Not Hispanic or Latino,2003-06-24,,2020-05-07,2025-09-11,3.0034223134839153,2.3436002737850785,2,2,0,0,0,,,0,,,,1,0.024085791325345204,0.7533536585365785,137
20007657,control,0,2025-03-30,2025,2025Q1,34,0,Female,Unknown,0,Not Hispanic or Latino,1990-06-14,,2021-06-22,2026-05-08,3.7700205338809036,1.106091718001369,3,3,0,0,0,,,0,,,,1,0.03751681799609102,0.7533536585365785,269
20007664,control,0,2023-12-31,2023,2023Q4,30,0,Female,White,0,Not Hispanic or Latino,1993-04-24,,2020-05-08,2024-12-28,3.646817248459959,0.9938398357289527,5,2,0,0,0,,,0,,,,1,0.07321063867917518,2.511178861788595,307
20007680,control,0,2022-08-10,2022,2022Q3,52,0,Female,White,0,Not Hispanic or Latino,1969-11-16,,2016-08-15,2024-04-30,5.984941820670773,1.7221081451060918,6,3,0,0,0,,,0,,,,1,0.0652168553466409,0.7533536585365785,129
20007682,control,0,2025-12-06,2025,2025Q4,28,0,Female,White,0,Not Hispanic or Latino,1997-05-01,,2023-11-21,2026-05-18,2.0424366872005475,0.4462696783025325,3,4,0,0,0,,,0,,,,1,0.02910118077441825,0.8370596205961982,221
20007695,control,0,2026-01-22,2026,2026Q1,30,0,Female,White,0,Not Hispanic or Latino,1995-04-15,,2022-10-07,2026-05-01,3.293634496919918,0.27104722792607805,3,1,0,0,0,,,0,,,,1,0.03423959450039234,0.7533536585365785,252
20007696,control,0,2024-10-31,2024,2024Q4,41,0,Female,White,0,Unknown,1983-03-06,,2015-12-26,2026-01-13,8.848733744010952,1.2019164955509924,3,4,0,0,0,,,0,,,,1,0.050873380937037846,0.941692073170723,74
20007697,control,0,2026-05-27,2026,2026Q2,35,0,Female,White,0,Not Hispanic or Latino,1991-04-05,,2019-07-13,2026-05-27,6.872005475701574,0.0,4,0,0,0,0,,,0,,,,1,0.08198449436719357,1.883384146341446,99
20007701,control,0,2025-04-02,2025,2025Q2,73,0,Male,White,0,Not Hispanic or Latino,1952-01-26,,2020-07-06,2026-03-23,4.739219712525667,0.971937029431896,7,4,1,0,0,,,0,,,,1,0.03431348666529876,0.7533536585365785,86
20007720,control,0,2025-01-19,2025,2025Q1,47,0,Male,White,0,Not Hispanic or Latino,1977-09-28,,2015-01-01,2026-04-02,10.050650239561945,1.1991786447638604,5,4,0,0,0,,,0,,,,1,0.11886256604193145,7.533536585365784,324
20007727,control,0,2022-05-07,2022,2022Q2,18,0,Male,Unknown,0,Not Hispanic or Latino,2003-05-14,,2017-11-10,2023-08-02,4.487337440109514,1.2375085557837098,3,1,1,0,0,,,0,,,,1,0.0728689917414041,2.511178861788595,43
20007733,control,0,2024-04-01,2024,2024Q2,31,0,Male,Asian,0,Not Hispanic or Latino,1992-09-09,,2021-05-13,2025-01-31,2.8856947296372346,0.8350444900752909,3,3,0,1,0,,,0,,,,1,0.0267476106189346,0.7533536585365785,140
20007736,control,0,2025-07-16,2025,2025Q3,18,0,Female,White,0,Unknown,2006-12-27,,2023-10-20,2026-05-01,1.7385352498288844,0.7912388774811773,6,2,0,0,0,,,0,,,,1,0.09370364649093253,1.883384146341446,73
20007737,control,0,2025-06-21,2025,2025Q2,46,0,Female,Unknown,0,Not Hispanic or Latino,1979-05-02,,2021-09-23,2026-02-28,3.7426420260095825,0.6899383983572895,5,1,0,0,0,,,0,,,,1,0.053845888810675265,0.941692073170723,152
20007752,control,0,2024-05-14,2024,2024Q2,49,0,Female,Other Race,0,Not Hispanic or Latino,1975-02-27,,2021-08-25,2026-05-10,2.7186858316221767,1.9876796714579055,2,1,0,0,0,,,0,,,,1,0.006914079032232574,0.7533536585365785,146
20007762,control,0,2021-10-24,2021,2021Q4,32,0,Female,White,0,Not Hispanic or Latino,1989-02-12,,2019-05-27,2022-09-19,2.412046543463381,0.9034907597535934,4,1,0,0,0,,,0,,,,1,0.03977567197322039,0.7533536585365785,309
20007775,control,0,2025-09-04,2025,2025Q3,38,0,Female,White,0,Not Hispanic or Latino,1987-06-24,,2022-07-16,2025-12-09,3.137577002053388,0.26283367556468173,5,0,2,0,0,,,0,,,,1,0.053720195741261176,0.7533536585365785,162
20007781,control,0,2022-08-16,2022,2022Q3,44,0,Female,White,0,Not Hispanic or Latino,1978-05-08,,2017-11-24,2025-03-18,4.725530458590007,2.5872689938398357,3,2,0,0,0,,,0,,,,1,0.02292274578112278,0.7533536585365785,297
20007788,control,0,2024-04-11,2024,2024Q2,47,0,Female,White,0,Not Hispanic or Latino,1977-03-07,,2016-08-07,2025-07-08,7.676933607118412,1.2402464065708418,3,3,0,0,0,,,0,,,,1,0.038157489106463285,0.7533536585365785,231
20007792,control,0,2022-07-16,2022,2022Q3,34,0,Female,White,0,Not Hispanic or Latino,1987-08-10,,2019-11-01,2023-03-02,2.704996577686516,0.6269678302532512,3,3,0,0,0,,,0,,,,1,0.02615340262704707,0.7533536585365785,213
20007802,control,0,2022-12-18,2022,2022Q4,39,0,Female,White,0,Not Hispanic or Latino,1983-09-11,,2017-01-25,2023-10-29,5.894592744695414,0.8624229979466119,5,2,0,0,0,,,0,,,,1,0.07973763358706874,1.883384146341446,300
20007806,control,0,2024-05-23,2024,2024Q2,69,0,Female,White,0,Not Hispanic or Latino,1954-11-30,,2022-10-26,2025-04-03,1.5742642026009583,0.8624229979466119,3,3,0,0,0,,,0,,,,1,0.006005718663569724,0.7533536585365785,256
20007809,control,0,2025-11-01,2025,2025Q4,53,0,Female,White,0,Not Hispanic or Latino,1971-11-25,,2017-07-24,2026-01-02,8.27378507871321,0.1697467488021903,3,1,0,1,0,,,0,,,,1,0.03699748980351634,0.8370596205961982,302
20007812,control,0,2025-11-21,2025,2025Q4,57,0,Female,White,0,Not Hispanic or Latino,1968-05-14,,2021-06-03,2026-05-20,4.468172484599589,0.4928131416837782,4,2,0,0,0,,,0,,,,1,0.024449136013160757,0.7533536585365785,128
20007816,control,0,2022-12-17,2022,2022Q4,42,0,Female,White,0,Hispanic or Latino,1980-02-14,,2021-07-13,2023-05-25,1.429158110882957,0.4353182751540041,3,1,0,0,0,,,0,,,,1,0.011284265067677188,0.7533536585365785,155
20007825,control,0,2024-04-30,2024,2024Q2,62,0,Female,White,0,Not Hispanic or Latino,1962-01-21,,2020-10-29,2025-03-11,3.5017111567419574,0.8624229979466119,2,4,0,1,0,,,0,,,,1,0.006281882016330485,0.7533536585365785,256
20007830,control,0,2025-06-11,2025,2025Q2,45,0,Female,Unknown,0,Not Hispanic or Latino,1980-04-18,,2023-02-07,2026-05-08,2.3408624229979464,0.9062286105407256,3,0,1,0,0,,,0,,,,1,0.020046091843991736,0.7533536585365785,229
20007837,control,0,2024-10-21,2024,2024Q4,51,0,Female,White,0,Not Hispanic or Latino,1973-06-12,,2022-01-24,2026-05-07,2.7405886379192332,1.541409993155373,5,8,0,0,0,,,0,,,,1,0.029197221371081456,0.7533536585365785,107
20007842,control,0,2025-05-17,2025,2025Q2,50,0,Female,White,0,Not Hispanic or Latino,1974-07-07,,2021-01-01,2025-08-27,4.372347707049966,0.2792607802874743,6,1,0,0,0,,,0,,,,1,0.058398389686814246,0.8370596205961982,177
20007844,control,0,2024-02-15,2024,2024Q1,53,0,Female,White,0,Not Hispanic or Latino,1970-06-12,,2018-06-09,2026-03-29,5.686516084873374,2.116358658453114,3,1,0,0,0,,,0,,,,1,0.02043294993094043,0.7533536585365785,299
20007851,control,0,2026-05-28,2026,2026Q2,43,0,Female,White,0,Not Hispanic or Latino,1982-12-31,,2015-09-08,2026-05-28,10.718685831622176,0.0,3,0,0,0,0,,,0,,,,1,0.08022927663219268,2.511178861788595,236
20007853,control,0,2024-05-18,2024,2024Q2,52,0,Male,White,0,Not Hispanic or Latino,1971-08-20,,2015-01-01,2026-04-14,9.377138945927447,1.9055441478439425,5,2,0,1,0,,,0,,,,1,0.08644553690274398,1.0762195121951121,28
20007859,control,0,2023-12-13,2023,2023Q4,46,0,Female,White,0,Unknown,1977-11-26,,2015-01-01,2023-12-13,8.947296372347708,0.0,2,0,0,0,0,,,0,,,,1,0.027574377990405307,0.7533536585365785,77
20007863,control,0,2023-04-30,2023,2023Q2,44,0,Female,Unknown,0,Not Hispanic or Latino,1978-08-08,,2016-08-19,2024-03-05,6.694045174537988,0.8487337440109514,2,2,0,0,0,,,0,,,,1,0.026188604119851692,0.7533536585365785,98
20007868,control,0,2023-10-22,2023,2023Q4,44,0,Female,Unknown,0,Not Hispanic or Latino,1978-11-13,,2017-12-20,2026-05-12,5.83709787816564,2.5544147843942504,2,4,1,0,0,,,0,,,,1,0.01995219155433366,0.7533536585365785,19
20007879,control,0,2023-02-28,2023,2023Q1,29,0,Female,White,0,Not Hispanic or Latino,1993-07-16,,2015-01-01,2023-08-28,8.158795345653662,0.49555099247091033,3,1,1,0,0,,,0,,,,1,0.0806626528596571,1.883384146341446,216
20007887,control,0,2023-03-05,2023,2023Q1,43,0,Male,White,1,Not Hispanic or Latino,1979-03-12,,2020-04-15,2023-07-11,2.8856947296372346,0.35044490075290896,3,2,0,1,0,,,0,,,,1,0.020019258949261744,0.7533536585365785,161
20007894,control,0,2025-12-04,2025,2025Q4,56,0,Female,White,0,Not Hispanic or Latino,1969-10-03,,2022-02-23,2026-05-05,3.7782340862423,0.4161533196440794,3,1,1,1,0,,,0,,,,1,0.014711133764848958,0.7533536585365785,132
20007899,control,0,2022-12-02,2022,2022Q4,36,0,Female,Asian,0,Not Hispanic or Latino,1985-12-16,,2020-01-21,2024-10-11,2.863791923340178,1.8590006844626967,5,2,1,0,0,,,0,,,,1,0.0446070401951462,0.7533536585365785,49
20007906,control,0,2025-12-25,2025,2025Q4,59,0,Female,White,0,Not Hispanic or Latino,1966-05-11,,2020-04-08,2026-03-09,5.713894592744696,0.2026009582477755,5,2,1,0,0,,,0,,,,1,0.040831217157308045,0.8370596205961982,302
20007910,control,0,2021-11-18,2021,2021Q4,43,0,Female,White,0,Not Hispanic or Latino,1978-08-10,,2015-01-01,2022-09-04,6.880219028062971,0.7939767282683093,4,2,0,0,0,,,0,,,,1,0.059459113968854414,2.511178861788595,281
20007928,control,0,2024-06-19,2024,2024Q2,60,0,Female,White,0,Not Hispanic or Latino,1964-04-28,,2021-05-29,2025-02-06,3.058179329226557,0.6351813826146475,6,2,0,0,0,,,0,,,,1,0.032055830343402925,0.7533536585365785,83
20007930,control,0,2022-08-11,2022,2022Q3,45,0,Female,Unknown,0,Not Hispanic or Latino,1977-03-28,,2016-04-07,2022-08-17,6.3436002737850785,0.01642710472279261,4,0,0,1,0,,,0,,,,1,0.06521092197908494,0.7533536585365785,129
20007933,control,0,2022-10-22,2022,2022Q4,27,0,Female,White,0,Not Hispanic or Latino,1994-12-07,,2021-04-27,2024-12-07,1.486652977412731,2.127310061601643,4,1,0,0,0,,,0,,,,1,0.037007860884041975,0.7533536585365785,288
20007942,control,0,2026-02-04,2026,2026Q1,25,0,Female,White,0,Not Hispanic or Latino,2000-04-27,,2021-12-13,2026-05-03,4.145106091718001,0.24093086926762491,2,1,0,0,0,,,0,,,,1,0.02763640336852744,0.7533536585365785,170
20007960,control,0,2024-09-15,2024,2024Q3,38,0,Female,White,0,Not Hispanic or Latino,1985-10-14,,2019-05-23,2026-01-10,5.316906228610541,1.319644079397673,4,2,0,0,0,,,0,,,,1,0.052041012738452436,0.7533536585365785,206
20007964,control,0,2025-08-13,2025,2025Q3,40,0,Female,Unknown,0,Not Hispanic or Latino,1985-06-12,,2016-07-29,2026-02-12,9.040383299110198,0.5010266940451745,5,1,0,0,0,,,0,,,,1,0.15836767731646442,2.511178861788595,181
20007967,control,0,2023-10-31,2023,2023Q4,36,0,Female,Other Race,0,Not Hispanic or Latino,1987-03-30,,2015-09-30,2026-05-07,8.084873374401095,2.516084873374401,2,2,0,0,0,,,0,,,,1,0.027744381989036553,0.7533536585365785,77
20007971,control,0,2023-06-12,2023,2023Q2,38,0,Female,White,0,Not Hispanic or Latino,1984-12-05,,2019-09-10,2025-12-29,3.753593429158111,2.5489390828199863,5,1,0,0,0,,,0,,,,1,0.051149609070127895,0.8370596205961982,280
20007973,control,0,2021-11-02,2021,2021Q4,28,0,Male,White,0,Not Hispanic or Latino,1993-08-17,,2018-10-20,2024-07-21,3.0362765229295,2.7159479808350446,4,4,0,0,0,,,0,,,,1,0.044994505731964056,0.7533536585365785,250
20007990,control,0,2026-03-26,2026,2026Q1,38,0,Female,Asian,0,Not Hispanic or Latino,1987-12-13,,2021-02-16,2026-03-26,5.103353867214237,0.0,2,0,0,0,0,,,0,,,,1,0.019006023785459496,0.7533536585365785,71
20008002,control,0,2024-05-11,2024,2024Q2,20,0,Male,Black or African American,0,Hispanic or Latino,2003-11-27,,2018-08-21,2026-05-19,5.722108145106092,2.020533880903491,3,1,1,0,0,,,0,,,,1,0.055356487800439495,0.7533536585365785,208
20008016,control,0,2025-03-05,2025,2025Q1,32,0,Female,White,0,Hispanic or Latino,1992-09-27,,2021-12-18,2025-04-10,3.2114989733059547,0.09856262833675565,3,0,0,0,0,,,0,,,,1,0.022715924580464637,0.7533536585365785,196
20008017,control,0,2021-11-26,2021,2021Q4,33,0,Female,White,0,Not Hispanic or Latino,1988-01-03,,2020-03-16,2024-02-10,1.6974674880219027,2.206707734428474,3,2,0,0,0,,,0,,,,1,0.020277057112348583,0.7533536585365785,56
20008024,control,0,2025-11-03,2025,2025Q4,73,0,Female,Unknown,0,Hispanic or Latino,1952-03-05,,2022-08-05,2026-05-27,3.247091033538672,0.5612594113620808,2,3,1,1,0,,,0,,,,1,0.0036061775963050994,0.7533536585365785,237
20008025,control,0,2022-10-06,2022,2022Q4,31,0,Female,White,0,Not Hispanic or Latino,1991-10-06,,2015-01-01,2022-12-23,7.761806981519507,0.2135523613963039,2,2,0,0,0,,,0,,,,1,0.04239012053087778,0.7533536585365785,78
20008031,control,0,2024-04-29,2024,2024Q2,53,0,Male,Asian,0,Not Hispanic or Latino,1971-03-28,,2019-06-04,2025-10-27,4.903490759753593,1.4948665297741273,4,1,0,0,0,,,0,,,,1,0.025639667819553395,0.7533536585365785,140
20008038,control,0,2022-09-06,2022,2022Q3,28,0,Female,White,0,Not Hispanic or Latino,1994-02-02,,2017-08-20,2026-05-10,5.045859000684462,3.67419575633128,2,2,2,1,0,,,0,,,,1,0.02294337357122217,0.7533536585365785,297
20008051,control,0,2025-12-07,2025,2025Q4,64,0,Male,White,0,Not Hispanic or Latino,1961-09-03,,2022-04-12,2026-04-14,3.6550308008213555,0.35044490075290896,6,1,0,0,0,,,0,,,,1,0.031565793164845354,0.7533536585365785,108
20008061,control,0,2025-11-08,2025,2025Q4,41,0,Female,White,0,Unknown,1984-07-20,,2022-05-21,2026-05-22,3.468856947296372,0.5338809034907598,3,2,0,0,0,,,0,,,,1,0.020673074147193493,0.7533536585365785,1
20008064,control,0,2025-04-05,2025,2025Q2,35,0,Female,White,0,Unknown,1989-09-24,,2019-04-27,2026-04-25,5.94113620807666,1.054072553045859,5,11,0,0,0,,,0,,,,1,0.08025299854232147,2.511178861788595,306
20008073,control,0,2024-11-09,2024,2024Q4,84,0,Female,White,0,Not Hispanic or Latino,1940-08-26,,2019-06-17,2025-05-01,5.3990417522245036,0.4736481861738535,4,1,0,0,0,,,0,,,,1,0.011047849803317732,0.7533536585365785,121
20008074,control,0,2025-06-03,2025,2025Q2,39,0,Male,White,0,Not Hispanic or Latino,1985-06-25,,2023-07-04,2025-09-27,1.9164955509924708,0.31759069130732376,5,1,0,0,0,,,0,,,,1,0.04183432780135188,0.7533536585365785,169
20008076,control,0,2025-03-28,2025,2025Q1,42,0,Female,White,0,Not Hispanic or Latino,1982-04-08,,2020-09-15,2026-05-20,4.531143052703627,1.1444216290212184,3,5,0,0,0,,,0,,,,1,0.02629159641506528,0.7533536585365785,145
20008081,control,0,2022-03-31,2022,2022Q1,49,0,Female,White,0,Not Hispanic or Latino,1972-04-13,,2015-03-29,2026-04-03,7.006160164271047,4.008213552361396,2,4,0,0,0,,,0,,,,1,0.01507036153614497,0.7533536585365785,308
20008084,control,0,2025-05-21,2025,2025Q2,32,0,Female,White,0,Not Hispanic or Latino,1992-06-27,,2022-05-17,2026-03-15,3.0116358658453115,0.8158795345653662,3,4,0,0,0,,,0,,,,1,0.0292421046949055,0.7533536585365785,48
20008085,control,0,2025-04-11,2025,2025Q2,30,0,Female,White,0,Not Hispanic or Latino,1994-12-14,,2024-08-25,2026-04-08,0.6269678302532512,0.9911019849418207,3,2,0,0,0,,,0,,,,1,0.02029662607325122,0.7533536585365785,229
20008089,control,0,2023-07-09,2023,2023Q3,67,0,Female,White,0,Unknown,1955-07-16,,2017-11-23,2023-07-09,5.623545516769336,0.0,4,0,0,0,0,,,0,,,,1,0.019152741478872703,0.7533536585365785,254
20008091,control,0,2022-06-22,2022,2022Q2,19,0,Male,White,0,Not Hispanic or Latino,2002-11-29,,2018-03-29,2026-05-31,4.232717316906228,3.9397672826830936,3,4,1,0,0,,,0,,,,1,0.04596679522587567,0.7533536585365785,44
20008094,control,0,2023-07-13,2023,2023Q3,42,0,Female,White,0,Unknown,1981-03-19,,2018-03-10,2024-05-09,5.341546885694729,0.8240930869267625,3,3,0,0,0,,,0,,,,1,0.027276825975971506,0.7533536585365785,284
20008097,control,0,2023-05-23,2023,2023Q2,24,0,Female,White,0,Not Hispanic or Latino,1998-12-27,,2019-04-25,2024-06-16,4.076659822039699,1.0677618069815196,3,2,1,0,0,,,0,,,,1,0.04580246192436335,0.7533536585365785,42
20008098,control,0,2023-10-28,2023,2023Q4,28,0,Male,White,0,Not Hispanic or Latino,1994-11-04,,2015-10-31,2025-01-23,7.991786447638604,1.2402464065708418,2,0,0,0,0,,,0,,,,1,0.04562946697555573,0.7533536585365785,167
20008102,control,0,2023-11-25,2023,2023Q4,79,0,Female,White,0,Not Hispanic or Latino,1944-03-24,,2022-07-28,2026-01-01,1.3278576317590691,2.102669404517454,7,1,0,0,0,,,0,,,,1,0.013964670899296667,0.7533536585365785,318
20008124,control,0,2023-07-17,2023,2023Q3,24,0,Female,Unknown,0,Not Hispanic or Latino,1999-03-06,,2020-10-22,2023-08-04,2.732375085557837,0.049281314168377825,3,0,0,0,0,,,0,,,,1,0.04763602936105606,0.7533536585365785,200
20008126,control,0,2025-08-22,2025,2025Q3,31,0,Female,White,0,Not Hispanic or Latino,1993-10-11,,2020-01-24,2026-02-15,5.577002053388091,0.48459958932238195,2,2,0,0,0,,,0,,,,1,0.0283370759493209,0.7533536585365785,91
20008127,control,0,2026-01-12,2026,2026Q1,47,0,Male,White,0,Not Hispanic or Latino,1978-09-25,,2023-04-15,2026-05-05,2.746064339493498,0.30937713894592744,3,3,1,0,0,,,0,,,,1,0.016984169833596376,0.7533536585365785,174
20008141,control,0,2022-11-09,2022,2022Q4,40,0,Female,White,0,Not Hispanic or Latino,1981-12-19,,2019-05-15,2023-10-02,3.488021902806297,0.8952772073921971,4,0,0,1,0,,,0,,,,1,0.036354004059003506,0.7533536585365785,288
20008157,control,0,2024-04-16,2024,2024Q2,31,0,Female,White,0,Not Hispanic or Latino,1992-07-27,,2019-06-03,2025-08-08,4.870636550308008,1.3114305270362765,2,3,1,0,0,,,0,,,,1,0.02359680020962593,0.7533536585365785,326
20008161,control,0,2023-06-05,2023,2023Q2,41,0,Female,White,0,Not Hispanic or Latino,1982-06-01,,2015-10-09,2023-06-13,7.655030800821355,0.02190280629705681,2,0,0,1,0,,,0,,,,1,0.029719478858372925,0.7533536585365785,233
20008181,control,0,2022-11-05,2022,2022Q4,38,0,Female,Black or African American,0,Not Hispanic or Latino,1983-12-01,,2019-02-21,2023-06-06,3.704312114989733,0.5831622176591376,3,3,1,0,0,,,0,,,,1,0.0320796606951193,0.7533536585365785,95
20008195,control,0,2023-04-27,2023,2023Q2,34,0,Female,Unknown,0,Not Hispanic or Latino,1988-05-31,,2022-05-02,2024-10-02,0.9856262833675564,1.434633812457221,2,3,0,0,0,,,0,,,,1,0.0129334981523801,0.7533536585365785,120
20008204,control,0,2022-01-29,2022,2022Q1,36,0,Female,White,0,Not Hispanic or Latino,1986-01-25,,2020-08-23,2022-01-29,1.434633812457221,0.0,7,0,1,0,0,,,0,,,,1,0.07392161942943469,1.0762195121951121,82
20008218,control,0,2023-07-24,2023,2023Q3,53,0,Female,White,0,Not Hispanic or Latino,1969-11-14,,2017-07-25,2023-12-23,5.9958932238193015,0.4161533196440794,2,2,0,0,0,,,0,,,,1,0.014046082532646477,0.7533536585365785,185
20008226,control,0,2022-09-25,2022,2022Q3,36,0,Female,Other Race,0,Not Hispanic or Latino,1985-11-02,,2016-10-01,2023-03-12,5.982203969883641,0.459958932238193,2,0,0,0,0,,,0,,,,1,0.022051740448273443,0.7533536585365785,297
20008227,control,0,2022-01-20,2022,2022Q1,53,0,Female,White,0,Not Hispanic or Latino,1968-09-24,,2019-03-16,2024-06-16,2.8501026694045173,2.403832991101985,5,2,0,0,0,,,0,,,,1,0.026123249566616248,0.7533536585365785,227
20008242,control,0,2022-09-28,2022,2022Q3,43,0,Female,White,0,Hispanic or Latino,1979-04-16,,2017-12-15,2023-01-20,4.785763175906913,0.31211498973305957,4,1,0,0,0,,,0,,,,1,0.0306167103006546,0.7533536585365785,310
20008247,control,0,2025-10-08,2025,2025Q4,50,0,Female,White,0,Not Hispanic or Latino,1974-10-17,,2023-06-04,2026-04-01,2.346338124572211,0.4791238877481177,5,2,0,0,0,,,0,,,,1,0.03037121544009349,0.8370596205961982,221
20008259,control,0,2023-05-01,2023,2023Q2,65,0,Female,White,0,Not Hispanic or Latino,1957-11-04,,2021-11-12,2025-08-27,1.4647501711156743,2.324435318275154,6,2,1,0,0,,,0,,,,1,0.01798117162291784,0.7533536585365785,163
20008269,control,0,2025-12-19,2025,2025Q4,65,0,Female,White,0,Unknown,1960-09-24,,2021-10-14,2026-04-27,4.180698151950718,0.3531827515400411,5,1,2,1,0,,,0,,,,1,0.02194738630961769,0.7533536585365785,5
20008274,control,0,2024-05-28,2024,2024Q2,63,0,Female,White,0,Unknown,1960-12-07,,2019-04-03,2024-05-28,5.152635181382615,0.0,4,0,0,0,0,,,0,,,,1,0.020298383677902595,0.7533536585365785,93
20008282,control,0,2025-07-23,2025,2025Q3,53,0,Female,Unknown,0,Not Hispanic or Latino,1972-02-16,,2018-02-02,2026-05-28,7.468856947296373,0.8459958932238193,4,1,0,0,0,,,0,,,,1,0.056930834461056935,0.7533536585365785,217
20008301,control,0,2025-11-18,2025,2025Q4,44,0,Female,White,0,Not Hispanic or Latino,1981-09-08,,2017-05-01,2026-02-10,8.550308008213552,0.2299794661190965,3,1,1,1,0,,,0,,,,1,0.052806566546519336,0.7533536585365785,316
20008305,control,0,2022-05-07,2022,2022Q2,27,0,Male,Other Race,0,Not Hispanic or Latino,1994-10-21,,2017-05-18,2026-01-26,4.969199178644764,3.7234770704996576,5,0,1,0,0,,,0,,,,1,0.07336980258689738,2.511178861788595,18
20008306,control,0,2024-07-03,2024,2024Q3,31,0,Female,White,1,Not Hispanic or Latino,1992-10-06,,2018-07-25,2026-05-11,5.94113620807666,1.8535249828884326,2,2,0,0,0,,,0,,,,1,0.027473191453232827,0.7533536585365785,80
20008326,control,0,2026-01-12,2026,2026Q1,50,0,Male,White,0,Not Hispanic or Latino,1975-08-30,,2022-03-16,2026-03-28,3.8275154004106775,0.2053388090349076,3,1,0,0,0,,,0,,,,1,0.01865690725561146,0.7533536585365785,234
20008354,control,0,2023-04-14,2023,2023Q2,45,0,Female,White,0,Not Hispanic or Latino,1978-03-29,,2020-03-30,2024-11-21,3.0390143737166326,1.6071184120465434,4,1,0,0,0,,,0,,,,1,0.026817670369960016,0.7533536585365785,98
20008361,control,0,2023-08-26,2023,2023Q3,41,0,Female,Other Race,0,Not Hispanic or Latino,1981-11-22,,2015-01-01,2024-12-22,8.648870636550308,1.325119780971937,3,1,0,0,0,,,0,,,,1,0.047871034370914306,0.7533536585365785,200
20008382,control,0,2023-02-07,2023,2023Q1,47,0,Female,White,0,Unknown,1975-09-04,,2022-04-18,2024-01-05,0.8076659822039699,0.9089664613278576,4,4,0,0,0,,,0,,,,1,0.015473004848444149,0.7533536585365785,199
20008383,control,0,2023-11-13,2023,2023Q4,41,0,Female,Black or African American,0,Not Hispanic or Latino,1982-01-05,,2018-05-17,2025-12-13,5.492128678986996,2.083504449007529,2,4,0,0,0,,,0,,,,1,0.020688723095176574,0.7533536585365785,19
20008385,control,0,2026-01-08,2026,2026Q1,61,0,Male,Asian,0,Unknown,1964-12-02,,2024-01-06,2026-03-03,2.00684462696783,0.14784394250513347,7,1,1,0,0,,,0,,,,1,0.02719458662264214,0.7533536585365785,156
20008392,control,0,2025-10-07,2025,2025Q4,26,0,Female,Black or African American,1,Not Hispanic or Latino,1999-06-10,,2022-06-30,2026-05-17,3.271731690622861,0.6078028747433265,4,1,0,0,0,,,0,,,,1,0.06796509311324342,1.0762195121951121,41
20008396,control,0,2024-10-05,2024,2024Q4,44,0,Male,White,0,Not Hispanic or Latino,1980-06-19,,2020-12-23,2026-05-30,3.783709787816564,1.648186173853525,3,4,0,0,0,,,0,,,,1,0.02070185576132786,0.7533536585365785,293
20008399,control,0,2026-01-28,2026,2026Q1,30,0,Male,White,0,Not Hispanic or Latino,1995-09-04,,2023-09-30,2026-01-28,2.329911019849418,0.0,2,0,1,0,0,,,0,,,,1,0.017037340819380332,0.7533536585365785,234
20008402,control,0,2024-01-30,2024,2024Q1,85,0,Male,White,0,Not Hispanic or Latino,1938-10-18,2026-02-20,2020-06-30,2026-02-20,3.583846680355921,2.0588637919233403,6,2,0,0,0,,,0,,,,1,0.013119603341004992,0.7533536585365785,59
20008407,control,0,2022-11-20,2022,2022Q4,57,0,Female,White,0,Not Hispanic or Latino,1965-08-21,,2021-06-17,2025-05-04,1.4264202600958247,2.4531143052703626,5,4,1,0,0,,,0,,,,1,0.01752781653203779,0.7533536585365785,188
20008409,control,0,2023-12-31,2023,2023Q4,32,0,Male,Asian,0,Not Hispanic or Latino,1991-09-09,,2015-01-01,2026-03-30,8.996577686516085,2.245037645448323,2,4,0,0,0,,,0,,,,1,0.03999191324322765,0.7533536585365785,14
20008417,control,0,2021-10-30,2021,2021Q4,18,0,Female,White,0,Not Hispanic or Latino,2003-04-28,,2018-06-11,2025-10-18,3.3867214236824092,3.9671457905544147,4,1,1,0,0,,,0,,,,1,0.06188923024517478,2.511178861788595,53
20008422,control,0,2023-04-20,2023,2023Q2,50,0,Female,White,0,Not Hispanic or Latino,1972-05-07,,2018-01-14,2025-08-15,5.262149212867898,2.321697467488022,5,1,0,0,0,,,0,,,,1,0.04459374835904997,0.7533536585365785,42
20008423,control,0,2026-05-29,2026,2026Q2,89,0,Female,Black or African American,0,Not Hispanic or Latino,1937-05-27,,2020-12-04,2026-05-29,5.4811772758384665,0.0,6,0,0,0,0,,,0,,,,1,0.021837185619087412,0.7533536585365785,153
20008431,control,0,2026-04-13,2026,2026Q2,29,0,Female,Black or African American,0,Not Hispanic or Latino,1997-02-14,,2023-05-29,2026-05-18,2.8747433264887063,0.09582477754962354,4,1,0,0,0,,,0,,,,1,0.059371950920692626,2.511178861788595,63
20008432,control,0,2024-09-03,2024,2024Q3,35,0,Female,White,0,Not Hispanic or Latino,1989-03-13,,2019-03-14,2025-12-30,5.475701574264202,1.322381930184805,3,0,0,2,0,,,0,,,,1,0.03921012536036817,0.7533536585365785,191
20008444,control,0,2024-12-21,2024,2024Q4,29,0,Female,White,0,Not Hispanic or Latino,1995-05-09,,2017-08-13,2026-03-13,7.356605065023956,1.2238193018480492,2,5,0,0,0,,,0,,,,1,0.03949635957318854,1.0762195121951121,211
20008455,control,0,2026-01-12,2026,2026Q1,61,0,Female,White,0,Not Hispanic or Latino,1964-02-21,,2022-03-20,2026-05-31,3.8165639972621492,0.3805612594113621,4,2,0,0,0,,,0,,,,1,0.019038964098662504,0.7533536585365785,71
20008458,control,0,2022-10-27,2022,2022Q4,35,0,Male,White,0,Not Hispanic or Latino,1987-06-01,,2017-12-26,2023-10-11,4.8350444900752905,0.9555099247091033,6,4,0,0,0,,,0,,,,1,0.09968842212635301,1.883384146341446,16
20008464,control,0,2022-08-04,2022,2022Q3,71,0,Female,White,0,Not Hispanic or Latino,1950-08-18,,2015-07-25,2023-07-20,7.028062970568104,0.9582477754962354,4,1,0,0,0,,,0,,,,1,0.0227278191645901,0.7533536585365785,297
20008466,control,0,2023-06-28,2023,2023Q2,38,0,Female,White,0,Not Hispanic or Latino,1984-08-17,,2021-09-21,2025-11-03,1.7659137577002053,2.351813826146475,6,4,0,0,0,,,0,,,,1,0.04886916580451461,0.8370596205961982,280
20008468,control,0,2024-03-01,2024,2024Q1,50,0,Female,White,0,Not Hispanic or Latino,1973-09-10,,2016-09-13,2025-09-09,7.4633812457221085,1.5249828884325805,2,2,0,0,0,,,0,,,,1,0.01880284585761124,0.7533536585365785,253
20008490,control,0,2026-02-24,2026,2026Q1,42,0,Female,White,0,Not Hispanic or Latino,1984-02-08,,2020-06-26,2026-03-25,5.664613278576318,0.07939767282683094,2,1,0,0,0,,,0,,,,1,0.02006247833958157,0.7533536585365785,71
20008492,control,0,2024-05-30,2024,2024Q2,84,0,Female,White,0,Not Hispanic or Latino,1940-05-24,,2022-08-16,2025-09-09,1.787816563997262,1.2785763175906912,4,1,0,0,0,,,0,,,,1,0.005433234281958122,0.7533536585365785,256
20008495,control,0,2023-05-04,2023,2023Q2,62,0,Female,White,0,Unknown,1961-02-07,,2017-12-08,2026-05-26,5.401779603011636,3.060917180013689,4,3,0,0,0,,,0,,,,1,0.017730676049389205,0.7533536585365785,163
20008500,control,0,2025-06-22,2025,2025Q2,37,0,Female,White,0,Unknown,1987-10-10,,2022-07-21,2026-05-11,2.921286789869952,0.8843258042436687,3,2,0,0,0,,,0,,,,1,0.021085486374490238,0.7533536585365785,230
20008503,control,0,2026-02-21,2026,2026Q1,78,0,Male,White,0,Not Hispanic or Latino,1947-03-17,,2022-07-28,2026-03-29,3.57015742642026,0.09856262833675565,4,0,0,0,0,,,0,,,,1,0.010120295953748429,0.7533536585365785,127
20008508,control,0,2025-12-14,2025,2025Q4,58,0,Female,White,0,Not Hispanic or Latino,1967-06-29,,2023-11-03,2026-04-29,2.113620807665982,0.3723477070499658,5,1,1,1,0,,,0,,,,1,0.02213555979730648,0.7533536585365785,5
20008509,control,0,2023-03-30,2023,2023Q1,39,0,Female,White,0,Not Hispanic or Latino,1983-08-12,,2020-10-30,2023-12-21,2.412046543463381,0.7282683093771389,2,2,1,0,0,,,0,,,,1,0.011906092812287666,0.7533536585365785,319
20008510,control,0,2025-01-26,2025,2025Q1,77,0,Female,Unknown,0,Not Hispanic or Latino,1947-09-24,,2015-01-01,2026-03-11,10.069815195071868,1.1197809719370295,4,4,0,1,0,,,0,,,,1,0.03829442484115828,1.0762195121951121,65
20008514,control,0,2025-10-31,2025,2025Q4,30,0,Female,White,0,Not Hispanic or Latino,1995-09-13,,2021-04-01,2026-05-24,4.583162217659138,0.5612594113620808,3,0,0,0,0,,,0,,,,1,0.04206731770211505,0.7533536585365785,268
20008517,control,0,2026-01-25,2026,2026Q1,26,0,Female,White,0,Not Hispanic or Latino,1999-07-16,,2022-04-11,2026-04-16,3.79192334017796,0.22176591375770022,2,0,0,0,0,,,0,,,,1,0.025091962129438674,0.7533536585365785,75
20008525,control,0,2025-10-26,2025,2025Q4,18,0,Male,White,0,Not Hispanic or Latino,2007-05-17,,2021-11-10,2026-04-03,3.9589322381930185,0.4353182751540041,2,0,0,0,0,,,0,,,,1,0.03374319960123983,0.7533536585365785,108
20008526,control,0,2023-01-15,2023,2023Q1,59,0,Female,Black or African American,0,Unknown,1963-06-14,,2020-10-30,2026-05-20,2.209445585215606,3.3429158110882957,4,3,0,0,0,,,0,,,,1,0.012905128608274937,0.7533536585365785,52
20008530,control,0,2025-06-13,2025,2025Q2,33,0,Female,White,0,Not Hispanic or Latino,1991-10-23,,2017-11-11,2026-05-30,7.586584531143052,0.9609856262833676,3,0,0,0,0,,,0,,,,1,0.06203695612811394,0.8370596205961982,177
20008533,control,0,2025-10-26,2025,2025Q4,33,0,Female,White,0,Not Hispanic or Latino,1992-07-02,,2022-04-08,2025-12-02,3.5509924709103355,0.10130047912388775,4,1,0,0,0,,,0,,,,1,0.04948992319307185,0.7533536585365785,316
20008535,control,0,2025-03-09,2025,2025Q1,89,0,Male,White,0,Not Hispanic or Latino,1935-03-31,,2020-05-28,2026-03-10,4.780287474332649,1.002053388090349,4,6,1,1,0,,,0,,,,1,0.007952694774000768,0.7533536585365785,144
20008537,control,0,2024-07-19,2024,2024Q3,27,0,Female,Black or African American,0,Not Hispanic or Latino,1996-12-31,,2020-10-13,2025-09-06,3.7645448323066395,1.1334702258726899,2,2,0,0,0,,,0,,,,1,0.026696296861550676,0.7533536585365785,80
20008549,control,0,2024-09-14,2024,2024Q3,23,0,Female,White,0,Unknown,2000-09-17,,2023-07-18,2026-04-28,1.160848733744011,1.6180698151950719,5,1,0,0,0,,,0,,,,1,0.05142514081429554,0.7533536585365785,206
20008553,control,0,2023-08-10,2023,2023Q3,59,0,Female,White,0,Not Hispanic or Latino,1964-04-15,,2019-09-05,2024-07-06,3.9288158795345653,0.9062286105407256,5,6,2,0,0,,,0,,,,1,0.028410970110669384,0.7533536585365785,284
20008554,control,0,2026-01-22,2026,2026Q1,43,0,Female,White,1,Not Hispanic or Latino,1982-12-19,,2021-04-11,2026-05-12,4.783025325119781,0.30116358658453113,2,2,0,0,0,,,0,,,,1,0.01628099275007159,0.7533536585365785,193
20008563,control,0,2025-01-07,2025,2025Q1,27,0,Female,White,0,Not Hispanic or Latino,1997-02-19,,2023-03-22,2026-01-17,1.7987679671457906,1.0266940451745379,2,1,0,0,0,,,0,,,,1,0.01603612017759699,0.7533536585365785,157
20008564,control,0,2025-11-29,2025,2025Q4,39,0,Male,Black or African American,0,Not Hispanic or Latino,1986-08-30,,2024-08-14,2026-05-19,1.2922655715263518,0.4681724845995893,4,1,0,0,0,,,0,,,,1,0.031063449638530367,0.7533536585365785,108
20008577,control,0,2025-06-11,2025,2025Q2,30,0,Female,Other Race,0,Not Hispanic or Latino,1995-04-29,,2019-04-13,2026-03-22,6.16290212183436,0.7775496235455168,3,3,0,0,0,,,0,,,,1,0.04720785065024517,1.0762195121951121,72
20008578,control,0,2024-01-24,2024,2024Q1,62,0,Male,White,0,Not Hispanic or Latino,1961-02-01,,2019-02-23,2024-07-10,4.917180013689254,0.459958932238193,2,2,0,0,0,,,1,4.8,4.8,2024-06-23,1,0.008349640344139736,0.7533536585365785,17
20008602,control,0,2026-03-08,2026,2026Q1,45,0,Female,White,0,Not Hispanic or Latino,1981-01-02,,2018-08-24,2026-05-25,7.537303216974675,0.2135523613963039,2,2,0,0,0,,,3,4.9,4.2,2025-11-11,1,0.024940958435619238,0.7533536585365785,75
20008603,control,0,2022-05-25,2022,2022Q2,38,0,Male,White,0,Not Hispanic or Latino,1984-04-24,,2018-09-04,2024-08-07,3.7207392197125255,2.2039698836413417,5,1,0,0,0,,,0,,,,1,0.05206748683318408,0.7533536585365785,44
20008607,control,0,2024-02-26,2024,2024Q1,32,0,Female,Black or African American,0,Not Hispanic or Latino,1991-12-05,,2016-04-24,2025-02-01,7.841204654346338,0.9336071184120466,4,1,0,0,0,,,0,,,,1,0.11638468562619678,7.533536585365784,50
20008616,control,0,2026-04-05,2026,2026Q2,38,0,Female,White,0,Not Hispanic or Latino,1987-12-13,,2025-07-22,2026-05-18,0.70362765229295,0.11772758384668036,5,0,0,0,0,,,0,,,,1,0.03551658880106778,0.7533536585365785,240
20008634,control,0,2024-05-03,2024,2024Q2,50,0,Female,Black or African American,0,Not Hispanic or Latino,1974-01-11,,2019-04-05,2026-01-09,5.078713210130048,1.6865160848733745,4,3,0,0,0,,,0,,,,1,0.0378045370485967,0.7533536585365785,231
20008638,control,0,2023-04-02,2023,2023Q2,55,0,Female,White,0,Not Hispanic or Latino,1968-01-31,,2019-04-07,2024-01-16,3.9863107460643397,0.7912388774811773,6,1,0,0,0,,,0,,,,1,0.0444218329928322,0.7533536585365785,42
20008645,control,0,2023-09-07,2023,2023Q3,47,0,Female,Black or African American,0,Not Hispanic or Latino,1975-11-05,,2020-10-18,2024-05-08,2.8856947296372346,0.6680355920602327,3,0,1,0,0,,,0,,,,1,0.02006730140466597,0.7533536585365785,3
20008657,control,0,2024-06-23,2024,2024Q2,49,0,Male,White,0,Not Hispanic or Latino,1974-07-20,,2018-06-05,2026-04-22,6.050650239561944,1.8288843258042438,3,1,0,0,0,,,0,,,,1,0.025630360287140868,0.7533536585365785,140
20008661,control,0,2024-03-29,2024,2024Q1,59,0,Female,Other Race,0,Not Hispanic or Latino,1964-03-31,,2016-04-26,2026-05-10,7.923340177960301,2.113620807665982,3,5,0,0,0,,,0,,,,1,0.02121804268780951,0.7533536585365785,299
20008667,control,0,2025-06-08,2025,2025Q2,36,0,Male,White,0,Not Hispanic or Latino,1988-10-24,,2024-03-14,2026-05-25,1.2347707049965777,0.9609856262833676,3,4,0,1,0,,,0,,,,1,0.01831624071941307,0.7533536585365785,27
20008680,control,0,2022-02-16,2022,2022Q1,25,0,Female,White,0,Not Hispanic or Latino,1996-09-01,,2015-01-01,2023-06-13,7.12662559890486,1.319644079397673,3,1,0,1,0,,,0,,,,1,0.07341222975465567,1.0762195121951121,82
20008690,control,0,2025-01-31,2025,2025Q1,55,0,Male,White,0,Not Hispanic or Latino,1969-09-05,,2018-07-14,2025-10-26,6.551676933607118,0.7337440109514032,4,2,1,0,0,,,0,,,,1,0.03726426556666668,0.7533536585365785,134
20008691,control,0,2024-08-02,2024,2024Q3,49,0,Female,White,1,Not Hispanic or Latino,1974-11-30,,2022-08-16,2025-04-21,1.9630390143737166,0.7173169062286106,3,2,1,0,0,,,0,,,,1,0.013351249261153986,0.7533536585365785,205
20008702,control,0,2022-11-13,2022,2022Q4,20,0,Female,White,0,Hispanic or Latino,2002-11-05,2024-12-30,2020-09-25,2024-09-15,2.132785763175907,1.839835728952772,4,0,0,0,0,,,0,,,,1,0.03864514748136314,0.7533536585365785,288
20008712,control,0,2024-02-02,2024,2024Q1,61,0,Female,Unknown,0,Not Hispanic or Latino,1962-11-01,,2022-08-17,2026-05-22,1.462012320328542,2.299794661190965,5,1,0,0,0,,,0,,,,1,0.019060780973843592,0.7533536585365785,253
20008717,control,0,2025-11-20,2025,2025Q4,28,0,Female,White,0,Not Hispanic or Latino,1997-09-23,,2025-07-20,2026-05-29,0.33675564681724846,0.5201916495550992,3,0,0,0,0,,,0,,,,1,0.02138670070405631,0.7533536585365785,1
20008732,control,0,2023-11-18,2023,2023Q4,65,0,Female,White,0,Not Hispanic or Latino,1958-11-16,,2018-02-03,2025-12-27,5.7878165639972625,2.108145106091718,3,2,0,1,0,,,0,,,,1,0.013573212117416788,0.7533536585365785,318
20008739,control,0,2026-04-23,2026,2026Q2,18,0,Female,Black or African American,0,Not Hispanic or Latino,2007-10-12,,2019-09-08,2026-05-28,6.622861054072553,0.09582477754962354,2,0,0,1,0,,,0,,,,1,0.06446870306750593,3.766768292682892,212
20008740,control,0,2024-11-21,2024,2024Q4,40,0,Female,Black or African American,0,Not Hispanic or Latino,1984-02-04,,2020-12-02,2026-01-05,3.969883641341547,1.1225188227241616,3,3,0,0,0,,,0,,,,1,0.03018527333552259,0.7533536585365785,107
20008757,control,0,2022-04-21,2022,2022Q2,26,0,Female,White,0,Not Hispanic or Latino,1996-03-08,,2015-01-01,2026-05-16,7.301848049281314,4.068446269678303,3,3,0,0,0,,,0,,,,1,0.060832320007454616,0.7533536585365785,279
20008759,control,0,2023-12-07,2023,2023Q4,51,0,Female,Unknown,0,Unknown,1972-01-27,,2017-04-03,2026-01-04,6.677618069815195,2.078028747433265,3,2,2,0,0,,,0,,,,1,0.028359790495586384,0.7533536585365785,150
20008762,control,0,2025-10-04,2025,2025Q4,43,0,Female,Unknown,0,Not Hispanic or Latino,1982-03-01,,2021-08-25,2026-03-31,4.1095140314852845,0.487337440109514,3,3,0,0,0,,,0,,,,1,0.030329598719866332,0.8370596205961982,68
20008772,control,0,2023-08-20,2023,2023Q3,19,0,Female,White,0,Unknown,2004-03-23,,2019-02-23,2025-07-15,4.487337440109514,1.9028062970568105,2,3,0,1,0,,,0,,,,1,0.02839709990850405,0.7533536585365785,284
20008773,control,0,2022-10-23,2022,2022Q4,50,0,Male,White,0,Not Hispanic or Latino,1972-08-14,,2020-08-29,2023-12-05,2.1492128678986995,1.1170431211498972,2,1,0,0,0,,,0,,,,1,0.007441003343850831,0.7533536585365785,135
20008786,control,0,2024-08-25,2024,2024Q3,18,0,Male,White,0,Not Hispanic or Latino,2005-10-25,,2020-12-16,2026-03-21,3.6906228610540723,1.568788501026694,4,3,0,1,0,,,0,,,,1,0.07647750284742036,0.8370596205961982,264
20008794,control,0,2025-10-24,2025,2025Q4,62,0,Female,White,0,Not Hispanic or Latino,1963-09-26,,2015-01-01,2026-05-20,10.811772758384668,0.5694729637234771,2,2,0,0,0,,,0,,,,1,0.023856900830881194,0.8370596205961982,68
20008797,control,0,2021-10-28,2021,2021Q4,27,0,Female,Black or African American,0,Not Hispanic or Latino,1993-11-13,,2015-01-01,2025-06-11,6.822724161533197,3.619438740588638,2,2,0,0,0,,,0,,,,1,0.038512247049484444,0.7533536585365785,309
20008798,control,0,2025-05-12,2025,2025Q2,31,0,Female,Other Race,0,Not Hispanic or Latino,1994-04-06,,2022-07-15,2026-05-29,2.8254620123203287,1.0458590006844628,3,2,0,0,0,,,0,,,,1,0.024889229868105753,0.7533536585365785,184
20008802,control,0,2023-12-22,2023,2023Q4,43,0,Male,White,0,Not Hispanic or Latino,1980-09-28,,2020-09-24,2024-04-10,3.241615331964408,0.30116358658453113,5,2,1,0,0,,,0,,,,1,0.045920788087494654,0.7533536585365785,167
20008812,control,0,2023-10-28,2023,2023Q4,48,0,Female,Unknown,0,Unknown,1975-05-22,,2021-02-17,2024-08-18,2.6913073237508556,0.8076659822039699,6,1,0,0,0,,,0,,,,1,0.048725021223823675,0.7533536585365785,119
20008829,control,0,2025-06-17,2025,2025Q2,49,0,Female,White,1,Not Hispanic or Latino,1975-11-11,,2021-09-20,2026-04-29,3.7399041752224504,0.865160848733744,2,0,0,0,0,,,0,,,,1,0.01046414542159327,0.7533536585365785,54
20008839,control,0,2023-06-05,2023,2023Q2,18,0,Female,Asian,1,Not Hispanic or Latino,2004-10-29,,2018-09-13,2026-03-11,4.725530458590007,2.7652292950034223,2,4,0,0,0,,,0,,,,1,0.029719173852827317,0.7533536585365785,38
20008852,control,0,2023-08-15,2023,2023Q3,34,0,Female,Asian,0,Not Hispanic or Latino,1989-05-22,,2016-11-26,2024-02-22,6.715947980835044,0.5229295003422314,2,1,0,0,0,,,0,,,,1,0.02812371679628555,0.7533536585365785,284
20008857,control,0,2022-08-12,2022,2022Q3,42,0,Female,White,0,Not Hispanic or Latino,1980-01-29,,2018-09-15,2022-08-12,3.9069130732375084,0.0,4,0,1,0,0,,,0,,,,1,0.03881171579538136,0.7533536585365785,66
20008860,control,0,2026-05-11,2026,2026Q2,62,0,Male,White,0,Unknown,1963-08-03,,2022-06-27,2026-05-28,3.871321013004791,0.04654346338124572,7,0,0,0,0,,,0,,,,1,0.040584443849694694,0.7533536585365785,142
20008865,control,0,2023-03-10,2023,2023Q1,45,0,Female,White,0,Not Hispanic or Latino,1977-04-15,,2020-06-27,2026-04-09,2.6995208761122518,3.082819986310746,2,1,1,0,0,,,0,,,,1,0.008554159866663257,0.7533536585365785,202
20008867,control,0,2023-10-03,2023,2023Q4,45,0,Female,White,0,Not Hispanic or Latino,1978-08-24,,2020-02-27,2025-07-01,3.597535934291581,1.7440109514031485,5,2,0,0,0,,,0,,,,1,0.04128932451115423,0.7533536585365785,70
20008873,control,0,2025-10-27,2025,2025Q4,37,0,Female,Unknown,0,Hispanic or Latino,1987-12-20,,2021-12-14,2026-02-04,3.868583162217659,0.2737850787132101,2,2,1,0,0,,,0,,,,1,0.015030904101417102,0.7533536585365785,132
20008875,control,0,2023-01-01,2023,2023Q1,46,0,Male,White,0,Not Hispanic or Latino,1976-10-29,,2017-09-06,2023-11-20,5.319644079397673,0.8843258042436687,3,3,0,0,0,,,0,,,,1,0.026736136744200816,0.7533536585365785,106
20008883,control,0,2022-11-18,2022,2022Q4,64,0,Female,White,0,Unknown,1958-10-04,,2015-01-01,2024-07-01,7.879534565366187,1.6180698151950719,2,0,1,0,0,,,0,,,,1,0.010708154386093158,0.7533536585365785,155
20008890,control,0,2025-06-30,2025,2025Q2,54,0,Female,Unknown,0,Not Hispanic or Latino,1971-05-09,,2022-03-18,2025-07-16,3.2854209445585214,0.04380561259411362,2,0,0,0,0,,,0,,,,1,0.010545270074636752,0.7533536585365785,54
20008904,control,0,2022-11-10,2022,2022Q4,74,0,Female,White,0,Not Hispanic or Latino,1948-04-13,,2016-05-31,2023-05-21,6.444900752908967,0.5256673511293635,2,2,0,0,0,,,0,,,,1,0.007112840938876119,0.7533536585365785,55
20008909,control,0,2023-03-24,2023,2023Q1,60,0,Male,White,0,Not Hispanic or Latino,1962-11-20,,2019-09-07,2023-07-07,3.542778918548939,0.2874743326488706,4,2,0,2,0,,,0,,,,1,0.01890998998946991,0.7533536585365785,161
20008922,control,0,2026-05-11,2026,2026Q2,59,0,Female,White,0,Not Hispanic or Latino,1966-12-18,,2019-10-20,2026-05-11,6.5571526351813825,0.0,3,0,0,0,0,,,0,,,,1,0.022374947928456047,0.7533536585365785,153
20008923,control,0,2022-03-11,2022,2022Q1,63,0,Female,White,0,Not Hispanic or Latino,1958-11-01,,2017-10-01,2025-03-20,4.440793976728268,3.025325119780972,3,4,0,0,0,,,0,,,,1,0.010723292282961724,0.7533536585365785,209
20008926,control,0,2023-04-19,2023,2023Q2,54,0,Female,White,0,Hispanic or Latino,1969-03-04,,2017-11-07,2025-12-20,5.44558521560575,2.6721423682409307,3,5,0,0,0,,,0,,,,1,0.012906611337865666,0.7533536585365785,120
20008936,control,0,2023-10-02,2023,2023Q4,45,0,Female,Asian,0,Not Hispanic or Latino,1977-12-27,,2017-04-23,2026-02-26,6.442162902121835,2.403832991101985,3,6,0,1,0,,,0,,,,1,0.02747558975728799,0.7533536585365785,77
20008939,control,0,2025-12-02,2025,2025Q4,22,0,Female,White,0,Not Hispanic or Latino,2003-07-14,,2019-06-08,2026-05-30,6.485968514715948,0.49007529089664614,4,1,0,2,0,,,0,,,,1,0.11407196823019222,1.883384146341446,259
20008950,control,0,2026-05-08,2026,2026Q2,60,0,Female,White,0,Unknown,1965-11-25,,2025-02-05,2026-05-08,1.2511978097193703,0.0,5,0,0,0,0,,,0,,,,1,0.01592509235241607,0.7533536585365785,143
20008953,control,0,2023-06-03,2023,2023Q2,49,0,Female,White,0,Not Hispanic or Latino,1974-01-07,,2020-12-24,2026-03-11,2.439425051334702,2.7707049965776864,3,2,0,0,0,,,0,,,,1,0.012577458624721304,0.7533536585365785,120
20008956,control,0,2023-04-23,2023,2023Q2,26,0,Female,White,0,Not Hispanic or Latino,1996-05-21,,2021-04-15,2023-11-20,2.020533880903491,0.5776865160848734,4,3,0,0,0,,,0,,,,1,0.04678335720213683,0.7533536585365785,42
20008958,control,0,2022-09-19,2022,2022Q3,65,0,Female,White,0,Not Hispanic or Latino,1957-01-11,,2020-09-29,2022-12-23,1.9712525667351128,0.2600958247775496,3,3,0,0,0,,,0,,,,1,0.007779060455068936,0.7533536585365785,294
20008969,control,0,2021-10-21,2021,2021Q4,51,0,Female,Unknown,0,Not Hispanic or Latino,1969-10-31,,2015-01-01,2021-10-21,6.803559206023272,0.0,3,0,0,0,0,,,0,,,,1,0.038077307853502954,0.7533536585365785,309
20008978,control,0,2026-01-17,2026,2026Q1,38,0,Female,White,0,Not Hispanic or Latino,1987-09-01,,2024-12-29,2026-04-10,1.051334702258727,0.2272416153319644,2,0,0,0,0,,,0,,,,1,0.010007672430645558,0.7533536585365785,201
20008982,control,0,2026-04-10,2026,2026Q2,46,0,Female,White,0,Not Hispanic or Latino,1979-12-17,,2022-08-22,2026-05-21,3.6331279945242985,0.11225188227241616,5,0,0,0,0,,,0,,,,1,0.044884050952153025,1.2555894308942974,204
20008984,control,0,2025-09-24,2025,2025Q3,40,0,Female,White,0,Not Hispanic or Latino,1985-07-10,,2017-10-23,2026-02-18,7.920602327173169,0.4024640657084189,2,0,0,0,0,,,0,,,,1,0.03141798751207402,0.7533536585365785,260
20008986,control,0,2025-03-16,2025,2025Q1,31,0,Female,Black or African American,0,Hispanic or Latino,1994-02-15,,2020-08-09,2026-05-02,4.59958932238193,1.1279945242984257,2,3,1,0,0,,,0,,,,1,0.019155807367729906,0.7533536585365785,148
20008988,control,0,2026-02-18,2026,2026Q1,18,0,Male,White,0,Not Hispanic or Latino,2007-09-26,,2019-10-31,2026-03-26,6.3025325119780975,0.09856262833675565,4,2,0,0,0,,,0,,,,1,0.12896786698302767,3.766768292682892,40
20008991,control,0,2024-09-18,2024,2024Q3,35,0,Female,White,0,Not Hispanic or Latino,1989-08-03,,2015-01-01,2025-09-13,9.713894592744696,0.9856262833675564,2,1,0,1,0,,,0,,,,1,0.04915305810578671,0.7533536585365785,206
20009001,control,0,2026-05-03,2026,2026Q2,33,0,Female,White,0,Not Hispanic or Latino,1993-01-03,,2024-02-13,2026-05-28,2.217659137577002,0.06844626967830253,3,1,1,1,0,,,0,,,,1,0.02583832550152672,0.7533536585365785,101
20009012,control,0,2022-10-16,2022,2022Q4,55,0,Male,White,0,Not Hispanic or Latino,1967-03-17,,2020-04-11,2026-04-09,2.513347022587269,3.479808350444901,4,2,0,1,0,,,0,,,,1,0.01500755038449375,0.7533536585365785,23
20009017,control,0,2024-07-05,2024,2024Q3,40,0,Female,White,0,Not Hispanic or Latino,1984-06-08,,2022-06-12,2026-04-10,2.0643394934976045,1.7631759069130732,2,4,0,0,0,,,0,,,,1,0.01002582536667341,0.7533536585365785,286
20009021,control,0,2026-04-09,2026,2026Q2,61,0,Female,Asian,0,Not Hispanic or Latino,1964-10-04,,2024-05-18,2026-05-12,1.891854893908282,0.09034907597535935,2,1,0,1,0,,,0,,,,1,0.0046371181562467195,0.7533536585365785,35
20009023,control,0,2025-03-14,2025,2025Q1,18,0,Female,Unknown,0,Not Hispanic or Latino,2007-01-17,,2020-12-14,2026-04-20,4.246406570841889,1.1006160164271048,4,2,1,0,0,,,0,,,,1,0.10494380244198824,1.883384146341446,109
20009024,control,0,2025-01-20,2025,2025Q1,29,0,Male,White,0,Not Hispanic or Latino,1995-08-11,,2019-06-13,2026-02-03,5.607118412046543,1.0376454483230664,3,2,0,0,0,,,0,,,,1,0.05035751845412706,1.0762195121951121,251
20009025,control,0,2026-05-10,2026,2026Q2,49,0,Female,White,0,Not Hispanic or Latino,1977-02-19,,2021-11-16,2026-05-10,4.479123887748118,0.0,8,0,1,0,0,,,0,,,,1,0.09834556775675439,1.506707317073157,257
20009034,control,0,2023-04-04,2023,2023Q2,67,0,Female,White,0,Unknown,1955-04-22,,2015-02-05,2023-07-01,8.158795345653662,0.24093086926762491,3,2,0,0,0,,,0,,,,1,0.01934890430984345,0.7533536585365785,163
20009036,control,0,2025-01-20,2025,2025Q1,36,0,Male,White,0,Not Hispanic or Latino,1988-10-30,,2022-12-03,2026-05-30,2.132785763175907,1.3552361396303902,5,2,0,0,0,,,0,,,,1,0.044892427262086476,1.0762195121951121,251
20009038,control,0,2022-01-25,2022,2022Q1,60,0,Female,Black or African American,0,Not Hispanic or Latino,1961-12-11,,2015-04-13,2022-06-24,6.787132101300479,0.4106776180698152,3,1,1,0,0,,,0,,,,1,0.025811993187166548,0.7533536585365785,227
20009040,control,0,2025-06-01,2025,2025Q2,47,0,Male,White,0,Not Hispanic or Latino,1977-12-22,,2019-06-27,2025-12-28,5.930184804928132,0.5749486652977412,2,1,0,1,0,,,0,,,,1,0.01700517575225591,0.7533536585365785,89
20009041,control,0,2025-11-25,2025,2025Q4,43,0,Female,White,0,Not Hispanic or Latino,1982-07-20,,2022-05-08,2026-05-09,3.5509924709103355,0.4517453798767967,2,0,0,1,0,,,0,,,,1,0.01291322045517257,0.7533536585365785,149
20009043,control,0,2026-04-30,2026,2026Q2,48,0,Female,White,0,Not Hispanic or Latino,1977-06-13,,2023-05-07,2026-05-13,2.9815195071868583,0.03559206023271732,2,0,1,1,0,,,0,,,,1,0.010034411765785588,0.7533536585365785,304
20009049,control,0,2025-02-10,2025,2025Q1,18,0,Female,White,0,Hispanic or Latino,2006-06-15,,2023-02-15,2025-12-26,1.9876796714579055,0.8733744010951403,4,1,1,0,0,,,0,,,,1,0.04316774515263038,1.0762195121951121,65
20009050,control,0,2022-09-19,2022,2022Q3,18,0,Female,White,0,Hispanic or Latino,2003-10-19,,2018-06-26,2025-03-09,4.232717316906228,2.4695414099931554,2,2,0,0,0,,,0,,,,1,0.02192974139880373,0.7533536585365785,297
20009060,control,0,2025-07-15,2025,2025Q3,27,0,Female,White,1,Not Hispanic or Latino,1997-09-20,,2021-08-13,2026-02-13,3.920602327173169,0.5831622176591376,4,3,1,0,0,,,0,,,,1,0.0626825034053097,0.8370596205961982,285
20009062,control,0,2022-08-17,2022,2022Q3,39,0,Female,White,0,Not Hispanic or Latino,1982-08-29,,2021-02-16,2024-08-07,1.4976043805612593,1.9739904175222451,3,4,0,0,0,,,0,,,,1,0.01606333051983222,0.7533536585365785,222
20009066,control,0,2026-04-18,2026,2026Q2,18,0,Female,White,0,Not Hispanic or Latino,2007-07-21,,2019-03-26,2026-05-26,7.063655030800821,0.10403832991101986,3,1,0,0,0,,,0,,,,1,0.0992192652140603,3.766768292682892,32
20009079,control,0,2025-11-25,2025,2025Q4,60,0,Female,Black or African American,0,Unknown,1964-12-11,,2019-09-03,2026-05-28,6.228610540725531,0.5037645448323066,2,1,0,1,0,,,0,,,,1,0.011757139309155782,0.7533536585365785,220
20009085,control,0,2026-05-29,2026,2026Q2,40,0,Male,White,0,Not Hispanic or Latino,1986-03-18,,2016-05-09,2026-05-29,10.053388090349076,0.0,2,0,0,0,0,,,0,,,,1,0.046922919714446454,1.0762195121951121,262
20009088,control,0,2024-07-05,2024,2024Q3,45,0,Male,Unknown,0,Not Hispanic or Latino,1978-09-13,,2022-02-11,2025-07-24,2.3956194387405887,1.051334702258727,7,4,0,0,0,,,0,,,,1,0.07298715522751076,0.8370596205961982,264
20009089,control,0,2023-02-07,2023,2023Q1,57,0,Female,White,0,Not Hispanic or Latino,1965-05-29,,2017-02-28,2025-07-09,5.94113620807666,2.4175222450376452,3,1,0,0,0,,,0,,,,1,0.018159939263093585,0.7533536585365785,267
20009093,control,0,2022-08-31,2022,2022Q3,64,0,Female,White,0,Not Hispanic or Latino,1958-03-24,,2020-12-12,2023-12-17,1.7166324435318274,1.2950034223134839,5,4,0,0,0,,,0,,,,1,0.015608997779500918,0.7533536585365785,222
20009102,control,0,2025-11-27,2025,2025Q4,40,0,Female,White,0,Not Hispanic or Latino,1985-01-04,,2022-06-25,2026-04-07,3.4250513347022586,0.3586584531143053,3,1,0,0,0,,,0,,,,1,0.02449615470587282,0.7533536585365785,1
20009107,control,0,2024-10-16,2024,2024Q4,41,0,Female,White,0,Unknown,1983-03-01,,2015-01-01,2026-03-30,9.790554414784394,1.4510609171800137,5,1,1,0,0,,,0,,,,1,0.1209043967383658,7.533536585365784,21
20009110,control,0,2023-10-20,2023,2023Q4,45,0,Male,White,0,Not Hispanic or Latino,1978-03-05,,2019-10-02,2024-03-20,4.049281314168378,0.4161533196440794,2,0,1,1,0,,,0,,,,1,0.01318085613761903,0.7533536585365785,47
20009114,control,0,2021-10-02,2021,2021Q4,40,0,Male,Unknown,0,Not Hispanic or Latino,1980-10-09,,2018-02-12,2022-04-18,3.6358658453114305,0.5420944558521561,4,1,0,0,0,,,0,,,,1,0.04687692527506611,0.7533536585365785,250
20009138,control,0,2023-02-10,2023,2023Q1,53,0,Male,White,0,Not Hispanic or Latino,1969-10-22,,2022-06-20,2024-09-29,0.6433949349760438,1.6344969199178645,5,3,0,0,0,,,0,,,,1,0.018612069647418576,0.7533536585365785,161
20009139,control,0,2024-07-17,2024,2024Q3,33,0,Female,White,0,Not Hispanic or Latino,1990-12-05,,2020-02-07,2024-11-18,4.440793976728268,0.3394934976043806,2,1,0,1,0,,,0,,,,1,0.021798818613611565,0.7533536585365785,164
20009144,control,0,2025-11-24,2025,2025Q4,23,0,Male,White,0,Hispanic or Latino,2002-01-19,,2016-09-23,2026-02-22,9.169062286105408,0.2464065708418891,3,1,0,0,0,,,0,,,,1,0.08618939649932525,1.2555894308942974,321
20009145,control,0,2023-11-29,2023,2023Q4,73,0,Female,Unknown,0,Not Hispanic or Latino,1950-07-16,,2015-11-14,2025-08-23,8.041067761806982,1.73305954825462,5,2,0,0,0,,,0,,,,1,0.0415991220081857,0.7533536585365785,70
20009149,control,0,2024-05-06,2024,2024Q2,40,0,Male,White,0,Not Hispanic or Latino,1983-06-17,,2020-01-26,2025-11-18,4.276522929500342,1.5359342915811087,3,5,0,0,0,,,0,,,,1,0.026242171848237586,0.7533536585365785,140
20009154,control,0,2025-12-06,2025,2025Q4,36,0,Female,White,0,Not Hispanic or Latino,1989-04-18,,2023-09-25,2026-04-22,2.198494182067077,0.3750855578370979,2,2,0,0,0,,,0,,,,1,0.013079731543106717,0.7533536585365785,149
20009160,control,0,2023-01-23,2023,2023Q1,42,0,Female,White,1,Not Hispanic or Latino,1980-12-02,,2018-12-23,2025-04-23,4.084873374401095,2.2477754962354553,3,3,1,0,0,,,0,,,,1,0.02248310305401419,0.7533536585365785,85
20009161,control,0,2026-01-13,2026,2026Q1,61,0,Male,White,0,Not Hispanic or Latino,1964-10-08,,2023-04-04,2026-05-04,2.7789185489390826,0.30390143737166325,3,2,0,0,0,,,0,,,,1,0.010358404004128258,0.7533536585365785,127
20009163,control,0,2023-02-24,2023,2023Q1,19,0,Male,White,0,Not Hispanic or Latino,2003-12-02,,2019-02-02,2024-03-03,4.060232717316906,1.0212183436002737,2,5,0,0,0,,,0,,,,1,0.03184624040898105,0.7533536585365785,245
20009165,control,0,2022-12-15,2022,2022Q4,47,0,Male,White,0,Unknown,1975-08-27,,2021-06-11,2023-02-07,1.51129363449692,0.14784394250513347,2,0,1,0,0,,,0,,,,1,0.0069368914399405785,0.7533536585365785,135
20009169,control,0,2024-05-13,2024,2024Q2,20,0,Female,White,0,Not Hispanic or Latino,2003-07-12,,2023-09-15,2024-10-22,0.6598220396988365,0.44353182751540043,3,1,0,0,0,,,0,,,,1,0.030207485924170406,0.7533536585365785,83
20009173,control,0,2024-01-24,2024,2024Q1,39,0,Female,White,0,Unknown,1984-10-02,,2015-01-01,2024-11-15,9.062286105407255,0.810403832991102,3,1,2,0,0,,,0,,,,1,0.05804565730597155,1.0762195121951121,278
20009178,control,0,2023-03-08,2023,2023Q1,62,0,Male,Unknown,0,Not Hispanic or Latino,1960-06-10,,2015-12-22,2024-02-10,7.208761122518823,0.9281314168377823,3,1,0,1,0,,,0,,,,1,0.026061523925351767,0.7533536585365785,106
20009180,control,0,2022-03-26,2022,2022Q1,54,0,Female,White,1,Not Hispanic or Latino,1967-07-29,,2016-02-15,2023-09-21,6.108145106091718,1.4893908281998631,4,3,0,1,0,,,0,,,,1,0.03388056479350828,0.7533536585365785,15
20009186,control,0,2023-04-17,2023,2023Q2,75,0,Female,White,0,Not Hispanic or Latino,1947-06-17,,2019-02-05,2023-12-18,4.1943874058863795,0.6707734428473648,4,4,0,0,0,,,0,,,,1,0.012108961358961957,0.7533536585365785,120
20009190,control,0,2024-09-01,2024,2024Q3,20,0,Female,White,0,Not Hispanic or Latino,2004-05-09,,2018-10-10,2025-07-02,5.894592744695414,0.8323066392881588,4,2,0,0,0,,,0,,,,1,0.10817384661614446,2.511178861788595,271
20009195,control,0,2025-12-25,2025,2025Q4,18,0,Male,White,0,Not Hispanic or Latino,2007-05-14,,2020-08-27,2026-02-22,5.327857631759069,0.16153319644079397,2,0,0,0,0,,,0,,,,1,0.04370005827390063,0.7533536585365785,67
20009204,control,0,2023-05-14,2023,2023Q2,18,0,Female,White,0,Not Hispanic or Latino,2005-01-20,,2019-01-28,2023-05-14,4.290212183436003,0.0,3,0,0,0,0,,,0,,,,1,0.06276458875915548,0.7533536585365785,290
20009214,control,0,2022-06-19,2022,2022Q2,52,0,Female,White,0,Not Hispanic or Latino,1969-09-23,,2019-06-20,2023-08-17,2.9979466119096507,1.160848733744011,4,4,0,0,0,,,0,,,,1,0.02144098050810775,0.7533536585365785,12
20009218,control,0,2023-12-05,2023,2023Q4,52,0,Male,White,0,Unknown,1971-05-27,,2017-09-16,2024-05-09,6.217659137577002,0.4271047227926078,2,2,1,0,0,,,0,,,,1,0.013279534980134407,0.7533536585365785,47
20009227,control,0,2026-01-08,2026,2026Q1,55,0,Male,Black or African American,0,Hispanic or Latino,1970-02-13,,2023-08-06,2026-05-12,2.425735797399042,0.3394934976043806,3,2,0,0,0,,,0,,,,1,0.010093502676688957,0.7533536585365785,127
20009236,control,0,2024-12-22,2024,2024Q4,37,0,Male,White,0,Not Hispanic or Latino,1987-04-25,,2021-05-22,2025-01-09,3.586584531143053,0.049281314168377825,5,0,0,0,0,,,0,,,,1,0.06091586694491945,0.7533536585365785,323
20009246,control,0,2025-11-15,2025,2025Q4,54,0,Female,White,0,Not Hispanic or Latino,1971-05-17,,2020-05-13,2026-04-26,5.508555783709788,0.44353182751540043,3,2,0,0,0,,,0,,,,1,0.021485188782441815,0.7533536585365785,5
20009251,control,0,2025-01-17,2025,2025Q1,74,0,Male,White,0,Not Hispanic or Latino,1950-07-12,,2020-07-01,2026-05-07,4.547570157426421,1.3004791238877482,3,4,0,0,0,,,0,,,,1,0.008324134218222513,0.7533536585365785,144
20009252,control,0,2023-11-08,2023,2023Q4,35,0,Female,White,0,Unknown,1988-07-20,,2020-11-03,2023-11-08,3.0116358658453115,0.0,2,0,0,1,0,,,0,,,,1,0.014132506190898949,0.7533536585365785,318
20009253,control,0,2025-01-18,2025,2025Q1,31,0,Female,White,0,Not Hispanic or Latino,1993-08-18,,2021-11-30,2025-10-24,3.134839151266256,0.7638603696098563,4,3,1,1,0,,,0,,,,1,0.04715487089470285,1.0762195121951121,65
20009255,control,0,2025-05-06,2025,2025Q2,75,0,Male,Black or African American,0,Not Hispanic or Latino,1949-08-05,,2018-12-17,2026-03-21,6.38466803559206,0.8733744010951403,5,0,1,1,0,,,0,,,,1,0.0295289408979995,0.7533536585365785,8
20009256,control,0,2025-10-26,2025,2025Q4,69,0,Female,White,0,Not Hispanic or Latino,1956-09-13,,2024-05-17,2026-02-10,1.4428473648186173,0.2929500342231348,2,1,0,0,0,,,0,,,,1,0.0034993290163780515,0.7533536585365785,237
20009259,control,0,2022-08-27,2022,2022Q3,53,0,Female,Black or African American,0,Not Hispanic or Latino,1969-08-21,,2019-11-14,2023-05-31,2.784394250513347,0.758384668035592,3,1,0,0,0,,,0,,,,1,0.01581505070290003,0.7533536585365785,222
20009261,control,0,2024-10-13,2024,2024Q4,41,0,Female,White,1,Not Hispanic or Latino,1983-07-12,,2022-06-13,2026-02-07,2.3353867214236823,1.319644079397673,6,0,0,0,0,,,0,,,,1,0.052175801529190484,0.7533536585365785,36
20009266,control,0,2022-01-11,2022,2022Q1,63,0,Female,White,0,Not Hispanic or Latino,1958-04-06,,2018-11-16,2023-01-21,3.154004106776181,1.0266940451745379,4,6,0,1,0,,,0,,,,1,0.015045035368251013,0.7533536585365785,308
20009274,control,0,2022-01-08,2022,2022Q1,18,0,Female,White,0,Not Hispanic or Latino,2003-03-21,,2017-12-15,2024-04-09,4.0657084188911705,2.2505133470225873,3,2,1,0,0,,,0,,,,1,0.0518672918876477,1.2555894308942974,325
20009280,control,0,2024-09-01,2024,2024Q3,35,0,Female,White,0,Unknown,1989-03-22,,2023-03-11,2026-05-27,1.4784394250513346,1.73305954825462,2,1,0,0,0,,,0,,,,1,0.009484853099143738,0.7533536585365785,286
20009282,control,0,2022-01-03,2022,2022Q1,47,0,Female,Black or African American,0,Not Hispanic or Latino,1974-12-30,,2015-01-01,2025-01-02,7.006160164271047,2.9979466119096507,3,0,0,0,0,,,0,,,,1,0.03539725307855517,0.7533536585365785,15
20009288,control,0,2026-01-29,2026,2026Q1,43,0,Female,Unknown,0,Not Hispanic or Latino,1982-03-24,,2018-11-04,2026-04-08,7.236139630390143,0.188911704312115,3,1,0,0,0,,,0,,,,1,0.053451862254287545,0.7533536585365785,88
20009299,control,0,2026-05-12,2026,2026Q2,43,0,Female,White,0,Not Hispanic or Latino,1983-04-03,,2021-09-23,2026-05-12,4.632443531827516,0.0,4,0,0,1,0,,,0,,,,1,0.0425506913440821,1.2555894308942974,176
20009310,control,0,2022-07-18,2022,2022Q3,50,0,Female,White,0,Not Hispanic or Latino,1971-10-13,,2019-04-16,2024-09-29,3.2553045859000687,2.2012320328542097,2,2,0,1,0,,,0,,,,1,0.008412457299609941,0.7533536585365785,294
20009313,control,0,2022-11-17,2022,2022Q4,61,0,Male,Black or African American,0,Not Hispanic or Latino,1961-02-21,,2016-10-25,2023-07-05,6.061601642710472,0.6297056810403833,6,2,0,0,0,,,0,,,,1,0.06143566678388639,0.7533536585365785,105
20009315,control,0,2026-03-17,2026,2026Q1,57,0,Male,Unknown,0,Not Hispanic or Latino,1968-06-21,,2024-07-08,2026-05-24,1.6892539356605065,0.1861738535249829,5,1,1,0,0,,,0,,,,1,0.026521743477531275,0.7533536585365785,156
20009317,control,0,2024-06-28,2024,2024Q2,59,0,Female,White,0,Not Hispanic or Latino,1965-06-13,,2021-04-07,2025-03-25,3.2251882272416155,0.7392197125256673,2,1,0,0,0,,,0,,,,1,0.006715887566353572,0.7533536585365785,146
20009327,control,0,2026-04-23,2026,2026Q2,22,0,Female,White,0,Not Hispanic or Latino,2003-09-25,,2022-01-10,2026-04-23,4.2819986310746065,0.0,4,0,0,0,0,,,0,,,,1,0.08195838577018659,1.883384146341446,99
20009329,control,0,2023-07-18,2023,2023Q3,37,0,Female,Asian,0,Not Hispanic or Latino,1985-08-03,,2015-01-01,2026-04-13,8.542094455852157,2.737850787132101,3,0,0,0,0,,,0,,,,1,0.05126679367270104,0.7533536585365785,200
20009333,control,0,2025-12-15,2025,2025Q4,30,0,Female,White,0,Not Hispanic or Latino,1995-11-04,,2024-03-01,2026-04-10,1.7905544147843941,0.31759069130732376,3,2,0,0,0,,,0,,,,1,0.026170643435234054,0.7533536585365785,128
20009342,control,0,2023-08-31,2023,2023Q3,37,0,Female,White,0,Not Hispanic or Latino,1986-06-02,,2020-04-27,2024-06-11,3.3429158110882957,0.7802874743326489,3,1,0,0,0,,,0,,,,1,0.026062158654213064,0.7533536585365785,284
20009351,control,0,2024-10-11,2024,2024Q4,58,0,Male,White,0,Not Hispanic or Latino,1966-03-19,,2015-01-01,2026-02-05,9.776865160848734,1.319644079397673,4,2,0,0,0,,,0,,,,1,0.056509259004023954,0.7533536585365785,323
20009353,control,0,2025-05-13,2025,2025Q2,50,0,Female,White,0,Not Hispanic or Latino,1975-03-04,,2022-03-21,2026-02-08,3.1457905544147846,0.7419575633127995,4,2,0,0,0,,,0,,,,1,0.024332604897851134,0.7533536585365785,184
20009360,control,0,2022-10-18,2022,2022Q4,46,0,Female,Unknown,0,Hispanic or Latino,1975-12-02,,2015-01-01,2023-08-11,7.794661190965092,0.813141683778234,3,1,0,0,0,,,0,,,,1,0.036511491023701916,0.7533536585365785,288
20009364,control,0,2025-05-11,2025,2025Q2,50,0,Male,Black or African American,0,Not Hispanic or Latino,1974-06-13,,2022-05-01,2026-03-19,3.028062970568104,0.8542094455852156,3,3,0,0,0,,,0,,,,1,0.01826056896563749,0.7533536585365785,27
20009366,control,0,2021-11-20,2021,2021Q4,39,0,Male,White,0,Not Hispanic or Latino,1982-05-19,,2015-01-01,2023-06-22,6.885694729637235,1.5852156057494866,5,5,0,0,0,,,0,,,,1,0.08970386119858444,2.511178861788595,30
20009372,control,0,2025-02-08,2025,2025Q1,50,0,Female,White,0,Not Hispanic or Latino,1974-09-04,,2022-12-24,2026-04-14,2.127310061601643,1.1772758384668036,4,3,1,0,0,,,0,,,,1,0.01968539874951481,0.7533536585365785,303
20009379,control,0,2024-03-27,2024,2024Q1,18,0,Female,White,0,Not Hispanic or Latino,2005-06-19,,2021-08-29,2024-05-17,2.5763175906913074,0.13963039014373715,4,0,1,1,0,,,0,,,,1,0.0696780947477424,0.941692073170723,228
20009401,control,0,2026-01-03,2026,2026Q1,31,0,Male,White,0,Unknown,1994-07-27,,2015-01-01,2026-04-23,11.006160164271048,0.30116358658453113,3,3,1,1,0,,,0,,,,1,0.10849894727555895,7.533536585365784,225
20009417,control,0,2021-10-30,2021,2021Q4,27,0,Female,White,0,Not Hispanic or Latino,1994-02-08,,2015-01-01,2025-05-10,6.828199863107461,3.5263518138261465,3,4,0,2,0,,,0,,,,1,0.05622572155358639,2.511178861788595,53
20009423,control,0,2024-07-17,2024,2024Q3,29,0,Male,Asian,0,Not Hispanic or Latino,1994-09-30,,2021-08-23,2026-03-08,2.8993839835728954,1.6399726214921286,6,1,0,0,0,,,0,,,,1,0.0766739146226044,0.8370596205961982,264
20009424,control,0,2026-02-15,2026,2026Q1,48,0,Female,White,0,Not Hispanic or Latino,1978-01-20,,2023-05-05,2026-03-29,2.784394250513347,0.11498973305954825,2,0,0,0,0,,,0,,,,1,0.009629556770305976,0.7533536585365785,201
20009431,control,0,2022-01-05,2022,2022Q1,32,0,Female,Black or African American,0,Not Hispanic or Latino,1989-06-30,,2018-06-03,2024-02-01,3.592060232717317,2.0725530458590007,3,3,0,0,0,,,0,,,,1,0.035004831872336224,0.7533536585365785,15
20009433,control,0,2023-02-01,2023,2023Q1,30,0,Female,White,0,Not Hispanic or Latino,1992-07-03,,2015-10-24,2023-11-05,7.274469541409993,0.758384668035592,2,0,1,2,0,,,0,,,,1,0.03882517238633555,0.7533536585365785,172
20009437,control,0,2025-04-17,2025,2025Q2,21,0,Male,White,0,Hispanic or Latino,2003-10-10,,2021-05-03,2025-09-24,3.9561943874058865,0.4380561259411362,3,1,0,0,0,,,0,,,,1,0.037268441160924766,0.7533536585365785,241
20009446,control,0,2023-01-01,2023,2023Q1,23,0,Female,White,0,Not Hispanic or Latino,1999-06-16,,2017-02-21,2023-01-01,5.859000684462697,0.0,2,0,0,0,0,,,0,,,,1,0.04075024456114928,0.7533536585365785,172
20009452,control,0,2024-09-19,2024,2024Q3,39,0,Female,White,0,Not Hispanic or Latino,1985-08-09,,2021-07-09,2026-04-18,3.1978097193702943,1.5770020533880904,3,3,0,0,0,,,0,,,,1,0.022380518086843725,0.7533536585365785,164
20009455,control,0,2022-07-03,2022,2022Q3,33,0,Male,White,0,Not Hispanic or Latino,1988-10-11,,2019-09-14,2023-09-13,2.8008213552361396,1.1964407939767283,7,3,0,0,0,,,0,,,,1,0.09481747233148595,3.766768292682892,301
20009457,control,0,2025-06-05,2025,2025Q2,50,0,Female,White,0,Not Hispanic or Latino,1975-02-08,2026-01-09,2019-06-21,2026-01-09,5.9575633127994525,0.5968514715947981,2,2,0,1,0,,,0,,,,1,0.01533086969416214,0.7533536585365785,210
20009458,control,0,2024-06-25,2024,2024Q2,50,0,Male,White,0,Unknown,1974-04-09,,2022-04-30,2024-09-19,2.1546885694729636,0.23545516769336072,5,2,1,0,0,,,0,,,,1,0.026247167790499317,0.7533536585365785,140
20009459,control,0,2023-04-01,2023,2023Q2,45,0,Female,Other Race,0,Not Hispanic or Latino,1977-09-13,,2021-02-18,2026-03-15,2.113620807665982,2.954140999315537,3,1,0,0,0,,,0,,,,1,0.0116335027563506,0.7533536585365785,87
20009474,control,0,2024-05-27,2024,2024Q2,48,0,Female,White,0,Not Hispanic or Latino,1975-11-04,,2022-07-30,2026-05-28,1.8261464750171115,2.001368925393566,4,2,0,0,0,,,0,,,,1,0.018901641194498796,0.7533536585365785,273
20009477,control,0,2024-12-08,2024,2024Q4,54,0,Female,White,0,Not Hispanic or Latino,1970-08-05,,2023-04-22,2025-10-02,1.6317590691307324,0.8158795345653662,3,4,0,1,0,,,0,,,,1,0.010442447350527887,0.7533536585365785,121
20009486,control,0,2023-09-24,2023,2023Q3,41,0,Female,White,0,Not Hispanic or Latino,1981-10-11,,2020-09-09,2026-03-31,3.0390143737166326,2.516084873374401,3,1,0,0,0,,,0,,,,1,0.01897086008216798,0.7533536585365785,254
20009489,control,0,2023-11-01,2023,2023Q4,28,0,Female,White,0,Not Hispanic or Latino,1995-01-07,,2016-11-14,2023-11-01,6.962354551676934,0.0,2,0,0,0,0,,,0,,,,1,0.0415255350114019,0.7533536585365785,70
20009492,control,0,2023-09-07,2023,2023Q3,46,0,Female,White,0,Hispanic or Latino,1977-01-19,,2015-01-01,2025-07-10,8.681724845995893,1.839835728952772,4,5,0,0,0,,,0,,,,1,0.049082148134408976,0.7533536585365785,200
20009500,control,0,2025-06-12,2025,2025Q2,65,0,Male,White,0,Hispanic or Latino,1959-07-20,,2023-06-08,2026-03-26,2.0123203285420943,0.785763175906913,10,5,0,1,0,,,0,,,,1,0.03703451177030818,0.7533536585365785,241
20009504,control,0,2024-09-21,2024,2024Q3,58,0,Male,Unknown,0,Not Hispanic or Latino,1966-07-24,,2021-03-05,2026-05-27,3.5482546201232035,1.678302532511978,2,5,0,2,0,,,0,,,,1,0.008527973712924774,0.7533536585365785,317
20009512,control,0,2023-04-18,2023,2023Q2,60,0,Female,White,0,Not Hispanic or Latino,1963-03-19,,2019-12-28,2023-06-15,3.3045859000684463,0.15879534565366188,3,1,2,0,0,,,0,,,,1,0.011924614417704297,0.7533536585365785,87
20009513,control,0,2025-09-08,2025,2025Q3,18,0,Female,White,0,Not Hispanic or Latino,2007-02-06,,2024-05-09,2026-05-23,1.3333333333333333,0.70362765229295,6,3,0,0,0,,,0,,,,1,0.09939313298412693,1.883384146341446,73
20009521,control,0,2024-07-26,2024,2024Q3,53,0,Female,White,0,Not Hispanic or Latino,1970-09-23,,2021-10-28,2026-05-07,2.7433264887063653,1.7796030116358659,4,1,1,0,0,,,0,,,,1,0.018932322929915008,0.7533536585365785,58
20009526,control,0,2026-05-11,2026,2026Q2,73,0,Female,Black or African American,0,Hispanic or Latino,1952-06-04,,2023-07-15,2026-05-11,2.8227241615331966,0.0,4,0,0,0,0,,,0,,,,1,0.00894524795250878,0.7533536585365785,305
20009532,control,0,2025-01-05,2025,2025Q1,47,0,Female,White,0,Not Hispanic or Latino,1977-10-23,,2022-07-06,2026-05-24,2.5023956194387407,1.379876796714579,4,3,0,0,0,,,0,,,,1,0.023079721581212496,0.7533536585365785,196
20009539,control,0,2026-04-12,2026,2026Q2,57,0,Female,White,0,Not Hispanic or Latino,1968-08-03,,2019-05-26,2026-04-26,6.880219028062971,0.038329911019849415,3,1,0,0,0,,,0,,,,1,0.025367592284598787,0.7533536585365785,101
20009540,control,0,2024-07-13,2024,2024Q3,44,0,Male,White,0,Hispanic or Latino,1980-04-10,,2020-06-07,2025-12-01,4.098562628336755,1.3853524982888432,2,4,0,0,0,,,0,,,,1,0.009129549367359158,0.7533536585365785,317
20009547,control,0,2024-02-16,2024,2024Q1,70,0,Female,Black or African American,0,Not Hispanic or Latino,1953-08-05,,2018-08-23,2024-03-25,5.4839151266255985,0.10403832991101986,4,1,0,0,0,,,0,,,,1,0.02243085337883265,0.7533536585365785,243
20009555,control,0,2022-10-19,2022,2022Q4,18,0,Female,Unknown,0,Not Hispanic or Latino,2004-09-29,,2018-03-17,2024-03-15,4.591375770020534,1.404517453798768,2,4,0,0,0,,,0,,,,1,0.04327159821442547,0.7533536585365785,78
20009577,control,0,2024-09-28,2024,2024Q3,21,0,Female,White,0,Not Hispanic or Latino,2003-01-25,,2022-07-12,2026-03-11,2.21492128678987,1.4483230663928817,3,1,0,1,0,,,0,,,,1,0.03577421179212339,0.7533536585365785,191
20009589,control,0,2022-10-13,2022,2022Q4,65,0,Female,White,0,Not Hispanic or Latino,1956-12-16,,2015-01-01,2026-04-16,7.780971937029432,3.5071868583162216,3,1,0,0,0,,,0,,,,1,0.017578616836123936,0.7533536585365785,188
20009605,control,0,2025-04-22,2025,2025Q2,51,0,Female,White,0,Unknown,1973-09-28,,2021-05-16,2025-09-25,3.9342915811088295,0.4271047227926078,7,0,1,0,0,,,0,,,,1,0.05841728457158898,0.8370596205961982,177
20009616,control,0,2025-01-02,2025,2025Q1,35,0,Female,Black or African American,0,Not Hispanic or Latino,1989-08-01,,2016-09-16,2026-05-30,8.295687885010267,1.404517453798768,3,2,0,1,0,,,0,,,,1,0.07440464491828741,1.0762195121951121,122
20009629,control,0,2022-12-06,2022,2022Q4,73,0,Female,Black or African American,0,Not Hispanic or Latino,1949-04-06,,2015-01-01,2024-01-04,7.928815879534565,1.0787132101300478,2,2,0,0,0,,,0,,,,1,0.010969151310399897,0.7533536585365785,155
20009640,control,0,2022-04-16,2022,2022Q2,47,0,Female,White,0,Not Hispanic or Latino,1974-07-12,,2015-01-01,2023-01-19,7.2881587953456535,0.7611225188227242,3,2,1,0,0,,,0,,,,1,0.03684224191477067,0.7533536585365785,37
20009649,control,0,2026-03-24,2026,2026Q1,60,0,Female,White,1,Not Hispanic or Latino,1965-06-28,,2019-07-25,2026-03-24,6.663928815879535,0.0,3,0,2,0,0,,,0,,,,1,0.022010169610576367,0.7533536585365785,29
20009659,control,0,2022-12-09,2022,2022Q4,65,0,Female,Asian,0,Not Hispanic or Latino,1957-07-08,,2016-09-10,2025-07-13,6.245037645448323,2.5927446954141,2,2,1,0,0,,,0,,,,1,0.007386302818371394,0.7533536585365785,55
20009686,control,0,2024-09-15,2024,2024Q3,62,0,Female,White,0,Not Hispanic or Latino,1962-06-28,,2017-03-17,2025-11-13,7.498973305954825,1.160848733744011,2,1,0,0,0,,,0,,,,1,0.012651611293962611,0.7533536585365785,205
20009690,control,0,2022-03-03,2022,2022Q1,52,0,Female,White,0,Not Hispanic or Latino,1969-04-18,,2015-06-23,2024-01-18,6.694045174537988,1.8781656399726214,3,3,0,0,0,,,0,,,,1,0.025752234636909677,0.7533536585365785,227
20009692,control,0,2025-09-23,2025,2025Q3,68,0,Female,White,0,Not Hispanic or Latino,1957-01-30,,2020-03-31,2026-04-25,5.4811772758384665,0.5859000684462696,5,4,0,0,0,,,0,,,,1,0.02784707271441125,0.7533536585365785,260
20009697,control,0,2025-10-28,2025,2025Q4,43,0,Male,White,0,Not Hispanic or Latino,1982-03-15,,2019-12-11,2026-05-02,5.880903490759754,0.5092402464065708,6,2,0,0,0,,,0,,,,1,0.09378494774143004,1.2555894308942974,321
20009703,control,0,2022-01-22,2022,2022Q1,46,0,Female,White,0,Not Hispanic or Latino,1975-05-18,,2020-01-19,2022-11-21,2.0095824777549622,0.8295687885010267,3,3,0,0,0,,,0,,,,1,0.014868784117226306,0.7533536585365785,308
20009710,control,0,2022-11-12,2022,2022Q4,41,0,Female,White,0,Not Hispanic or Latino,1981-01-15,,2016-04-15,2022-11-12,6.576317590691307,0.0,5,0,0,0,0,,,0,,,,1,0.08847196167866327,2.511178861788595,183
20009711,control,0,2022-07-20,2022,2022Q3,89,0,Female,Unknown,0,Not Hispanic or Latino,1933-05-25,,2020-07-15,2024-08-10,2.0123203285420943,2.0588637919233403,5,2,0,0,0,,,0,,,,1,0.007856411057287734,0.7533536585365785,294
20009715,control,0,2025-05-09,2025,2025Q2,43,0,Male,White,0,Not Hispanic or Latino,1981-07-12,,2019-06-30,2025-11-20,5.859000684462697,0.5338809034907598,3,0,0,1,0,,,0,,,,1,0.03348754762061914,0.7533536585365785,86
20009721,control,0,2023-12-18,2023,2023Q4,37,0,Female,White,0,Not Hispanic or Latino,1986-07-03,,2020-11-09,2024-03-12,3.1047227926078027,0.2327173169062286,6,1,0,0,0,,,0,,,,1,0.07333981543495523,2.511178861788595,307
20009726,control,0,2025-07-29,2025,2025Q3,29,0,Female,White,0,Not Hispanic or Latino,1996-06-19,,2020-12-17,2026-05-08,4.61327857631759,0.7748117727583846,4,2,1,1,0,,,0,,,,1,0.06506747877848791,0.8370596205961982,285
20009733,control,0,2023-11-02,2023,2023Q4,64,0,Female,White,0,Not Hispanic or Latino,1959-07-31,,2019-01-15,2024-06-12,4.7967145790554415,0.6105407255304586,5,3,0,1,0,,,0,,,,1,0.028355243312781324,0.7533536585365785,150
20009740,control,0,2026-03-17,2026,2026Q1,18,0,Female,White,0,Unknown,2008-03-03,,2023-09-20,2026-05-02,2.48870636550308,0.12594113620807665,2,0,1,0,0,,,0,,,,1,0.023362964473484057,0.7533536585365785,173
20009749,control,0,2023-01-12,2023,2023Q1,77,0,Male,White,0,Not Hispanic or Latino,1945-05-27,,2015-01-01,2025-03-18,8.030116358658454,2.1793292265571527,4,2,0,0,0,,,0,,,,1,0.02015811964267641,0.7533536585365785,161
20009750,control,0,2023-12-20,2023,2023Q4,38,0,Female,White,0,Not Hispanic or Latino,1985-03-02,,2017-10-12,2026-04-21,6.187542778918549,2.3353867214236823,5,1,0,0,0,,,0,,,,1,0.07857017736799438,7.533536585365784,57
20009751,control,0,2022-04-23,2022,2022Q2,42,0,Male,White,0,Unknown,1979-11-15,,2017-03-21,2025-11-26,5.089664613278576,3.594798083504449,7,5,1,0,0,,,0,,,,1,0.07796009162697233,3.766768292682892,51
20009753,control,0,2026-03-15,2026,2026Q1,48,0,Female,White,0,Not Hispanic or Latino,1977-12-21,,2021-07-13,2026-05-12,4.670773442847365,0.15879534565366188,3,0,2,0,0,,,0,,,,1,0.023355487791526245,0.7533536585365785,173
20009760,control,0,2025-08-13,2025,2025Q3,53,0,Female,White,0,Not Hispanic or Latino,1972-06-25,,2022-04-21,2026-01-28,3.3127994524298425,0.459958932238193,7,2,1,0,0,,,0,,,,1,0.05544905389300692,0.8370596205961982,285
20009771,control,0,2025-06-11,2025,2025Q2,18,0,Female,White,0,Not Hispanic or Latino,2006-08-17,,2022-09-06,2026-04-20,2.7624914442162902,0.8569472963723477,3,4,0,0,0,,,0,,,,1,0.04551164075357841,1.0762195121951121,114
20009774,control,0,2022-11-14,2022,2022Q4,61,0,Male,White,0,Not Hispanic or Latino,1961-08-16,,2015-01-01,2023-08-11,7.868583162217659,0.7392197125256673,2,5,0,0,0,,,0,,,,1,0.014436710300559935,0.7533536585365785,23
20009779,control,0,2025-06-07,2025,2025Q2,64,0,Female,White,1,Unknown,1960-09-09,,2018-11-10,2025-11-19,6.573579739904175,0.4517453798767967,4,2,1,0,0,,,0,,,,1,0.024444871033972863,0.7533536585365785,184
20009780,control,0,2022-09-27,2022,2022Q3,24,0,Female,Asian,0,Not Hispanic or Latino,1998-02-21,,2016-11-16,2023-04-20,5.861738535249829,0.5612594113620808,2,2,0,0,0,,,0,,,,1,0.03427808539085155,0.7533536585365785,249
20009789,control,0,2022-01-14,2022,2022Q1,39,0,Female,White,0,Hispanic or Latino,1982-11-10,,2017-12-16,2023-12-17,4.079397672826831,1.9219712525667352,2,3,0,0,0,,,0,,,,1,0.010479914145627045,0.7533536585365785,209
20009791,control,0,2025-10-15,2025,2025Q4,74,0,Female,White,0,Not Hispanic or Latino,1951-06-24,,2022-11-26,2026-05-27,2.8856947296372346,0.6132785763175906,2,1,0,0,0,,,0,,,,1,0.0037094040823190733,0.7533536585365785,237
20009795,control,0,2025-04-10,2025,2025Q2,38,0,Female,White,0,Not Hispanic or Latino,1986-05-13,,2018-12-01,2026-05-22,6.357289527720739,1.1143052703627652,2,0,2,0,0,,,0,,,,1,0.024323645174509023,0.7533536585365785,184
20009796,control,0,2023-05-24,2023,2023Q2,18,0,Female,Black or African American,0,Not Hispanic or Latino,2004-09-26,,2015-12-20,2024-04-11,7.425051334702259,0.8843258042436687,2,2,0,1,0,,,0,,,,1,0.07008474047197129,0.7533536585365785,290
20009798,control,0,2023-04-22,2023,2023Q2,27,0,Female,White,1,Not Hispanic or Latino,1995-07-17,,2017-06-29,2026-03-03,5.812457221081451,2.863791923340178,3,3,0,0,0,,,0,,,,1,0.04936070055612163,0.8370596205961982,280
20009800,control,0,2025-01-06,2025,2025Q1,28,0,Male,White,0,Not Hispanic or Latino,1996-08-20,,2017-11-29,2025-10-02,7.104722792607803,0.7364818617385352,2,1,2,0,0,,,0,,,,1,0.04046860088619199,0.7533536585365785,134
20009804,control,0,2025-01-23,2025,2025Q1,50,0,Female,White,0,Not Hispanic or Latino,1974-11-28,,2019-11-14,2025-11-02,5.193702943189596,0.7748117727583846,3,1,2,0,0,,,0,,,,1,0.02287112335181942,0.7533536585365785,196
20009828,control,0,2025-11-09,2025,2025Q4,39,0,Male,White,0,Unknown,1986-01-11,,2015-10-13,2026-01-27,10.075290896646132,0.216290212183436,2,1,0,0,0,,,0,,,,1,0.04232187568719852,0.7533536585365785,67
20009839,control,0,2023-03-20,2023,2023Q1,45,0,Female,White,0,Not Hispanic or Latino,1977-12-05,,2018-08-25,2025-07-20,4.566735112936345,2.3353867214236823,2,2,0,0,0,,,0,,,,1,0.012628249942515227,0.7533536585365785,52
20009846,control,0,2025-03-03,2025,2025Q1,41,0,Female,White,0,Unknown,1983-06-23,,2015-01-01,2026-03-06,10.168377823408624,1.0075290896646132,2,2,0,1,0,,,0,,,,1,0.03799723156860903,0.7533536585365785,269
20009848,control,0,2024-08-24,2024,2024Q3,46,0,Female,White,0,Not Hispanic or Latino,1978-02-01,,2022-02-07,2024-09-24,2.543463381245722,0.08487337440109514,2,1,0,1,0,,,0,,,,1,0.009927716748105542,0.7533536585365785,286
20009853,control,0,2025-06-12,2025,2025Q2,53,0,Female,White,0,Not Hispanic or Latino,1971-12-30,,2022-03-09,2026-04-30,3.260780287474333,0.8815879534565366,7,3,0,0,0,,,0,,,,1,0.05340575235502189,0.941692073170723,152
20009863,control,0,2024-03-06,2024,2024Q1,46,0,Female,White,0,Not Hispanic or Latino,1977-05-27,,2019-10-26,2025-09-16,4.361396303901437,1.5304585900068446,6,2,0,0,0,,,0,,,,1,0.06139961394289849,1.0762195121951121,278
20009864,control,0,2026-04-10,2026,2026Q2,89,0,Female,White,0,Not Hispanic or Latino,1936-06-21,,2023-09-29,2026-04-10,2.529774127310062,0.0,3,0,1,0,0,,,0,,,,1,0.003690564227773109,0.7533536585365785,35
20009875,control,0,2026-05-16,2026,2026Q2,32,0,Male,White,0,Not Hispanic or Latino,1994-02-28,,2020-09-11,2026-05-16,5.675564681724846,0.0,3,0,2,0,0,,,0,,,,1,0.04932071254449402,1.0762195121951121,262
20009904,control,0,2023-12-13,2023,2023Q4,44,0,Female,White,0,Not Hispanic or Latino,1979-08-18,,2022-04-19,2025-08-28,1.6509240246406571,1.7084188911704312,3,1,0,0,0,,,0,,,,1,0.01407284562014542,0.7533536585365785,318
20009908,control,0,2024-07-23,2024,2024Q3,57,0,Female,Unknown,0,Not Hispanic or Latino,1966-12-17,,2022-03-19,2025-12-31,2.346338124572211,1.4401095140314852,4,2,0,1,0,,,0,,,,1,0.019306974410533712,0.7533536585365785,58
20009910,control,0,2026-04-07,2026,2026Q2,50,0,Female,Other Race,0,Not Hispanic or Latino,1975-07-27,,2023-01-25,2026-04-07,3.1978097193702943,0.0,4,0,1,1,0,,,0,,,,1,0.022310472292495883,0.7533536585365785,153
20009911,control,0,2025-04-08,2025,2025Q2,71,0,Female,White,0,Not Hispanic or Latino,1953-07-26,,2020-05-24,2025-07-19,4.87337440109514,0.2792607802874743,3,0,0,0,0,,,0,,,,1,0.010572088360693658,0.7533536585365785,54
20009912,control,0,2026-03-28,2026,2026Q1,67,0,Female,Black or African American,0,Not Hispanic or Latino,1959-01-10,,2023-12-22,2026-04-06,2.2642026009582477,0.024640657084188913,6,1,1,0,0,,,0,,,,1,0.026803490300474856,0.7533536585365785,170
20009928,control,0,2026-04-15,2026,2026Q2,43,0,Female,White,0,Not Hispanic or Latino,1982-05-09,,2018-12-12,2026-05-30,7.340177960301164,0.12320328542094455,3,0,0,0,0,,,0,,,,1,0.044645306504872015,1.2555894308942974,176
20009933,control,0,2023-02-28,2023,2023Q1,43,0,Female,White,0,Not Hispanic or Latino,1979-12-24,,2015-01-01,2024-07-11,8.158795345653662,1.3661875427789185,5,1,0,0,0,,,0,,,,1,0.09843579161386516,1.506707317073157,84
20009951,control,0,2026-05-08,2026,2026Q2,55,0,Female,White,0,Not Hispanic or Latino,1970-09-23,,2022-05-28,2026-05-08,3.9452429842573578,0.0,3,0,1,0,0,,,0,,,,1,0.016177574516606476,0.7533536585365785,143
20009955,control,0,2024-12-20,2024,2024Q4,67,0,Female,White,0,Not Hispanic or Latino,1957-08-18,,2020-02-01,2025-10-18,4.884325804243669,0.8268309377138946,5,1,2,0,0,,,0,,,,1,0.025518561027491678,0.7533536585365785,235
20009957,control,0,2026-05-21,2026,2026Q2,32,0,Female,White,0,Not Hispanic or Latino,1994-04-24,,2018-12-09,2026-05-21,7.446954140999315,0.0,2,0,0,0,0,,,0,,,,1,0.03932387422386444,0.7533536585365785,240
20009961,control,0,2026-04-11,2026,2026Q2,41,0,Male,White,0,Not Hispanic or Latino,1984-11-04,,2024-01-21,2026-05-25,2.220396988364134,0.12046543463381246,5,1,3,0,0,,,0,,,,1,0.04171296390880439,0.7533536585365785,142
20009963,control,0,2022-07-17,2022,2022Q3,61,0,Female,Black or African American,0,Not Hispanic or Latino,1961-07-08,,2018-03-06,2023-08-14,4.3641341546885695,1.0759753593429158,3,6,0,0,0,,,0,,,,1,0.0154286304699681,0.7533536585365785,222
20009977,control,0,2025-04-11,2025,2025Q2,43,0,Female,Unknown,0,Not Hispanic or Latino,1981-11-15,,2022-12-28,2026-04-27,2.2861054072553046,1.0431211498973305,3,3,1,0,0,,,0,,,,1,0.021108430592635914,0.7533536585365785,229
20009982,control,0,2024-01-02,2024,2024Q1,66,0,Female,White,0,Not Hispanic or Latino,1957-05-08,,2020-11-11,2026-05-25,3.14031485284052,2.3928815879534566,3,0,1,0,0,,,0,,,,1,0.00796419802573104,0.7533536585365785,159
20009988,control,0,2025-11-26,2025,2025Q4,24,0,Female,White,0,Not Hispanic or Latino,2001-09-24,,2016-11-11,2026-02-17,9.040383299110198,0.2272416153319644,3,1,0,1,0,,,0,,,,1,0.11181706806018486,1.883384146341446,259
20009990,control,0,2024-03-11,2024,2024Q1,53,0,Male,White,0,Not Hispanic or Latino,1970-12-27,,2021-05-19,2025-04-24,2.811772758384668,1.1197809719370295,3,4,1,0,0,,,0,,,,1,0.013099152137694647,0.7533536585365785,59
20010002,control,0,2024-12-26,2024,2024Q4,40,0,Female,White,0,Not Hispanic or Latino,1984-07-27,,2023-02-18,2025-09-18,1.8535249828884326,0.7282683093771389,6,3,1,0,0,,,0,,,,1,0.051728053467201565,1.2555894308942974,175
20010012,control,0,2025-11-11,2025,2025Q4,57,0,Male,Unknown,0,Not Hispanic or Latino,1968-01-02,,2015-01-01,2025-11-11,10.861054072553046,0.0,5,0,0,0,0,,,0,,,,1,0.12794231206009732,1.506707317073157,139
20010017,control,0,2023-11-03,2023,2023Q4,48,0,Male,Black or African American,0,Unknown,1974-11-11,,2018-07-18,2026-04-05,5.295003422313484,2.4202600958247777,2,4,0,1,0,,,0,,,,1,0.013336183522097145,0.7533536585365785,47
20010025,control,0,2022-03-02,2022,2022Q1,50,0,Female,Black or African American,0,Not Hispanic or Latino,1971-10-27,,2018-10-20,2024-05-15,3.3648186173853527,2.2039698836413417,2,2,0,0,0,,,0,,,,1,0.010154772997243698,0.7533536585365785,209
20010026,control,0,2021-12-28,2021,2021Q4,36,0,Female,White,0,Not Hispanic or Latino,1985-04-19,,2015-05-05,2023-08-15,6.650239561943874,1.6290212183436004,4,1,1,0,0,,,0,,,,1,0.06855261046987593,7.533536585365784,69
20010029,control,0,2026-03-30,2026,2026Q1,73,0,Male,White,0,Not Hispanic or Latino,1952-05-15,,2019-06-18,2026-03-30,6.781656399726215,0.0,6,0,0,1,0,,,0,,,,1,0.0408796554968843,0.7533536585365785,64
20010033,control,0,2022-07-05,2022,2022Q3,25,0,Female,Other Race,0,Not Hispanic or Latino,1996-09-16,,2018-08-06,2023-04-25,3.912388774811773,0.8049281314168378,6,4,1,0,0,,,0,,,,1,0.1046238225767919,2.511178861788595,2
20010035,control,0,2023-01-22,2023,2023Q1,54,0,Female,White,0,Not Hispanic or Latino,1968-04-14,,2020-08-12,2024-01-13,2.4449007529089664,0.974674880219028,4,1,0,1,0,,,0,,,,1,0.018331124070628747,0.7533536585365785,267
20010042,control,0,2023-05-06,2023,2023Q2,25,0,Female,White,0,Not Hispanic or Latino,1997-05-11,,2019-07-08,2024-12-07,3.8275154004106775,1.5906913073237507,4,1,1,0,0,,,0,,,,1,0.06170913696595295,1.2555894308942974,79
20010048,control,0,2024-12-15,2024,2024Q4,18,0,Male,White,0,Not Hispanic or Latino,2006-08-27,,2023-11-18,2026-04-02,1.0759753593429158,1.2950034223134839,2,1,0,0,0,,,0,,,,1,0.019052620820985595,0.7533536585365785,293
20010049,control,0,2024-01-17,2024,2024Q1,65,0,Female,Black or African American,0,Hispanic or Latino,1958-12-17,,2017-07-18,2026-05-17,6.499657768651608,2.329911019849418,4,1,0,0,0,,,0,,,,1,0.019549445707953944,0.7533536585365785,253
20010053,control,0,2025-09-12,2025,2025Q3,32,0,Female,Unknown,0,Not Hispanic or Latino,1993-01-14,,2024-07-06,2026-02-06,1.1854893908281998,0.4024640657084189,7,2,0,0,0,,,0,,,,1,0.09584992905542063,1.506707317073157,124
20010062,control,0,2024-12-20,2024,2024Q4,45,0,Male,White,0,Not Hispanic or Latino,1979-01-31,,2015-01-01,2026-04-13,9.96851471594798,1.3114305270362765,3,1,0,0,0,,,0,,,,1,0.06051729116686337,0.7533536585365785,323
20010066,control,0,2025-03-12,2025,2025Q1,35,0,Male,Asian,0,Not Hispanic or Latino,1989-05-24,,2018-02-05,2026-04-01,7.096509240246407,1.054072553045859,3,4,1,0,0,,,0,,,,1,0.04796678673758216,1.0762195121951121,251
20010069,control,0,2022-12-10,2022,2022Q4,45,0,Female,White,0,Not Hispanic or Latino,1977-11-02,,2019-12-01,2024-07-21,3.025325119780972,1.6125941136208077,3,6,1,0,0,,,0,,,,1,0.017490946302691525,0.7533536585365785,188
20010078,control,0,2023-02-22,2023,2023Q1,50,0,Female,Black or African American,0,Not Hispanic or Latino,1973-02-13,,2020-02-04,2026-03-25,3.049965776865161,3.0855578370978782,2,4,0,0,0,,,0,,,,1,0.009011877606536855,0.7533536585365785,202
20010079,control,0,2025-06-30,2025,2025Q2,33,0,Female,White,0,Not Hispanic or Latino,1991-11-22,,2021-05-18,2026-04-11,4.117727583846681,0.7802874743326489,3,1,0,0,0,,,0,,,,1,0.03439846042842621,0.7533536585365785,147
20010080,control,0,2026-01-11,2026,2026Q1,28,0,Male,Black or African American,0,Not Hispanic or Latino,1998-01-11,,2022-01-19,2026-05-17,3.978097193702943,0.34496919917864477,4,2,0,0,0,,,0,,,,1,0.07287092206532912,1.506707317073157,320
20010092,control,0,2024-04-28,2024,2024Q2,45,0,Male,White,0,Not Hispanic or Latino,1978-10-05,,2021-08-15,2025-08-02,2.702258726899384,1.2621492128678986,4,4,0,0,0,,,0,,,,1,0.025879080131988964,0.7533536585365785,140
20010113,control,0,2022-10-29,2022,2022Q4,80,0,Male,White,0,Not Hispanic or Latino,1942-06-15,,2019-10-08,2024-02-01,3.058179329226557,1.2594113620807665,4,3,2,0,0,,,0,,,,1,0.007907304995902543,0.7533536585365785,135
20010123,control,0,2022-07-21,2022,2022Q3,18,0,Female,Unknown,0,Not Hispanic or Latino,2004-01-11,,2015-02-23,2023-08-28,7.405886379192334,1.103353867214237,3,6,0,0,0,,,0,,,,1,0.11896035401247294,3.766768292682892,25
20010138,control,0,2025-08-31,2025,2025Q3,45,0,Female,Unknown,0,Not Hispanic or Latino,1979-12-30,,2015-01-01,2026-05-01,10.663928815879535,0.6652977412731006,3,0,0,0,0,,,0,,,,1,0.08655255779067599,1.2555894308942974,187
20010149,control,0,2023-12-04,2023,2023Q4,43,0,Male,White,0,Not Hispanic or Latino,1980-05-16,,2020-02-15,2024-07-19,3.800136892539357,0.6242299794661191,2,3,0,0,0,,,0,,,,1,0.013340732421290377,0.7533536585365785,47
20010152,control,0,2022-12-04,2022,2022Q4,55,0,Female,White,0,Unknown,1967-02-07,,2019-12-09,2023-05-10,2.9869952087611225,0.42984257357973993,2,0,0,0,0,,,0,,,,1,0.006656620549679938,0.7533536585365785,55
20010154,control,0,2024-04-02,2024,2024Q2,84,0,Female,Unknown,0,Not Hispanic or Latino,1939-08-21,,2020-03-04,2025-11-25,4.079397672826831,1.648186173853525,3,3,0,1,0,,,0,,,,1,0.006431896220892848,0.7533536585365785,146
20010157,control,0,2023-02-14,2023,2023Q1,52,0,Female,White,0,Not Hispanic or Latino,1970-05-04,,2018-01-01,2026-05-27,5.119780971937029,3.2799452429842573,3,4,0,0,0,,,0,,,,1,0.017630232549539597,0.7533536585365785,267
20010158,control,0,2022-01-09,2022,2022Q1,25,0,Female,White,0,Not Hispanic or Latino,1996-04-25,,2016-11-26,2023-01-13,5.119780971937029,1.0102669404517455,3,6,0,0,0,,,0,,,,1,0.05321650406919871,1.2555894308942974,325
20010159,control,0,2026-01-07,2026,2026Q1,18,0,Female,White,1,Not Hispanic or Latino,2007-08-13,,2022-09-21,2026-05-11,3.29637234770705,0.3394934976043806,3,0,0,0,0,,,0,,,,1,0.051716500382020414,0.7533536585365785,88
20010163,control,0,2023-07-04,2023,2023Q3,21,0,Female,White,0,Not Hispanic or Latino,2001-10-08,,2015-12-03,2024-11-01,7.58384668035592,1.3305954825462012,2,3,2,0,0,,,0,,,,1,0.05378481875112925,0.7533536585365785,200
20010164,control,0,2026-03-16,2026,2026Q1,87,0,Male,White,0,Not Hispanic or Latino,1938-05-13,,2017-11-25,2026-03-26,8.303901437371664,0.02737850787132101,4,1,0,0,0,,,0,,,,1,0.017256329208228977,0.7533536585365785,174
20010166,control,0,2025-05-08,2025,2025Q2,52,0,Female,Unknown,0,Not Hispanic or Latino,1972-07-25,,2019-10-11,2026-05-26,5.574264202600959,1.0485968514715949,4,2,0,0,0,,,0,,,,1,0.04186249790002935,0.7533536585365785,203
20010167,control,0,2021-11-12,2021,2021Q4,41,0,Female,White,0,Not Hispanic or Latino,1979-12-06,,2015-11-22,2022-04-18,5.973990417522245,0.42984257357973993,4,1,1,1,0,,,0,,,,1,0.05585196622053454,1.883384146341446,104
20010168,control,0,2023-11-02,2023,2023Q4,60,0,Female,White,0,Not Hispanic or Latino,1963-10-04,,2019-04-17,2026-04-09,4.544832306639288,2.433949349760438,5,1,0,0,0,,,0,,,,1,0.027497477472373296,0.7533536585365785,150
20010173,control,0,2025-03-18,2025,2025Q1,35,0,Female,Black or African American,0,Not Hispanic or Latino,1989-09-12,,2022-03-12,2025-07-20,3.0171115674195756,0.3394934976043806,5,4,0,1,0,,,0,,,,1,0.06804112194996997,1.0762195121951121,122
20010180,control,0,2025-10-10,2025,2025Q4,50,0,Female,White,0,Not Hispanic or Latino,1974-10-20,,2023-12-20,2026-01-26,1.8069815195071868,0.29568788501026694,3,1,0,0,0,,,0,,,,1,0.012905075139557822,0.7533536585365785,149
20010182,control,0,2025-03-08,2025,2025Q1,46,0,Female,White,0,Not Hispanic or Latino,1978-08-24,,2021-11-13,2026-05-30,3.3155373032169746,1.2265571526351813,4,5,0,0,0,,,0,,,,1,0.027919340898563825,0.7533536585365785,313
20010184,control,0,2024-06-23,2024,2024Q2,61,0,Female,White,0,Not Hispanic or Latino,1962-12-03,,2017-09-17,2026-03-05,6.765229295003422,1.6974674880219027,6,2,0,0,0,,,0,,,,1,0.054938774645214315,0.7533536585365785,125
20010195,control,0,2023-02-21,2023,2023Q1,60,0,Female,White,0,Unknown,1963-01-15,,2017-06-14,2023-11-06,5.689253935660506,0.7063655030800822,2,1,0,0,0,,,0,,,,1,0.008885054104032697,0.7533536585365785,202
20010198,control,0,2026-04-10,2026,2026Q2,56,0,Female,White,0,Hispanic or Latino,1969-09-16,,2023-06-25,2026-05-19,2.7926078028747434,0.10677618069815195,3,1,1,0,0,,,0,,,,1,0.008935773126511122,0.7533536585365785,305
20010200,control,0,2026-05-17,2026,2026Q2,49,0,Female,Black or African American,0,Not Hispanic or Latino,1976-10-11,,2017-04-18,2026-05-17,9.078713210130047,0.0,4,0,0,1,0,,,0,,,,1,0.08697407958624874,1.883384146341446,99
20010205,control,0,2024-04-15,2024,2024Q2,40,0,Female,White,0,Not Hispanic or Latino,1983-12-22,,2020-09-02,2026-02-07,3.6167008898015056,1.8151950718685832,9,1,0,0,0,,,0,,,,1,0.12220320071220853,7.533536585365784,158
20010208,control,0,2024-03-19,2024,2024Q1,33,0,Female,Black or African American,0,Not Hispanic or Latino,1991-02-04,,2019-09-26,2026-05-25,4.479123887748118,2.1820670773442847,4,1,1,0,0,,,0,,,,1,0.05923552407573323,1.0762195121951121,278
20010209,control,0,2023-06-04,2023,2023Q2,23,0,Male,White,0,Unknown,1999-07-09,,2019-11-18,2025-03-29,3.542778918548939,1.8179329226557153,4,4,2,0,0,,,0,,,,1,0.054680375318539476,0.7533536585365785,178
20010217,control,0,2021-11-19,2021,2021Q4,34,0,Female,White,0,Not Hispanic or Latino,1987-09-27,,2020-02-11,2023-04-10,1.7713894592744694,1.3880903490759753,3,2,1,0,0,,,0,,,,1,0.02100281108855177,0.7533536585365785,56
20010236,control,0,2024-01-05,2024,2024Q1,52,0,Female,Unknown,0,Not Hispanic or Latino,1971-03-23,,2016-05-11,2026-04-26,7.652292950034223,2.305270362765229,2,3,0,0,0,,,0,,,,1,0.021126502447452917,0.7533536585365785,299
20010249,control,0,2022-06-13,2022,2022Q2,31,0,Female,White,0,Not Hispanic or Latino,1990-07-09,,2018-01-23,2024-09-22,4.386036960985626,2.2778918548939084,7,1,0,0,0,,,0,,,,1,0.12211688556101842,3.766768292682892,195
20010253,control,0,2022-01-01,2022,2022Q1,44,0,Female,White,0,Not Hispanic or Latino,1977-07-06,,2015-01-01,2024-05-08,7.000684462696783,2.349075975359343,5,2,0,0,0,,,0,,,,1,0.07362004913233793,1.0762195121951121,82
20010254,control,0,2021-12-14,2021,2021Q4,54,0,Male,White,0,Not Hispanic or Latino,1967-06-26,,2015-01-01,2022-05-23,6.951403148528406,0.4380561259411362,6,4,0,0,0,,,0,,,,1,0.07820215873037528,3.766768292682892,189
20010264,control,0,2025-03-19,2025,2025Q1,71,0,Female,White,0,Not Hispanic or Latino,1953-09-25,,2020-05-02,2026-05-26,4.878850102669404,1.1854893908281998,4,0,0,0,0,,,0,,,,1,0.01523413320942843,0.7533536585365785,157
20010267,control,0,2026-05-28,2026,2026Q2,53,0,Male,White,0,Not Hispanic or Latino,1973-02-07,,2020-08-11,2026-05-28,5.793292265571527,0.0,5,0,0,1,0,,,0,,,,1,0.05165653462176284,1.506707317073157,133
20010269,control,0,2023-04-01,2023,2023Q2,62,0,Female,White,0,Not Hispanic or Latino,1960-09-25,,2020-04-19,2025-06-16,2.948665297741273,2.209445585215606,6,2,0,0,0,,,0,,,,1,0.026261567972102547,0.7533536585365785,98
20010270,control,0,2024-06-08,2024,2024Q2,35,0,Female,White,0,Not Hispanic or Latino,1989-02-07,,2017-12-11,2026-03-17,6.491444216290212,1.7713894592744694,5,2,0,0,0,,,0,,,,1,0.09471465162108114,0.941692073170723,283
20010275,control,0,2025-02-16,2025,2025Q1,24,0,Male,White,0,Not Hispanic or Latino,2000-09-18,,2021-11-28,2026-05-01,3.2197125256673513,1.2019164955509924,3,2,0,0,0,,,0,,,,1,0.0390825606668552,0.7533536585365785,134
20010278,control,0,2023-04-01,2023,2023Q2,24,0,Male,White,0,Not Hispanic or Latino,1998-11-19,,2015-01-01,2024-02-19,8.24640657084189,0.8870636550308009,2,5,1,0,0,,,0,,,,1,0.056052518361798156,0.7533536585365785,178
20010287,control,0,2021-11-14,2021,2021Q4,32,0,Male,White,0,Not Hispanic or Latino,1989-06-20,,2016-09-06,2021-11-14,5.188227241615332,0.0,4,0,0,1,0,,,0,,,,1,0.06827131483727573,3.766768292682892,255
20010293,control,0,2025-07-28,2025,2025Q3,41,0,Female,Other Race,0,Unknown,1983-12-06,,2015-12-04,2025-10-23,9.648186173853524,0.23819301848049282,3,0,0,0,0,,,0,,,,1,0.0540123948170391,0.7533536585365785,217
20010296,control,0,2025-04-23,2025,2025Q2,34,0,Male,White,0,Not Hispanic or Latino,1991-02-23,,2022-06-24,2025-12-11,2.830937713894593,0.6351813826146475,4,2,0,0,0,,,0,,,,1,0.04066400389066053,0.7533536585365785,169
20010303,control,0,2025-07-20,2025,2025Q3,52,0,Female,White,0,Hispanic or Latino,1973-05-25,,2019-03-29,2026-05-16,6.310746064339494,0.8213552361396304,4,3,1,1,0,,,0,,,,1,0.02818942900950549,0.7533536585365785,91
20010310,control,0,2025-09-03,2025,2025Q3,24,0,Female,White,0,Not Hispanic or Latino,2000-11-05,,2022-08-11,2026-01-26,3.0636550308008212,0.39698836413415467,4,1,0,0,0,,,0,,,,1,0.0607175967945857,0.8370596205961982,285
20010315,control,0,2025-04-26,2025,2025Q2,30,0,Female,White,0,Not Hispanic or Latino,1994-12-05,,2022-01-07,2025-08-06,3.299110198494182,0.2792607802874743,2,0,0,0,0,,,0,,,,1,0.019865855437388676,0.7533536585365785,229
20010330,control,0,2022-03-25,2022,2022Q1,19,0,Female,White,0,Not Hispanic or Latino,2002-12-25,,2019-03-21,2024-05-23,3.0116358658453115,2.16290212183436,4,1,0,0,0,,,0,,,,1,0.06334570311037559,1.883384146341446,92
20010350,control,0,2025-12-04,2025,2025Q4,38,0,Female,White,0,Not Hispanic or Latino,1987-01-08,,2024-01-15,2026-04-06,1.8863791923340179,0.33675564681724846,4,1,1,0,0,,,0,,,,1,0.030574563162196713,0.941692073170723,182
20010352,control,0,2022-03-24,2022,2022Q1,49,0,Female,White,0,Not Hispanic or Latino,1972-12-30,,2019-06-05,2023-04-01,2.8008213552361396,1.0212183436002737,3,4,1,0,0,,,0,,,,1,0.015188273915787956,0.7533536585365785,308
20010355,control,0,2025-04-06,2025,2025Q2,34,0,Male,White,0,Not Hispanic or Latino,1990-11-21,,2021-12-18,2025-04-06,3.299110198494182,0.0,2,0,0,0,0,,,0,,,,1,0.0175726279374834,0.7533536585365785,89
20010380,control,0,2026-04-18,2026,2026Q2,58,0,Male,White,0,Not Hispanic or Latino,1967-08-10,,2024-01-06,2026-04-18,2.2806297056810405,0.0,7,0,0,0,0,,,0,,,,1,0.04025206413641666,0.7533536585365785,142
20010397,control,0,2022-04-30,2022,2022Q2,18,0,Female,White,0,Not Hispanic or Latino,2003-11-06,,2019-06-11,2026-05-14,2.8856947296372346,4.03832991101985,3,2,0,1,0,,,0,,,,1,0.03736647787469136,0.7533536585365785,37
20010404,control,0,2026-03-15,2026,2026Q1,33,0,Female,White,0,Not Hispanic or Latino,1993-03-06,,2020-11-23,2026-03-15,5.305954825462012,0.0,3,0,0,0,0,,,0,,,,1,0.04468521960985977,0.7533536585365785,242
20010414,control,0,2024-07-01,2024,2024Q3,51,0,Female,White,0,Not Hispanic or Latino,1973-01-11,,2020-06-04,2026-05-06,4.073921971252567,1.8453114305270362,6,3,0,0,0,,,0,,,,1,0.04819095105293343,0.7533536585365785,206
20010421,control,0,2023-11-30,2023,2023Q4,32,0,Male,White,0,Unknown,1991-03-02,,2015-08-01,2026-05-08,8.331279945242985,2.43668720054757,3,4,1,0,0,,,0,,,,1,0.05826738511413887,0.7533536585365785,180
20010424,control,0,2026-03-01,2026,2026Q1,40,0,Female,White,0,Not Hispanic or Latino,1985-10-07,,2020-02-24,2026-03-24,6.015058179329227,0.06297056810403832,2,1,0,0,0,,,0,,,,1,0.022952044066148633,0.7533536585365785,173
20010425,control,0,2024-02-25,2024,2024Q1,37,0,Female,Black or African American,0,Not Hispanic or Latino,1986-06-18,,2020-01-30,2025-08-16,4.071184120465435,1.4729637234770705,4,4,0,0,0,,,0,,,,1,0.050515653016824216,0.7533536585365785,197
20010433,control,0,2022-08-19,2022,2022Q3,43,0,Female,White,0,Not Hispanic or Latino,1978-09-10,,2016-01-15,2026-04-07,6.5927446954141,3.6331279945242985,3,2,0,1,0,,,0,,,,1,0.030734993725775053,0.7533536585365785,310
20010437,control,0,2022-09-02,2022,2022Q3,56,0,Female,White,0,Not Hispanic or Latino,1966-06-17,,2018-03-09,2023-07-03,4.484599589322382,0.8323066392881588,4,3,0,0,0,,,0,,,,1,0.02480712140448433,0.7533536585365785,289
20010457,control,0,2024-01-22,2024,2024Q1,80,0,Female,White,0,Not Hispanic or Latino,1943-04-24,,2015-01-29,2024-08-23,8.980150581793293,0.5859000684462696,4,3,1,0,0,,,0,,,,1,0.024003049324939095,0.7533536585365785,243
20010458,control,0,2025-05-17,2025,2025Q2,66,0,Female,White,0,Not Hispanic or Latino,1958-06-13,,2020-10-06,2025-12-04,4.610540725530458,0.5503080082135524,4,4,0,0,0,,,0,,,,1,0.018147596350866737,0.7533536585365785,22
20010460,control,0,2026-02-19,2026,2026Q1,68,0,Male,White,0,Unknown,1958-01-22,,2021-05-18,2026-03-29,4.758384668035592,0.10403832991101986,3,1,0,0,0,,,0,,,,1,0.010238873872653544,0.7533536585365785,127
20010497,control,0,2024-07-20,2024,2024Q3,33,0,Female,White,0,Not Hispanic or Latino,1991-02-20,,2016-01-01,2026-03-08,8.550308008213552,1.6317590691307324,4,1,1,0,0,,,0,,,,1,0.10390727798168818,2.511178861788595,271
20010504,control,0,2025-08-26,2025,2025Q3,54,0,Female,White,0,Not Hispanic or Latino,1971-01-15,,2021-03-03,2026-05-03,4.48186173853525,0.6844626967830253,4,3,1,0,0,,,0,,,,1,0.026886128246930704,0.7533536585365785,314
20010505,control,0,2022-11-26,2022,2022Q4,48,0,Male,Unknown,0,Not Hispanic or Latino,1974-04-10,,2019-11-25,2023-05-06,3.0034223134839153,0.4407939767282683,5,2,1,0,0,,,0,,,,1,0.04497868770794003,0.7533536585365785,186
20010507,control,0,2022-07-17,2022,2022Q3,66,0,Female,White,0,Not Hispanic or Latino,1956-02-23,,2015-01-01,2025-05-11,7.540041067761807,2.817248459958932,5,2,1,0,0,,,0,,,,1,0.03677968094484992,0.7533536585365785,66
20010530,control,0,2025-11-29,2025,2025Q4,18,0,Female,White,0,Not Hispanic or Latino,2007-05-29,,2021-12-10,2026-02-08,3.969883641341547,0.1943874058863792,2,1,1,0,0,,,0,,,,1,0.034377194972850134,0.941692073170723,115
20010533,control,0,2023-02-08,2023,2023Q1,30,0,Female,White,0,Hispanic or Latino,1992-07-20,,2019-03-25,2023-02-18,3.8767967145790556,0.02737850787132101,2,0,0,0,0,,,0,,,,1,0.01594557326063012,0.7533536585365785,199
20010536,control,0,2025-08-10,2025,2025Q3,55,0,Female,White,0,Not Hispanic or Latino,1970-04-04,,2023-06-13,2026-04-23,2.1601642710472277,0.7008898015058179,2,2,0,0,0,,,0,,,,1,0.006414732013637529,0.7533536585365785,24
20010544,control,0,2025-11-27,2025,2025Q4,89,0,Female,White,0,Not Hispanic or Latino,1936-05-06,,2021-03-13,2026-04-23,4.7091033538672145,0.4024640657084189,2,1,0,0,0,,,0,,,,1,0.003049204365923958,0.7533536585365785,237
20010551,control,0,2024-05-20,2024,2024Q2,38,0,Female,White,0,Not Hispanic or Latino,1986-03-27,,2016-03-02,2026-02-16,8.216290212183436,1.7440109514031485,4,4,1,1,0,,,0,,,,1,0.08281500184024472,1.883384146341446,246
20010552,control,0,2025-06-07,2025,2025Q2,54,0,Female,White,0,Not Hispanic or Latino,1970-11-04,,2015-01-01,2026-02-20,10.431211498973306,0.7063655030800822,3,2,0,0,0,,,0,,,,1,0.05016121762755952,0.941692073170723,152
20010553,control,0,2026-02-03,2026,2026Q1,49,0,Female,White,0,Not Hispanic or Latino,1976-12-28,,2023-04-08,2026-02-03,2.8254620123203287,0.0,5,0,0,0,0,,,0,,,,1,0.035381206758171836,0.7533536585365785,252
20010555,control,0,2022-10-23,2022,2022Q4,46,0,Male,White,0,Hispanic or Latino,1975-11-27,,2015-01-01,2025-10-30,7.808350444900753,3.0198494182067077,5,2,0,0,0,,,0,,,,1,0.0545279791069916,0.7533536585365785,105
20010569,control,0,2022-10-16,2022,2022Q4,22,0,Female,Asian,0,Not Hispanic or Latino,1999-12-12,,2016-06-23,2026-05-02,6.313483915126626,3.542778918548939,2,2,0,0,0,,,0,,,,1,0.0323772131284311,0.7533536585365785,95
20010572,control,0,2024-04-28,2024,2024Q2,58,0,Female,White,0,Not Hispanic or Latino,1965-08-19,,2021-09-23,2025-10-02,2.595482546201232,1.429158110882957,2,1,0,0,0,,,0,,,,1,0.005914389421447137,0.7533536585365785,256
20010576,control,0,2022-09-02,2022,2022Q3,48,0,Female,Other Race,0,Not Hispanic or Latino,1974-01-13,,2021-12-10,2022-09-06,0.7282683093771389,0.010951403148528405,4,0,0,0,0,,,0,,,,1,0.015395866286721627,0.7533536585365785,207
20010580,control,0,2023-06-24,2023,2023Q2,29,0,Female,Asian,0,Not Hispanic or Latino,1994-03-19,,2020-10-03,2025-03-25,2.7214236824093088,1.7522245037645447,3,3,0,0,0,,,0,,,,1,0.026150937486137543,0.7533536585365785,98
20010589,control,0,2025-02-02,2025,2025Q1,42,0,Female,White,0,Not Hispanic or Latino,1982-05-29,,2019-12-01,2026-01-09,5.174537987679671,0.9336071184120466,5,3,0,1,0,,,0,,,,1,0.06351140520756074,1.2555894308942974,141
20010591,control,0,2024-05-06,2024,2024Q2,26,0,Male,White,0,Not Hispanic or Latino,1997-10-26,,2023-03-05,2025-07-29,1.1718001368925393,1.2292950034223136,3,1,0,0,0,,,0,,,,1,0.025341754701806808,0.7533536585365785,192
20010594,control,0,2025-06-09,2025,2025Q2,34,0,Male,White,0,Not Hispanic or Latino,1990-11-07,,2020-08-01,2026-03-06,4.854209445585216,0.7392197125256673,3,3,0,1,0,,,0,,,,1,0.03790869888709844,0.7533536585365785,241
20010596,control,0,2024-06-22,2024,2024Q2,42,0,Female,White,0,Not Hispanic or Latino,1981-12-27,,2019-07-24,2024-11-24,4.914442162902122,0.4243668720054757,3,1,0,0,0,,,0,,,,1,0.029585858027651492,0.7533536585365785,83
20010612,control,0,2026-05-01,2026,2026Q2,61,0,Female,White,0,Not Hispanic or Latino,1964-11-04,,2024-07-20,2026-05-02,1.7796030116358659,0.0027378507871321013,2,0,1,0,0,,,0,,,,1,0.005069163380990067,0.7533536585365785,35
20010613,control,0,2023-08-17,2023,2023Q3,34,0,Female,White,0,Not Hispanic or Latino,1989-06-22,,2015-05-20,2025-04-19,8.243668720054757,1.672826830937714,3,0,1,0,0,,,0,,,,1,0.06394698339148105,1.0762195121951121,61
20010621,control,0,2023-07-27,2023,2023Q3,63,0,Female,White,0,Not Hispanic or Latino,1960-06-22,,2018-01-02,2024-11-27,5.563312799452429,1.3388090349075976,3,3,2,0,0,,,0,,,,1,0.014785716062717101,0.7533536585365785,185
20010622,control,0,2025-03-20,2025,2025Q1,47,0,Female,Unknown,0,Not Hispanic or Latino,1977-07-17,,2017-07-02,2025-03-20,7.715263518138261,0.0,4,0,0,1,0,,,0,,,,1,0.07697097938697468,1.0762195121951121,122
20010633,control,0,2024-02-20,2024,2024Q1,52,0,Female,White,0,Not Hispanic or Latino,1971-06-08,,2022-08-08,2026-05-10,1.5359342915811087,2.217659137577002,5,1,0,0,0,,,0,,,,1,0.02170692655985521,0.7533536585365785,261
20010634,control,0,2025-07-15,2025,2025Q3,46,0,Female,White,0,Not Hispanic or Latino,1979-04-02,,2022-05-11,2025-12-07,3.1786447638603694,0.39698836413415467,7,1,0,1,0,,,0,,,,1,0.06905016737661548,0.941692073170723,291
20010640,control,0,2022-09-06,2022,2022Q3,55,0,Female,White,0,Not Hispanic or Latino,1966-11-03,,2018-12-06,2024-03-24,3.7508555783709787,1.5468856947296372,2,1,0,0,0,,,0,,,,1,0.008052364757475795,0.7533536585365785,294
20010649,control,0,2022-11-21,2022,2022Q4,27,0,Female,Black or African American,1,Not Hispanic or Latino,1995-07-23,,2019-06-03,2026-05-17,3.468856947296372,3.485284052019165,5,3,0,0,0,,,0,,,,1,0.07795655526993467,1.2555894308942974,126
20010670,control,0,2023-08-03,2023,2023Q3,34,0,Male,White,0,Not Hispanic or Latino,1989-07-28,,2020-12-30,2024-03-23,2.5900068446269677,0.6379192334017796,4,5,0,0,0,,,0,,,,1,0.03897910000715016,0.7533536585365785,123
20010695,control,0,2025-01-18,2025,2025Q1,62,0,Female,White,0,Not Hispanic or Latino,1962-08-10,,2020-01-17,2026-05-30,5.004791238877481,1.3607118412046544,4,3,0,0,0,,,0,,,,1,0.021202713197551386,0.7533536585365785,303
20010697,control,0,2023-02-21,2023,2023Q1,55,0,Female,Black or African American,0,Not Hispanic or Latino,1967-04-20,,2019-10-06,2026-03-24,3.378507871321013,3.0855578370978782,5,6,0,1,0,,,0,,,,1,0.030079074437861356,0.7533536585365785,276
20010700,control,0,2023-08-24,2023,2023Q3,69,0,Male,White,0,Not Hispanic or Latino,1954-01-20,,2015-01-01,2024-11-19,8.643394934976044,1.2402464065708418,5,0,0,0,0,,,0,,,,1,0.04478394123304469,0.7533536585365785,46
20010704,control,0,2022-11-02,2022,2022Q4,59,0,Female,White,0,Hispanic or Latino,1963-01-09,,2020-12-12,2024-04-18,1.88911704312115,1.45927446954141,7,2,0,0,0,,,0,,,,1,0.023412783906307088,0.7533536585365785,315
20010705,control,0,2025-09-13,2025,2025Q3,52,0,Female,White,0,Not Hispanic or Latino,1973-06-12,,2019-05-14,2025-11-23,6.335386721423682,0.1943874058863792,3,2,1,0,0,,,0,,,,1,0.027179917716637313,0.7533536585365785,91
20010708,control,0,2023-10-10,2023,2023Q4,63,0,Male,White,0,Not Hispanic or Latino,1959-12-31,,2015-12-18,2024-01-12,7.811088295687885,0.25735797399041754,5,3,0,1,0,,,0,,,,1,0.05099691848562202,0.7533536585365785,167
20010713,control,0,2026-01-26,2026,2026Q1,38,0,Male,White,0,Hispanic or Latino,1987-09-23,,2023-01-13,2026-04-11,3.0362765229295,0.2053388090349076,3,1,1,0,0,,,0,,,,1,0.017656957478378952,0.7533536585365785,234
20010717,control,0,2025-05-10,2025,2025Q2,36,0,Female,White,0,Not Hispanic or Latino,1989-04-28,,2016-07-22,2026-04-30,8.799452429842573,0.971937029431896,2,2,1,0,0,,,0,,,,1,0.04053469923294324,1.0762195121951121,72
20010719,control,0,2023-11-02,2023,2023Q4,49,0,Male,White,0,Not Hispanic or Latino,1974-10-14,,2018-04-27,2024-09-12,5.516769336071184,0.8624229979466119,4,3,0,1,0,,,0,,,,1,0.03798253067352183,0.7533536585365785,14
20010720,control,0,2025-07-14,2025,2025Q3,56,0,Female,White,0,Not Hispanic or Latino,1969-04-05,,2023-02-12,2026-04-05,2.4175222450376452,0.7255304585900069,2,0,2,0,0,,,0,,,,1,0.006471354949525297,0.7533536585365785,24
20010724,control,0,2023-07-25,2023,2023Q3,38,0,Male,White,0,Not Hispanic or Latino,1984-09-09,,2017-09-05,2026-03-19,5.883641341546886,2.650239561943874,5,3,1,2,0,,,0,,,,1,0.07311097220732181,1.2555894308942974,265
20010730,control,0,2025-10-09,2025,2025Q4,35,0,Female,Other Race,0,Not Hispanic or Latino,1990-09-24,,2020-09-10,2026-02-13,5.078713210130048,0.34770704996577684,3,1,0,0,0,,,0,,,,1,0.0338057559635583,0.941692073170723,115
20010734,control,0,2022-01-20,2022,2022Q1,36,0,Female,White,0,Not Hispanic or Latino,1985-03-21,,2015-01-01,2025-03-11,7.052703627652293,3.137577002053388,4,1,0,0,0,,,0,,,,1,0.06635857253644113,1.883384146341446,92
20010740,control,0,2025-11-23,2025,2025Q4,33,0,Male,White,0,Not Hispanic or Latino,1991-12-13,,2020-08-15,2026-04-20,5.2731006160164275,0.405201916495551,5,1,0,0,0,,,0,,,,1,0.09039852733868323,1.2555894308942974,321
20010747,control,0,2025-06-12,2025,2025Q2,36,0,Female,Black or African American,0,Not Hispanic or Latino,1988-11-14,,2018-10-24,2026-02-28,6.633812457221081,0.7145790554414785,3,2,0,0,0,,,0,,,,1,0.05676763614971545,0.8370596205961982,177
20010750,control,0,2024-12-28,2024,2024Q4,33,0,Female,Black or African American,0,Not Hispanic or Latino,1991-10-04,,2016-02-18,2025-09-30,8.85968514715948,0.75564681724846,2,1,0,0,0,,,0,,,,1,0.054231741876787184,0.7533536585365785,36
20010752,control,0,2023-10-04,2023,2023Q4,18,0,Male,White,0,Not Hispanic or Latino,2004-12-07,,2019-09-06,2024-08-17,4.076659822039699,0.8706365503080082,3,3,0,0,0,,,0,,,,1,0.05706186801101901,0.7533536585365785,180
20010755,control,0,2023-01-26,2023,2023Q1,62,0,Female,White,0,Not Hispanic or Latino,1961-01-22,,2015-11-22,2024-05-02,7.17864476386037,1.264887063655031,6,4,0,0,0,,,0,,,,1,0.058691321931453266,0.7533536585365785,76
20010762,control,0,2025-12-19,2025,2025Q4,43,0,Male,Black or African American,0,Unknown,1981-12-24,,2015-01-01,2026-04-01,10.965092402464066,0.28199863107460643,4,0,0,0,0,,,0,,,,1,0.12531150869534743,1.506707317073157,139
20010775,control,0,2023-03-15,2023,2023Q1,52,0,Male,White,0,Not Hispanic or Latino,1970-04-24,,2020-08-19,2025-08-04,2.568104038329911,2.3901437371663246,5,2,0,0,0,,,0,,,,1,0.025766471336184506,0.7533536585365785,106
20010778,control,0,2025-05-26,2025,2025Q2,31,0,Female,White,0,Not Hispanic or Latino,1993-11-16,,2019-05-18,2025-06-14,6.023271731690623,0.05201916495550993,3,0,0,0,0,,,0,,,,1,0.054013919887182515,0.941692073170723,152
20010787,control,0,2024-06-30,2024,2024Q2,28,0,Female,White,0,Unknown,1996-06-25,,2020-12-28,2024-09-26,3.5044490075290895,0.24093086926762491,6,3,0,1,0,,,0,,,,1,0.09357618582924715,0.941692073170723,283
20010798,control,0,2022-11-16,2022,2022Q4,53,0,Female,Unknown,0,Not Hispanic or Latino,1968-12-28,,2019-09-04,2023-10-17,3.2005475701574264,0.917180013689254,5,3,0,0,0,,,0,,,,1,0.0378665860827745,0.7533536585365785,288
20010804,control,0,2021-10-04,2021,2021Q4,52,0,Female,White,0,Not Hispanic or Latino,1969-02-15,,2015-12-26,2022-01-09,5.774127310061601,0.2655715263518138,5,0,0,0,0,,,0,,,,1,0.052332897879211054,1.883384146341446,104
20010828,control,0,2025-10-30,2025,2025Q4,58,0,Female,White,0,Not Hispanic or Latino,1967-06-10,,2021-06-14,2026-05-28,4.37782340862423,0.5749486652977412,3,2,0,0,0,,,0,,,,1,0.015082298837191413,0.7533536585365785,132
20010842,control,0,2024-12-29,2024,2024Q4,18,0,Female,White,0,Not Hispanic or Latino,2006-01-20,,2023-03-05,2026-05-11,1.8206707734428473,1.3634496919917864,4,2,0,0,0,,,0,,,,1,0.056411726808575695,0.941692073170723,74
20010848,control,0,2024-11-13,2024,2024Q4,54,0,Male,Unknown,0,Not Hispanic or Latino,1970-07-18,,2023-07-17,2025-02-01,1.3278576317590691,0.2190280629705681,4,1,0,0,0,,,0,,,,1,0.019513495063840588,0.7533536585365785,293
20010849,control,0,2026-01-13,2026,2026Q1,48,0,Male,White,0,Not Hispanic or Latino,1977-08-10,,2017-06-22,2026-02-14,8.56125941136208,0.08761122518822724,2,2,0,0,0,,,0,,,,1,0.02713954666344405,0.7533536585365785,156
20010855,control,0,2026-01-13,2026,2026Q1,22,0,Female,White,0,Not Hispanic or Latino,2003-10-05,,2023-04-21,2026-05-14,2.732375085557837,0.33127994524298426,2,0,0,1,0,,,0,,,,1,0.02376285695647584,0.7533536585365785,75
20010861,control,0,2025-02-18,2025,2025Q1,49,0,Female,Unknown,0,Not Hispanic or Latino,1975-08-29,,2020-07-13,2025-07-17,4.602327173169062,0.4079397672826831,3,1,0,0,0,,,0,,,,1,0.026937601138777596,0.7533536585365785,145
20010864,control,0,2025-12-14,2025,2025Q4,44,0,Female,White,0,Hispanic or Latino,1981-04-20,,2019-03-15,2026-05-29,6.751540041067762,0.4544832306639288,2,0,0,0,0,,,0,,,,1,0.01571683194570905,0.7533536585365785,132
20010871,control,0,2022-12-16,2022,2022Q4,31,0,Female,White,0,Not Hispanic or Latino,1991-02-20,,2019-05-17,2026-05-05,3.583846680355921,3.383983572895277,4,4,2,0,0,,,0,,,,1,0.04260976198345408,0.7533536585365785,49
20010872,control,0,2025-09-02,2025,2025Q3,48,0,Female,White,0,Not Hispanic or Latino,1977-03-02,,2016-09-25,2025-09-02,8.936344969199178,0.0,5,0,0,0,0,,,0,,,,1,0.10373109980895082,3.766768292682892,60
20010873,control,0,2023-07-11,2023,2023Q3,56,0,Female,White,0,Not Hispanic or Latino,1966-09-04,,2020-01-29,2026-01-30,3.4469541409993156,2.5571526351813825,4,5,0,0,0,,,0,,,,1,0.018268224404104017,0.7533536585365785,254
20010876,control,0,2025-08-21,2025,2025Q3,46,0,Female,White,0,Unknown,1978-10-02,,2020-11-28,2026-05-24,4.728268309377139,0.75564681724846,4,3,1,0,0,,,0,,,,1,0.0325517587880538,0.7533536585365785,298
20010883,control,0,2023-02-10,2023,2023Q1,21,0,Female,White,0,Unknown,2002-01-22,,2019-06-30,2026-02-27,3.6167008898015056,3.047227926078029,2,1,0,0,0,,,0,,,,1,0.020922476156633764,0.7533536585365785,295
20010908,control,0,2024-06-17,2024,2024Q2,29,0,Male,White,0,Not Hispanic or Latino,1994-07-09,,2022-09-05,2025-10-14,1.782340862422998,1.325119780971937,3,2,1,0,0,,,0,,,,1,0.025232031362142773,0.7533536585365785,192
20010909,control,0,2023-03-10,2023,2023Q1,56,0,Female,White,0,Hispanic or Latino,1966-10-13,,2017-12-16,2023-10-10,5.229295003422314,0.5859000684462696,3,1,1,0,0,,,0,,,,1,0.013395821434066988,0.7533536585365785,52
20010910,control,0,2024-04-15,2024,2024Q2,21,0,Female,Other Race,0,Not Hispanic or Latino,2002-12-23,,2021-07-30,2024-10-25,2.7104722792607805,0.5284052019164955,4,1,2,1,0,,,0,,,,1,0.054404576436692095,0.7533536585365785,125
20010921,control,0,2023-08-16,2023,2023Q3,18,0,Male,White,0,Not Hispanic or Latino,2005-03-15,,2017-05-29,2025-03-26,6.2149212867898695,1.6098562628336757,2,3,0,1,0,,,0,,,,1,0.04617536163409874,0.7533536585365785,46
20010922,control,0,2022-04-19,2022,2022Q2,30,0,Female,White,0,Not Hispanic or Latino,1991-12-14,,2018-02-27,2023-02-13,4.139630390143737,0.8213552361396304,4,1,0,0,0,,,0,,,,1,0.05781796434886488,0.7533536585365785,279
20010929,control,0,2025-11-03,2025,2025Q4,18,0,Female,Asian,0,Hispanic or Latino,2006-12-21,,2019-09-13,2026-05-03,6.140999315537303,0.49555099247091033,2,2,0,0,0,,,0,,,,1,0.03191183408066444,0.941692073170723,182
20010933,control,0,2026-05-20,2026,2026Q2,36,0,Female,Black or African American,0,Not Hispanic or Latino,1989-10-06,,2024-04-05,2026-05-20,2.1218343600273784,0.0,4,0,0,0,0,,,0,,,,1,0.041219294249886886,1.2555894308942974,204
20010943,control,0,2023-08-07,2023,2023Q3,29,0,Female,Asian,0,Hispanic or Latino,1993-10-03,,2020-08-04,2025-07-09,3.0061601642710474,1.9219712525667352,3,1,2,0,0,,,0,,,,1,0.01936434538657465,0.7533536585365785,3
20010945,control,0,2024-11-15,2024,2024Q4,39,0,Male,White,0,Not Hispanic or Latino,1984-12-07,,2018-07-14,2025-10-27,6.3408624229979464,0.947296372347707,5,2,0,0,0,,,0,,,,1,0.08543187987930934,0.941692073170723,117
20010946,control,0,2026-01-31,2026,2026Q1,61,0,Male,White,0,Not Hispanic or Latino,1964-10-16,,2022-06-01,2026-04-18,3.668720054757016,0.2108145106091718,3,1,0,0,0,,,0,,,,1,0.012238831213484814,0.7533536585365785,274
20010950,control,0,2026-04-03,2026,2026Q2,80,0,Female,White,0,Not Hispanic or Latino,1945-10-08,,2020-05-04,2026-05-30,5.9137577002053385,0.15605749486652978,3,1,1,0,0,,,0,,,,1,0.009313719900288215,0.7533536585365785,305
20010957,control,0,2025-05-08,2025,2025Q2,46,0,Female,White,0,Not Hispanic or Latino,1978-09-19,,2020-09-27,2025-08-12,4.610540725530458,0.26283367556468173,4,0,0,0,0,,,0,,,,1,0.03750051098095306,0.7533536585365785,203
20010961,control,0,2024-05-06,2024,2024Q2,70,0,Female,White,0,Not Hispanic or Latino,1954-04-28,2025-02-11,2019-10-17,2024-05-22,4.553045859000685,0.04380561259411362,2,0,0,0,0,,,0,,,,1,0.006037750799396257,0.7533536585365785,256
20010971,control,0,2025-01-19,2025,2025Q1,32,0,Female,White,0,Not Hispanic or Latino,1992-08-05,,2022-07-24,2026-05-08,2.4914442162902124,1.297741273100616,3,2,1,0,0,,,0,,,,1,0.02578716240046712,0.7533536585365785,145
20010988,control,0,2025-08-14,2025,2025Q3,42,0,Female,Black or African American,0,Not Hispanic or Latino,1983-07-02,,2019-04-12,2026-01-17,6.3408624229979464,0.4271047227926078,4,1,1,1,0,,,0,,,,1,0.06744695868283869,0.941692073170723,291
20010994,control,0,2024-04-02,2024,2024Q2,30,0,Male,White,0,Not Hispanic or Latino,1993-05-23,,2016-11-27,2025-12-23,7.345653661875428,1.7248459958932238,4,2,1,0,0,,,0,,,,1,0.09348266675702009,1.0762195121951121,28
20011005,control,0,2025-05-23,2025,2025Q2,35,0,Male,White,0,Not Hispanic or Latino,1989-07-08,,2021-01-29,2026-05-28,4.312114989733059,1.0130047912388775,3,6,0,0,0,,,0,,,,1,0.03265561029054918,0.7533536585365785,86
20011008,control,0,2026-05-07,2026,2026Q2,64,0,Female,White,0,Not Hispanic or Latino,1961-07-13,,2020-01-13,2026-05-07,6.313483915126626,0.0,7,0,1,0,0,,,0,,,,1,0.065705086649697,3.766768292682892,247
20011020,control,0,2025-05-31,2025,2025Q2,58,0,Male,White,1,Not Hispanic or Latino,1967-04-02,,2021-04-28,2026-05-27,4.090349075975359,0.9883641341546886,5,4,1,1,0,,,0,,,,1,0.03010855421327435,0.7533536585365785,8
20011024,control,0,2025-02-07,2025,2025Q1,30,0,Female,White,0,Not Hispanic or Latino,1994-09-05,,2023-08-19,2026-05-30,1.4729637234770705,1.3059548254620124,3,3,0,0,0,,,0,,,,1,0.0230829531287146,0.7533536585365785,196
20011028,control,0,2024-04-11,2024,2024Q2,30,0,Male,Other Race,0,Not Hispanic or Latino,1994-01-14,,2016-04-29,2026-04-25,7.950718685831622,2.0369609856262834,4,1,0,0,0,,,0,,,,1,0.08822245370047412,1.0762195121951121,28
20011044,control,0,2026-03-23,2026,2026Q1,69,0,Female,Other Race,0,Not Hispanic or Latino,1956-04-07,,2021-04-24,2026-04-30,4.91170431211499,0.10403832991101986,3,1,0,1,0,,,0,,,,1,0.00996795377770331,0.7533536585365785,201
20011048,control,0,2024-10-13,2024,2024Q4,59,0,Female,Asian,0,Not Hispanic or Latino,1964-12-03,,2022-01-31,2024-11-10,2.6995208761122518,0.07665982203969883,6,0,0,0,0,,,0,,,,1,0.029301358347912726,0.7533536585365785,107
20011060,control,0,2023-07-19,2023,2023Q3,24,0,Male,White,0,Not Hispanic or Latino,1998-09-20,,2020-05-21,2025-03-25,3.159479808350445,1.6837782340862424,3,4,0,0,0,,,0,,,,1,0.03740839294429289,0.7533536585365785,123
20011064,control,0,2026-04-05,2026,2026Q2,35,0,Female,White,0,Not Hispanic or Latino,1990-09-20,,2017-03-24,2026-04-28,9.032169746748803,0.06297056810403832,3,1,0,0,0,,,0,,,,1,0.07864942307998463,2.511178861788595,236
20011071,control,0,2021-11-11,2021,2021Q4,32,0,Female,Unknown,0,Not Hispanic or Latino,1989-07-27,,2015-01-01,2022-12-29,6.861054072553046,1.1307323750855578,3,3,0,0,0,,,0,,,,1,0.06842920975652221,3.766768292682892,215
20011074,control,0,2024-10-29,2024,2024Q4,34,0,Female,White,0,Not Hispanic or Latino,1990-06-21,,2019-10-16,2026-04-17,5.037645448323066,1.4647501711156743,4,5,1,1,0,,,0,,,,1,0.05633162422268147,0.7533536585365785,36
20011077,control,0,2025-01-02,2025,2025Q1,56,0,Female,White,0,Not Hispanic or Latino,1968-09-17,,2023-02-18,2025-04-18,1.8726899383983573,0.29021218343600275,4,1,0,0,0,,,0,,,,1,0.016170093799980797,0.7533536585365785,157
20011091,control,0,2025-01-01,2025,2025Q1,57,0,Female,Black or African American,0,Not Hispanic or Latino,1967-12-27,,2015-01-11,2026-03-04,9.973990417522245,1.1690622861054072,5,2,0,0,0,,,0,,,,1,0.09909148673167521,3.766768292682892,111
20011092,control,0,2024-05-13,2024,2024Q2,73,0,Female,Black or African American,0,Not Hispanic or Latino,1951-03-24,,2019-05-03,2025-12-17,5.02943189596167,1.596167008898015,6,0,1,2,0,,,0,,,,1,0.03171617703316572,0.7533536585365785,83
20011098,control,0,2023-01-01,2023,2023Q1,36,0,Female,Black or African American,0,Not Hispanic or Latino,1986-10-09,,2022-01-28,2024-07-19,0.9253935660506503,1.5468856947296372,6,3,0,0,0,,,0,,,,1,0.056194501221862876,0.7533536585365785,76
20011101,control,0,2025-07-13,2025,2025Q3,47,0,Female,Unknown,0,Not Hispanic or Latino,1978-06-19,,2017-10-20,2026-01-10,7.728952772073922,0.49555099247091033,2,1,0,0,0,,,0,,,,1,0.029004633655564726,0.7533536585365785,260
20011104,control,0,2025-01-14,2025,2025Q1,28,0,Male,White,0,Not Hispanic or Latino,1996-12-20,,2021-01-31,2026-02-22,3.9534565366187544,1.106091718001369,3,3,1,2,0,,,0,,,,1,0.03891286947617541,0.7533536585365785,134
20011111,control,0,2025-12-05,2025,2025Q4,40,0,Female,White,0,Not Hispanic or Latino,1984-12-10,,2022-10-07,2026-04-02,3.162217659137577,0.32306639288158795,2,0,0,0,0,,,0,,,,1,0.013528808501570221,0.7533536585365785,149
20011112,control,0,2022-11-09,2022,2022Q4,64,0,Female,White,0,Not Hispanic or Latino,1958-03-02,,2015-01-01,2024-04-29,7.854893908281999,1.4702258726899384,4,3,1,0,0,,,0,,,,1,0.032498448545464485,0.7533536585365785,95
20011115,control,0,2025-11-07,2025,2025Q4,54,0,Female,White,0,Not Hispanic or Latino,1970-12-09,,2019-12-08,2026-04-12,5.916495550992471,0.4271047227926078,4,0,0,1,0,,,0,,,,1,0.035257811439277406,0.8370596205961982,302
20011121,control,0,2025-04-16,2025,2025Q2,33,0,Male,White,0,Not Hispanic or Latino,1992-02-01,,2021-10-29,2025-12-25,3.463381245722108,0.6926762491444216,2,1,0,2,0,,,0,,,,1,0.017859780267883863,0.7533536585365785,27
20011124,control,0,2025-09-14,2025,2025Q3,68,0,Female,White,0,Hispanic or Latino,1957-04-06,,2018-12-04,2026-04-08,6.778918548939083,0.5639972621492129,5,4,0,0,0,,,0,,,,1,0.025039078895398848,0.7533536585365785,314
20011136,control,0,2025-03-29,2025,2025Q1,37,0,Female,Unknown,0,Unknown,1988-03-04,,2022-01-28,2026-01-13,3.164955509924709,0.7939767282683093,3,1,0,0,0,,,0,,,,1,0.027277025504633966,0.7533536585365785,145
20011137,control,0,2023-04-30,2023,2023Q2,27,0,Female,White,0,Not Hispanic or Latino,1995-10-04,,2015-12-07,2024-06-22,7.394934976043806,1.1471594798083504,2,6,0,0,0,,,0,,,,1,0.04284973564630566,0.7533536585365785,42
20011150,control,0,2024-02-12,2024,2024Q1,37,0,Male,White,0,Not Hispanic or Latino,1986-08-10,,2019-05-03,2026-05-30,4.780287474332649,2.294318959616701,6,6,0,0,0,,,0,,,,1,0.08477443860206212,1.506707317073157,322
20011159,control,0,2024-05-05,2024,2024Q2,51,0,Female,White,0,Not Hispanic or Latino,1973-01-27,,2016-06-04,2026-05-15,7.917864476386037,2.026009582477755,6,1,0,2,0,,,0,,,,1,0.09144424338794668,0.941692073170723,283
20011163,control,0,2025-03-22,2025,2025Q1,23,0,Female,White,0,Not Hispanic or Latino,2002-01-04,,2019-09-16,2026-05-22,5.514031485284052,1.1663244353182751,2,3,1,0,0,,,0,,,,1,0.035395066794191195,0.7533536585365785,269
20011166,control,0,2024-07-24,2024,2024Q3,42,0,Female,White,0,Not Hispanic or Latino,1981-10-12,,2020-10-19,2026-03-24,3.761806981519507,1.6646132785763177,2,3,0,0,0,,,0,,,,1,0.01275706864287078,0.7533536585365785,205
20011170,control,0,2025-10-25,2025,2025Q4,53,0,Male,Black or African American,0,Not Hispanic or Latino,1972-10-12,,2018-04-22,2026-04-15,7.509924709103354,0.47091033538672145,3,1,0,0,0,,,0,,,,1,0.03733884290373397,0.7533536585365785,67
20011172,control,0,2023-11-12,2023,2023Q4,39,0,Female,White,0,Not Hispanic or Latino,1984-06-09,,2020-05-03,2024-11-10,3.5263518138261465,0.9965776865160849,5,3,0,0,0,,,0,,,,1,0.052808985851359264,0.7533536585365785,219
20011187,control,0,2024-05-11,2024,2024Q2,48,0,Female,White,0,Not Hispanic or Latino,1976-03-14,,2019-07-18,2026-01-29,4.815879534565366,1.7193702943189597,3,3,0,0,0,,,0,,,,1,0.021483134010513657,0.7533536585365785,93
20011191,control,0,2025-06-28,2025,2025Q2,42,0,Female,White,0,Not Hispanic or Latino,1983-06-17,,2023-12-23,2026-02-09,1.514031485284052,0.6187542778918549,4,0,0,0,0,,,0,,,,1,0.02437341194063766,0.7533536585365785,184
20011192,control,0,2023-06-22,2023,2023Q2,59,0,Female,White,0,Not Hispanic or Latino,1963-08-28,,2021-10-29,2024-01-16,1.6454483230663928,0.5694729637234771,6,1,0,0,0,,,0,,,,1,0.025982608921684646,0.7533536585365785,98
20011194,control,0,2024-09-12,2024,2024Q3,45,0,Female,White,0,Not Hispanic or Latino,1979-08-13,,2021-10-18,2024-09-30,2.9021218343600275,0.049281314168377825,3,0,0,0,0,,,0,,,,1,0.019100378276058653,0.7533536585365785,58
20011197,control,0,2025-03-21,2025,2025Q1,39,0,Female,Unknown,0,Not Hispanic or Latino,1985-10-01,,2019-04-24,2026-04-22,5.908281998631074,1.0869267624914443,5,5,0,0,0,,,0,,,,1,0.09564562781718966,3.766768292682892,270
20011203,control,0,2023-12-30,2023,2023Q4,39,0,Female,White,0,Hispanic or Latino,1984-11-22,,2015-01-01,2025-07-21,8.993839835728952,1.5578370978781657,3,0,0,0,0,,,0,,,,1,0.04448437700182221,0.7533536585365785,119
20011207,control,0,2023-04-19,2023,2023Q2,37,0,Female,White,0,Not Hispanic or Latino,1986-01-29,,2020-01-12,2024-04-27,3.266255989048597,1.0239561943874058,4,1,0,0,0,,,0,,,,1,0.03848408411219112,0.7533536585365785,272
20011211,control,0,2023-01-28,2023,2023Q1,44,0,Female,White,0,Not Hispanic or Latino,1978-03-10,,2019-06-24,2024-08-13,3.597535934291581,1.541409993155373,2,4,0,0,0,,,0,,,,1,0.011630535306545151,0.7533536585365785,319
20011220,control,0,2022-12-22,2022,2022Q4,47,0,Male,White,0,Not Hispanic or Latino,1975-01-23,,2017-05-02,2023-10-14,5.639972621492129,0.810403832991102,7,5,0,0,0,,,0,,,,1,0.09805385784565401,1.883384146341446,16
20011227,control,0,2026-05-13,2026,2026Q2,39,0,Female,White,0,Not Hispanic or Latino,1987-05-10,,2021-10-24,2026-05-13,4.550308008213553,0.0,4,0,1,0,0,,,0,,,,1,0.04817630756506557,0.7533536585365785,110
20011228,control,0,2023-01-19,2023,2023Q1,42,0,Female,White,0,Not Hispanic or Latino,1980-08-21,,2020-05-12,2023-12-08,2.6885694729637235,0.8843258042436687,2,4,0,0,0,,,0,,,,1,0.011114515511286534,0.7533536585365785,319
20011235,control,0,2022-10-15,2022,2022Q4,36,0,Female,White,0,Not Hispanic or Latino,1986-06-24,,2020-04-28,2025-05-25,2.4640657084188913,2.6091718001368926,2,0,0,1,0,,,0,,,,1,0.011711977863297644,0.7533536585365785,232
20011248,control,0,2025-01-01,2025,2025Q1,19,0,Female,White,0,Not Hispanic or Latino,2005-08-19,,2019-06-08,2026-05-01,5.568788501026694,1.3278576317590691,2,3,0,1,0,,,0,,,,1,0.04063135155777811,0.8370596205961982,292
20011253,control,0,2025-01-30,2025,2025Q1,43,0,Female,White,0,Unknown,1981-08-14,,2022-08-08,2026-05-15,2.4804928131416837,1.2867898699520877,6,4,0,0,0,,,0,,,,1,0.04410678034205391,1.0762195121951121,65
20011254,control,0,2024-09-06,2024,2024Q3,47,0,Female,White,0,Not Hispanic or Latino,1976-11-25,,2023-02-13,2026-05-29,1.5633127994524298,1.7248459958932238,4,2,0,1,0,,,0,,,,1,0.019054667559376674,0.7533536585365785,58
20011261,control,0,2024-04-10,2024,2024Q2,33,0,Female,White,0,Not Hispanic or Latino,1990-07-12,,2021-07-16,2026-03-07,2.735112936344969,1.9055441478439425,4,0,0,0,0,,,0,,,,1,0.037935741444958836,0.7533536585365785,231
20011263,control,0,2024-07-08,2024,2024Q3,58,0,Female,White,0,Not Hispanic or Latino,1966-06-13,,2018-10-07,2024-11-26,5.752224503764545,0.3860369609856263,3,1,1,0,0,,,0,,,,1,0.01954692919351116,0.7533536585365785,58
20011268,control,0,2025-05-22,2025,2025Q2,45,0,Female,White,0,Not Hispanic or Latino,1980-02-20,,2019-04-04,2026-03-11,6.132785763175907,0.8021902806297057,2,1,2,1,0,,,0,,,,1,0.01863369770173834,0.7533536585365785,22
20011281,control,0,2023-10-16,2023,2023Q4,54,0,Male,White,0,Not Hispanic or Latino,1969-03-28,,2021-03-11,2024-03-28,2.598220396988364,0.4490075290896646,3,2,0,0,0,,,0,,,,1,0.012754073465977244,0.7533536585365785,47
20011286,control,0,2026-05-27,2026,2026Q2,37,0,Male,White,0,Not Hispanic or Latino,1989-03-30,,2021-03-01,2026-05-27,5.23750855578371,0.0,4,0,0,0,0,,,0,,,,1,0.058093360185746255,1.506707317073157,133
20011299,control,0,2024-10-17,2024,2024Q4,37,0,Female,Unknown,0,Not Hispanic or Latino,1987-04-01,,2018-09-15,2026-01-26,6.0889801505817935,1.2758384668035592,3,0,0,0,0,,,0,,,,1,0.050051367161265334,0.941692073170723,74
20011306,control,0,2024-02-11,2024,2024Q1,39,0,Female,White,0,Not Hispanic or Latino,1984-03-29,,2019-11-02,2026-03-22,4.276522929500342,2.108145106091718,3,2,0,0,0,,,0,,,,1,0.026120399992831625,0.7533536585365785,243
20011312,control,0,2026-04-26,2026,2026Q2,84,0,Female,Unknown,0,Not Hispanic or Latino,1941-11-17,,2024-08-14,2026-05-23,1.6974674880219027,0.07392197125256673,5,0,0,0,0,,,0,,,,1,0.010228826510227645,0.7533536585365785,304
20011315,control,0,2024-01-16,2024,2024Q1,50,0,Female,White,0,Not Hispanic or Latino,1973-10-16,,2015-02-28,2025-03-06,8.881587953456537,1.136208076659822,2,3,0,0,0,,,0,,,,1,0.024877086703674868,0.7533536585365785,243
20011319,control,0,2024-12-29,2024,2024Q4,18,0,Male,White,0,Not Hispanic or Latino,2006-08-20,,2019-09-03,2025-02-01,5.322381930184805,0.09308692676249145,3,1,0,0,0,,,0,,,,1,0.0743130780244371,0.8370596205961982,165
20011353,control,0,2026-02-01,2026,2026Q1,46,0,Male,White,0,Hispanic or Latino,1979-05-20,,2024-02-03,2026-05-30,1.995893223819302,0.32306639288158795,3,3,0,0,0,,,0,,,,1,0.010913711211141102,0.7533536585365785,127
20011369,control,0,2025-05-23,2025,2025Q2,61,0,Male,White,0,Not Hispanic or Latino,1963-08-30,,2019-12-29,2026-04-05,5.3990417522245036,0.8678986995208761,5,2,0,0,0,,,0,,,,1,0.034417183432975465,0.7533536585365785,86
20011377,control,0,2024-05-09,2024,2024Q2,44,0,Female,White,0,Not Hispanic or Latino,1979-08-18,,2017-11-21,2025-03-29,6.464065708418891,0.8870636550308009,4,2,0,0,0,,,0,,,,1,0.05315703758334265,0.7533536585365785,125
20011383,control,0,2023-01-12,2023,2023Q1,58,0,Female,White,0,Not Hispanic or Latino,1964-06-15,,2019-09-12,2024-02-07,3.3347022587268995,1.0704996577686516,4,3,0,1,0,,,0,,,,1,0.018514655716565197,0.7533536585365785,267
20011387,control,0,2024-11-03,2024,2024Q4,32,0,Male,White,0,Not Hispanic or Latino,1992-03-10,,2019-09-17,2026-03-01,5.130732375085558,1.322381930184805,5,4,0,0,0,,,0,,,,1,0.08594223923813855,0.941692073170723,117
20011403,control,0,2024-11-25,2024,2024Q4,22,0,Male,White,0,Not Hispanic or Latino,2002-04-01,,2018-08-27,2026-05-11,6.247775496235455,1.4565366187542779,3,4,1,0,0,,,0,,,,1,0.0693629759364922,0.8370596205961982,165
20011419,control,0,2026-02-17,2026,2026Q1,54,0,Female,Unknown,0,Not Hispanic or Latino,1971-09-04,,2021-05-04,2026-02-17,4.791238877481177,0.0,3,0,1,0,0,,,0,,,,1,0.02402018324951987,0.7533536585365785,75
20011425,control,0,2025-09-01,2025,2025Q3,29,0,Female,Unknown,0,Not Hispanic or Latino,1996-05-29,,2017-02-25,2026-05-10,8.514715947980836,0.6872005475701575,2,1,0,0,0,,,0,,,,1,0.061288623316572755,0.8370596205961982,285
20011426,control,0,2022-05-14,2022,2022Q2,51,0,Female,Black or African American,0,Not Hispanic or Latino,1971-04-25,,2020-08-28,2022-07-24,1.7084188911704312,0.1943874058863792,5,1,0,0,0,,,0,,,,1,0.03151753361957329,0.7533536585365785,116
20011431,control,0,2025-02-16,2025,2025Q1,18,0,Female,White,0,Not Hispanic or Latino,2006-04-10,,2022-05-11,2026-03-06,2.7707049965776864,1.0485968514715949,2,3,0,0,0,,,0,,,,1,0.02621097812705544,0.7533536585365785,145
20011433,control,0,2023-04-12,2023,2023Q2,27,0,Female,White,0,Not Hispanic or Latino,1996-01-26,,2016-05-07,2025-01-21,6.929500342231348,1.7796030116358659,3,3,0,0,0,,,0,,,,1,0.0643556769069981,0.7533536585365785,290
20011437,control,0,2025-11-01,2025,2025Q4,56,0,Female,White,0,Unknown,1969-03-14,,2019-02-15,2025-11-01,6.71047227926078,0.0,4,0,0,0,0,,,0,,,,1,0.03424997282880204,0.941692073170723,115
20011440,control,0,2024-12-01,2024,2024Q4,47,0,Male,White,0,Not Hispanic or Latino,1977-03-05,,2015-05-19,2025-05-14,9.538672142368242,0.4490075290896646,3,0,0,0,0,,,0,,,,1,0.05565349313531725,0.7533536585365785,323
20011447,control,0,2022-12-07,2022,2022Q4,24,0,Male,White,0,Not Hispanic or Latino,1998-07-31,,2019-09-28,2024-08-19,3.19233401779603,1.700205338809035,4,1,0,2,0,,,0,,,,1,0.05684518795710312,0.7533536585365785,105
20011448,control,0,2025-06-24,2025,2025Q2,54,0,Female,White,0,Not Hispanic or Latino,1971-03-14,,2019-05-21,2026-04-14,6.094455852156058,0.8049281314168378,5,2,0,0,0,,,0,,,,1,0.04977293839595515,1.0762195121951121,72
20011452,control,0,2023-01-03,2023,2023Q1,35,0,Female,White,0,Not Hispanic or Latino,1987-04-01,,2020-09-15,2024-08-03,2.299794661190965,1.5824777549623545,2,1,0,0,0,,,0,,,,1,0.012674586369176772,0.7533536585365785,52
20011459,control,0,2022-08-17,2022,2022Q3,40,0,Female,Black or African American,0,Not Hispanic or Latino,1982-05-08,,2015-01-01,2023-10-24,7.624914442162902,1.1854893908281998,4,1,1,0,0,,,0,,,,1,0.08512899475822257,2.511178861788595,258
20011460,control,0,2024-10-31,2024,2024Q4,44,0,Female,White,0,Not Hispanic or Latino,1980-05-03,,2021-08-26,2025-10-23,3.1813826146475015,0.9774127310061602,4,2,0,1,0,,,0,,,,1,0.029765907154461334,0.7533536585365785,107
20011463,control,0,2022-01-30,2022,2022Q1,35,0,Female,White,0,Not Hispanic or Latino,1986-11-12,,2017-06-15,2022-03-09,4.6269678302532515,0.10403832991101986,6,1,0,0,0,,,0,,,,1,0.1017867376278316,1.506707317073157,100
20011490,control,0,2026-01-15,2026,2026Q1,56,0,Female,Black or African American,0,Not Hispanic or Latino,1969-11-30,,2018-11-06,2026-01-15,7.19233401779603,0.0,3,0,1,0,0,,,0,,,,1,0.03284679103727491,0.7533536585365785,252
20011491,control,0,2026-05-15,2026,2026Q2,39,0,Female,White,0,Not Hispanic or Latino,1986-09-29,,2024-04-22,2026-05-15,2.0616016427104724,0.0,3,0,1,0,0,,,0,,,,1,0.02041692062466435,0.7533536585365785,153
20011500,control,0,2026-04-26,2026,2026Q2,60,0,Female,White,0,Not Hispanic or Latino,1965-10-12,,2015-01-01,2026-05-13,11.315537303216974,0.04654346338124572,2,1,0,0,0,,,0,,,,1,0.029035072264596617,0.7533536585365785,81
20011506,control,0,2025-01-02,2025,2025Q1,61,0,Female,White,0,Hispanic or Latino,1963-05-01,,2022-01-25,2026-04-28,2.937713894592745,1.3169062286105406,6,3,1,0,0,,,0,,,,1,0.02059592169596484,0.7533536585365785,303
20011511,control,0,2023-06-18,2023,2023Q2,54,0,Male,White,0,Not Hispanic or Latino,1968-10-10,,2015-01-01,2024-01-08,8.459958932238193,0.5585215605749486,4,1,0,0,0,,,0,,,,1,0.05440259667565743,0.7533536585365785,178
20011520,control,0,2022-11-12,2022,2022Q4,86,0,Female,White,0,Not Hispanic or Latino,1936-08-31,,2016-06-03,2025-02-15,6.442162902121835,2.2614647501711156,4,2,0,0,0,,,0,,,,1,0.010931048775445162,0.7533536585365785,155
20011521,control,0,2024-10-19,2024,2024Q4,49,0,Female,White,0,Not Hispanic or Latino,1975-08-16,,2019-03-05,2026-05-04,5.626283367556468,1.538672142368241,4,2,1,0,0,,,0,,,,1,0.03695303020151824,0.7533536585365785,263
20011526,control,0,2025-07-07,2025,2025Q3,37,0,Female,White,0,Not Hispanic or Latino,1988-05-01,,2023-12-25,2026-05-29,1.5331964407939767,0.892539356605065,4,1,1,0,0,,,0,,,,1,0.02862445309956937,0.7533536585365785,91
20011534,control,0,2024-05-17,2024,2024Q2,38,0,Female,White,0,Hispanic or Latino,1985-10-15,,2016-10-14,2025-07-17,7.5893223819301845,1.1663244353182751,3,1,0,1,0,,,0,,,,1,0.03702046930829688,0.7533536585365785,231
20011541,control,0,2025-06-26,2025,2025Q2,45,0,Female,Unknown,0,Not Hispanic or Latino,1980-03-05,,2020-04-19,2026-05-23,5.1854893908282,0.9062286105407256,4,3,0,0,0,,,0,,,,1,0.050335234415012385,0.941692073170723,152
20011554,control,0,2026-03-23,2026,2026Q1,61,0,Male,Black or African American,0,Not Hispanic or Latino,1964-06-14,,2025-02-08,2026-04-09,1.1170431211498972,0.04654346338124572,6,1,0,0,0,,,0,,,,1,0.026988061945021964,0.7533536585365785,156
20011560,control,0,2022-11-10,2022,2022Q4,71,0,Male,White,0,Not Hispanic or Latino,1950-11-27,,2019-02-22,2025-05-20,3.7152635181382614,2.524298425735797,3,6,1,0,0,,,0,,,,1,0.0073127260281598775,0.7533536585365785,135
20011562,control,0,2025-04-24,2025,2025Q2,49,0,Female,Unknown,0,Not Hispanic or Latino,1976-03-23,,2015-01-01,2026-04-30,10.310746064339494,1.0157426420260096,2,2,0,1,0,,,0,,,,1,0.04107134589925103,1.0762195121951121,287
20011567,control,0,2024-12-19,2024,2024Q4,51,0,Female,Black or African American,0,Not Hispanic or Latino,1973-09-21,,2015-01-01,2026-03-02,9.96577686516085,1.1991786447638604,2,2,0,1,0,,,0,,,,1,0.03416790582701866,0.7533536585365785,263
20011572,control,0,2024-09-02,2024,2024Q3,46,0,Male,Black or African American,0,Not Hispanic or Latino,1978-04-21,,2020-06-30,2025-10-11,4.175222450376454,1.106091718001369,6,2,0,1,0,,,0,,,,1,0.0717429641956805,0.8370596205961982,264
20011577,control,0,2025-11-03,2025,2025Q4,43,0,Female,White,0,Not Hispanic or Latino,1982-08-10,,2021-07-12,2026-02-10,4.312114989733059,0.27104722792607805,2,1,1,0,0,,,0,,,,1,0.014994846693314086,0.7533536585365785,132
20011580,control,0,2022-06-20,2022,2022Q2,50,0,Male,White,0,Not Hispanic or Latino,1972-06-06,,2020-02-12,2022-08-13,2.351813826146475,0.14784394250513347,7,1,1,0,0,,,0,,,,1,0.05319627126859136,0.8370596205961982,20
20011586,control,0,2023-02-08,2023,2023Q1,66,0,Male,Asian,1,Not Hispanic or Latino,1956-09-07,,2017-05-18,2024-02-28,5.727583846680356,1.054072553045859,5,0,0,0,0,,,0,,,,1,0.027314340611407934,0.7533536585365785,106
20011601,control,0,2026-05-01,2026,2026Q2,21,0,Female,White,0,Not Hispanic or Latino,2004-10-16,,2021-03-05,2026-05-06,5.155373032169747,0.013689253935660506,3,0,0,0,0,,,0,,,,1,0.06563633091592541,2.511178861788595,63
20011608,control,0,2025-12-01,2025,2025Q4,27,0,Female,White,0,Not Hispanic or Latino,1998-03-30,,2015-07-20,2026-02-04,10.368240930869268,0.17796030116358658,2,1,0,0,0,,,0,,,,1,0.07618895797668493,3.766768292682892,312
20011609,control,0,2025-04-25,2025,2025Q2,49,0,Male,Unknown,0,Not Hispanic or Latino,1975-07-19,,2022-05-17,2026-02-24,2.940451745379877,0.8350444900752909,5,4,0,0,0,,,0,,,,1,0.0418249025509568,0.7533536585365785,169
20011612,control,0,2025-04-12,2025,2025Q2,26,0,Female,White,0,Not Hispanic or Latino,1998-08-27,,2021-04-07,2026-01-20,4.01368925393566,0.7748117727583846,3,4,0,0,0,,,0,,,,1,0.04312768402131813,1.0762195121951121,287
20011616,control,0,2022-03-03,2022,2022Q1,21,0,Female,White,0,Unknown,2000-03-18,,2015-12-12,2023-10-20,6.223134839151267,1.6317590691307324,2,3,1,0,0,,,0,,,,1,0.03662796895183757,0.7533536585365785,112
20011622,control,0,2023-05-06,2023,2023Q2,46,0,Female,White,0,Not Hispanic or Latino,1977-03-26,,2019-06-28,2025-04-03,3.8548939082819986,1.9110198494182067,4,1,0,0,0,,,0,,,,1,0.02928443531159906,0.7533536585365785,233
20011645,control,0,2021-12-01,2021,2021Q4,33,0,Male,White,0,Not Hispanic or Latino,1988-02-12,,2016-08-30,2026-01-24,5.253935660506502,4.147843942505133,4,2,0,0,0,,,0,,,,1,0.050437248847125166,0.7533536585365785,250
20011654,control,0,2024-03-25,2024,2024Q1,26,0,Female,White,0,Not Hispanic or Latino,1997-09-12,,2020-08-21,2025-01-24,3.592060232717317,0.8350444900752909,2,2,0,0,0,,,0,,,,1,0.023199100502688082,0.7533536585365785,261
20011657,control,0,2021-10-05,2021,2021Q4,36,0,Male,White,0,Not Hispanic or Latino,1984-12-03,,2017-10-03,2022-07-15,4.005475701574264,0.7748117727583846,4,0,1,0,0,,,0,,,,1,0.04610969418147396,0.7533536585365785,250
20011664,control,0,2023-11-03,2023,2023Q4,22,0,Female,Unknown,0,Not Hispanic or Latino,2001-10-15,,2018-08-23,2024-09-19,5.196440793976728,0.8788501026694046,2,3,0,0,0,,,0,,,,1,0.04339019957850979,0.7533536585365785,119
20011665,control,0,2022-03-16,2022,2022Q1,21,0,Female,White,0,Not Hispanic or Latino,2000-07-11,,2020-04-02,2022-10-03,1.9520876112251881,0.5503080082135524,3,2,0,0,0,,,0,,,,1,0.03634877624960554,0.7533536585365785,112
20011679,control,0,2026-03-19,2026,2026Q1,44,0,Female,White,0,Not Hispanic or Latino,1981-06-24,,2022-05-21,2026-05-15,3.8275154004106775,0.15605749486652978,5,1,0,0,0,,,0,,,,1,0.049595840502000076,0.7533536585365785,88
20011683,control,0,2024-05-30,2024,2024Q2,40,0,Female,White,0,Not Hispanic or Latino,1983-12-14,,2020-12-27,2024-05-30,3.4223134839151266,0.0,5,0,0,0,0,,,0,,,,1,0.053628244206512035,0.7533536585365785,125
20011685,control,0,2025-01-12,2025,2025Q1,42,0,Female,White,0,Not Hispanic or Latino,1982-01-27,,2017-11-11,2026-05-12,7.170431211498974,1.3278576317590691,3,2,0,0,0,,,0,,,,1,0.041313565069922106,0.7533536585365785,269
20011694,control,0,2025-09-20,2025,2025Q3,68,0,Female,White,0,Not Hispanic or Latino,1956-10-24,,2024-11-14,2026-05-03,0.8487337440109514,0.6160164271047228,3,4,0,0,0,,,0,,,,1,0.00555646237495754,0.7533536585365785,24
20011696,control,0,2025-08-14,2025,2025Q3,18,0,Female,Unknown,0,Hispanic or Latino,2007-02-27,,2021-02-16,2025-09-22,4.490075290896646,0.10677618069815195,3,1,0,0,0,,,0,,,,1,0.05684356492663955,0.8370596205961982,285
20011701,control,0,2022-10-09,2022,2022Q4,44,0,Female,White,0,Not Hispanic or Latino,1978-01-15,,2022-01-14,2022-10-09,0.7337440109514032,0.0,6,0,0,0,0,,,0,,,,1,0.03896431807740976,0.7533536585365785,33
20011717,control,0,2023-02-08,2023,2023Q1,49,0,Female,Asian,0,Not Hispanic or Latino,1974-01-04,,2016-04-16,2025-04-06,6.8145106091718,2.1574264202600957,2,2,0,0,0,,,0,,,,1,0.014983576165712671,0.7533536585365785,199
20011725,control,0,2023-01-18,2023,2023Q1,67,0,Male,White,0,Not Hispanic or Latino,1955-11-17,,2018-04-04,2023-04-29,4.791238877481177,0.27652292950034224,5,2,0,0,0,,,0,,,,1,0.026084317013336234,0.7533536585365785,106
20011727,control,0,2023-12-09,2023,2023Q4,53,0,Male,Other Race,0,Not Hispanic or Latino,1969-12-31,,2020-07-24,2024-11-07,3.375770020533881,0.9144421629021219,3,3,0,0,0,,,0,,,,1,0.012665886774143603,0.7533536585365785,47
20011729,control,0,2022-10-06,2022,2022Q4,70,0,Male,White,0,Unknown,1952-02-28,,2015-01-01,2026-05-23,7.761806981519507,3.6276522929500343,2,1,0,0,0,,,0,,,,1,0.007325380222320365,0.7533536585365785,135
20011732,control,0,2025-05-04,2025,2025Q2,31,0,Male,White,0,Not Hispanic or Latino,1993-12-14,,2020-09-20,2025-10-03,4.618754277891855,0.4161533196440794,3,0,2,0,0,,,0,,,,1,0.04129369278999193,0.7533536585365785,169
20011741,control,0,2026-03-16,2026,2026Q1,39,0,Female,Unknown,0,Not Hispanic or Latino,1986-05-10,,2022-06-23,2026-03-29,3.728952772073922,0.03559206023271732,3,0,1,0,0,,,0,,,,1,0.033675761976928044,0.7533536585365785,166
20011753,control,0,2024-06-14,2024,2024Q2,50,0,Male,Unknown,0,Not Hispanic or Latino,1973-09-09,,2019-10-05,2025-06-15,4.692676249144422,1.002053388090349,3,2,0,0,0,,,0,,,,1,0.02534926928594575,0.7533536585365785,140
20011755,control,0,2026-01-18,2026,2026Q1,41,0,Female,White,0,Not Hispanic or Latino,1984-08-24,,2021-11-26,2026-02-23,4.145106091718001,0.09856262833675565,2,0,0,1,0,,,0,,,,1,0.015820915667145725,0.7533536585365785,193
20011760,control,0,2025-04-27,2025,2025Q2,48,0,Female,White,0,Not Hispanic or Latino,1977-01-19,,2019-10-11,2026-01-28,5.544147843942505,0.75564681724846,4,4,1,0,0,,,0,,,,1,0.039810183981385056,1.0762195121951121,287
20011765,control,0,2025-01-28,2025,2025Q1,42,0,Female,Unknown,0,Not Hispanic or Latino,1982-10-23,,2018-08-29,2026-05-22,6.417522245037645,1.3114305270362765,3,1,1,0,0,,,0,,,,1,0.04447402268835826,1.0762195121951121,65
20011769,control,0,2025-08-24,2025,2025Q3,22,0,Female,White,0,Unknown,2003-01-13,,2023-03-26,2026-05-15,2.414784394250513,0.7227926078028748,3,2,0,0,0,,,0,,,,1,0.0330961075990898,0.7533536585365785,298
20011781,control,0,2024-12-25,2024,2024Q4,21,0,Female,White,0,Not Hispanic or Latino,2003-12-02,,2023-05-22,2025-08-21,1.596167008898015,0.6543463381245722,4,3,1,0,0,,,0,,,,1,0.05137723261556216,0.941692073170723,74
20011784,control,0,2025-02-25,2025,2025Q1,25,0,Female,White,0,Unknown,1999-10-10,,2020-12-25,2026-05-19,4.16974674880219,1.2265571526351813,3,3,0,0,0,,,0,,,,1,0.039166635201701806,0.8370596205961982,292
20011796,control,0,2025-10-12,2025,2025Q4,42,0,Female,Unknown,0,Not Hispanic or Latino,1983-03-27,,2021-06-20,2025-11-29,4.312114989733059,0.13141683778234087,3,1,0,0,0,,,0,,,,1,0.033369993060465605,0.941692073170723,115
20011808,control,0,2024-05-04,2024,2024Q2,28,0,Female,White,0,Not Hispanic or Latino,1995-10-29,,2017-09-23,2026-05-28,6.611909650924025,2.0643394934976045,3,2,1,0,0,,,2,7.6,7.6,2023-10-20,1,0.057795025704673667,0.7533536585365785,125
20011809,control,0,2024-12-28,2024,2024Q4,42,0,Female,White,0,Not Hispanic or Latino,1982-03-19,,2015-03-18,2026-04-20,9.782340862422998,1.3086926762491444,2,1,1,0,0,,,0,,,,1,0.03816573992468271,0.7533536585365785,263
20011813,control,0,2022-11-14,2022,2022Q4,79,0,Male,White,0,Not Hispanic or Latino,1943-05-17,,2019-04-01,2026-05-27,3.62217659137577,3.5318275154004106,4,0,0,0,0,,,0,,,,1,0.007721365883500486,0.7533536585365785,135
20011819,control,0,2025-05-12,2025,2025Q2,31,0,Female,White,0,Not Hispanic or Latino,1994-05-04,,2022-05-07,2026-03-28,3.0143737166324436,0.8761122518822724,3,3,0,0,0,,,0,,,,1,0.030177029644660652,0.7533536585365785,48
20011831,control,0,2022-02-03,2022,2022Q1,54,0,Female,White,0,Not Hispanic or Latino,1968-01-20,,2019-01-22,2026-04-09,3.033538672142368,4.177960301163586,3,2,0,1,0,,,0,,,,1,0.010590141387112138,0.7533536585365785,209
20011836,control,0,2025-11-08,2025,2025Q4,49,0,Female,White,0,Not Hispanic or Latino,1976-06-15,,2021-08-06,2026-04-04,4.257357973990418,0.4024640657084189,4,1,0,0,0,,,0,,,,1,0.03142334961043076,0.941692073170723,182
20011847,control,0,2025-03-02,2025,2025Q1,51,0,Female,White,0,Not Hispanic or Latino,1973-04-28,,2017-05-30,2026-03-27,7.756331279945243,1.0677618069815196,3,1,0,0,0,,,0,,,,1,0.03404864980715204,0.7533536585365785,138
20011850,control,0,2024-04-29,2024,2024Q2,47,0,Female,White,0,Not Hispanic or Latino,1977-01-01,,2019-01-25,2025-09-08,5.259411362080766,1.3607118412046544,3,3,1,0,0,,,0,,,,1,0.024698021741342627,0.7533536585365785,326
20011860,control,0,2024-02-14,2024,2024Q1,67,0,Male,Black or African American,1,Not Hispanic or Latino,1956-05-25,,2022-11-06,2024-06-09,1.273100616016427,0.31759069130732376,3,1,0,0,0,,,0,,,,1,0.007524457989287622,0.7533536585365785,17
20011866,control,0,2026-04-16,2026,2026Q2,65,0,Female,Asian,0,Not Hispanic or Latino,1960-08-18,,2023-11-29,2026-05-05,2.379192334017796,0.05201916495550993,5,0,1,1,0,,,0,,,,1,0.016719518264406687,0.7533536585365785,143
20011870,control,0,2025-07-25,2025,2025Q3,18,0,Female,White,0,Not Hispanic or Latino,2007-04-05,,2023-04-02,2026-02-02,2.3134839151266258,0.5256673511293635,5,3,0,0,0,,,0,,,,1,0.09008784961692651,1.506707317073157,124
20011872,control,0,2024-08-02,2024,2024Q3,36,0,Female,White,1,Hispanic or Latino,1988-05-10,,2022-03-25,2026-05-14,2.3572895277207393,1.7796030116358659,4,0,0,0,0,,,0,,,,1,0.02300417606725652,0.7533536585365785,164
20011873,control,0,2026-02-16,2026,2026Q1,71,0,Female,White,0,Not Hispanic or Latino,1954-12-31,,2017-02-27,2026-04-29,8.969199178644764,0.1971252566735113,4,2,0,0,0,,,0,,,,1,0.03379394321760404,0.7533536585365785,166
20011881,control,0,2024-12-03,2024,2024Q4,39,0,Male,Black or African American,0,Not Hispanic or Latino,1985-05-04,,2017-09-28,2025-08-25,7.181382614647502,0.7255304585900069,4,5,0,0,0,,,0,,,,1,0.08423498418045378,0.941692073170723,117
20011884,control,0,2024-07-29,2024,2024Q3,58,0,Female,Asian,0,Not Hispanic or Latino,1965-08-19,,2022-01-30,2025-01-29,2.4941820670773445,0.5037645448323066,3,2,0,0,0,,,0,,,,1,0.009750482114601248,0.7533536585365785,286
20011892,control,0,2025-02-15,2025,2025Q1,60,0,Female,White,0,Not Hispanic or Latino,1964-05-28,,2023-04-15,2026-04-30,1.839835728952772,1.2019164955509924,5,1,0,0,0,,,0,,,,1,0.01852306131048149,0.7533536585365785,148
20011897,control,0,2022-10-17,2022,2022Q4,46,0,Female,White,0,Not Hispanic or Latino,1976-06-02,,2019-03-30,2023-03-28,3.5509924709103355,0.44353182751540043,2,2,1,0,0,,,0,,,,1,0.011604570215139663,0.7533536585365785,232
20011904,control,0,2025-11-02,2025,2025Q4,40,0,Female,White,0,Not Hispanic or Latino,1985-01-01,,2017-11-03,2026-04-11,7.997262149212868,0.4380561259411362,3,1,0,0,0,,,0,,,,1,0.05429584610504903,0.7533536585365785,316
20011923,control,0,2025-11-25,2025,2025Q4,43,0,Female,White,0,Not Hispanic or Latino,1982-03-11,,2022-05-31,2026-05-15,3.488021902806297,0.4681724845995893,3,2,0,0,0,,,0,,,,1,0.022105188445831418,0.7533536585365785,5
20011925,control,0,2026-04-21,2026,2026Q2,21,0,Female,White,0,Not Hispanic or Latino,2004-07-20,,2023-10-03,2026-04-27,2.5489390828199863,0.01642710472279261,2,0,1,0,0,,,0,,,,1,0.024359915689459836,0.7533536585365785,101
20011932,control,0,2025-09-01,2025,2025Q3,53,0,Female,Other Race,0,Not Hispanic or Latino,1972-06-23,,2016-10-18,2026-04-20,8.870636550308008,0.6324435318275154,4,1,0,0,0,,,0,,,,1,0.05209576417619264,0.7533536585365785,162
20011954,control,0,2025-03-10,2025,2025Q1,71,0,Female,Unknown,0,Not Hispanic or Latino,1954-02-09,,2019-03-17,2026-05-18,5.982203969883641,1.1882272416153319,4,4,0,0,0,,,0,,,,1,0.02286142314357619,0.7533536585365785,196
20011959,control,0,2025-04-22,2025,2025Q2,34,0,Female,Black or African American,0,Not Hispanic or Latino,1990-12-11,,2019-05-25,2026-03-25,5.9110198494182065,0.9226557152635181,4,3,0,0,0,,,0,,,,1,0.07941265349098421,2.511178861788595,306
20011962,control,0,2026-02-07,2026,2026Q1,74,0,Female,Unknown,0,Not Hispanic or Latino,1951-02-14,,2017-10-11,2026-02-28,8.32580424366872,0.057494866529774126,3,0,0,0,0,,,0,,,,1,0.0220942174420403,0.7533536585365785,29
20011965,control,0,2022-04-22,2022,2022Q2,44,0,Female,Black or African American,0,Not Hispanic or Latino,1977-05-18,,2016-09-14,2023-04-03,5.601642710472279,0.947296372347707,2,3,0,0,0,,,0,,,,1,0.02054036143129892,0.7533536585365785,12
20011973,control,0,2024-05-21,2024,2024Q2,40,0,Female,White,0,Not Hispanic or Latino,1983-07-05,,2021-07-08,2026-05-20,2.869267624914442,1.995893223819302,3,1,0,0,0,,,0,,,,1,0.01978100705848525,0.7533536585365785,93
20011974,control,0,2023-04-05,2023,2023Q2,46,0,Female,White,0,Not Hispanic or Latino,1977-02-27,,2021-03-23,2023-04-05,2.0342231348391513,0.0,4,0,0,0,0,,,0,,,,1,0.024233027372076017,0.7533536585365785,137
20011977,control,0,2021-10-21,2021,2021Q4,62,0,Female,White,0,Not Hispanic or Latino,1958-11-08,,2016-03-20,2024-01-27,5.587953456536619,2.2669404517453797,5,6,0,0,0,,,0,,,,1,0.031178550848158938,0.7533536585365785,160
20011978,control,0,2022-11-05,2022,2022Q4,44,0,Male,White,0,Not Hispanic or Latino,1978-04-21,,2016-03-31,2023-01-20,6.598220396988364,0.2080766598220397,4,1,0,0,0,,,0,,,,1,0.05695978452574145,0.7533536585365785,105
20011983,control,0,2025-08-22,2025,2025Q3,54,0,Female,White,0,Not Hispanic or Latino,1971-04-19,,2023-10-03,2025-08-22,1.8863791923340179,0.0,8,0,1,0,0,,,0,,,,1,0.05369788226876745,0.7533536585365785,162
20011987,control,0,2022-10-29,2022,2022Q4,57,0,Female,White,0,Not Hispanic or Latino,1965-07-17,,2019-01-17,2026-05-09,3.780971937029432,3.5263518138261465,3,3,0,0,0,,,0,,,,1,0.011395104946330595,0.7533536585365785,232
20011992,control,0,2023-10-28,2023,2023Q4,42,0,Female,White,0,Not Hispanic or Latino,1981-03-01,,2019-07-27,2026-05-29,4.254620123203286,2.5845311430527036,5,1,0,0,0,,,0,,,,1,0.04848375010340216,0.7533536585365785,119
20011995,control,0,2025-10-24,2025,2025Q4,27,0,Male,White,0,Not Hispanic or Latino,1998-03-17,,2021-08-21,2026-05-24,4.175222450376454,0.5804243668720055,5,1,0,1,0,,,0,,,,1,0.09081320431090055,1.2555894308942974,321
20011997,control,0,2022-09-26,2022,2022Q3,34,0,Female,Unknown,0,Not Hispanic or Latino,1988-08-21,,2017-11-15,2024-03-26,4.862422997946612,1.4976043805612593,2,1,1,0,0,,,0,,,,1,0.02574518293774143,0.7533536585365785,289
20011998,control,0,2024-12-12,2024,2024Q4,49,0,Male,White,0,Not Hispanic or Latino,1975-10-18,,2022-12-07,2026-01-25,2.0150581793292264,1.1197809719370295,4,7,0,0,0,,,0,,,,1,0.020073828031496984,0.7533536585365785,293
20012004,control,0,2025-07-22,2025,2025Q3,55,0,Female,Asian,0,Unknown,1969-12-18,,2016-11-09,2026-04-28,8.698151950718685,0.7665982203969883,6,1,0,1,0,,,0,,,,1,0.07979242981294984,1.2555894308942974,187
20012010,control,0,2026-01-28,2026,2026Q1,45,0,Male,White,0,Not Hispanic or Latino,1980-09-18,,2022-05-29,2026-03-23,3.668720054757016,0.14784394250513347,2,1,1,0,0,,,0,,,,1,0.012545282784596514,0.7533536585365785,274
20012011,control,0,2023-08-23,2023,2023Q3,33,0,Female,White,0,Not Hispanic or Latino,1990-07-29,,2019-07-28,2023-11-02,4.071184120465435,0.1943874058863792,4,0,0,0,0,,,0,,,,1,0.05380042536497954,0.7533536585365785,200
20012030,control,0,2024-08-18,2024,2024Q3,49,0,Female,White,0,Hispanic or Latino,1975-07-04,2025-05-08,2022-10-05,2025-03-09,1.8699520876112252,0.5557837097878165,3,1,0,0,0,,,0,,,,1,0.009422842941223721,0.7533536585365785,286
20012031,control,0,2022-08-05,2022,2022Q3,26,0,Female,White,0,Unknown,1996-03-23,,2015-08-04,2023-02-24,7.003422313483915,0.5557837097878165,2,2,0,0,0,,,0,,,,1,0.03799186051945283,0.7533536585365785,66
20012033,control,0,2023-11-10,2023,2023Q4,55,0,Female,White,0,Not Hispanic or Latino,1968-09-27,,2017-04-08,2024-05-01,6.590006844626968,0.4736481861738535,2,1,0,0,0,,,0,,,,1,0.014489931338890769,0.7533536585365785,318
20012036,control,0,2022-09-14,2022,2022Q3,49,0,Female,White,0,Not Hispanic or Latino,1973-04-10,,2015-04-10,2025-06-02,7.430527036276523,2.7159479808350446,3,2,0,0,0,,,0,,,,1,0.030758976061094127,0.7533536585365785,310
20012047,control,0,2023-02-03,2023,2023Q1,63,0,Female,Other Race,0,Not Hispanic or Latino,1960-01-14,,2015-07-29,2023-06-08,7.51813826146475,0.34223134839151265,2,1,0,1,0,,,0,,,,1,0.01117529679587591,0.7533536585365785,319
20012048,control,0,2024-11-15,2024,2024Q4,42,0,Female,White,0,Hispanic or Latino,1982-04-03,,2023-11-29,2025-01-03,0.9637234770704997,0.13415468856947296,3,1,0,0,0,,,0,,,,1,0.01060086022793926,0.7533536585365785,121
20012049,control,0,2025-06-10,2025,2025Q2,36,0,Male,White,0,Not Hispanic or Latino,1989-02-08,,2022-08-05,2025-11-09,2.847364818617385,0.4161533196440794,7,3,1,0,0,,,0,,,,1,0.09107981503905067,3.766768292682892,214
20012055,control,0,2022-12-13,2022,2022Q4,67,0,Female,White,0,Not Hispanic or Latino,1955-11-21,,2015-01-01,2023-08-24,7.94798083504449,0.6954140999315537,2,2,1,0,0,,,0,,,,1,0.011851580531498955,0.7533536585365785,232
20012056,control,0,2024-03-30,2024,2024Q1,65,0,Male,Black or African American,0,Not Hispanic or Latino,1958-12-31,,2019-05-06,2025-10-06,4.900752908966461,1.5195071868583163,2,3,0,0,0,,,0,,,,1,0.008206031677185737,0.7533536585365785,17
20012058,control,0,2023-01-09,2023,2023Q1,53,0,Male,White,0,Unknown,1969-10-08,,2019-07-17,2024-10-22,3.482546201232033,1.78507871321013,4,3,0,0,0,,,0,,,,1,0.01895973029009232,0.7533536585365785,161
20012062,control,0,2022-11-16,2022,2022Q4,35,0,Male,White,0,Not Hispanic or Latino,1987-03-02,,2018-08-03,2025-05-12,4.287474332648871,2.485968514715948,4,2,0,1,0,,,0,,,,1,0.044590582869734344,0.7533536585365785,186
20012077,control,0,2025-12-01,2025,2025Q4,60,0,Female,White,0,Not Hispanic or Latino,1965-07-22,,2024-05-27,2026-04-06,1.514031485284052,0.34496919917864477,4,1,1,0,0,,,0,,,,1,0.013092282456143368,0.7533536585365785,149
20012078,control,0,2026-04-05,2026,2026Q2,29,0,Female,White,0,Not Hispanic or Latino,1996-12-13,,2021-11-24,2026-04-05,4.361396303901437,0.0,3,0,0,0,0,,,0,,,,1,0.04354701405118251,1.2555894308942974,176
20012079,control,0,2023-01-01,2023,2023Q1,63,0,Female,Unknown,0,Not Hispanic or Latino,1959-08-07,,2016-06-05,2024-05-07,6.573579739904175,1.3470225872689938,3,0,1,0,0,,,0,,,,1,0.021820259987114926,0.7533536585365785,295
20012087,control,0,2026-04-09,2026,2026Q2,70,0,Female,White,0,Not Hispanic or Latino,1956-03-12,,2022-08-18,2026-05-20,3.6413415468856947,0.11225188227241616,2,0,0,0,0,,,0,,,,1,0.00509388779563075,0.7533536585365785,35
20012097,control,0,2025-02-07,2025,2025Q1,53,0,Female,White,0,Not Hispanic or Latino,1971-06-05,,2022-07-18,2026-05-27,2.5598904859685145,1.297741273100616,4,4,1,0,0,,,0,,,,1,0.01895364416998203,0.7533536585365785,148
20012098,control,0,2025-03-19,2025,2025Q1,56,0,Male,Unknown,0,Not Hispanic or Latino,1968-08-21,,2018-05-13,2025-05-25,6.850102669404517,0.1834360027378508,4,2,0,2,0,,,0,,,,1,0.04828059376244515,1.0762195121951121,251
20012128,control,0,2024-09-11,2024,2024Q3,28,0,Female,White,0,Not Hispanic or Latino,1996-03-26,,2021-05-22,2026-01-15,3.3073237508555784,1.3442847364818618,2,3,0,0,0,,,0,,,,1,0.019819894239666798,0.7533536585365785,58
20012154,control,0,2023-01-25,2023,2023Q1,33,0,Female,White,0,Hispanic or Latino,1989-05-04,,2020-04-28,2023-03-08,2.7433264887063653,0.11498973305954825,2,2,0,0,0,,,0,,,,1,0.0116128062062888,0.7533536585365785,319
20012165,control,0,2023-06-26,2023,2023Q2,53,0,Female,White,0,Not Hispanic or Latino,1969-11-13,,2018-12-16,2024-06-24,4.525667351129363,0.9965776865160849,4,3,0,0,0,,,0,,,,1,0.02746379906276686,0.7533536585365785,38
20012168,control,0,2025-07-25,2025,2025Q3,65,0,Female,Unknown,0,Not Hispanic or Latino,1960-02-19,,2019-07-24,2026-04-21,6.0041067761806985,0.7392197125256673,7,2,0,0,0,,,0,,,,1,0.06996232546392496,0.941692073170723,291
20012170,control,0,2023-03-09,2023,2023Q1,60,0,Female,White,0,Not Hispanic or Latino,1962-10-10,,2021-07-13,2025-08-07,1.6536618754277892,2.414784394250513,6,4,0,0,0,,,0,,,,1,0.02207291928681954,0.7533536585365785,85
20012171,control,0,2025-05-27,2025,2025Q2,30,0,Female,Asian,0,Not Hispanic or Latino,1994-11-09,,2020-09-19,2026-02-22,4.684462696783025,0.7419575633127995,3,3,0,0,0,,,0,,,,1,0.038283798751676285,1.0762195121951121,287
20012179,control,0,2023-04-01,2023,2023Q2,35,0,Female,White,0,Unknown,1988-03-17,,2021-02-23,2024-07-22,2.099931553730322,1.3086926762491444,2,3,0,0,0,,,0,,,,1,0.010933626512263992,0.7533536585365785,87
20012186,control,0,2023-04-27,2023,2023Q2,80,0,Female,Black or African American,0,Not Hispanic or Latino,1943-03-01,,2016-10-13,2024-11-30,6.535249828884326,1.596167008898015,3,3,0,0,0,,,0,,,,1,0.01113181688880185,0.7533536585365785,87
20012197,control,0,2022-05-15,2022,2022Q2,40,0,Female,White,0,Not Hispanic or Latino,1981-12-11,,2016-03-31,2024-02-12,6.121834360027378,1.7467488021902806,2,2,0,1,0,,,0,,,,1,0.020786973309860644,0.7533536585365785,12
20012200,control,0,2025-04-25,2025,2025Q2,42,0,Female,White,0,Not Hispanic or Latino,1982-09-13,,2022-08-13,2026-05-07,2.6995208761122518,1.0321697467488022,2,1,0,0,0,,,0,,,,1,0.011020311890175077,0.7533536585365785,54
20012215,control,0,2025-02-20,2025,2025Q1,34,0,Female,White,0,Not Hispanic or Latino,1990-06-27,,2019-04-17,2025-06-08,5.848049281314168,0.29568788501026694,2,2,0,0,0,,,0,,,,1,0.027101322557257893,0.7533536585365785,313
20012221,control,0,2022-04-22,2022,2022Q2,40,0,Female,Black or African American,0,Not Hispanic or Latino,1981-07-29,,2016-10-16,2024-07-20,5.514031485284052,2.245037645448323,4,0,0,0,0,,,0,,,,1,0.05546149901365895,0.7533536585365785,279
20012251,control,0,2023-12-03,2023,2023Q4,78,0,Male,Black or African American,0,Not Hispanic or Latino,1945-06-06,,2019-09-23,2024-07-03,4.1943874058863795,0.5831622176591376,4,1,0,0,0,,,0,,,,1,0.012946877055843695,0.7533536585365785,47
20012256,control,0,2022-04-22,2022,2022Q2,58,0,Female,White,0,Not Hispanic or Latino,1963-08-11,,2016-12-04,2023-11-24,5.379876796714579,1.5906913073237507,5,5,0,0,0,,,0,,,,1,0.036238246302524126,0.7533536585365785,37
20012258,control,0,2023-09-27,2023,2023Q3,62,0,Female,White,0,Not Hispanic or Latino,1961-07-22,,2015-01-01,2025-04-26,8.736481861738536,1.5797399041752225,2,2,0,0,0,,,0,,,,1,0.015338798700074685,0.7533536585365785,185
20012260,control,0,2025-11-26,2025,2025Q4,32,0,Female,White,0,Hispanic or Latino,1993-10-02,,2018-10-03,2025-11-26,7.148528405201916,0.0,4,0,0,0,0,,,0,,,,1,0.06890467967666213,1.0762195121951121,41
20012268,control,0,2025-10-14,2025,2025Q4,32,0,Female,Other Race,0,Not Hispanic or Latino,1993-01-10,,2022-08-22,2026-05-07,3.1457905544147846,0.5612594113620808,3,2,0,0,0,,,0,,,,1,0.026306339195410307,0.7533536585365785,1
20012273,control,0,2024-10-18,2024,2024Q4,64,0,Female,White,0,Not Hispanic or Latino,1959-10-26,,2020-11-12,2025-10-31,3.9315537303216974,1.0349075975359343,3,2,1,0,0,,,0,,,,1,0.010869966278759333,0.7533536585365785,121
20012277,control,0,2024-04-26,2024,2024Q2,65,0,Female,White,0,Not Hispanic or Latino,1959-02-02,,2023-03-17,2026-05-12,1.111567419575633,2.0424366872005475,3,2,0,0,0,,,0,,,,1,0.005864974109998594,0.7533536585365785,256
20012279,control,0,2022-04-29,2022,2022Q2,27,0,Female,White,0,Hispanic or Latino,1995-04-14,,2016-03-26,2026-02-14,6.091718001368926,3.7973990417522243,3,1,0,0,0,,,0,,,,1,0.03485277733107082,0.7533536585365785,37
20012291,control,0,2023-01-15,2023,2023Q1,45,0,Male,Black or African American,0,Not Hispanic or Latino,1977-10-11,,2016-12-08,2026-05-28,6.102669404517454,3.3648186173853527,3,3,0,0,0,,,0,,,,1,0.03157167841902108,0.7533536585365785,245
20012294,control,0,2024-05-25,2024,2024Q2,33,0,Female,White,0,Not Hispanic or Latino,1990-12-19,,2020-11-09,2025-07-03,3.540041067761807,1.106091718001369,2,1,0,0,0,,,0,,,,1,0.017586735482342176,0.7533536585365785,190
20012303,control,0,2025-02-25,2025,2025Q1,68,0,Female,White,0,Not Hispanic or Latino,1956-06-17,,2019-09-18,2026-04-23,5.4401095140314855,1.1553730321697468,5,3,0,0,0,,,0,,,,1,0.02656854310602742,0.7533536585365785,145
20012304,control,0,2024-01-13,2024,2024Q1,76,0,Female,White,0,Not Hispanic or Latino,1947-07-16,,2018-10-08,2026-02-17,5.2648870636550305,2.0971937029431897,3,5,1,0,0,,,0,,,,1,0.008332310628359844,0.7533536585365785,159
20012313,control,0,2025-01-01,2025,2025Q1,18,0,Female,White,0,Unknown,2006-02-17,2026-03-07,2022-01-25,2026-03-07,2.9349760438056127,1.1772758384668036,3,1,2,1,0,,,0,,,,1,0.040406518301814666,0.7533536585365785,269
20012330,control,0,2024-11-06,2024,2024Q4,43,0,Female,White,0,Not Hispanic or Latino,1981-04-16,,2015-08-14,2025-12-11,9.232032854209445,1.0951403148528405,3,4,1,0,0,,,0,,,,1,0.057948728552674605,0.7533536585365785,36
20012332,control,0,2024-04-19,2024,2024Q2,50,0,Male,White,0,Not Hispanic or Latino,1974-01-18,,2015-10-04,2024-09-29,8.542094455852157,0.4462696783025325,2,2,1,0,0,,,0,,,,1,0.024579203991157733,0.7533536585365785,192
20012346,control,0,2026-05-08,2026,2026Q2,44,0,Male,Unknown,0,Unknown,1982-02-01,,2019-09-13,2026-05-08,6.650239561943874,0.0,3,0,1,0,0,,,0,,,,1,0.041638452095474024,0.7533536585365785,142
20012364,control,0,2026-05-09,2026,2026Q2,54,0,Female,White,0,Not Hispanic or Latino,1971-11-28,,2020-10-08,2026-05-22,5.582477754962355,0.03559206023271732,5,0,0,0,0,,,0,,,,1,0.04800295525094594,0.7533536585365785,110
20012366,control,0,2025-04-22,2025,2025Q2,68,0,Female,White,0,Not Hispanic or Latino,1956-08-12,,2023-02-12,2026-04-07,2.190280629705681,0.9582477754962354,8,5,0,0,0,,,0,,,,1,0.03260520332954476,0.7533536585365785,147
20012374,control,0,2025-03-12,2025,2025Q1,50,0,Female,Asian,0,Not Hispanic or Latino,1974-07-08,,2021-02-19,2026-03-26,4.057494866529774,1.0376454483230664,6,0,0,0,0,,,0,,,,1,0.04762094107222649,1.2555894308942974,244
20012381,control,0,2025-06-05,2025,2025Q2,46,0,Female,White,0,Unknown,1979-01-20,,2015-11-09,2026-04-04,9.571526351813826,0.8295687885010267,3,1,0,0,0,,,0,,,,1,0.0497766311840544,1.0762195121951121,114
20012385,control,0,2023-06-08,2023,2023Q2,26,0,Female,Unknown,0,Not Hispanic or Latino,1996-11-28,,2016-09-22,2025-06-12,6.707734428473648,2.0123203285420943,2,4,0,0,0,,,0,,,,1,0.045466845991565356,0.7533536585365785,42
20012390,control,0,2024-10-09,2024,2024Q4,18,0,Female,White,0,Not Hispanic or Latino,2006-07-07,,2021-11-25,2026-03-31,2.8720054757015743,1.4729637234770705,3,2,0,0,0,,,0,,,,1,0.044470633388247874,1.2555894308942974,96
20012393,control,0,2024-12-30,2024,2024Q4,49,0,Female,White,0,Not Hispanic or Latino,1975-05-16,,2016-06-22,2025-12-28,8.522929500342231,0.9938398357289527,3,3,0,0,0,,,0,,,,1,0.04197074467809524,1.0762195121951121,211
20012396,control,0,2024-04-20,2024,2024Q2,34,0,Female,White,0,Not Hispanic or Latino,1989-12-06,,2018-12-31,2025-12-23,5.30321697467488,1.675564681724846,5,4,0,0,0,,,0,,,,1,0.08086560601678457,1.883384146341446,246
20012403,control,0,2021-12-09,2021,2021Q4,46,0,Female,White,0,Not Hispanic or Latino,1975-03-22,,2017-11-24,2023-01-16,4.041067761806982,1.103353867214237,6,4,1,0,0,,,0,,,,1,0.05982203678035301,2.511178861788595,53
20012406,control,0,2026-04-23,2026,2026Q2,63,0,Female,White,0,Not Hispanic or Latino,1963-01-26,,2016-12-04,2026-04-30,9.382614647501711,0.019164955509924708,4,0,0,0,0,,,0,,,,1,0.048568012258311685,0.7533536585365785,110
20012413,control,0,2022-10-01,2022,2022Q4,31,0,Female,White,0,Not Hispanic or Latino,1991-07-12,,2015-01-01,2026-04-23,7.748117727583847,3.5592060232717317,4,3,0,0,0,,,0,,,,1,0.08577623244346408,1.883384146341446,300
20012416,control,0,2026-04-11,2026,2026Q2,70,0,Female,Black or African American,0,Not Hispanic or Latino,1955-09-17,,2020-03-08,2026-04-11,6.091718001368926,0.0,3,0,0,0,0,,,0,,,,1,0.01645532481173501,0.7533536585365785,143
20012431,control,0,2025-07-11,2025,2025Q3,74,0,Female,White,0,Not Hispanic or Latino,1950-10-30,,2023-01-21,2025-09-26,2.4695414099931554,0.2108145106091718,3,1,0,0,0,,,0,,,,1,0.006178193187058157,0.7533536585365785,24
20012435,control,0,2023-05-05,2023,2023Q2,25,0,Female,White,0,Not Hispanic or Latino,1998-04-11,,2021-05-08,2023-05-18,1.9904175222450375,0.03559206023271732,4,1,1,0,0,,,0,,,,1,0.04998895122392861,0.8370596205961982,280
20012438,control,0,2026-03-21,2026,2026Q1,67,0,Female,White,0,Not Hispanic or Latino,1958-07-10,,2019-09-18,2026-05-20,6.505133470225872,0.16427104722792607,2,0,0,1,0,,,0,,,,1,0.009489419956140995,0.7533536585365785,201
20012446,control,0,2021-11-28,2021,2021Q4,39,0,Female,Unknown,0,Not Hispanic or Latino,1982-11-12,,2019-04-07,2023-08-23,2.64476386036961,1.73305954825462,4,2,0,1,0,,,0,,,,1,0.037620699540220404,0.7533536585365785,309
20012452,control,0,2021-10-14,2021,2021Q4,18,0,Female,White,0,Not Hispanic or Latino,2003-10-11,,2018-07-25,2022-02-13,3.2224503764544834,0.33401779603011633,3,1,1,0,0,,,0,,,,1,0.05107929702849363,1.883384146341446,104
20012457,control,0,2023-08-31,2023,2023Q3,41,0,Male,White,0,Not Hispanic or Latino,1982-05-21,,2017-03-19,2025-01-25,6.450376454483231,1.404517453798768,3,0,0,0,0,,,0,,,,1,0.037516195632530745,0.7533536585365785,123
20012464,control,0,2026-03-24,2026,2026Q1,18,0,Female,White,0,Not Hispanic or Latino,2007-11-14,,2020-02-18,2026-05-30,6.094455852156058,0.1834360027378508,2,0,0,0,0,,,0,,,,1,0.04984594913589544,0.7533536585365785,88
20012474,control,0,2025-04-09,2025,2025Q2,39,0,Female,White,0,Not Hispanic or Latino,1985-09-16,,2022-06-27,2026-05-13,2.784394250513347,1.0924024640657084,4,3,0,1,0,,,0,,,,1,0.03281710615766502,0.7533536585365785,147
20012476,control,0,2024-05-14,2024,2024Q2,55,0,Female,White,0,Not Hispanic or Latino,1969-03-10,,2015-09-21,2026-05-13,8.646132785763175,1.995893223819302,2,5,0,0,0,,,0,,,,1,0.01880924429612022,0.7533536585365785,273
20012479,control,0,2026-03-18,2026,2026Q1,31,0,Female,White,0,Not Hispanic or Latino,1994-06-24,,2022-03-18,2026-03-18,4.0,0.0,2,0,0,1,0,,,0,,,,1,0.022155219741760785,0.7533536585365785,29
20012489,control,0,2023-07-16,2023,2023Q3,18,0,Male,White,0,Unknown,2005-06-15,,2020-11-29,2024-09-10,2.625598904859685,1.1553730321697468,3,3,0,0,0,,,0,,,,1,0.03833551127969702,0.7533536585365785,123
20012491,control,0,2022-05-09,2022,2022Q2,34,0,Female,Unknown,0,Not Hispanic or Latino,1987-11-10,,2019-01-31,2022-09-20,3.268993839835729,0.3668720054757016,3,0,0,1,0,,,0,,,,1,0.03616033048851248,0.7533536585365785,37
20012495,control,0,2024-04-25,2024,2024Q2,54,0,Female,White,0,Not Hispanic or Latino,1969-08-09,,2022-03-14,2024-05-20,2.116358658453114,0.06844626967830253,4,1,0,0,0,,,0,,,,1,0.018424066278164196,0.7533536585365785,190
20012497,control,0,2025-03-30,2025,2025Q1,33,0,Female,White,0,Not Hispanic or Latino,1992-02-18,,2017-03-19,2026-05-24,8.030116358658454,1.1498973305954825,2,2,0,0,0,,,0,,,,1,0.03885394421951576,0.7533536585365785,269
20012504,control,0,2025-05-11,2025,2025Q2,54,0,Female,White,0,Hispanic or Latino,1971-04-18,,2024-05-31,2025-12-14,0.944558521560575,0.5941136208076659,7,3,0,0,0,,,0,,,,1,0.025099671695372354,0.7533536585365785,184
20012506,control,0,2023-04-06,2023,2023Q2,54,0,Female,White,0,Hispanic or Latino,1968-08-25,,2020-09-12,2025-03-25,2.5626283367556466,1.9685147159479808,6,1,0,0,0,,,0,,,,1,0.023589187781370567,0.7533536585365785,137
20012518,control,0,2022-02-16,2022,2022Q1,35,0,Female,White,0,Not Hispanic or Latino,1986-07-11,,2015-10-17,2026-04-13,6.335386721423682,4.153319644079398,6,2,1,0,0,,,0,,,,1,0.10370039514951368,1.506707317073157,100
20012531,control,0,2022-07-29,2022,2022Q3,33,0,Female,Asian,0,Not Hispanic or Latino,1989-07-16,,2016-11-22,2024-09-19,5.68104038329911,2.1437371663244353,7,2,0,0,0,,,0,,,,1,0.12973899019016893,7.533536585365784,277
20012547,control,0,2024-01-04,2024,2024Q1,38,0,Female,Black or African American,0,Not Hispanic or Latino,1985-09-24,,2021-01-14,2024-06-08,2.97056810403833,0.4271047227926078,5,0,0,0,0,,,0,,,,1,0.06061395620827092,1.0762195121951121,278
20012553,control,0,2022-06-14,2022,2022Q2,38,0,Female,White,0,Not Hispanic or Latino,1983-08-14,,2017-10-03,2022-09-27,4.695414099931554,0.2874743326488706,3,1,0,0,0,,,0,,,,1,0.03307076426767244,0.7533536585365785,116
20012563,control,0,2026-03-05,2026,2026Q1,63,0,Female,Other Race,0,Not Hispanic or Latino,1962-08-17,,2020-12-12,2026-04-01,5.2265571526351815,0.07392197125256673,4,2,1,0,0,,,0,,,,1,0.020088766430932915,0.7533536585365785,71
20012571,control,0,2026-05-02,2026,2026Q2,47,0,Female,White,0,Not Hispanic or Latino,1978-10-23,,2023-11-15,2026-05-07,2.461327857631759,0.013689253935660506,5,0,0,1,0,,,0,,,,1,0.03555967775558689,0.7533536585365785,240
20012574,control,0,2022-12-14,2022,2022Q4,53,0,Male,White,0,Not Hispanic or Latino,1969-08-19,,2018-12-17,2025-02-20,3.991786447638604,2.187542778918549,3,1,0,0,0,,,0,,,,1,0.015013250710573176,0.7533536585365785,23
20012575,control,0,2023-03-11,2023,2023Q1,45,0,Male,White,0,Not Hispanic or Latino,1977-03-28,,2019-09-07,2024-09-04,3.5071868583162216,1.486652977412731,3,5,0,0,0,,,0,,,,1,0.019234213839558163,0.7533536585365785,161
20012577,control,0,2025-03-07,2025,2025Q1,40,0,Female,White,0,Not Hispanic or Latino,1984-11-29,,2022-07-23,2026-04-13,2.622861054072553,1.1006160164271048,6,1,0,0,0,,,0,,,,1,0.05758212263649184,1.2555894308942974,141
20012581,control,0,2023-11-19,2023,2023Q4,67,0,Female,White,0,Not Hispanic or Latino,1956-08-01,,2015-01-01,2024-12-09,8.881587953456537,1.056810403832991,5,2,0,0,0,,,0,,,,1,0.05064002776024772,0.7533536585365785,119
20012586,control,0,2025-12-16,2025,2025Q4,18,0,Male,White,0,Not Hispanic or Latino,2007-02-04,,2023-09-24,2026-03-12,2.2286105407255303,0.23545516769336072,3,0,1,0,0,,,0,,,,1,0.043278045011561295,0.7533536585365785,67
20012591,control,0,2024-03-10,2024,2024Q1,68,0,Female,White,0,Not Hispanic or Latino,1955-10-24,,2015-01-01,2025-09-07,9.188227241615332,1.4948665297741273,3,1,0,2,0,,,0,,,,1,0.023395702525905327,0.7533536585365785,261
20012595,control,0,2026-02-10,2026,2026Q1,49,0,Male,Black or African American,0,Hispanic or Latino,1976-06-11,,2022-02-11,2026-02-14,3.997262149212868,0.010951403148528405,3,1,0,0,0,,,0,,,,1,0.016982646728711064,0.7533536585365785,234
20012614,control,0,2024-12-22,2024,2024Q4,56,0,Female,Black or African American,0,Not Hispanic or Latino,1968-08-23,,2021-01-02,2025-03-08,3.969883641341547,0.2080766598220397,2,2,0,0,0,,,0,,,,1,0.010520754796310918,0.7533536585365785,121
20012615,control,0,2026-03-15,2026,2026Q1,46,0,Female,White,0,Unknown,1980-01-20,,2021-08-03,2026-05-04,4.61327857631759,0.13689253935660506,3,1,0,0,0,,,0,,,,1,0.021829272788433957,0.7533536585365785,173
20012618,control,0,2022-09-03,2022,2022Q3,60,0,Female,White,0,Not Hispanic or Latino,1961-10-10,,2017-09-08,2022-12-22,4.985626283367557,0.30116358658453113,3,2,1,0,0,,,0,,,,1,0.015965553543628358,0.7533536585365785,222
20012621,control,0,2022-09-07,2022,2022Q3,35,0,Female,White,0,Not Hispanic or Latino,1987-07-22,,2015-01-01,2024-06-25,7.682409308692677,1.7987679671457906,2,4,0,0,0,,,0,,,,1,0.032588082543994895,0.7533536585365785,249
20012631,control,0,2024-09-09,2024,2024Q3,45,0,Male,White,0,Not Hispanic or Latino,1979-06-03,,2022-07-07,2025-04-18,2.1765913757700206,0.6050650239561944,2,3,0,0,0,,,0,,,,1,0.009282442049201273,0.7533536585365785,317
20012640,control,0,2026-05-03,2026,2026Q2,18,0,Male,White,0,Not Hispanic or Latino,2007-10-15,,2020-03-13,2026-05-03,6.138261464750171,0.0,2,0,0,1,0,,,0,,,,1,0.05085632261923802,1.0762195121951121,262
20012645,control,0,2026-04-24,2026,2026Q2,28,0,Female,Unknown,0,Unknown,1997-11-30,,2022-06-19,2026-05-03,3.8466803559206024,0.024640657084188913,5,1,0,2,0,,,0,,,,1,0.09281146853883611,1.506707317073157,257
20012649,control,0,2025-06-20,2025,2025Q2,33,0,Male,Unknown,0,Not Hispanic or Latino,1991-11-04,,2023-11-13,2026-05-12,1.6016427104722792,0.892539356605065,4,3,1,0,0,,,0,,,,1,0.040933422703995075,0.7533536585365785,169
20012658,control,0,2026-03-28,2026,2026Q1,52,0,Female,Asian,0,Not Hispanic or Latino,1974-03-14,,2023-01-29,2026-05-20,3.159479808350445,0.14510609171800137,4,0,0,0,0,,,0,,,,1,0.021411128906942366,0.7533536585365785,29
20012663,control,0,2022-02-18,2022,2022Q1,63,0,Female,Unknown,0,Not Hispanic or Latino,1958-03-29,,2017-08-21,2023-04-06,4.4955509924709105,1.1279945242984257,3,2,0,0,0,,,0,,,,1,0.015283495580049716,0.7533536585365785,308
20012667,control,0,2024-04-28,2024,2024Q2,18,0,Female,Black or African American,0,Unknown,2006-03-21,,2019-12-01,2026-03-14,4.407939767282683,1.8754277891854894,3,4,0,0,0,,,0,,,,1,0.05846424398341576,0.7533536585365785,125
20012670,control,0,2023-04-05,2023,2023Q2,46,0,Female,White,0,Not Hispanic or Latino,1976-05-26,,2018-11-04,2024-03-19,4.41615331964408,0.9555099247091033,3,5,1,0,0,,,0,,,,1,0.02265898780444856,0.7533536585365785,137
20012682,control,0,2022-12-12,2022,2022Q4,18,0,Male,White,0,Not Hispanic or Latino,2004-06-06,,2019-06-19,2026-02-23,3.482546201232033,3.2005475701574264,3,2,1,0,0,,,0,,,,1,0.04393432924863346,0.7533536585365785,186
20012691,control,0,2024-10-25,2024,2024Q4,50,0,Female,White,0,Not Hispanic or Latino,1974-08-11,,2017-09-27,2026-04-07,7.077344284736482,1.4483230663928817,3,1,0,0,0,,,0,,,,1,0.03047181167277445,0.7533536585365785,107
20012692,control,0,2025-03-09,2025,2025Q1,56,0,Male,White,0,Hispanic or Latino,1968-11-20,,2019-04-16,2026-02-11,5.897330595482546,0.9281314168377823,2,2,0,0,0,,,0,,,,1,0.00847795295240967,0.7533536585365785,144
20012702,control,0,2022-05-31,2022,2022Q2,31,0,Female,White,0,Not Hispanic or Latino,1990-08-20,,2019-02-19,2023-10-08,3.277207392197125,1.3552361396303902,3,1,0,0,0,,,0,,,,1,0.030574885271390576,0.7533536585365785,116
20012705,control,0,2025-06-07,2025,2025Q2,36,0,Female,White,0,Not Hispanic or Latino,1988-12-25,,2021-04-01,2026-02-18,4.183436002737851,0.7008898015058179,2,4,1,0,0,,,0,,,,1,0.01824575659941364,0.7533536585365785,22
20012715,control,0,2024-01-12,2024,2024Q1,32,0,Female,White,0,Not Hispanic or Latino,1991-10-31,,2018-07-15,2026-02-03,5.494866529774128,2.0616016427104724,2,3,0,0,0,,,0,,,,1,0.024147428594098762,0.7533536585365785,243
20012734,control,0,2025-02-22,2025,2025Q1,47,0,Female,White,0,Unknown,1977-09-12,,2021-07-04,2026-05-16,3.6386036960985626,1.2265571526351813,3,2,0,0,0,,,0,,,,1,0.016393780977762937,0.7533536585365785,157
20012749,control,0,2026-03-21,2026,2026Q1,33,0,Male,Asian,0,Not Hispanic or Latino,1992-11-02,,2024-10-29,2026-05-25,1.3908281998631074,0.17796030116358658,2,0,0,0,0,,,0,,,,1,0.011527957613641613,0.7533536585365785,274
20012754,control,0,2023-03-11,2023,2023Q1,62,0,Female,White,0,Unknown,1960-11-02,,2019-12-28,2024-06-29,3.2005475701574264,1.3032169746748803,3,2,0,0,0,,,0,,,,1,0.00880642869225341,0.7533536585365785,202
20012757,control,0,2025-08-27,2025,2025Q3,67,0,Female,White,0,Not Hispanic or Latino,1957-12-09,,2015-09-15,2026-04-01,9.949349760438055,0.5941136208076659,3,0,0,0,0,,,0,,,,1,0.02953857763359183,0.7533536585365785,260
20012759,control,0,2024-06-17,2024,2024Q2,30,0,Male,White,0,Not Hispanic or Latino,1993-09-29,,2018-04-21,2025-02-10,6.157426420260096,0.6516084873374401,3,2,0,0,0,,,0,,,,1,0.05492506427851662,0.7533536585365785,208
20012772,control,0,2022-12-08,2022,2022Q4,37,0,Female,White,0,Not Hispanic or Latino,1985-06-25,,2020-02-27,2023-12-16,2.7789185489390826,1.0212183436002737,3,5,0,0,0,,,0,,,,1,0.023183690203947855,0.7533536585365785,315
20012777,control,0,2023-09-29,2023,2023Q3,39,0,Female,Black or African American,0,Not Hispanic or Latino,1984-06-03,,2022-03-02,2025-09-21,1.5770020533880904,1.9794661190965093,2,1,0,0,0,,,0,,,,1,0.011093103461173388,0.7533536585365785,327
20012780,control,0,2022-01-03,2022,2022Q1,18,0,Female,White,0,Hispanic or Latino,2003-02-22,,2017-03-20,2023-05-20,4.791238877481177,1.374401095140315,2,3,0,0,0,,,0,,,,1,0.02614777650989489,0.7533536585365785,227
20012787,control,0,2023-01-30,2023,2023Q1,56,0,Female,White,0,Hispanic or Latino,1966-05-03,,2020-07-16,2023-05-03,2.54072553045859,0.2546201232032854,4,2,0,0,0,,,0,,,,1,0.012981563845307591,0.7533536585365785,52
20012819,control,0,2024-12-24,2024,2024Q4,18,0,Male,Black or African American,0,Hispanic or Latino,2006-09-04,,2020-01-25,2025-11-17,4.914442162902122,0.8980150581793293,3,1,0,0,0,,,0,,,,1,0.055666818489455205,0.7533536585365785,323
20012820,control,0,2024-05-02,2024,2024Q2,30,0,Female,White,0,Not Hispanic or Latino,1993-08-04,,2015-01-01,2025-09-01,9.333333333333334,1.3333333333333333,3,2,0,0,0,,,0,,,,1,0.08982186732992568,0.941692073170723,283
20012825,control,0,2025-01-18,2025,2025Q1,57,0,Female,Unknown,0,Not Hispanic or Latino,1967-04-26,,2020-12-14,2025-12-06,4.095824777549623,0.8815879534565366,4,4,0,0,0,,,0,,,,1,0.027407658894972632,0.7533536585365785,145
20012831,control,0,2025-02-27,2025,2025Q1,47,0,Female,White,0,Not Hispanic or Latino,1977-06-17,,2019-06-24,2025-12-13,5.68104038329911,0.7912388774811773,4,1,0,0,0,,,0,,,,1,0.042112919738561704,0.8370596205961982,292
20012840,control,0,2022-08-29,2022,2022Q3,26,0,Female,White,0,Not Hispanic or Latino,1996-06-12,,2017-09-21,2022-09-15,4.936344969199179,0.04654346338124572,2,1,0,0,0,,,0,,,,1,0.031104048108615754,0.7533536585365785,310
20012850,control,0,2024-08-23,2024,2024Q3,57,0,Male,Unknown,0,Not Hispanic or Latino,1967-03-03,,2021-11-03,2026-03-10,2.8035592060232717,1.5441478439425051,2,3,0,0,0,,,0,,,,1,0.007801704709020015,0.7533536585365785,317
20012853,control,0,2023-10-02,2023,2023Q4,51,0,Female,White,0,Not Hispanic or Latino,1972-05-27,,2018-12-29,2026-04-01,4.758384668035592,2.4969199178644765,4,2,0,0,0,,,0,,,,1,0.027659612964925594,0.7533536585365785,77
20012854,control,0,2023-01-01,2023,2023Q1,27,0,Female,White,0,Not Hispanic or Latino,1995-11-09,,2022-01-06,2025-09-21,0.9856262833675564,2.7214236824093088,3,8,0,0,0,,,0,,,,1,0.021315190219857054,0.7533536585365785,295
20012862,control,0,2025-07-08,2025,2025Q3,49,0,Female,White,0,Not Hispanic or Latino,1975-08-13,,2019-11-17,2025-07-08,5.639972621492129,0.0,3,0,0,0,0,,,0,,,,1,0.027076012512192896,0.7533536585365785,260
20012864,control,0,2025-03-15,2025,2025Q1,36,0,Female,White,0,Not Hispanic or Latino,1988-07-25,,2015-01-01,2025-11-15,10.20123203285421,0.6707734428473648,4,1,0,0,0,,,0,,,,1,0.13081741809237238,3.766768292682892,45
20012865,control,0,2023-08-31,2023,2023Q3,38,0,Male,White,0,Not Hispanic or Latino,1985-02-08,,2020-12-19,2026-05-18,2.6967830253251197,2.7132101300479126,5,6,0,0,0,,,0,,,,1,0.042098519199007145,0.7533536585365785,46
20012868,control,0,2022-10-07,2022,2022Q4,27,0,Female,White,0,Not Hispanic or Latino,1994-11-11,,2019-03-06,2022-11-25,3.589322381930185,0.13415468856947296,3,0,1,0,0,,,0,,,,1,0.04042265917337354,0.7533536585365785,49
20012877,control,0,2025-04-27,2025,2025Q2,41,0,Female,White,0,Not Hispanic or Latino,1983-06-19,,2022-08-05,2026-01-09,2.726899383983573,0.70362765229295,5,3,0,0,0,,,0,,,,1,0.043775737472443246,1.0762195121951121,287
20012879,control,0,2025-04-19,2025,2025Q2,20,0,Male,Asian,0,Not Hispanic or Latino,2005-04-06,,2022-12-05,2025-07-20,2.3709787816563996,0.2518822724161533,3,3,1,0,0,,,0,,,,1,0.03742380370013118,0.7533536585365785,241
20012881,control,0,2024-05-03,2024,2024Q2,79,0,Female,White,0,Not Hispanic or Latino,1944-09-18,,2016-10-13,2026-02-04,7.553730321697468,1.757700205338809,2,2,0,0,0,,,0,,,,1,0.0066503811581318266,0.7533536585365785,146
20012907,control,0,2025-02-23,2025,2025Q1,39,0,Female,White,0,Not Hispanic or Latino,1985-04-20,,2023-01-28,2026-04-09,2.0725530458590007,1.1225188227241616,4,6,1,1,0,,,0,,,,1,0.028881947772410387,0.7533536585365785,313
20012908,control,0,2022-11-21,2022,2022Q4,43,0,Female,White,0,Not Hispanic or Latino,1979-05-15,,2019-01-27,2023-08-23,3.8165639972621492,0.7529089664613279,3,2,0,2,0,,,0,,,,1,0.022973411597724477,0.7533536585365785,315
20012913,control,0,2024-04-10,2024,2024Q2,41,0,Female,Other Race,0,Not Hispanic or Latino,1982-09-04,,2019-05-05,2026-05-20,4.933607118412047,2.108145106091718,3,2,0,0,0,,,0,,,,1,0.023593026062726636,0.7533536585365785,326
20012914,control,0,2022-08-18,2022,2022Q3,53,0,Female,White,0,Not Hispanic or Latino,1968-11-11,,2017-11-13,2026-05-22,4.761122518822724,3.759069130732375,3,5,0,0,0,,,0,,,,1,0.015424091325851505,0.7533536585365785,222
20012916,control,0,2025-02-01,2025,2025Q1,61,0,Female,White,0,Not Hispanic or Latino,1963-05-09,,2015-05-07,2026-05-25,9.741273100616016,1.3086926762491444,3,1,1,0,0,,,0,,,,1,0.03345019998317579,0.7533536585365785,138
20012920,control,0,2023-06-13,2023,2023Q2,41,0,Female,Unknown,0,Not Hispanic or Latino,1981-11-05,,2019-11-09,2025-08-23,3.592060232717317,2.195756331279945,3,2,0,0,0,,,0,,,,1,0.026363409329385717,0.7533536585365785,98
20012923,control,0,2025-08-04,2025,2025Q3,46,0,Female,White,0,Unknown,1978-10-05,,2018-02-02,2025-08-04,7.501711156741957,0.0,4,0,0,0,0,,,0,,,,1,0.05558926290459648,0.7533536585365785,217
20012945,control,0,2025-02-02,2025,2025Q1,56,0,Female,Asian,0,Not Hispanic or Latino,1968-11-07,,2015-10-31,2026-01-26,9.259411362080767,0.9801505817932923,4,2,0,0,0,,,0,,,,1,0.051356689646949845,0.7533536585365785,102
20012949,control,0,2025-05-27,2025,2025Q2,31,0,Female,White,0,Unknown,1993-10-01,,2015-01-01,2026-04-05,10.401095140314853,0.8569472963723477,2,3,1,0,0,,,0,,,,1,0.056477871394356526,0.8370596205961982,177
20012957,control,0,2023-11-29,2023,2023Q4,50,0,Female,White,0,Not Hispanic or Latino,1973-06-07,,2019-03-02,2025-05-30,4.744695414099931,1.5003422313483916,4,1,0,0,0,,,0,,,,1,0.030634697957751464,0.7533536585365785,150
20012958,control,0,2023-03-23,2023,2023Q1,39,0,Female,White,0,Not Hispanic or Latino,1984-01-22,,2018-01-01,2026-01-25,5.221081451060917,2.844626967830253,3,1,0,0,0,,,0,,,,1,0.029330225027715803,0.7533536585365785,276
20012982,control,0,2024-10-19,2024,2024Q4,41,0,Female,White,0,Not Hispanic or Latino,1983-05-13,,2016-12-13,2026-05-15,7.8494182067077345,1.568788501026694,5,2,1,0,0,,,0,,,,1,0.09858161774134126,1.2555894308942974,151
20012986,control,0,2025-09-10,2025,2025Q3,56,0,Female,White,0,Not Hispanic or Latino,1968-12-30,,2019-12-17,2026-02-17,5.73305954825462,0.4380561259411362,4,2,0,0,0,,,0,,,,1,0.03180297478059447,0.7533536585365785,91
20012989,control,0,2023-11-16,2023,2023Q4,46,0,Female,Other Race,0,Not Hispanic or Latino,1977-11-02,,2019-07-31,2024-01-14,4.295687885010267,0.16153319644079397,3,1,0,0,0,,,0,,,,1,0.02021730924042049,0.7533536585365785,19
20012990,control,0,2022-02-10,2022,2022Q1,22,0,Female,White,0,Not Hispanic or Latino,1999-12-30,,2016-09-16,2022-10-30,5.401779603011636,0.7173169062286106,4,3,0,0,0,,,0,,,,1,0.09418760545323232,1.506707317073157,100
20013006,control,0,2025-06-10,2025,2025Q2,52,0,Male,White,0,Not Hispanic or Latino,1972-11-24,,2020-01-14,2026-05-18,5.404517453798768,0.9363449691991786,4,4,0,0,0,,,0,,,,1,0.03336170185675011,0.7533536585365785,86
20013015,control,0,2022-10-10,2022,2022Q4,42,0,Female,White,0,Not Hispanic or Latino,1980-06-13,,2019-07-27,2024-10-10,3.2060232717316905,2.001368925393566,5,5,0,0,0,,,0,,,,1,0.04204855760772854,0.7533536585365785,49
20013017,control,0,2025-03-18,2025,2025Q1,34,0,Female,White,0,Not Hispanic or Latino,1990-11-26,,2021-02-23,2026-03-04,4.0629705681040384,0.9609856262833676,2,3,0,0,0,,,0,,,,1,0.0188264547421728,0.7533536585365785,148
20013020,control,0,2024-10-25,2024,2024Q4,60,0,Male,White,0,Not Hispanic or Latino,1964-06-05,,2020-12-31,2025-04-05,3.8165639972621492,0.44353182751540043,4,2,0,1,0,,,0,,,,1,0.019640894959426013,0.7533536585365785,293
20013022,control,0,2023-09-05,2023,2023Q3,38,0,Female,Asian,0,Unknown,1985-02-28,,2015-01-01,2026-02-01,8.676249144421629,2.409308692676249,2,2,0,0,0,,,0,,,,1,0.026631580549387798,0.7533536585365785,284
20013023,control,0,2025-08-11,2025,2025Q3,40,0,Female,White,0,Not Hispanic or Latino,1985-02-25,,2015-01-01,2026-04-11,10.609171800136892,0.6652977412731006,3,1,1,0,0,,,0,,,,1,0.08331618367396815,1.2555894308942974,187
20013027,control,0,2024-03-15,2024,2024Q1,40,0,Female,White,0,Not Hispanic or Latino,1984-01-05,,2021-11-01,2025-12-18,2.3682409308692676,1.7604380561259412,3,3,0,0,0,,,0,,,,1,0.01838954336104683,0.7533536585365785,299
20013034,control,0,2025-02-26,2025,2025Q1,57,0,Female,Asian,0,Not Hispanic or Latino,1967-10-23,,2018-01-16,2025-09-09,7.112936344969199,0.5338809034907598,3,2,1,0,0,,,0,,,,1,0.02308043706512173,0.7533536585365785,196
20013056,control,0,2023-04-08,2023,2023Q2,51,0,Female,White,0,Not Hispanic or Latino,1971-08-16,,2015-01-01,2024-06-29,8.265571526351813,1.2265571526351813,4,2,0,1,0,,,0,,,,1,0.0557274725983892,0.8370596205961982,280
20013062,control,0,2025-08-16,2025,2025Q3,48,0,Female,White,0,Not Hispanic or Latino,1977-04-22,,2024-07-18,2026-01-28,1.0787132101300478,0.4517453798767967,5,2,0,0,0,,,0,,,,1,0.026089358465874422,0.7533536585365785,314
20013068,control,0,2023-09-06,2023,2023Q3,50,0,Female,White,0,Not Hispanic or Latino,1973-06-01,,2022-04-23,2025-02-08,1.3716632443531827,1.4264202600958247,3,4,0,1,0,,,0,,,,1,0.011014104087795547,0.7533536585365785,327
20013072,control,0,2025-09-04,2025,2025Q3,24,0,Female,White,0,Unknown,2000-12-22,,2021-07-16,2026-04-19,4.136892539356605,0.621492128678987,4,1,0,0,0,,,0,,,,1,0.06343009589608468,0.8370596205961982,285
20013077,control,0,2025-10-22,2025,2025Q4,33,0,Female,White,0,Not Hispanic or Latino,1992-01-16,,2023-11-23,2026-05-07,1.9137577002053388,0.5393566050650239,2,0,0,0,0,,,0,,,,1,0.01367533168983648,0.7533536585365785,149
20013079,control,0,2025-12-05,2025,2025Q4,41,0,Female,White,1,Not Hispanic or Latino,1984-09-01,,2015-01-01,2026-04-01,10.926762491444217,0.3203285420944558,3,1,0,0,0,,,0,,,,1,0.08692266291576331,2.511178861788595,223
20013100,control,0,2022-11-14,2022,2022Q4,52,0,Male,White,0,Not Hispanic or Latino,1970-01-29,,2016-04-16,2024-04-26,6.579055441478439,1.4483230663928817,2,4,1,0,0,,,0,,,,1,0.015026129748206834,0.7533536585365785,23
20013101,control,0,2025-06-13,2025,2025Q2,53,0,Male,White,0,Not Hispanic or Latino,1971-10-27,,2021-03-14,2026-03-04,4.249144421629021,0.7227926078028748,3,1,0,1,0,,,0,,,,1,0.0174331616589398,0.7533536585365785,89
20013102,control,0,2025-09-05,2025,2025Q3,51,0,Female,White,0,Not Hispanic or Latino,1974-01-22,,2019-12-12,2026-05-16,5.73305954825462,0.6926762491444216,5,1,1,0,0,,,0,,,,1,0.05224123022661424,0.7533536585365785,162
20013107,control,0,2026-05-08,2026,2026Q2,53,0,Female,White,0,Unknown,1972-10-29,,2020-05-24,2026-05-08,5.95482546201232,0.0,3,0,1,1,0,,,0,,,,1,0.02183649079442808,0.7533536585365785,153
20013111,control,0,2022-10-29,2022,2022Q4,39,0,Female,Black or African American,0,Not Hispanic or Latino,1983-05-03,,2020-02-13,2024-12-17,2.707734428473648,2.135523613963039,3,3,1,0,0,,,0,,,,1,0.023294082533889607,0.7533536585365785,315
20013119,control,0,2025-03-07,2025,2025Q1,34,0,Female,White,0,Not Hispanic or Latino,1990-08-29,,2018-11-19,2026-03-07,6.297056810403833,0.999315537303217,2,3,0,0,0,,,0,,,,1,0.02793931353505556,0.7533536585365785,313
20013120,control,0,2025-04-06,2025,2025Q2,41,0,Female,White,0,Not Hispanic or Latino,1983-07-12,,2021-04-28,2026-05-11,3.9397672826830936,1.0951403148528405,4,4,0,0,0,,,0,,,,1,0.037480301328620444,0.7533536585365785,203
20013138,control,0,2026-03-05,2026,2026Q1,66,0,Male,White,0,Not Hispanic or Latino,1960-01-08,,2016-04-29,2026-03-05,9.848049281314168,0.0,5,0,0,0,0,,,0,,,,1,0.06642138134760697,1.506707317073157,320
20013139,control,0,2023-03-01,2023,2023Q1,54,0,Female,White,0,Not Hispanic or Latino,1968-10-13,,2021-01-24,2025-08-24,2.0971937029431897,2.4832306639288158,5,3,0,0,0,,,0,,,,1,0.02193439411021551,0.7533536585365785,85
20013146,control,0,2026-05-23,2026,2026Q2,56,0,Female,White,0,Unknown,1970-05-06,,2022-02-11,2026-05-23,4.276522929500342,0.0,4,0,1,1,0,,,0,,,,1,0.022259663888158615,0.7533536585365785,153
20013155,control,0,2026-05-08,2026,2026Q2,58,0,Male,White,0,Not Hispanic or Latino,1968-03-12,,2024-02-09,2026-05-08,2.242299794661191,0.0,8,0,0,0,0,,,0,,,,1,0.04976519420094122,1.0762195121951121,262
20013165,control,0,2025-12-03,2025,2025Q4,48,0,Male,Unknown,0,Not Hispanic or Latino,1976-12-29,,2020-11-23,2026-03-24,5.026694045174538,0.30390143737166325,6,2,0,0,0,,,0,,,,1,0.08490966418457076,1.2555894308942974,321
20013173,control,0,2021-10-08,2021,2021Q4,43,0,Female,White,0,Not Hispanic or Latino,1977-10-15,,2015-01-01,2023-06-08,6.767967145790554,1.6646132785763177,2,2,0,0,0,,,0,,,,1,0.021090186452091243,0.7533536585365785,56
20013186,control,0,2025-03-20,2025,2025Q1,62,0,Female,Unknown,0,Not Hispanic or Latino,1963-01-12,,2019-03-29,2026-04-17,5.976728268309377,1.0759753593429158,5,5,0,0,0,,,0,,,,1,0.04448078405420804,1.2555894308942974,244
20013190,control,0,2022-09-16,2022,2022Q3,29,0,Female,White,0,Unknown,1993-08-13,,2015-01-01,2026-05-13,7.707049965776865,3.6550308008213555,2,0,0,0,0,,,0,,,,1,0.031233945840077378,0.7533536585365785,249
20013196,control,0,2022-09-09,2022,2022Q3,40,0,Female,White,0,Not Hispanic or Latino,1981-10-11,,2021-03-01,2026-01-13,1.5249828884325805,3.345653661875428,2,7,0,1,0,,,0,,,,1,0.008128538753411687,0.7533536585365785,294
20013212,control,0,2024-08-23,2024,2024Q3,42,0,Female,White,0,Not Hispanic or Latino,1981-11-08,,2020-09-21,2026-05-18,3.920602327173169,1.73305954825462,2,3,0,0,0,,,0,,,,1,0.013063026401216564,0.7533536585365785,205
20013240,control,0,2024-04-25,2024,2024Q2,50,0,Female,White,0,Not Hispanic or Latino,1973-11-27,,2017-01-02,2024-11-21,7.310061601642711,0.5749486652977412,2,0,1,0,0,,,0,,,,1,0.01955909402545944,0.7533536585365785,273
20013243,control,0,2024-05-24,2024,2024Q2,74,0,Female,White,0,Not Hispanic or Latino,1950-03-10,,2020-09-26,2026-01-20,3.6577686516084875,1.6591375770020533,3,1,0,0,0,,,0,,,,1,0.00690899445123462,0.7533536585365785,146
20013255,control,0,2025-11-08,2025,2025Q4,38,0,Female,White,0,Not Hispanic or Latino,1987-01-22,,2018-06-10,2026-05-16,7.41409993155373,0.5174537987679672,2,1,1,0,0,,,0,,,,1,0.03057777612598764,0.941692073170723,182
20013257,control,0,2025-05-05,2025,2025Q2,76,0,Female,White,0,Not Hispanic or Latino,1948-08-19,,2018-11-15,2025-10-14,6.469541409993155,0.44353182751540043,5,0,0,0,0,,,0,,,,1,0.025267882569180833,0.7533536585365785,184
20013271,control,0,2026-01-13,2026,2026Q1,28,0,Male,White,0,Not Hispanic or Latino,1997-02-25,,2023-05-29,2026-04-20,2.628336755646817,0.2655715263518138,2,0,0,0,0,,,0,,,,1,0.01894014893157146,0.7533536585365785,234
20013275,control,0,2026-05-21,2026,2026Q2,43,0,Female,Unknown,0,Not Hispanic or Latino,1983-03-16,,2019-05-02,2026-05-21,7.052703627652293,0.0,2,0,0,1,0,,,0,,,,1,0.030665787303532723,0.7533536585365785,81
20013276,control,0,2025-01-18,2025,2025Q1,50,0,Female,Black or African American,0,Not Hispanic or Latino,1974-07-14,,2021-07-30,2025-07-17,3.4715947980835042,0.4928131416837782,3,4,0,0,0,,,0,,,,1,0.02027476400332323,0.7533536585365785,303
20013279,control,0,2025-11-26,2025,2025Q4,23,0,Female,White,0,Not Hispanic or Latino,2002-02-21,,2025-05-21,2026-05-12,0.5174537987679672,0.45722108145106094,4,4,1,0,0,,,0,,,,1,0.04028577350757585,0.7533536585365785,268
20013286,control,0,2024-11-16,2024,2024Q4,58,0,Male,White,0,Not Hispanic or Latino,1966-03-04,,2021-03-21,2026-01-13,3.6577686516084875,1.158110882956879,4,2,0,0,0,,,0,,,,1,0.019494174304864793,0.7533536585365785,293
20013287,control,0,2026-04-13,2026,2026Q2,56,0,Male,White,0,Not Hispanic or Latino,1969-07-05,,2015-01-01,2026-04-16,11.279945242984258,0.008213552361396304,3,0,0,0,0,,,0,,,,1,0.05684325571062701,1.506707317073157,133
20013291,control,0,2022-11-30,2022,2022Q4,71,0,Female,White,0,Not Hispanic or Latino,1951-08-10,,2017-03-13,2024-12-05,5.716632443531828,2.0150581793292264,3,4,1,0,0,,,0,,,,1,0.010880829669765547,0.7533536585365785,155
20013294,control,0,2023-11-21,2023,2023Q4,32,0,Female,Unknown,0,Unknown,1991-03-18,,2021-12-13,2023-11-21,1.9383983572895278,0.0,3,0,0,0,0,,,0,,,,1,0.0276736023349635,0.7533536585365785,77
20013301,control,0,2025-02-25,2025,2025Q1,34,0,Female,Asian,0,Not Hispanic or Latino,1990-04-08,,2021-05-24,2026-05-17,3.759069130732375,1.2210814510609171,3,2,0,0,0,,,0,,,,1,0.027342348251846574,0.7533536585365785,145
20013302,control,0,2022-10-23,2022,2022Q4,48,0,Female,White,0,Not Hispanic or Latino,1974-06-02,,2015-01-01,2025-04-26,7.808350444900753,2.507871321013005,4,1,0,0,0,,,0,,,,1,0.0523358035266502,0.7533536585365785,62
20013309,control,0,2026-02-18,2026,2026Q1,35,0,Female,White,0,Not Hispanic or Latino,1990-04-23,,2021-10-28,2026-05-16,4.309377138945927,0.23819301848049282,4,2,0,0,0,,,0,,,,1,0.052180917820744355,0.7533536585365785,88
20013310,control,0,2023-10-25,2023,2023Q4,20,0,Female,White,0,Not Hispanic or Latino,2003-06-26,,2019-11-15,2025-12-07,3.9425051334702257,2.1190965092402463,3,1,0,1,0,,,0,,,,1,0.047819085574276055,0.7533536585365785,119
20013318,control,0,2024-10-29,2024,2024Q4,26,0,Female,White,0,Unknown,1998-06-23,,2015-05-15,2026-05-08,9.45927446954141,1.5222450376454484,2,3,0,0,0,,,0,,,,1,0.054489556583260705,0.7533536585365785,36
20013344,control,0,2022-10-05,2022,2022Q4,33,0,Male,White,0,Not Hispanic or Latino,1989-06-02,,2018-10-22,2025-07-31,3.9534565366187544,2.8199863107460645,4,1,0,1,0,,,0,,,,1,0.04407081612097694,0.7533536585365785,186
20013346,control,0,2025-07-01,2025,2025Q3,24,0,Female,Asian,0,Not Hispanic or Latino,2000-07-05,,2018-05-10,2026-05-07,7.143052703627652,0.8487337440109514,3,1,0,0,0,,,0,,,,1,0.07135359663564855,0.941692073170723,291
20013349,control,0,2022-12-31,2022,2022Q4,47,0,Female,White,0,Not Hispanic or Latino,1975-01-15,,2015-05-21,2025-03-25,7.613963039014374,2.2313483915126624,3,2,1,0,0,,,0,,,,1,0.035241090674262544,0.7533536585365785,33
20013351,control,0,2023-02-10,2023,2023Q1,63,0,Male,White,0,Not Hispanic or Latino,1959-11-12,,2018-03-20,2024-05-21,4.895277207392197,1.2758384668035592,4,4,0,0,0,,,0,,,,1,0.02018728369940707,0.7533536585365785,161
20013377,control,0,2025-11-20,2025,2025Q4,22,0,Male,Other Race,0,Not Hispanic or Latino,2003-06-04,,2022-10-27,2026-03-18,3.0663928815879533,0.32306639288158795,3,3,1,0,0,,,0,,,,1,0.037466890032496036,0.7533536585365785,67
20013383,control,0,2025-02-05,2025,2025Q1,34,0,Female,White,0,Not Hispanic or Latino,1990-07-12,,2022-11-29,2026-02-08,2.187542778918549,1.0075290896646132,3,1,1,0,0,,,0,,,,1,0.02323020914859388,0.7533536585365785,196
20013384,control,0,2023-01-09,2023,2023Q1,50,0,Female,White,0,Unknown,1972-09-04,,2015-01-01,2023-01-09,8.021902806297057,0.0,4,0,1,0,0,,,0,,,,1,0.0530073607121025,0.7533536585365785,76
20013386,control,0,2024-05-19,2024,2024Q2,49,0,Female,White,0,Not Hispanic or Latino,1974-12-18,,2017-11-07,2026-05-19,6.529774127310062,1.998631074606434,6,3,0,0,0,,,0,,,,1,0.07766964561432818,1.883384146341446,246
20013390,control,0,2025-04-03,2025,2025Q2,36,0,Female,Black or African American,0,Not Hispanic or Latino,1989-01-24,,2020-01-30,2025-11-05,5.174537987679671,0.5913757700205339,3,3,0,0,0,,,0,,,,1,0.04447807000219958,1.0762195121951121,72
20013394,control,0,2025-10-07,2025,2025Q4,32,0,Male,White,0,Not Hispanic or Latino,1993-04-25,,2020-02-27,2026-05-28,5.6098562628336754,0.6379192334017796,3,1,0,1,0,,,0,,,,1,0.04668411830525384,0.7533536585365785,67
20013429,control,0,2026-05-06,2026,2026Q2,34,0,Male,White,0,Not Hispanic or Latino,1991-09-17,,2023-10-17,2026-05-06,2.5516769336071183,0.0,4,0,0,0,0,,,0,,,,1,0.040457389139400085,0.7533536585365785,142
20013435,control,0,2026-04-07,2026,2026Q2,49,0,Female,White,1,Hispanic or Latino,1976-08-13,,2016-10-07,2026-05-25,9.49760438056126,0.13141683778234087,3,0,0,0,0,,,0,,,,1,0.0378462494271482,0.7533536585365785,240
20013439,control,0,2022-08-10,2022,2022Q3,30,0,Female,White,0,Not Hispanic or Latino,1992-02-06,,2021-04-18,2024-11-04,1.3114305270362765,2.236824093086927,4,2,0,0,0,,,0,,,,1,0.03206362181824025,0.7533536585365785,310
20013441,control,0,2022-01-12,2022,2022Q1,49,0,Female,White,0,Not Hispanic or Latino,1972-12-04,,2015-03-06,2025-08-02,6.855578370978781,3.5537303216974676,2,3,0,0,0,,,0,,,,1,0.015147251346759332,0.7533536585365785,308
20013451,control,0,2025-03-17,2025,2025Q1,64,0,Female,White,0,Unknown,1960-09-11,,2015-03-31,2026-02-11,9.963039014373717,0.9062286105407256,3,6,1,0,0,,,0,,,,1,0.028306506332900928,0.7533536585365785,313
20013452,control,0,2021-10-19,2021,2021Q4,63,0,Female,White,0,Not Hispanic or Latino,1958-09-15,,2015-01-01,2023-09-02,6.798083504449007,1.8699520876112252,5,1,0,0,0,,,0,,,,1,0.03828129247785527,0.7533536585365785,309
20013456,control,0,2025-11-01,2025,2025Q4,60,0,Female,White,0,Hispanic or Latino,1965-01-12,,2023-06-09,2026-04-07,2.3983572895277208,0.42984257357973993,2,3,0,0,0,,,0,,,,1,0.004036774750676356,0.7533536585365785,237
20013461,control,0,2023-05-21,2023,2023Q2,41,0,Male,Black or African American,0,Not Hispanic or Latino,1982-04-22,,2020-09-19,2023-10-03,2.6666666666666665,0.36960985626283366,5,1,1,0,0,,,0,,,,1,0.05211952407770888,0.7533536585365785,178
20013464,control,0,2025-01-19,2025,2025Q1,34,0,Female,Black or African American,0,Not Hispanic or Latino,1990-09-27,,2021-03-28,2026-02-14,3.813826146475017,1.0704996577686516,2,4,1,0,0,,,0,,,,1,0.021114190127485086,0.7533536585365785,303
20013473,control,0,2024-06-11,2024,2024Q2,50,0,Female,Unknown,0,Not Hispanic or Latino,1974-04-01,,2020-06-11,2026-04-04,4.0,1.8124572210814511,3,4,0,0,0,,,0,,,,1,0.02117389465165161,0.7533536585365785,273
20013476,control,0,2023-02-07,2023,2023Q1,54,0,Female,Black or African American,0,Not Hispanic or Latino,1968-10-18,,2018-02-22,2024-04-09,4.958247775496235,1.1690622861054072,3,1,0,1,0,,,0,,,,1,0.02186686155768376,0.7533536585365785,295
20013478,control,0,2026-03-14,2026,2026Q1,53,0,Female,White,0,Not Hispanic or Latino,1973-03-07,,2018-07-17,2026-04-29,7.657768651608487,0.12594113620807665,2,0,1,0,0,,,0,,,,1,0.019306650536171848,0.7533536585365785,71
20013488,control,0,2024-12-30,2024,2024Q4,18,0,Male,White,0,Not Hispanic or Latino,2006-01-16,,2024-03-24,2026-03-14,0.7693360711841205,1.2019164955509924,5,3,1,0,0,,,0,,,,1,0.06646761544634286,0.8370596205961982,165
20013490,control,0,2025-05-19,2025,2025Q2,18,0,Female,White,0,Not Hispanic or Latino,2007-03-19,,2024-06-17,2026-05-25,0.919917864476386,1.0157426420260096,4,5,0,0,0,,,0,,,,1,0.04944821678417446,1.0762195121951121,114
20013492,control,0,2024-09-24,2024,2024Q3,57,0,Female,White,0,Not Hispanic or Latino,1967-09-12,,2023-09-07,2025-12-06,1.0485968514715949,1.1991786447638604,4,3,0,2,0,,,0,,,,1,0.012619642334348917,0.7533536585365785,205
20013499,control,0,2023-03-16,2023,2023Q1,64,0,Female,White,0,Not Hispanic or Latino,1958-04-17,,2021-12-28,2026-04-14,1.212867898699521,3.080082135523614,4,1,0,0,0,,,0,,,,1,0.008849125534660851,0.7533536585365785,202
20013501,control,0,2023-05-24,2023,2023Q2,48,0,Female,White,0,Not Hispanic or Latino,1974-06-30,,2016-05-11,2024-04-27,7.0335386721423685,0.9281314168377823,2,3,1,0,0,,,0,,,,1,0.01949834726798169,0.7533536585365785,163
20013505,control,0,2022-09-30,2022,2022Q3,53,0,Female,White,0,Not Hispanic or Latino,1968-11-22,,2016-10-15,2023-11-23,5.9575633127994525,1.1471594798083504,3,2,1,0,0,,,0,,,,1,0.022952628775361014,0.7533536585365785,297
20013512,control,0,2026-03-15,2026,2026Q1,45,0,Female,Unknown,0,Hispanic or Latino,1980-05-10,,2016-07-19,2026-04-01,9.653661875427789,0.04654346338124572,2,1,1,0,0,,,0,,,,1,0.0322104004725639,0.7533536585365785,252
20013516,control,0,2022-07-14,2022,2022Q3,36,0,Female,White,0,Not Hispanic or Latino,1986-03-18,,2015-01-01,2023-03-25,7.531827515400411,0.6954140999315537,4,2,0,0,0,,,0,,,,1,0.0845831008439141,2.511178861788595,258
20013519,control,0,2024-03-23,2024,2024Q1,73,0,Male,White,0,Not Hispanic or Latino,1950-07-01,,2017-05-02,2024-09-29,6.891170431211499,0.5201916495550992,3,2,0,0,0,,,0,,,,1,0.013908699392554926,0.7533536585365785,59
20013521,control,0,2026-05-30,2026,2026Q2,58,0,Female,White,0,Not Hispanic or Latino,1968-03-18,,2021-06-15,2026-05-30,4.955509924709103,0.0,2,0,0,0,0,,,0,,,,1,0.010029270955454505,0.7533536585365785,304
20013539,control,0,2022-12-29,2022,2022Q4,59,0,Female,White,0,Not Hispanic or Latino,1963-11-21,,2021-06-19,2025-01-06,1.5277207392197125,2.023271731690623,6,2,0,0,0,,,0,,,,1,0.022984350749608713,0.7533536585365785,315
20013541,control,0,2022-06-15,2022,2022Q2,31,0,Male,White,0,Not Hispanic or Latino,1990-09-09,,2021-07-29,2022-12-31,0.8788501026694046,0.5448323066392882,6,2,1,0,0,,,0,,,,1,0.060274039703937146,0.8370596205961982,20
20013550,control,0,2024-07-20,2024,2024Q3,71,0,Male,Asian,0,Not Hispanic or Latino,1952-12-21,,2016-12-22,2025-08-15,7.575633127994524,1.0704996577686516,2,1,1,0,0,,,0,,,,1,0.008435999015524406,0.7533536585365785,317
20013555,control,0,2024-04-28,2024,2024Q2,52,0,Female,Unknown,0,Unknown,1972-03-15,,2021-08-20,2024-08-26,2.6885694729637235,0.32854209445585214,4,2,0,0,0,,,0,,,,1,0.023265645131360948,0.7533536585365785,326
20013560,control,0,2026-04-23,2026,2026Q2,44,0,Female,White,0,Not Hispanic or Latino,1981-12-18,,2021-03-23,2026-04-23,5.084188911704312,0.0,3,0,0,0,0,,,0,,,,1,0.029266895196812016,0.7533536585365785,81
20013561,control,0,2025-01-23,2025,2025Q1,53,0,Female,White,0,Not Hispanic or Latino,1971-10-03,,2021-03-22,2026-03-04,3.8412046543463383,1.108829568788501,3,2,0,2,0,,,0,,,,1,0.0157697542604422,0.7533536585365785,157
20013566,control,0,2023-05-11,2023,2023Q2,47,0,Female,White,0,Not Hispanic or Latino,1975-07-05,,2016-02-22,2025-01-17,7.214236824093087,1.6892539356605065,3,1,0,0,0,,,0,,,,1,0.03410576595111312,0.7533536585365785,233
20013571,control,0,2022-09-08,2022,2022Q3,49,0,Female,White,0,Not Hispanic or Latino,1973-05-14,,2016-09-07,2025-04-30,6.0013689253935665,2.642026009582478,3,1,0,1,0,,,0,,,,1,0.02400264270476284,0.7533536585365785,213
20013579,control,0,2022-10-01,2022,2022Q4,37,0,Female,White,0,Not Hispanic or Latino,1985-05-30,,2015-01-01,2026-03-07,7.748117727583847,3.430527036276523,3,2,0,0,0,,,0,,,,1,0.04703575705517487,0.7533536585365785,78
20013580,control,0,2023-12-31,2023,2023Q4,61,0,Female,Other Race,0,Not Hispanic or Latino,1962-12-31,,2016-10-27,2025-07-01,7.175906913073238,1.5003422313483916,4,3,0,0,0,,,0,,,,1,0.027596628623629306,0.7533536585365785,150
20013584,control,0,2025-07-10,2025,2025Q3,25,0,Female,White,0,Hispanic or Latino,2000-01-06,,2016-07-20,2026-04-04,8.971937029431896,0.7337440109514032,4,1,0,0,0,,,0,,,,1,0.1120071165921056,7.533536585365784,136
20013611,control,0,2023-01-06,2023,2023Q1,47,0,Female,White,0,Not Hispanic or Latino,1975-04-18,,2015-01-01,2025-03-07,8.013689253935661,2.1656399726214923,3,4,0,0,0,,,0,,,,1,0.03797328886194147,0.7533536585365785,172
20013618,control,0,2025-09-04,2025,2025Q3,31,0,Female,White,0,Not Hispanic or Latino,1994-06-01,,2021-04-26,2026-05-10,4.358658453114305,0.6789869952087612,5,0,0,0,0,,,0,,,,1,0.08147822402737193,1.2555894308942974,187
20013622,control,0,2026-03-29,2026,2026Q1,80,0,Male,White,0,Not Hispanic or Latino,1945-10-09,,2022-01-24,2026-03-30,4.175222450376454,0.0027378507871321013,4,0,1,0,0,,,0,,,,1,0.010576464720339119,0.7533536585365785,127
20013633,control,0,2026-01-04,2026,2026Q1,33,0,Female,White,0,Not Hispanic or Latino,1992-01-28,,2020-09-12,2026-01-29,5.3114305270362765,0.06844626967830253,4,1,1,0,0,,,0,,,,1,0.06708967637385536,1.2555894308942974,239
20013639,control,0,2024-04-11,2024,2024Q2,47,0,Female,White,0,Hispanic or Latino,1976-09-29,,2015-10-30,2026-03-18,8.449007529089664,1.9329226557152634,3,3,1,1,0,,,0,,,,1,0.02979192255677411,0.7533536585365785,83
20013654,control,0,2022-09-25,2022,2022Q3,44,0,Male,White,0,Not Hispanic or Latino,1977-12-11,,2015-11-25,2025-01-25,6.833675564681725,2.3353867214236823,6,3,1,0,0,,,0,,,,1,0.09432232886474463,3.766768292682892,301
20013675,control,0,2022-12-31,2022,2022Q4,47,0,Female,White,0,Not Hispanic or Latino,1975-04-14,,2018-06-23,2026-01-22,4.522929500342231,3.060917180013689,2,1,0,0,0,,,0,,,,1,0.011078326480719946,0.7533536585365785,155
20013679,control,0,2026-05-15,2026,2026Q2,36,0,Female,White,0,Not Hispanic or Latino,1990-01-19,,2023-06-09,2026-05-15,2.9322381930184807,0.0,4,0,1,0,0,,,0,,,,1,0.040333088356787526,1.2555894308942974,204
20013691,control,0,2024-05-27,2024,2024Q2,36,0,Male,White,0,Not Hispanic or Latino,1987-07-31,,2019-08-06,2025-11-19,4.80766598220397,1.4811772758384667,4,2,1,0,0,,,0,,,,1,0.050493900170488465,0.7533536585365785,208
20013694,control,0,2024-12-04,2024,2024Q4,71,0,Female,White,0,Not Hispanic or Latino,1953-09-06,,2019-05-03,2026-04-29,5.590691307323751,1.3990417522245038,3,4,0,0,0,,,0,,,,1,0.011111788265579438,0.7533536585365785,121
20013698,control,0,2025-08-09,2025,2025Q3,59,0,Female,Other Race,0,Not Hispanic or Latino,1965-12-27,,2022-05-18,2026-05-02,3.2279260780287475,0.7282683093771389,2,4,1,0,0,,,0,,,,1,0.005784538934484009,0.7533536585365785,24
20013700,control,0,2026-05-30,2026,2026Q2,43,0,Male,White,0,Not Hispanic or Latino,1982-09-19,,2018-11-22,2026-05-30,7.51813826146475,0.0,3,0,0,0,0,,,0,,,,1,0.046437819948926026,1.0762195121951121,262
20013704,control,0,2025-01-07,2025,2025Q1,39,0,Female,Unknown,0,Not Hispanic or Latino,1985-11-26,,2021-04-26,2026-03-14,3.701574264202601,1.1800136892539357,4,5,0,0,0,,,0,,,,1,0.04698777847060368,1.2555894308942974,244
20013705,control,0,2023-12-28,2023,2023Q4,52,0,Female,White,0,Not Hispanic or Latino,1971-12-21,,2019-05-25,2024-04-19,4.594113620807666,0.30937713894592744,3,1,1,0,0,,,0,,,,1,0.019780670633346393,0.7533536585365785,19
20013721,control,0,2022-10-26,2022,2022Q4,23,0,Female,White,0,Unknown,1999-04-21,,2020-05-15,2023-06-21,2.4476386036960984,0.6516084873374401,3,2,0,0,0,,,0,,,,1,0.032300109332794,0.7533536585365785,95
20013736,control,0,2025-06-20,2025,2025Q2,25,0,Female,Black or African American,0,Not Hispanic or Latino,1999-08-27,,2019-07-14,2025-09-18,5.935660506502396,0.2464065708418891,4,1,0,0,0,,,0,,,,1,0.11194008672384381,2.511178861788595,113
20013749,control,0,2026-01-17,2026,2026Q1,75,0,Female,Black or African American,0,Not Hispanic or Latino,1950-08-03,,2023-05-02,2026-05-16,2.7132101300479126,0.3258042436687201,5,1,0,0,0,,,0,,,,1,0.015957213520940174,0.7533536585365785,193
20013766,control,0,2026-03-27,2026,2026Q1,56,0,Female,White,0,Not Hispanic or Latino,1969-08-15,,2016-02-14,2026-03-27,10.113620807665983,0.0,3,0,1,0,0,,,0,,,,1,0.04649737627378907,0.7533536585365785,242
20013778,control,0,2024-05-02,2024,2024Q2,32,0,Female,White,0,Not Hispanic or Latino,1991-10-11,,2019-10-12,2026-04-14,4.555783709787817,1.949349760438056,2,3,0,0,0,,,0,,,,1,0.02059087302421338,0.7533536585365785,273
20013783,control,0,2022-12-26,2022,2022Q4,60,0,Female,White,0,Not Hispanic or Latino,1962-01-20,,2019-04-21,2024-02-18,3.682409308692676,1.1471594798083504,2,4,0,0,0,,,0,,,,1,0.006835385610534066,0.7533536585365785,55
20013787,control,0,2025-03-18,2025,2025Q1,35,0,Female,White,0,Hispanic or Latino,1989-04-22,,2020-10-17,2026-05-26,4.41615331964408,1.1882272416153319,5,2,1,0,0,,,0,,,,1,0.050183844111827546,0.7533536585365785,102
20013790,control,0,2024-01-06,2024,2024Q1,47,0,Female,White,0,Not Hispanic or Latino,1976-05-26,,2018-04-28,2025-09-19,5.691991786447638,1.702943189596167,5,2,0,0,0,,,0,,,,1,0.05556001681807356,0.7533536585365785,197
20013793,control,0,2023-08-22,2023,2023Q3,54,0,Female,White,0,Not Hispanic or Latino,1968-09-16,,2018-12-04,2024-08-22,4.714579055441479,1.002053388090349,4,1,0,0,0,,,0,,,,1,0.027403892552894615,0.7533536585365785,284
20013794,control,0,2023-11-28,2023,2023Q4,62,0,Female,White,0,Not Hispanic or Latino,1961-07-22,,2015-01-01,2025-05-14,8.906228610540726,1.45927446954141,4,3,0,0,0,,,0,,,,1,0.04193604086888512,0.7533536585365785,70
20013802,control,0,2024-03-15,2024,2024Q1,49,0,Female,White,0,Not Hispanic or Latino,1974-06-03,,2021-10-08,2026-04-07,2.433949349760438,2.0616016427104724,4,1,0,1,0,,,0,,,,1,0.020246658638112296,0.7533536585365785,299
20013806,control,0,2024-09-14,2024,2024Q3,47,0,Female,White,0,Not Hispanic or Latino,1977-07-22,,2021-05-09,2025-11-12,3.351129363449692,1.160848733744011,6,3,0,0,0,,,0,,,,1,0.051138818076479645,0.7533536585365785,206
20013810,control,0,2024-10-24,2024,2024Q4,55,0,Female,White,0,Not Hispanic or Latino,1969-05-26,,2020-06-06,2025-04-30,4.383299110198494,0.5147159479808351,4,3,0,0,0,,,0,,,,1,0.025808012675529443,0.7533536585365785,235
20013816,control,0,2022-10-03,2022,2022Q4,54,0,Female,White,0,Not Hispanic or Latino,1967-12-04,,2015-02-03,2025-05-18,7.663244353182751,2.622861054072553,5,4,0,0,0,,,0,,,,1,0.05765496943708629,0.7533536585365785,62
20013827,control,0,2024-10-16,2024,2024Q4,61,0,Female,Asian,0,Hispanic or Latino,1962-12-29,,2021-02-12,2026-05-19,3.67419575633128,1.5879534565366187,4,2,1,0,0,,,0,,,,1,0.01092944450076341,0.7533536585365785,121
20013844,control,0,2025-11-04,2025,2025Q4,44,0,Female,White,0,Hispanic or Latino,1981-08-14,,2021-07-18,2025-12-17,4.298425735797399,0.11772758384668036,4,1,0,0,0,,,0,,,,1,0.02748673759039922,0.8370596205961982,68
20013845,control,0,2025-04-22,2025,2025Q2,61,0,Female,White,0,Not Hispanic or Latino,1963-10-16,,2018-10-14,2026-05-12,6.521560574948666,1.054072553045859,3,1,0,0,0,,,0,,,,1,0.01923197712704307,0.7533536585365785,230
20013848,control,0,2026-05-29,2026,2026Q2,89,0,Female,White,0,Not Hispanic or Latino,1937-05-14,,2024-06-07,2026-05-29,1.9739904175222451,0.0,4,0,1,0,0,,,1,3.0,3.0,2026-05-31,1,0.005140441178567861,0.7533536585365785,35
20013850,control,0,2024-11-22,2024,2024Q4,33,0,Female,White,0,Not Hispanic or Latino,1991-07-26,,2022-05-07,2025-11-12,2.546201232032854,0.971937029431896,3,4,0,0,0,,,0,,,,1,0.025713878848309862,0.7533536585365785,235
20013857,control,0,2023-01-19,2023,2023Q1,63,0,Female,Unknown,0,Not Hispanic or Latino,1959-11-09,,2018-08-07,2024-07-28,4.4517453798767965,1.5222450376454484,2,3,0,1,0,,,0,,,,1,0.008481161894804268,0.7533536585365785,202
20013873,control,0,2023-06-05,2023,2023Q2,56,0,Female,White,0,Not Hispanic or Latino,1967-01-28,,2020-08-13,2023-06-05,2.809034907597536,0.0,4,0,0,0,0,,,0,,,,1,0.019513149888375932,0.7533536585365785,163
20013879,control,0,2025-05-05,2025,2025Q2,35,0,Female,White,0,Not Hispanic or Latino,1989-09-01,,2022-08-22,2026-05-28,2.702258726899384,1.0622861054072552,8,4,0,0,0,,,0,,,,1,0.10832874607044196,2.511178861788595,113
20013883,control,0,2025-03-22,2025,2025Q1,18,0,Female,White,0,Not Hispanic or Latino,2007-02-20,,2023-10-19,2025-11-24,1.4236824093086926,0.676249144421629,4,3,0,0,0,,,0,,,,1,0.055198894564075965,0.7533536585365785,102
20013884,control,0,2025-12-11,2025,2025Q4,37,0,Female,White,0,Not Hispanic or Latino,1988-02-29,,2022-07-31,2026-04-06,3.3648186173853527,0.31759069130732376,2,1,1,0,0,,,0,,,,1,0.01562310748452615,0.7533536585365785,132
20013888,control,0,2026-05-06,2026,2026Q2,75,0,Female,Unknown,0,Not Hispanic or Latino,1950-05-12,,2023-11-01,2026-05-23,2.510609171800137,0.04654346338124572,5,0,1,0,0,,,0,,,,1,0.016368070069561334,0.7533536585365785,143
20013908,control,0,2023-04-11,2023,2023Q2,48,0,Female,White,0,Not Hispanic or Latino,1974-08-17,,2021-02-11,2025-09-16,2.1601642710472277,2.433949349760438,4,1,1,0,0,,,0,,,,1,0.019462433500350852,0.7533536585365785,163
20013912,control,0,2026-01-23,2026,2026Q1,31,0,Female,Black or African American,0,Hispanic or Latino,1994-04-12,,2021-02-02,2026-04-12,4.971937029431896,0.216290212183436,2,1,1,0,0,,,0,,,,1,0.021825195298361386,0.7533536585365785,29
20013915,control,0,2022-08-07,2022,2022Q3,56,0,Female,White,0,Unknown,1966-07-09,,2015-03-03,2022-09-28,7.430527036276523,0.14236824093086928,2,2,0,0,0,,,0,,,,1,0.014601950579698491,0.7533536585365785,207
20013932,control,0,2023-07-08,2023,2023Q3,39,0,Male,White,0,Not Hispanic or Latino,1983-08-05,,2021-07-24,2023-07-08,1.9548254620123204,0.0,5,0,0,0,0,,,0,,,,1,0.04304338009368838,0.7533536585365785,46
20013944,control,0,2023-01-13,2023,2023Q1,18,0,Female,White,0,Not Hispanic or Latino,2004-09-25,,2020-09-11,2023-05-10,2.3381245722108144,0.3203285420944558,5,2,0,0,0,,,0,,,,1,0.09167511516909718,1.506707317073157,84
20013961,control,0,2021-11-11,2021,2021Q4,37,0,Male,White,0,Not Hispanic or Latino,1984-02-12,,2017-10-06,2023-07-14,4.098562628336755,1.6700889801505818,6,1,0,0,0,,,0,,,,1,0.07881451840408302,3.766768292682892,189
20013966,control,0,2023-06-29,2023,2023Q2,24,0,Female,White,0,Not Hispanic or Latino,1999-04-15,,2021-02-08,2024-06-15,2.3846680355920604,0.9637234770704997,3,3,0,0,0,,,0,,,,1,0.03431673837937504,0.7533536585365785,233
20013993,control,0,2024-09-08,2024,2024Q3,26,0,Female,Other Race,0,Not Hispanic or Latino,1998-08-15,,2020-04-04,2026-02-23,4.42984257357974,1.45927446954141,2,1,0,0,0,,,0,,,,1,0.022229161760110746,0.7533536585365785,164
20013996,control,0,2022-01-22,2022,2022Q1,30,0,Female,Black or African American,0,Not Hispanic or Latino,1991-09-12,,2015-01-01,2025-12-31,7.058179329226557,3.9397672826830936,3,1,0,0,0,,,0,,,,1,0.06026758308787229,1.883384146341446,92
20014002,control,0,2024-11-25,2024,2024Q4,41,0,Female,White,0,Not Hispanic or Latino,1983-03-06,,2016-08-22,2026-02-23,8.260095824777549,1.2457221081451062,3,2,0,0,0,,,0,,,,1,0.05196661724956875,1.2555894308942974,175
20014006,control,0,2025-06-26,2025,2025Q2,44,0,Female,White,0,Not Hispanic or Latino,1981-05-09,,2020-10-11,2025-12-07,4.706365503080082,0.4490075290896646,2,0,0,0,0,,,0,,,,1,0.01533506291126796,0.7533536585365785,210
20014012,control,0,2021-12-27,2021,2021Q4,50,0,Female,Black or African American,0,Not Hispanic or Latino,1971-08-29,,2018-03-20,2022-10-13,3.7727583846680357,0.7939767282683093,3,3,0,0,0,,,0,,,,1,0.020945865806960052,0.7533536585365785,56
20014023,control,0,2025-05-02,2025,2025Q2,53,0,Male,Other Race,0,Not Hispanic or Latino,1971-08-14,,2019-11-25,2026-05-11,5.434633812457221,1.0239561943874058,3,2,0,0,0,,,0,,,,1,0.01818139637097962,0.7533536585365785,27
20014025,control,0,2024-01-15,2024,2024Q1,63,0,Female,White,0,Unknown,1960-02-10,,2015-01-01,2024-01-15,9.037645448323067,0.0,5,0,0,0,0,,,0,,,,1,0.05654159161864279,0.7533536585365785,197
20014026,control,0,2022-07-14,2022,2022Q3,58,0,Female,White,0,Not Hispanic or Latino,1963-11-20,,2021-05-21,2025-09-10,1.1471594798083504,3.159479808350445,5,1,0,0,0,,,0,,,,1,0.015306598304776195,0.7533536585365785,207
20014028,control,0,2024-10-06,2024,2024Q4,26,0,Male,Unknown,0,Not Hispanic or Latino,1998-08-03,,2023-08-30,2026-04-04,1.103353867214237,1.4921286789869952,6,4,0,0,0,,,0,,,,1,0.08474923778980226,0.941692073170723,117
20014029,control,0,2024-08-28,2024,2024Q3,67,0,Male,White,0,Not Hispanic or Latino,1957-05-07,,2015-07-29,2025-11-05,9.084188911704311,1.1882272416153319,6,2,0,0,0,,,0,,,,1,0.06889814902193604,0.8370596205961982,264
20014036,control,0,2024-10-12,2024,2024Q4,30,0,Female,White,0,Not Hispanic or Latino,1994-03-23,,2024-01-22,2026-04-29,0.7227926078028748,1.5441478439425051,4,1,0,0,0,,,0,,,,1,0.030325493820193894,0.7533536585365785,107
20014052,control,0,2024-02-24,2024,2024Q1,53,0,Female,White,0,Not Hispanic or Latino,1970-05-11,,2022-12-27,2026-05-31,1.160848733744011,2.2642026009582477,6,0,1,0,0,,,0,,,,1,0.02617966202146834,0.7533536585365785,261
20014055,control,0,2023-04-14,2023,2023Q2,36,0,Female,White,0,Not Hispanic or Latino,1986-07-21,,2017-05-02,2023-12-26,5.949349760438056,0.7008898015058179,2,1,0,0,0,,,0,,,,1,0.02499379129036475,0.7533536585365785,137
20014057,control,0,2026-04-24,2026,2026Q2,64,0,Female,White,0,Not Hispanic or Latino,1961-05-15,,2025-07-12,2026-05-05,0.783025325119781,0.030116358658453114,2,0,0,0,0,,,0,,,,1,0.003789536668944067,0.7533536585365785,35
20014063,control,0,2022-06-24,2022,2022Q2,50,0,Male,Unknown,0,Not Hispanic or Latino,1972-02-29,,2021-05-02,2026-01-06,1.1444216290212184,3.5373032169746748,8,3,0,0,0,,,0,,,,1,0.052154370705248025,0.8370596205961982,20
20014064,control,0,2023-08-10,2023,2023Q3,64,0,Female,White,0,Not Hispanic or Latino,1958-09-19,,2022-07-25,2023-09-17,1.0431211498973305,0.10403832991101986,5,1,0,0,0,,,0,,,,1,0.015046803211541603,0.7533536585365785,185
20014067,control,0,2025-12-25,2025,2025Q4,59,0,Female,White,0,Not Hispanic or Latino,1966-07-06,,2015-01-01,2026-04-12,10.981519507186858,0.29568788501026694,2,0,0,0,0,,,0,,,,1,0.02786226883021249,0.8370596205961982,221
20014073,control,0,2021-11-29,2021,2021Q4,31,0,Male,Black or African American,0,Not Hispanic or Latino,1990-09-01,,2016-07-24,2022-05-25,5.349760438056126,0.48459958932238195,4,2,0,0,0,,,0,,,,1,0.08223296511818004,2.511178861788595,30
20014097,control,0,2025-12-21,2025,2025Q4,47,0,Male,White,1,Not Hispanic or Latino,1978-07-17,,2023-12-31,2026-05-29,1.9739904175222451,0.4353182751540041,5,1,1,0,0,,,0,,,,1,0.03169712630960025,0.7533536585365785,108
20014103,control,0,2023-09-15,2023,2023Q3,18,0,Female,White,0,Not Hispanic or Latino,2005-04-23,,2017-10-29,2024-12-14,5.878165639972622,1.2484599589322383,3,2,1,1,0,,,0,,,,1,0.0755863820555488,7.533536585365784,266
20014111,control,0,2024-02-06,2024,2024Q1,42,0,Male,White,0,Not Hispanic or Latino,1981-11-02,,2015-01-01,2025-11-17,9.097878165639973,1.7796030116358659,4,3,0,0,0,,,0,,,,1,0.08380570180334253,1.506707317073157,322
20014113,control,0,2022-05-29,2022,2022Q2,38,0,Female,White,0,Not Hispanic or Latino,1984-02-24,,2015-01-01,2022-12-30,7.405886379192334,0.5886379192334018,2,0,0,0,0,,,0,,,,1,0.030382733083202423,0.7533536585365785,116
20014115,control,0,2025-09-11,2025,2025Q3,32,0,Female,White,0,Not Hispanic or Latino,1993-04-06,,2019-02-15,2026-05-31,6.570841889117043,0.7173169062286106,4,1,0,0,0,,,0,,,,1,0.08217168093325294,1.2555894308942974,187
20014126,control,0,2024-09-29,2024,2024Q3,38,0,Female,White,1,Not Hispanic or Latino,1986-04-01,,2022-12-05,2025-07-29,1.8179329226557153,0.8295687885010267,3,3,1,0,0,,,0,,,,1,0.019107754610118283,0.7533536585365785,58
20014128,control,0,2026-05-02,2026,2026Q2,49,0,Female,Black or African American,0,Not Hispanic or Latino,1976-10-05,,2022-11-04,2026-05-18,3.490759753593429,0.04380561259411362,5,0,0,0,0,,,0,,,,1,0.04665067772135678,1.2555894308942974,204
20014135,control,0,2023-07-23,2023,2023Q3,22,0,Male,White,0,Not Hispanic or Latino,2000-09-15,,2022-05-30,2025-04-01,1.1471594798083504,1.6919917864476386,4,1,0,0,0,,,0,,,,1,0.04276833631683245,0.7533536585365785,46
20014157,control,0,2025-05-24,2025,2025Q2,42,0,Female,White,0,Hispanic or Latino,1982-06-25,,2020-10-27,2026-05-02,4.572210814510609,0.9390828199863107,4,0,0,0,0,,,0,,,,1,0.02923530721798758,0.7533536585365785,48
20014162,control,0,2023-01-07,2023,2023Q1,44,0,Female,White,0,Not Hispanic or Latino,1978-03-24,,2015-01-01,2024-01-26,8.016427104722792,1.051334702258727,5,3,0,2,0,,,0,,,,1,0.09497646159809513,1.506707317073157,84
20014164,control,0,2024-06-06,2024,2024Q2,27,0,Female,Unknown,0,Not Hispanic or Latino,1997-03-19,,2020-01-20,2026-05-05,4.37782340862423,1.9110198494182067,4,6,0,0,0,,,0,,,,1,0.075582407740557,3.766768292682892,6
20014168,control,0,2024-01-27,2024,2024Q1,18,0,Female,White,0,Not Hispanic or Latino,2005-06-06,,2021-01-07,2026-04-24,3.052703627652293,2.239561943874059,4,5,0,0,0,,,0,,,,1,0.0656526761133898,0.941692073170723,228
20014171,control,0,2025-03-30,2025,2025Q1,31,0,Female,White,0,Not Hispanic or Latino,1994-02-26,,2021-03-06,2026-04-09,4.0657084188911705,1.0266940451745379,2,1,0,0,0,,,0,,,,1,0.020858124949838432,0.7533536585365785,303
20014188,control,0,2024-02-29,2024,2024Q1,55,0,Female,White,0,Not Hispanic or Latino,1968-10-17,,2023-04-13,2026-05-28,0.8815879534565366,2.242299794661191,3,3,1,0,0,,,0,,,,1,0.007950537708226504,0.7533536585365785,159
20014198,control,0,2025-08-26,2025,2025Q3,29,0,Female,White,0,Not Hispanic or Latino,1996-01-03,,2021-01-20,2025-09-01,4.596851471594798,0.01642710472279261,4,0,1,0,0,,,0,,,,1,0.06826448280685332,0.941692073170723,291
20014201,control,0,2025-01-14,2025,2025Q1,49,0,Female,Other Race,0,Not Hispanic or Latino,1975-05-27,,2022-06-27,2026-02-18,2.5516769336071183,1.0951403148528405,4,1,0,1,0,,,0,,,,1,0.01907574203768804,0.7533536585365785,148
20014208,control,0,2024-08-24,2024,2024Q3,40,0,Female,White,0,Not Hispanic or Latino,1984-07-25,,2019-02-26,2025-03-27,5.492128678986996,0.5886379192334018,4,0,0,0,0,,,0,,,,1,0.05262709066126938,0.7533536585365785,206
20014213,control,0,2022-01-09,2022,2022Q1,33,0,Female,White,0,Not Hispanic or Latino,1988-10-29,,2016-10-29,2025-05-24,5.196440793976728,3.370294318959617,4,2,0,0,0,,,0,,,,1,0.052650808737504426,1.2555894308942974,325
20014220,control,0,2025-06-20,2025,2025Q2,46,0,Male,White,0,Not Hispanic or Latino,1979-01-20,,2019-08-21,2025-08-03,5.831622176591376,0.12046543463381246,2,1,0,0,0,,,0,,,,1,0.017877199928717627,0.7533536585365785,27
20014239,control,0,2022-10-27,2022,2022Q4,30,0,Female,White,0,Not Hispanic or Latino,1991-12-11,,2018-03-13,2024-01-27,4.6242299794661195,1.2511978097193703,3,2,0,1,0,,,0,,,,1,0.04040719946267264,0.7533536585365785,78
20014260,control,0,2021-10-09,2021,2021Q4,45,0,Female,Unknown,0,Not Hispanic or Latino,1976-04-11,,2017-03-23,2023-09-07,4.547570157426421,1.9110198494182067,4,1,0,0,0,,,0,,,,1,0.04206247504344469,0.7533536585365785,309
20014264,control,0,2022-04-25,2022,2022Q2,30,0,Male,White,0,Not Hispanic or Latino,1992-03-19,,2018-03-15,2025-09-20,4.112251882272417,3.405886379192334,4,1,0,0,0,,,0,,,,1,0.04828179268045075,0.7533536585365785,44
20014270,control,0,2024-01-13,2024,2024Q1,49,0,Female,Unknown,0,Not Hispanic or Latino,1974-03-24,,2016-09-19,2026-03-25,7.315537303216975,2.195756331279945,2,1,0,0,0,,,0,,,,1,0.02230075530782202,0.7533536585365785,243
20014272,control,0,2022-09-12,2022,2022Q3,60,0,Female,White,0,Unknown,1962-02-02,,2018-10-13,2025-03-25,3.915126625598905,2.532511978097194,4,3,1,0,0,,,0,,,,1,0.015143814232702644,0.7533536585365785,207
20014276,control,0,2026-05-07,2026,2026Q2,55,0,Female,White,0,Not Hispanic or Latino,1970-11-30,,2025-05-06,2026-05-07,1.002053388090349,0.0,3,0,2,0,0,,,0,,,,1,0.00952932632946884,0.7533536585365785,304
20014279,control,0,2025-05-22,2025,2025Q2,46,0,Female,White,0,Not Hispanic or Latino,1978-05-25,,2022-09-08,2026-05-13,2.702258726899384,0.974674880219028,6,3,1,0,0,,,0,,,,1,0.047912544390640764,1.0762195121951121,114
20014287,control,0,2024-09-13,2024,2024Q3,18,0,Female,White,0,Hispanic or Latino,2005-11-04,,2021-01-01,2025-02-24,3.698836413415469,0.4490075290896646,2,1,0,0,0,,,0,,,,1,0.022975655687644553,0.7533536585365785,164
20014294,control,0,2023-06-30,2023,2023Q2,29,0,Female,White,0,Not Hispanic or Latino,1993-08-04,,2016-05-29,2024-06-26,7.085557837097878,0.9911019849418207,3,2,0,1,0,,,0,,,,1,0.0651094198416245,0.7533536585365785,290
20014309,control,0,2024-09-08,2024,2024Q3,59,0,Female,White,0,Not Hispanic or Latino,1965-01-20,,2020-11-20,2025-12-01,3.800136892539357,1.2292950034223136,3,2,0,0,0,,,0,,,,1,0.012525103770711862,0.7533536585365785,205
20014313,control,0,2022-02-10,2022,2022Q1,64,0,Female,White,0,Not Hispanic or Latino,1957-02-20,,2019-12-07,2025-01-17,2.1793292265571527,2.9349760438056127,4,3,2,0,0,,,0,,,,1,0.010643136686987385,0.7533536585365785,209
20014331,control,0,2021-12-01,2021,2021Q4,31,0,Female,Unknown,0,Not Hispanic or Latino,1990-05-19,,2018-09-05,2023-04-08,3.238877481177276,1.3497604380561259,4,1,1,1,0,,,0,,,,1,0.0564587176024196,2.511178861788595,281
20014334,control,0,2023-03-03,2023,2023Q1,56,0,Male,Unknown,0,Not Hispanic or Latino,1966-12-25,,2015-05-01,2025-12-01,7.838466803559206,2.74880219028063,3,4,0,0,0,,,0,,,,1,0.03169972835841224,0.7533536585365785,245
20014337,control,0,2023-04-16,2023,2023Q2,64,0,Female,White,0,Not Hispanic or Latino,1958-11-26,,2015-11-29,2024-05-03,7.378507871321013,1.0485968514715949,6,2,1,1,0,,,0,,,,1,0.05756330697170427,1.2555894308942974,79
20014341,control,0,2026-02-14,2026,2026Q1,63,0,Male,White,0,Not Hispanic or Latino,1962-05-04,,2019-11-20,2026-05-15,6.236824093086927,0.2464065708418891,3,1,1,0,0,,,0,,,,1,0.018017841104225638,0.7533536585365785,174
20014352,control,0,2024-12-26,2024,2024Q4,22,0,Female,White,0,Unknown,2002-07-10,,2020-11-20,2025-11-30,4.098562628336755,0.9281314168377823,3,4,1,0,0,,,0,,,,1,0.043823455137598916,1.0762195121951121,211
20014354,control,0,2023-04-24,2023,2023Q2,51,0,Female,White,0,Not Hispanic or Latino,1971-10-04,,2020-01-27,2024-01-25,3.238877481177276,0.75564681724846,5,0,1,1,0,,,0,,,,1,0.03366795293002269,0.7533536585365785,233
20014356,control,0,2025-01-09,2025,2025Q1,31,0,Female,White,0,Not Hispanic or Latino,1993-08-25,,2019-05-03,2025-12-02,5.689253935660506,0.8952772073921971,5,1,0,0,0,,,0,,,,1,0.1001441898494334,3.766768292682892,111
20014357,control,0,2023-08-05,2023,2023Q3,18,0,Female,White,0,Unknown,2004-09-27,,2016-11-05,2024-05-04,6.746064339493498,0.7474332648870636,2,1,0,0,0,,,0,,,,1,0.047325801196541534,0.7533536585365785,200
20014360,control,0,2022-05-18,2022,2022Q2,34,0,Male,White,0,Not Hispanic or Latino,1988-01-21,,2015-01-01,2024-07-07,7.3757700205338805,2.138261464750171,4,3,1,0,0,,,0,,,,1,0.08009798519827913,3.766768292682892,26
20014367,control,0,2024-05-29,2024,2024Q2,38,0,Male,Unknown,0,Not Hispanic or Latino,1986-02-01,,2017-06-18,2025-08-01,6.945927446954141,1.1745379876796715,4,3,0,0,0,,,0,,,,1,0.08453549551941247,1.0762195121951121,28
20014370,control,0,2025-05-07,2025,2025Q2,63,0,Female,White,0,Not Hispanic or Latino,1962-02-05,,2016-07-01,2025-10-25,8.848733744010952,0.4681724845995893,2,2,0,0,0,,,0,,,,1,0.016334315783555216,0.7533536585365785,210
20014380,control,0,2024-07-14,2024,2024Q3,39,0,Female,White,0,Not Hispanic or Latino,1985-06-09,,2022-07-13,2026-04-18,2.004106776180698,1.7604380561259412,4,4,0,0,0,,,0,,,,1,0.02729334865751437,0.7533536585365785,80
20014387,control,0,2024-09-22,2024,2024Q3,47,0,Female,White,0,Not Hispanic or Latino,1977-03-31,,2020-11-10,2025-10-08,3.865845311430527,1.0431211498973305,3,1,0,0,0,,,0,,,,1,0.019703979496160606,0.7533536585365785,58
20014394,control,0,2022-06-11,2022,2022Q2,18,0,Male,White,0,Not Hispanic or Latino,2004-03-07,,2016-10-13,2023-09-09,5.6591375770020536,1.2457221081451062,3,1,0,1,0,,,0,,,,1,0.07285934112125449,2.511178861788595,18
20014399,control,0,2023-04-28,2023,2023Q2,53,0,Female,Other Race,0,Not Hispanic or Latino,1970-01-25,,2018-02-28,2024-01-21,5.160848733744011,0.7337440109514032,3,1,0,0,0,,,0,,,,1,0.017670041872502932,0.7533536585365785,163
20014408,control,0,2023-10-12,2023,2023Q4,45,0,Male,Asian,0,Not Hispanic or Latino,1978-04-19,,2015-11-09,2024-07-29,7.923340177960301,0.7967145790554415,3,0,0,1,0,,,0,,,,1,0.03986340891721049,0.7533536585365785,14
20014413,control,0,2026-05-18,2026,2026Q2,48,0,Female,White,0,Not Hispanic or Latino,1977-06-08,,2023-10-22,2026-05-18,2.5708418891170433,0.0,2,0,0,0,0,,,0,,,,1,0.0093416532966716,0.7533536585365785,305
20014414,control,0,2024-11-02,2024,2024Q4,18,0,Female,White,0,Not Hispanic or Latino,2005-11-22,,2019-09-11,2026-03-12,5.144421629021219,1.3552361396303902,4,2,0,0,0,,,0,,,,1,0.0987552104094953,1.2555894308942974,151
20014420,control,0,2023-01-02,2023,2023Q1,18,0,Female,White,0,Not Hispanic or Latino,2004-03-03,,2017-09-14,2024-08-30,5.300479123887748,1.6591375770020533,4,1,1,0,0,,,0,,,,1,0.09934667587655086,1.506707317073157,84
20014431,control,0,2025-08-04,2025,2025Q3,32,0,Female,White,0,Not Hispanic or Latino,1993-01-14,,2018-09-30,2026-01-10,6.844626967830253,0.4353182751540041,2,2,1,1,0,,,0,,,,1,0.0343330251680908,0.7533536585365785,298
20014433,control,0,2023-07-23,2023,2023Q3,52,0,Female,Black or African American,0,Not Hispanic or Latino,1971-02-28,,2019-06-20,2026-04-21,4.090349075975359,2.746064339493498,3,3,0,0,0,,,0,,,,1,0.017998600714172912,0.7533536585365785,254
20014443,control,0,2025-05-23,2025,2025Q2,52,0,Female,White,0,Hispanic or Latino,1972-10-12,,2020-02-11,2026-04-26,5.278576317590692,0.9253935660506503,3,2,1,0,0,,,0,,,,1,0.015222013384596889,0.7533536585365785,210
20014452,control,0,2022-12-08,2022,2022Q4,50,0,Female,Unknown,0,Not Hispanic or Latino,1971-12-28,,2019-11-15,2024-10-24,3.0636550308008212,1.8781656399726214,3,4,1,1,0,,,0,,,,1,0.017831167248858047,0.7533536585365785,188
20014456,control,0,2022-04-25,2022,2022Q2,47,0,Female,White,0,Not Hispanic or Latino,1975-04-24,,2015-01-01,2022-06-30,7.312799452429843,0.1806981519507187,4,1,0,0,0,,,0,,,,1,0.05822595929671999,0.7533536585365785,279
20014457,control,0,2023-01-02,2023,2023Q1,36,0,Male,White,0,Not Hispanic or Latino,1986-10-15,,2018-08-23,2023-01-02,4.361396303901437,0.0,2,0,1,0,0,,,0,,,,1,0.01978707043898047,0.7533536585365785,161
20014466,control,0,2023-05-14,2023,2023Q2,42,0,Female,White,0,Not Hispanic or Latino,1981-01-28,,2016-02-19,2024-09-28,7.230663928815879,1.377138945927447,6,1,0,0,0,,,0,,,,1,0.11420956485807478,3.766768292682892,218
20014484,control,0,2021-10-04,2021,2021Q4,30,0,Female,White,0,Not Hispanic or Latino,1990-12-10,,2020-03-18,2023-01-21,1.5468856947296372,1.297741273100616,4,1,0,0,0,,,0,,,,1,0.035666466964318175,0.7533536585365785,160
20014487,control,0,2024-07-17,2024,2024Q3,69,0,Female,Black or African American,1,Not Hispanic or Latino,1954-08-04,,2016-03-08,2026-05-13,8.358658453114305,1.8206707734428473,2,3,0,1,0,,,0,,,,1,0.012976659681911255,0.7533536585365785,205
20014489,control,0,2023-04-25,2023,2023Q2,35,0,Female,White,0,Not Hispanic or Latino,1988-03-18,,2015-11-13,2026-05-04,7.446954140999315,3.025325119780972,2,1,0,1,0,,,0,,,,1,0.02870637245785236,0.7533536585365785,38
20014490,control,0,2023-10-30,2023,2023Q4,64,0,Female,White,0,Not Hispanic or Latino,1959-10-21,,2018-07-21,2025-01-14,5.27583846680356,1.2101300479123889,4,0,0,0,0,,,0,,,,1,0.020947869413189615,0.7533536585365785,19
20014494,control,0,2026-01-11,2026,2026Q1,18,0,Female,White,0,Not Hispanic or Latino,2007-10-07,,2023-11-20,2026-03-18,2.1437371663244353,0.1806981519507187,2,3,0,1,0,,,0,,,,1,0.024917313821077133,0.7533536585365785,75
20014500,control,0,2023-09-02,2023,2023Q3,18,0,Female,White,0,Not Hispanic or Latino,2004-12-21,,2018-05-19,2025-03-17,5.28952772073922,1.538672142368241,5,1,0,0,0,,,0,,,,1,0.13666942618495911,7.533536585365784,311
20014504,control,0,2023-12-10,2023,2023Q4,31,0,Female,White,0,Not Hispanic or Latino,1992-07-01,,2020-09-14,2024-10-15,3.2361396303901437,0.8487337440109514,4,3,0,0,0,,,0,,,,1,0.04771342594112303,0.7533536585365785,119
20014505,control,0,2025-06-22,2025,2025Q2,46,0,Male,Asian,0,Not Hispanic or Latino,1978-10-09,,2018-12-08,2026-05-24,6.537987679671458,0.919917864476386,3,3,1,0,0,,,0,,,,1,0.029915845673023845,0.7533536585365785,8
20014514,control,0,2024-04-19,2024,2024Q2,36,0,Female,Asian,0,Not Hispanic or Latino,1987-12-09,,2018-06-04,2024-08-26,5.87542778918549,0.3531827515400411,5,2,0,1,0,,,0,,,,1,0.08257973323759864,1.883384146341446,246
20014520,control,0,2022-10-01,2022,2022Q4,53,0,Female,White,0,Not Hispanic or Latino,1968-12-28,,2017-03-04,2025-01-17,5.577002053388091,2.297056810403833,2,3,0,0,0,,,0,,,,1,0.011402833059266896,0.7533536585365785,232
20014522,control,0,2025-05-19,2025,2025Q2,46,0,Male,White,0,Not Hispanic or Latino,1978-10-09,,2021-05-03,2026-03-10,4.043805612594114,0.8076659822039699,4,2,1,0,0,,,0,,,,1,0.03268980357189644,0.7533536585365785,86
20014524,control,0,2024-05-24,2024,2024Q2,41,0,Female,White,0,Not Hispanic or Latino,1983-05-01,,2020-03-08,2026-05-11,4.210814510609172,1.9630390143737166,3,4,0,0,0,,,0,,,,1,0.02430084633363374,0.7533536585365785,326
20014526,control,0,2024-04-23,2024,2024Q2,30,0,Female,White,0,Not Hispanic or Latino,1994-02-11,,2015-01-01,2025-01-02,9.308692676249144,0.6954140999315537,3,1,0,0,0,,,0,,,,1,0.09325227759391656,0.941692073170723,283
20014530,control,0,2023-11-12,2023,2023Q4,28,0,Male,White,0,Not Hispanic or Latino,1994-12-20,,2015-01-01,2025-06-24,8.862422997946611,1.6153319644079398,2,2,0,0,0,,,0,,,,1,0.051718185929209654,0.7533536585365785,167
20014536,control,0,2024-02-29,2024,2024Q1,18,0,Female,White,0,Not Hispanic or Latino,2005-07-20,,2016-10-14,2025-04-13,7.3757700205338805,1.1197809719370295,5,0,1,0,0,,,0,,,,1,0.19259005102522553,3.766768292682892,198
20014538,control,0,2022-05-21,2022,2022Q2,39,0,Male,White,0,Unknown,1983-02-28,,2017-03-23,2022-09-12,5.160848733744011,0.31211498973305957,4,5,0,0,0,,,0,,,,1,0.04620062512435549,0.7533536585365785,44
20014540,control,0,2023-10-04,2023,2023Q4,58,0,Female,White,0,Not Hispanic or Latino,1965-04-04,,2021-11-07,2025-07-29,1.9055441478439425,1.8179329226557153,5,3,1,1,0,,,0,,,,1,0.019270190538284094,0.7533536585365785,19
20014542,control,0,2022-02-28,2022,2022Q1,38,0,Female,Black or African American,0,Not Hispanic or Latino,1983-07-29,2023-10-12,2020-02-20,2023-01-30,2.023271731690623,0.919917864476386,4,4,0,1,0,,,0,,,,1,0.03546222320108467,0.7533536585365785,15
20014545,control,0,2024-06-20,2024,2024Q2,29,0,Female,Asian,0,Not Hispanic or Latino,1994-12-28,,2017-02-25,2026-05-11,7.315537303216975,1.88911704312115,3,2,0,0,0,,,0,,,,1,0.05783700703435793,0.7533536585365785,125
20014548,control,0,2024-06-07,2024,2024Q2,68,0,Female,White,0,Not Hispanic or Latino,1955-09-21,,2020-03-05,2026-04-05,4.257357973990418,1.8261464750171115,2,5,0,1,0,,,0,,,,1,0.005416838458837344,0.7533536585365785,256
20014552,control,0,2025-11-30,2025,2025Q4,52,0,Female,White,0,Not Hispanic or Latino,1973-09-16,,2022-07-31,2026-04-01,3.3347022587268995,0.33401779603011633,4,2,3,0,0,,,0,,,,1,0.024123244761719752,0.7533536585365785,1
20014558,control,0,2024-05-04,2024,2024Q2,54,0,Female,White,0,Not Hispanic or Latino,1969-07-08,,2018-03-22,2026-04-03,6.119096509240246,1.9137577002053388,3,3,0,0,0,,,0,,,,1,0.021606624756375294,0.7533536585365785,273
20014564,control,0,2024-03-15,2024,2024Q1,50,0,Female,White,0,Unknown,1973-11-20,,2022-06-26,2026-05-23,1.7193702943189597,2.187542778918549,5,1,0,0,0,,,0,,,,1,0.021189041282488955,0.7533536585365785,299
20014569,control,0,2024-05-24,2024,2024Q2,57,0,Female,White,0,Not Hispanic or Latino,1966-06-28,,2018-10-29,2026-05-03,5.568788501026694,1.9411362080766599,3,0,1,0,0,,,0,,,,1,0.01756961259680978,0.7533536585365785,190
20014584,control,0,2024-11-09,2024,2024Q4,28,0,Female,White,0,Unknown,1996-05-18,,2015-01-01,2026-04-10,9.856262833675565,1.4154688569472964,2,4,0,0,0,,,0,,,,1,0.05487422091069801,0.7533536585365785,36
20014590,control,0,2022-12-27,2022,2022Q4,81,0,Female,White,0,Not Hispanic or Latino,1941-08-27,,2019-06-05,2026-05-18,3.561943874058864,3.3894592744695413,4,3,0,1,0,,,0,,,,1,0.007179758575631398,0.7533536585365785,55
20014594,control,0,2023-08-03,2023,2023Q3,59,0,Male,White,0,Not Hispanic or Latino,1964-01-01,,2015-03-15,2025-04-09,8.386036960985626,1.6837782340862424,6,3,1,0,0,,,0,,,,1,0.07753134869852464,1.2555894308942974,265
20014602,control,0,2022-12-24,2022,2022Q4,55,0,Female,White,0,Not Hispanic or Latino,1967-10-14,,2017-05-25,2024-07-28,5.582477754962355,1.593429158110883,2,2,1,0,0,,,0,,,,1,0.011167869575451472,0.7533536585365785,155
20014607,control,0,2022-12-21,2022,2022Q4,55,0,Female,White,0,Not Hispanic or Latino,1967-08-26,,2015-03-11,2023-08-11,7.780971937029432,0.6379192334017796,2,2,1,0,0,,,0,,,,1,0.017730192220685122,0.7533536585365785,188
20014615,control,0,2023-06-03,2023,2023Q2,40,0,Female,White,0,Not Hispanic or Latino,1983-04-20,,2017-03-20,2024-04-24,6.203969883641341,0.892539356605065,4,3,1,0,0,,,0,,,,1,0.058270633245971745,1.2555894308942974,79
20014618,control,0,2023-10-18,2023,2023Q4,28,0,Female,Asian,0,Not Hispanic or Latino,1995-09-18,,2019-07-15,2026-05-31,4.26009582477755,2.617385352498289,4,3,0,0,0,,,0,,,,1,0.05074255930125523,0.7533536585365785,119
20014620,control,0,2026-02-02,2026,2026Q1,34,0,Female,White,0,Not Hispanic or Latino,1991-10-12,,2020-08-31,2026-04-12,5.423682409308693,0.188911704312115,4,3,0,1,0,,,0,,,,1,0.0655753975624068,1.2555894308942974,239
20014623,control,0,2023-05-04,2023,2023Q2,57,0,Female,White,0,Not Hispanic or Latino,1965-07-13,,2016-01-24,2024-01-01,7.274469541409993,0.6625598904859685,3,2,0,0,0,,,0,,,,1,0.026044667009346847,0.7533536585365785,98
20014650,control,0,2025-10-01,2025,2025Q4,47,0,Female,White,0,Not Hispanic or Latino,1978-07-30,,2021-12-24,2026-02-12,3.7700205338809036,0.3668720054757016,2,3,0,0,0,,,0,,,,1,0.011709746694904547,0.7533536585365785,220
20014663,control,0,2024-04-24,2024,2024Q2,64,0,Female,White,0,Not Hispanic or Latino,1959-06-28,,2019-12-30,2026-02-15,4.317590691307323,1.8124572210814511,5,0,0,0,0,,,0,,,,1,0.023948303468911712,0.7533536585365785,326
20014666,control,0,2022-05-16,2022,2022Q2,18,0,Male,White,0,Not Hispanic or Latino,2003-06-23,,2018-12-21,2022-07-09,3.40041067761807,0.14784394250513347,3,0,0,0,0,,,0,,,,1,0.05334333426124212,0.8370596205961982,20
20014679,control,0,2023-01-23,2023,2023Q1,34,0,Female,Black or African American,0,Not Hispanic or Latino,1988-02-22,,2015-01-01,2026-03-03,8.060232717316905,3.1074606433949348,4,5,0,0,0,,,0,,,,1,0.09835606694100361,1.506707317073157,84
20014684,control,0,2025-01-17,2025,2025Q1,45,0,Female,Asian,0,Hispanic or Latino,1979-05-23,,2015-06-05,2025-08-01,9.620807665982204,0.5366187542778919,2,1,0,0,0,,,0,,,,1,0.0227433043096141,0.7533536585365785,196
20014685,control,0,2024-12-15,2024,2024Q4,51,0,Female,Asian,0,Not Hispanic or Latino,1973-11-25,,2017-06-13,2026-05-05,7.507186858316222,1.3853524982888432,3,3,0,0,0,,,0,,,,1,0.028828311309373248,0.7533536585365785,107
20014698,control,0,2023-07-31,2023,2023Q3,53,0,Female,White,0,Hispanic or Latino,1969-11-09,,2022-02-15,2026-05-06,1.4537987679671458,2.7652292950034223,5,3,1,0,0,,,0,,,,1,0.014122906728766415,0.7533536585365785,185
20014707,control,0,2025-08-03,2025,2025Q3,50,0,Female,White,0,Not Hispanic or Latino,1974-12-01,,2020-10-28,2026-03-23,4.763860369609857,0.6351813826146475,4,2,0,2,0,,,0,,,,1,0.03264165371373354,0.7533536585365785,298
20014711,control,0,2025-10-28,2025,2025Q4,45,0,Female,White,0,Not Hispanic or Latino,1980-06-19,,2022-08-29,2026-01-13,3.164955509924709,0.2108145106091718,4,0,0,0,0,,,0,,,,1,0.030223375680260817,0.8370596205961982,68
20014718,control,0,2024-05-31,2024,2024Q2,37,0,Male,White,0,Not Hispanic or Latino,1986-06-24,,2020-12-02,2026-05-02,3.4934976043805612,1.919233401779603,3,4,0,0,0,,,0,,,,1,0.02472001972895669,0.7533536585365785,192
20014722,control,0,2026-02-18,2026,2026Q1,31,0,Male,White,0,Not Hispanic or Latino,1994-11-12,,2023-06-17,2026-04-04,2.674880219028063,0.12320328542094455,4,1,0,0,0,,,0,,,,1,0.04548421463321942,0.7533536585365785,64
20014727,control,0,2025-05-22,2025,2025Q2,61,0,Female,Asian,0,Unknown,1964-01-17,,2023-07-13,2026-03-20,1.8590006844626967,0.8268309377138946,4,2,0,0,0,,,1,4.1,4.1,2025-03-09,1,0.010282572801442375,0.7533536585365785,54
20014736,control,0,2024-08-17,2024,2024Q3,35,0,Female,White,0,Not Hispanic or Latino,1989-02-27,,2022-02-25,2026-03-27,2.4750171115674195,1.6071184120465434,4,6,1,0,0,,,0,,,,1,0.03450070824106324,0.7533536585365785,191
20014745,control,0,2023-01-07,2023,2023Q1,61,0,Female,White,0,Not Hispanic or Latino,1961-10-14,,2020-05-01,2025-12-21,2.6858316221765914,2.954140999315537,5,2,0,0,0,,,0,,,,1,0.018381110178575088,0.7533536585365785,267
20014749,control,0,2023-08-20,2023,2023Q3,26,0,Female,White,0,Not Hispanic or Latino,1997-07-17,,2017-06-12,2024-03-19,6.187542778918549,0.5804243668720055,3,0,0,1,0,,,0,,,,1,0.06358485963206174,1.0762195121951121,61
20014753,control,0,2026-02-04,2026,2026Q1,69,0,Female,White,0,Not Hispanic or Latino,1957-01-10,,2023-04-09,2026-03-03,2.8254620123203287,0.07392197125256673,2,1,0,0,0,,,0,,,,1,0.004567626314438243,0.7533536585365785,97
20014754,control,0,2025-06-25,2025,2025Q2,41,0,Male,White,0,Hispanic or Latino,1984-03-27,,2024-05-04,2025-06-25,1.1416837782340863,0.0,4,0,0,0,0,,,0,,,,1,0.017569784074305875,0.7533536585365785,89
20014757,control,0,2026-02-17,2026,2026Q1,50,0,Female,Unknown,0,Not Hispanic or Latino,1975-04-28,,2018-06-02,2026-04-26,7.712525667351129,0.1861738535249829,2,0,1,0,0,,,0,,,,1,0.02658561588750108,0.7533536585365785,170
20014765,control,0,2023-06-12,2023,2023Q2,63,0,Female,White,0,Not Hispanic or Latino,1960-04-10,,2017-07-07,2026-05-09,5.930184804928132,2.9075975359342916,5,3,0,0,0,,,0,,,,1,0.030583872286854875,0.7533536585365785,38
20014771,control,0,2023-03-18,2023,2023Q1,86,0,Female,Asian,0,Not Hispanic or Latino,1937-03-10,,2015-01-01,2023-11-17,8.208076659822039,0.6680355920602327,4,3,0,0,0,,,0,,,,1,0.015172512173898835,0.7533536585365785,199
20014775,control,0,2023-05-03,2023,2023Q2,52,0,Female,White,0,Not Hispanic or Latino,1971-01-28,,2015-01-01,2025-05-09,8.334017796030116,2.0177960301163584,3,2,0,0,0,,,0,,,,1,0.03407573383378963,0.7533536585365785,233
20014779,control,0,2022-02-11,2022,2022Q1,32,0,Female,White,0,Not Hispanic or Latino,1989-12-11,,2015-01-01,2024-09-17,7.112936344969199,2.598220396988364,4,0,0,1,0,,,0,,,,1,0.07948589663753614,1.0762195121951121,82
20014781,control,0,2021-10-13,2021,2021Q4,40,0,Female,White,0,Not Hispanic or Latino,1981-06-29,,2019-05-17,2022-08-22,2.409308692676249,0.8569472963723477,3,1,0,0,0,,,0,,,,1,0.019740467812318474,0.7533536585365785,56
20014782,control,0,2023-12-07,2023,2023Q4,47,0,Female,White,0,Not Hispanic or Latino,1976-08-05,,2018-01-01,2025-02-27,5.930184804928132,1.2265571526351813,4,3,0,0,0,,,0,,,,1,0.042687698436950486,0.7533536585365785,70
20014786,control,0,2025-10-30,2025,2025Q4,21,0,Male,White,0,Unknown,2004-05-09,,2020-11-09,2026-05-26,4.971937029431896,0.5694729637234771,2,1,0,0,0,,,0,,,,1,0.03163605144528878,0.7533536585365785,108
20014788,control,0,2023-05-31,2023,2023Q2,72,0,Female,Black or African American,0,Not Hispanic or Latino,1951-04-25,,2018-01-16,2026-03-15,5.368925393566051,2.7898699520876113,6,2,0,1,0,,,0,,,,1,0.032101807748502784,0.7533536585365785,233
20014799,control,0,2022-07-11,2022,2022Q3,38,0,Female,White,0,Not Hispanic or Latino,1984-05-29,,2017-05-28,2026-04-28,5.119780971937029,3.7973990417522243,2,1,0,0,0,,,0,,,,1,0.016151754586182447,0.7533536585365785,222
20014800,control,0,2026-04-25,2026,2026Q2,89,0,Female,White,0,Unknown,1936-04-26,,2018-09-25,2026-04-25,7.581108829568788,0.0,6,0,0,0,0,,,0,,,,1,0.023599766761595982,0.7533536585365785,101
20014819,control,0,2026-02-01,2026,2026Q1,65,0,Female,Unknown,0,Not Hispanic or Latino,1960-11-08,,2017-02-06,2026-03-26,8.985626283367557,0.14510609171800137,2,1,0,0,0,,,0,,,,1,0.01965675562353005,0.7533536585365785,71
20014820,control,0,2025-05-31,2025,2025Q2,30,0,Male,White,0,Not Hispanic or Latino,1994-09-27,,2017-03-29,2026-05-10,8.172484599589323,0.9418206707734429,3,0,0,0,0,,,0,,,,1,0.07591843834560298,2.511178861788595,31
20014832,control,0,2026-05-28,2026,2026Q2,37,0,Male,Asian,0,Hispanic or Latino,1988-11-23,,2019-10-16,2026-05-28,6.614647501711157,0.0,4,0,1,0,0,,,0,,,,1,0.04807072675417881,1.0762195121951121,262
20014833,control,0,2022-07-08,2022,2022Q3,52,0,Female,White,0,Not Hispanic or Latino,1970-06-20,,2018-04-02,2023-03-27,4.265571526351814,0.7173169062286106,7,3,0,1,0,,,0,,,,1,0.06636388487702016,0.7533536585365785,129
20014835,control,0,2025-03-12,2025,2025Q1,38,0,Female,White,0,Not Hispanic or Latino,1986-06-10,,2020-11-28,2026-05-30,4.284736481861739,1.215605749486653,3,2,0,1,0,,,0,,,,1,0.02883746969034655,0.7533536585365785,313
20014837,control,0,2024-11-27,2024,2024Q4,55,0,Female,Black or African American,0,Not Hispanic or Latino,1969-03-05,,2021-09-11,2026-04-25,3.2114989733059547,1.4072553045859,10,3,0,0,0,,,0,,,,1,0.09934933572757679,1.2555894308942974,151
20014839,control,0,2024-03-15,2024,2024Q1,75,0,Female,Unknown,0,Not Hispanic or Latino,1948-10-24,,2017-07-23,2025-10-16,6.6447638603696095,1.5879534565366187,7,1,0,0,0,,,0,,,,1,0.052450322059163564,0.7533536585365785,197
20014841,control,0,2022-10-04,2022,2022Q4,56,0,Female,White,0,Not Hispanic or Latino,1965-11-13,,2019-02-05,2024-12-19,3.6605065023956196,2.209445585215606,2,6,1,0,0,,,0,,,,1,0.007290080622967394,0.7533536585365785,55
20014849,control,0,2022-09-09,2022,2022Q3,37,0,Female,White,0,Not Hispanic or Latino,1985-05-31,,2020-10-11,2024-12-16,1.9110198494182067,2.269678302532512,5,1,0,0,0,,,0,,,,1,0.03917443751195763,0.7533536585365785,66
20014850,control,0,2025-06-20,2025,2025Q2,53,0,Male,White,0,Not Hispanic or Latino,1972-03-10,,2016-11-18,2025-11-04,8.58590006844627,0.3750855578370979,3,2,1,1,0,,,0,,,,1,0.038527610914381484,0.7533536585365785,241
20014851,control,0,2025-08-18,2025,2025Q3,47,0,Female,White,1,Not Hispanic or Latino,1978-06-04,,2022-04-10,2025-08-18,3.356605065023956,0.0,4,0,0,0,0,,,0,,,,1,0.029571039710540807,0.7533536585365785,260
20014869,control,0,2023-06-23,2023,2023Q2,21,0,Female,Asian,0,Not Hispanic or Latino,2002-04-20,,2021-07-29,2026-03-02,1.9000684462696784,2.6913073237508556,4,1,0,0,0,,,0,,,,1,0.04268790028679443,0.7533536585365785,272
20014881,control,0,2022-01-23,2022,2022Q1,31,0,Female,White,0,Not Hispanic or Latino,1990-04-27,,2017-12-14,2023-08-06,4.1095140314852845,1.5331964407939767,3,2,1,0,0,,,0,,,,1,0.03496849421852071,0.7533536585365785,15
20014885,control,0,2024-02-17,2024,2024Q1,61,0,Male,White,0,Not Hispanic or Latino,1962-05-17,,2022-01-07,2025-11-16,2.11088295687885,1.7467488021902806,3,1,0,0,0,,,0,,,,1,0.008287673259031778,0.7533536585365785,17
20014886,control,0,2026-02-17,2026,2026Q1,64,0,Female,Other Race,0,Not Hispanic or Latino,1961-12-22,,2022-11-18,2026-05-07,3.249828884325804,0.216290212183436,2,0,0,0,0,,,0,,,,1,0.005029755310031134,0.7533536585365785,97
20014887,control,0,2023-06-27,2023,2023Q2,65,0,Female,White,0,Unknown,1957-09-21,,2019-03-20,2026-03-13,4.271047227926078,2.7104722792607805,5,4,0,0,0,,,0,,,,1,0.018900294957355238,0.7533536585365785,163
20014897,control,0,2025-07-27,2025,2025Q3,35,0,Female,White,0,Not Hispanic or Latino,1990-07-19,,2018-12-03,2025-12-26,6.647501711156742,0.4161533196440794,5,0,0,0,0,,,0,,,,1,0.10604598684312348,3.766768292682892,60
20014905,control,0,2025-06-14,2025,2025Q2,56,0,Female,White,0,Not Hispanic or Latino,1968-11-21,,2021-03-01,2026-02-16,4.287474332648871,0.676249144421629,3,3,0,0,0,,,0,,,,1,0.015824531722740256,0.7533536585365785,210
20014908,control,0,2025-11-01,2025,2025Q4,34,0,Female,White,0,Not Hispanic or Latino,1991-03-09,,2019-08-12,2026-05-02,6.223134839151267,0.49828884325804246,4,1,0,0,0,,,0,,,,1,0.0735546796619866,1.0762195121951121,41
20014917,control,0,2023-03-16,2023,2023Q1,42,0,Female,White,0,Not Hispanic or Latino,1980-07-16,,2017-09-30,2026-05-04,5.456536618754278,3.134839151266256,4,1,0,0,0,,,0,,,,1,0.041011148453094094,0.7533536585365785,172
20014922,control,0,2023-02-12,2023,2023Q1,36,0,Female,White,0,Not Hispanic or Latino,1986-11-22,,2015-08-18,2023-08-16,7.488021902806297,0.5065023956194388,3,4,0,0,0,,,0,,,,1,0.056780484593651745,0.7533536585365785,76
20014925,control,0,2023-10-09,2023,2023Q4,43,0,Female,White,0,Not Hispanic or Latino,1980-01-06,,2022-09-03,2026-03-01,1.0978781656399725,2.3928815879534566,5,6,0,0,0,,,0,,,,1,0.02727269075194068,0.7533536585365785,77
20014930,control,0,2024-02-18,2024,2024Q1,60,0,Female,White,0,Not Hispanic or Latino,1963-04-02,,2018-03-13,2024-03-01,5.935660506502396,0.03285420944558522,3,0,1,0,0,,,0,,,,1,0.01928458729349423,0.7533536585365785,253
20014935,control,0,2022-04-12,2022,2022Q2,24,0,Male,White,0,Not Hispanic or Latino,1998-03-18,,2016-10-04,2025-08-29,5.519507186858316,3.381245722108145,3,0,0,0,0,,,0,,,,1,0.050227098684679276,0.7533536585365785,44
20014945,control,0,2026-05-26,2026,2026Q2,27,0,Female,Black or African American,0,Not Hispanic or Latino,1998-12-13,,2025-11-10,2026-05-26,0.5393566050650239,0.0,6,0,0,0,0,,,0,,,,1,0.07913338353709522,3.766768292682892,10
20014952,control,0,2025-03-13,2025,2025Q1,59,0,Female,Unknown,0,Not Hispanic or Latino,1965-05-14,,2020-03-30,2026-01-22,4.952772073921971,0.8624229979466119,3,5,1,0,0,,,0,,,,1,0.019488497580379734,0.7533536585365785,148
20014954,control,0,2024-06-01,2024,2024Q2,31,0,Male,White,0,Not Hispanic or Latino,1992-11-22,,2020-06-04,2024-12-01,3.991786447638604,0.5010266940451745,4,1,0,0,0,,,0,,,,1,0.05566609396552579,0.7533536585365785,208
20014961,control,0,2024-05-10,2024,2024Q2,61,0,Female,Black or African American,0,Not Hispanic or Latino,1963-03-31,,2021-04-25,2026-05-19,3.0417522245037647,2.023271731690623,2,6,0,0,0,,,0,,,,1,0.006533278103562619,0.7533536585365785,146
20014964,control,0,2023-03-06,2023,2023Q1,45,0,Female,White,0,Not Hispanic or Latino,1977-03-07,,2015-09-11,2023-09-15,7.482546201232033,0.5284052019164955,3,1,1,0,0,,,0,,,,1,0.041527954731640795,0.7533536585365785,172
20014969,control,0,2022-10-16,2022,2022Q4,39,0,Male,White,0,Not Hispanic or Latino,1983-02-28,,2020-11-03,2025-08-06,1.949349760438056,2.8062970568104038,7,1,0,1,0,,,0,,,,1,0.06041411567238648,0.7533536585365785,105
20014973,control,0,2025-10-17,2025,2025Q4,52,0,Female,White,0,Unknown,1973-01-04,,2022-09-01,2026-04-09,3.1266255989048597,0.47638603696098564,3,2,0,0,0,,,0,,,,1,0.013189653946710034,0.7533536585365785,149
20014975,control,0,2025-12-06,2025,2025Q4,48,0,Female,Other Race,0,Not Hispanic or Latino,1977-01-30,,2023-05-29,2026-05-19,2.524298425735797,0.4490075290896646,3,1,0,1,0,,,0,,,,1,0.01343314515517922,0.7533536585365785,149
20014976,control,0,2022-02-02,2022,2022Q1,33,0,Male,White,0,Not Hispanic or Latino,1988-11-07,,2016-07-15,2023-03-26,5.552361396303901,1.1416837782340863,5,1,1,0,0,,,0,,,,1,0.09023793153776236,3.766768292682892,103
20014987,control,0,2022-11-12,2022,2022Q4,50,0,Male,White,1,Not Hispanic or Latino,1972-06-29,,2021-06-20,2023-04-25,1.3963039014373717,0.4490075290896646,2,3,0,0,0,,,0,,,,1,0.006810265052403261,0.7533536585365785,135
20015006,control,0,2026-02-01,2026,2026Q1,37,0,Female,Unknown,0,Not Hispanic or Latino,1988-11-01,,2022-06-07,2026-04-28,3.6550308008213555,0.23545516769336072,5,1,0,0,0,,,0,,,,1,0.07423771566548296,1.506707317073157,238
20015007,control,0,2023-06-26,2023,2023Q2,43,0,Female,White,0,Not Hispanic or Latino,1979-12-10,,2020-08-11,2024-11-09,2.8720054757015743,1.374401095140315,3,3,0,1,0,,,0,,,,1,0.018582891945399926,0.7533536585365785,163
20015012,control,0,2021-12-20,2021,2021Q4,47,0,Female,White,0,Not Hispanic or Latino,1974-11-20,,2016-06-16,2023-07-06,5.51129363449692,1.541409993155373,6,3,0,0,0,,,0,,,,1,0.07211683865990748,3.766768292682892,215
20015021,control,0,2025-03-14,2025,2025Q1,38,0,Female,White,0,Not Hispanic or Latino,1986-08-26,,2018-03-26,2026-04-28,6.967830253251198,1.1225188227241616,2,2,0,0,0,,,0,,,,1,0.02709110844983524,0.7533536585365785,313
20015027,control,0,2023-02-01,2023,2023Q1,31,0,Female,White,0,Not Hispanic or Latino,1991-02-21,,2018-07-05,2025-06-23,4.577686516084873,2.3901437371663246,2,2,0,0,0,,,0,,,,1,0.02076575967112804,0.7533536585365785,295
20015029,control,0,2024-11-15,2024,2024Q4,36,0,Female,White,0,Not Hispanic or Latino,1988-03-13,,2015-01-01,2025-03-19,9.872689938398358,0.3394934976043806,2,1,0,0,0,,,0,,,,1,0.05100795641509587,0.941692073170723,74
20015034,control,0,2022-12-10,2022,2022Q4,63,0,Female,White,0,Not Hispanic or Latino,1958-12-22,,2018-11-13,2024-07-22,4.073921971252567,1.6153319644079398,4,5,0,0,0,,,0,,,,1,0.017019485341717037,0.7533536585365785,188
20015043,control,0,2024-06-18,2024,2024Q2,72,0,Female,Unknown,0,Not Hispanic or Latino,1951-11-10,,2015-03-04,2025-10-18,9.292265571526352,1.3333333333333333,4,1,0,0,0,,,0,,,,1,0.03920186396399254,0.7533536585365785,231
20015048,control,0,2022-03-22,2022,2022Q1,18,0,Female,White,0,Not Hispanic or Latino,2004-01-03,,2019-09-28,2022-11-21,2.4804928131416837,0.6680355920602327,4,3,0,1,0,,,0,,,,1,0.0661750264502336,1.883384146341446,92
20015050,control,0,2024-10-20,2024,2024Q4,42,0,Female,Unknown,0,Not Hispanic or Latino,1982-04-27,,2019-03-26,2026-05-14,5.5715263518138265,1.5633127994524298,3,0,1,0,0,,,0,,,,1,0.03770662654298729,0.7533536585365785,263
20015054,control,0,2022-07-24,2022,2022Q3,35,0,Female,White,0,Not Hispanic or Latino,1986-09-18,,2020-04-14,2024-09-25,2.2751540041067764,2.1738535249828885,3,0,0,0,0,,,0,,,,1,0.02098514766812838,0.7533536585365785,297
20015055,control,0,2025-05-08,2025,2025Q2,41,0,Female,Other Race,0,Not Hispanic or Latino,1984-01-30,,2023-01-15,2026-04-06,2.3107460643394937,0.9117043121149897,4,2,1,0,0,,,1,4.0,4.0,2026-01-05,1,0.024584287148215637,0.7533536585365785,184
20015065,control,0,2022-10-09,2022,2022Q4,75,0,Male,White,0,Not Hispanic or Latino,1947-04-25,,2017-10-30,2022-12-08,4.941820670773443,0.16427104722792607,4,0,0,0,0,,,0,,,,1,0.014355097894038651,0.7533536585365785,23
20015073,control,0,2026-05-28,2026,2026Q2,43,0,Male,Unknown,0,Not Hispanic or Latino,1983-03-06,,2024-12-08,2026-05-28,1.4674880219028064,0.0,5,0,1,0,0,,,0,,,,1,0.04219390316894326,0.7533536585365785,142
20015093,control,0,2023-12-12,2023,2023Q4,37,0,Male,White,0,Not Hispanic or Latino,1986-07-10,,2017-10-22,2025-06-03,6.138261464750171,1.4757015742642026,4,2,0,0,0,,,0,,,,1,0.061362159614240505,0.7533536585365785,180
20015102,control,0,2024-05-03,2024,2024Q2,69,0,Male,White,0,Not Hispanic or Latino,1954-08-16,,2018-07-25,2026-03-16,5.774127310061601,1.8672142368240932,5,3,1,0,0,,,0,,,,1,0.025892435478103333,0.7533536585365785,140
20015106,control,0,2024-09-24,2024,2024Q3,37,0,Female,Black or African American,0,Not Hispanic or Latino,1987-06-10,,2021-12-06,2026-04-30,2.8008213552361396,1.596167008898015,3,4,0,0,0,,,0,,,,1,0.02639458209677044,0.7533536585365785,80
20015117,control,0,2022-08-23,2022,2022Q3,40,0,Female,White,0,Not Hispanic or Latino,1981-10-22,,2018-10-14,2023-12-03,3.8576317590691307,1.2785763175906912,3,3,0,0,0,,,0,,,,1,0.02480420396851769,0.7533536585365785,289
20015147,control,0,2023-05-07,2023,2023Q2,41,0,Female,White,0,Not Hispanic or Latino,1982-02-05,,2019-10-13,2023-11-09,3.564681724845996,0.5092402464065708,3,3,0,0,0,,,0,,,,1,0.023984678941908505,0.7533536585365785,137
20015160,control,0,2024-06-25,2024,2024Q2,42,0,Female,White,0,Hispanic or Latino,1981-06-27,,2020-06-27,2025-09-24,3.994524298425736,1.2484599589322383,3,2,1,0,0,,,0,,,,1,0.016887918337156468,0.7533536585365785,190
20015173,control,0,2025-10-10,2025,2025Q4,57,0,Female,White,0,Not Hispanic or Latino,1968-07-24,,2019-03-31,2026-05-16,6.529774127310062,0.5968514715947981,2,0,0,0,0,,,0,,,,1,0.013229087350429897,0.7533536585365785,149
20015185,control,0,2023-06-23,2023,2023Q2,48,0,Female,White,0,Not Hispanic or Latino,1975-03-28,,2021-08-06,2026-05-23,1.8781656399726214,2.915811088295688,3,1,0,1,0,,,0,,,,1,0.011663568939936439,0.7533536585365785,87
20015188,control,0,2026-02-16,2026,2026Q1,44,0,Female,White,0,Not Hispanic or Latino,1981-12-13,,2024-06-27,2026-03-24,1.6399726214921286,0.09856262833675565,4,0,0,0,0,,,0,,,,1,0.02408323619873802,0.7533536585365785,75
20015196,control,0,2025-08-14,2025,2025Q3,70,0,Female,White,0,Hispanic or Latino,1955-01-30,,2018-09-06,2026-03-11,6.937713894592744,0.5722108145106092,2,4,0,0,0,,,0,,,,1,0.006340972851021015,0.7533536585365785,24
20015200,control,0,2024-05-25,2024,2024Q2,76,0,Female,White,0,Not Hispanic or Latino,1947-08-02,,2018-01-23,2025-03-22,6.335386721423682,0.8240930869267625,4,4,0,0,0,,,0,,,,1,0.01697359630037684,0.7533536585365785,190
20015203,control,0,2022-03-23,2022,2022Q1,38,0,Female,White,0,Not Hispanic or Latino,1983-04-21,,2016-11-15,2023-06-19,5.349760438056126,1.2402464065708418,3,0,1,0,0,,,0,,,,1,0.03473574121654896,0.7533536585365785,15
20015232,control,0,2025-05-12,2025,2025Q2,63,0,Female,White,0,Not Hispanic or Latino,1962-04-27,,2022-04-27,2026-03-15,3.0417522245037647,0.840520191649555,6,4,0,0,0,,,0,,,,1,0.028355261264124295,0.7533536585365785,48
20015233,control,0,2025-02-23,2025,2025Q1,44,0,Female,White,0,Not Hispanic or Latino,1980-03-23,,2016-12-20,2026-02-17,8.177960301163587,0.9828884325804244,6,2,0,1,0,,,0,,,,1,0.127842302571141,3.766768292682892,45
20015238,control,0,2023-06-15,2023,2023Q2,86,0,Female,White,0,Not Hispanic or Latino,1936-10-16,,2020-08-31,2023-07-13,2.7871321013004793,0.07665982203969883,6,0,0,0,0,,,0,,,,1,0.01262153635376758,0.7533536585365785,120
20015242,control,0,2022-05-09,2022,2022Q2,53,0,Male,Unknown,0,Not Hispanic or Latino,1968-10-22,,2015-01-01,2024-10-24,7.351129363449692,2.461327857631759,5,1,0,0,0,,,0,,,,1,0.06978838226929991,2.511178861788595,18
20015249,control,0,2022-12-02,2022,2022Q4,49,0,Female,White,0,Not Hispanic or Latino,1972-12-28,,2017-04-12,2025-04-13,5.639972621492129,2.3627652292950034,3,3,0,0,0,,,0,,,,1,0.022953022239525334,0.7533536585365785,315
20015250,control,0,2024-07-25,2024,2024Q3,56,0,Female,White,0,Not Hispanic or Latino,1968-02-10,,2021-03-19,2026-01-24,3.351129363449692,1.5003422313483916,5,3,1,0,0,,,0,,,,1,0.02735296533773586,0.7533536585365785,80
20015251,control,0,2026-01-17,2026,2026Q1,34,0,Male,White,0,Not Hispanic or Latino,1991-02-24,,2023-05-18,2026-03-09,2.6694045174537986,0.13963039014373715,4,0,0,0,0,,,0,,,,1,0.040903327450084744,0.7533536585365785,64
20015256,control,0,2025-06-22,2025,2025Q2,49,0,Female,White,0,Unknown,1975-11-05,,2017-11-18,2025-11-07,7.592060232717317,0.37782340862423,2,4,1,1,0,,,0,,,,1,0.018973262412218653,0.7533536585365785,22
20015260,control,0,2023-01-04,2023,2023Q1,77,0,Female,White,0,Not Hispanic or Latino,1945-12-17,,2015-01-01,2023-03-29,8.008213552361397,0.2299794661190965,3,2,0,1,0,,,0,,,,1,0.015038034122654805,0.7533536585365785,199
20015263,control,0,2025-05-18,2025,2025Q2,53,0,Male,White,0,Not Hispanic or Latino,1971-09-23,,2023-08-29,2025-09-01,1.7193702943189597,0.29021218343600275,4,1,0,0,0,,,0,,,,1,0.01750782879879419,0.7533536585365785,89
20015267,control,0,2024-11-10,2024,2024Q4,31,0,Male,Black or African American,0,Not Hispanic or Latino,1993-02-13,,2021-05-06,2026-05-30,3.515400410677618,1.5496235455167693,5,1,0,0,0,,,0,,,,1,0.07811879329773214,0.941692073170723,117
20015272,control,0,2025-12-22,2025,2025Q4,54,0,Female,White,0,Not Hispanic or Latino,1971-12-21,,2021-10-14,2026-05-03,4.188911704312115,0.3613963039014374,4,2,0,1,0,,,0,,,,1,0.026107613864917296,0.7533536585365785,128
20015281,control,0,2026-05-16,2026,2026Q2,35,0,Female,White,0,Not Hispanic or Latino,1990-11-04,,2023-02-16,2026-05-23,3.24435318275154,0.019164955509924708,2,0,1,0,0,,,0,,,,1,0.016769438182177368,0.7533536585365785,143
20015290,control,0,2025-07-04,2025,2025Q3,24,0,Female,White,0,Not Hispanic or Latino,2000-11-04,,2017-03-10,2025-10-13,8.317590691307323,0.27652292950034224,3,0,0,0,0,,,0,,,,1,0.09908117230174311,1.883384146341446,73
20015301,control,0,2025-04-18,2025,2025Q2,43,0,Male,Unknown,0,Not Hispanic or Latino,1981-10-03,,2016-08-12,2026-04-23,8.681724845995893,1.0130047912388775,2,3,0,0,0,,,2,6.5,6.5,2024-11-19,1,0.03807278203695586,0.7533536585365785,241
20015307,control,0,2022-06-29,2022,2022Q2,45,0,Female,White,0,Not Hispanic or Latino,1977-06-25,,2018-01-04,2023-02-27,4.48186173853525,0.6652977412731006,4,3,0,0,0,,,0,,,,1,0.03692590882462712,0.7533536585365785,37
20015311,control,0,2022-06-20,2022,2022Q2,73,0,Female,White,0,Not Hispanic or Latino,1948-12-02,,2015-01-01,2024-05-02,7.4661190965092405,1.8672142368240932,5,1,0,0,0,,,0,,,,1,0.030340463504550653,0.7533536585365785,116
20015318,control,0,2025-12-16,2025,2025Q4,61,0,Female,White,0,Hispanic or Latino,1964-06-02,,2021-06-14,2026-05-03,4.506502395619439,0.37782340862423,4,2,0,0,0,,,0,,,,1,0.015318134090443953,0.7533536585365785,132
20015319,control,0,2021-10-04,2021,2021Q4,59,0,Female,White,0,Not Hispanic or Latino,1961-12-12,,2015-01-01,2023-01-12,6.757015742642026,1.273100616016427,4,2,0,0,0,,,0,,,,1,0.032356542856669064,0.7533536585365785,160
20015331,control,0,2025-04-12,2025,2025Q2,18,0,Male,White,0,Not Hispanic or Latino,2006-06-12,,2021-06-03,2026-05-10,3.8576317590691307,1.0759753593429158,4,2,0,0,0,,,0,,,,1,0.08125276852221729,2.511178861788595,31
20015340,control,0,2026-04-05,2026,2026Q2,48,0,Female,White,0,Unknown,1977-12-08,,2015-01-01,2026-04-05,11.2580424366872,0.0,2,0,0,0,0,,,0,,,,1,0.038619772354412704,0.7533536585365785,240
20015349,control,0,2026-04-18,2026,2026Q2,36,0,Female,White,0,Not Hispanic or Latino,1989-08-30,,2021-03-12,2026-05-07,5.100616016427105,0.05201916495550993,2,0,0,0,0,,,0,,,,1,0.022491900421413104,0.7533536585365785,153
20015350,control,0,2023-09-19,2023,2023Q3,54,0,Female,White,0,Not Hispanic or Latino,1968-10-12,,2018-12-17,2025-04-09,4.75564681724846,1.5550992470910336,4,1,0,0,0,,,0,,,,1,0.026559160658048083,0.7533536585365785,284
20015361,control,0,2022-04-23,2022,2022Q2,41,0,Female,White,0,Not Hispanic or Latino,1980-06-10,,2021-07-07,2023-07-07,0.7939767282683093,1.2046543463381245,4,3,0,0,0,,,0,,,,1,0.02132176318211332,0.7533536585365785,12
20015369,control,0,2023-01-25,2023,2023Q1,35,0,Male,White,0,Not Hispanic or Latino,1987-10-13,,2020-11-21,2025-12-15,2.1765913757700206,2.8884325804243667,4,4,1,2,0,,,0,,,,1,0.029947870979315006,0.7533536585365785,245
20015379,control,0,2023-07-19,2023,2023Q3,42,0,Female,Asian,0,Hispanic or Latino,1981-03-16,,2015-01-01,2025-11-15,8.544832306639288,2.327173169062286,2,2,0,1,0,,,0,,,,1,0.018414068683209942,0.7533536585365785,254
20015388,control,0,2023-06-16,2023,2023Q2,28,0,Female,White,0,Unknown,1994-11-22,,2021-09-01,2025-10-24,1.787816563997262,2.3572895277207393,2,5,0,0,0,,,0,,,,1,0.012331849715941834,0.7533536585365785,120
20015399,control,0,2025-05-05,2025,2025Q2,22,0,Female,White,1,Not Hispanic or Latino,2002-10-12,,2018-11-29,2025-11-24,6.431211498973306,0.5557837097878165,4,2,0,0,0,,,0,,,,1,0.11259643659348033,2.511178861788595,113
20015404,control,0,2023-10-27,2023,2023Q4,25,0,Female,White,0,Hispanic or Latino,1998-06-27,,2020-07-01,2026-05-22,3.3210130047912387,2.568104038329911,2,3,0,0,0,,,0,,,,1,0.01441984434861257,0.7533536585365785,318
20015414,control,0,2022-04-26,2022,2022Q2,54,0,Female,White,0,Not Hispanic or Latino,1967-12-28,,2015-01-01,2025-08-09,7.315537303216975,3.2881587953456535,4,0,0,1,0,,,0,,,,1,0.03698518549735099,0.7533536585365785,37
20015418,control,0,2025-05-23,2025,2025Q2,46,0,Male,White,0,Not Hispanic or Latino,1978-09-10,,2021-01-27,2026-05-28,4.317590691307323,1.0130047912388775,4,3,0,0,0,,,0,,,,1,0.033819240453480934,0.7533536585365785,8
20015421,control,0,2024-09-26,2024,2024Q3,18,0,Female,White,0,Not Hispanic or Latino,2006-08-10,,2023-09-14,2026-01-08,1.0349075975359343,1.2840520191649556,4,1,0,0,0,,,0,,,,1,0.04952823776542683,0.7533536585365785,206
20015427,control,0,2023-08-08,2023,2023Q3,66,0,Female,White,0,Not Hispanic or Latino,1956-12-09,,2016-01-19,2024-02-22,7.5509924709103355,0.5420944558521561,2,2,0,0,0,,,0,,,,1,0.011561818480322575,0.7533536585365785,327
20015430,control,0,2025-02-13,2025,2025Q1,39,0,Female,White,0,Not Hispanic or Latino,1985-10-13,,2017-06-20,2026-05-07,7.652292950034223,1.2265571526351813,4,1,0,0,0,,,0,,,,1,0.07539955531890924,1.0762195121951121,122
20015440,control,0,2026-02-25,2026,2026Q1,68,0,Male,White,0,Not Hispanic or Latino,1958-01-05,,2021-08-18,2026-05-25,4.522929500342231,0.243668720054757,4,1,0,0,0,,,0,,,,1,0.01700025412671085,0.7533536585365785,234
20015456,control,0,2025-09-04,2025,2025Q3,21,0,Female,White,0,Unknown,2003-10-18,,2017-02-18,2026-05-28,8.542094455852157,0.7282683093771389,3,1,0,1,0,,,0,,,,1,0.09770658270592981,1.883384146341446,73
20015458,control,0,2025-05-06,2025,2025Q2,49,0,Male,White,0,Not Hispanic or Latino,1975-12-20,,2021-07-24,2025-09-04,3.783709787816564,0.33127994524298426,5,0,0,0,0,,,0,,,,1,0.0409025597831427,0.7533536585365785,169
20015474,control,0,2022-12-24,2022,2022Q4,43,0,Female,White,0,Not Hispanic or Latino,1979-08-16,,2016-11-17,2023-03-18,6.099931553730322,0.2299794661190965,3,1,1,0,0,,,0,,,,1,0.0356793261830403,0.7533536585365785,33
20015483,control,0,2022-04-29,2022,2022Q2,36,0,Female,White,0,Not Hispanic or Latino,1986-04-14,,2019-12-20,2025-02-14,2.3572895277207393,2.7980835044490076,3,2,0,0,0,,,0,,,,1,0.019670061908883037,0.7533536585365785,12
20015486,control,0,2023-03-14,2023,2023Q1,50,0,Female,Unknown,0,Not Hispanic or Latino,1972-03-18,,2019-05-27,2025-10-14,3.7973990417522243,2.5872689938398357,4,4,0,0,0,,,0,,,,1,0.02954041906967314,0.7533536585365785,276
20015487,control,0,2024-11-19,2024,2024Q4,30,0,Male,White,0,Not Hispanic or Latino,1993-11-30,,2015-02-21,2026-04-25,9.744010951403148,1.429158110882957,2,3,1,1,0,,,0,,,,1,0.05692256896572171,0.7533536585365785,323
20015492,control,0,2022-11-23,2022,2022Q4,77,0,Female,White,0,Not Hispanic or Latino,1945-04-08,,2015-07-04,2023-09-11,7.389459274469542,0.7994524298425736,2,1,0,1,0,,,0,,,,1,0.007427580772666942,0.7533536585365785,55
20015512,control,0,2026-02-16,2026,2026Q1,45,0,Female,White,0,Not Hispanic or Latino,1980-06-27,,2018-11-29,2026-02-18,7.216974674880219,0.0054757015742642025,4,1,0,0,0,,,0,,,,1,0.06204691681295112,1.2555894308942974,239
20015514,control,0,2021-11-13,2021,2021Q4,58,0,Female,White,0,Not Hispanic or Latino,1963-11-01,,2019-11-18,2022-11-07,1.9876796714579055,0.9828884325804244,5,5,0,0,0,,,0,,,,1,0.020736585225964756,0.7533536585365785,56
20015516,control,0,2025-03-16,2025,2025Q1,30,0,Female,White,0,Not Hispanic or Latino,1994-04-22,,2020-01-28,2026-03-07,5.130732375085558,0.974674880219028,3,3,0,0,0,,,0,,,,1,0.044983503896716945,1.2555894308942974,244
20015519,control,0,2025-04-11,2025,2025Q2,28,0,Female,Unknown,0,Not Hispanic or Latino,1997-04-08,,2023-03-16,2025-09-02,2.0725530458590007,0.3942505133470226,2,1,1,2,0,,,0,,,,1,0.020941889536349487,0.7533536585365785,229
20015524,control,0,2024-10-03,2024,2024Q4,18,0,Female,White,0,Hispanic or Latino,2005-12-17,,2019-01-13,2026-05-20,5.722108145106092,1.626283367556468,3,3,0,0,0,,,0,,,,1,0.05183447397768209,0.941692073170723,74
20015526,control,0,2024-10-09,2024,2024Q4,18,0,Male,Black or African American,0,Not Hispanic or Latino,2006-08-14,,2023-07-01,2026-04-28,1.2758384668035592,1.5496235455167693,4,4,1,0,0,,,0,,,,1,0.05956125360842891,0.7533536585365785,323
20015528,control,0,2023-09-05,2023,2023Q3,37,0,Male,White,0,Not Hispanic or Latino,1985-10-09,,2019-12-16,2024-06-06,3.7207392197125255,0.7529089664613279,4,4,1,0,0,,,0,,,,1,0.042449473417583775,0.7533536585365785,46
20015531,control,0,2025-10-12,2025,2025Q4,28,0,Female,White,0,Not Hispanic or Latino,1997-08-29,,2020-07-21,2025-10-12,5.2265571526351815,0.0,2,0,0,0,0,,,0,,,,1,0.03061588483621086,0.941692073170723,182
20015532,control,0,2024-12-25,2024,2024Q4,47,0,Female,White,0,Not Hispanic or Latino,1977-01-14,,2023-03-11,2026-02-17,1.7932922655715264,1.1471594798083504,5,4,0,1,0,,,0,,,,1,0.02921932793600513,0.7533536585365785,107
20015534,control,0,2024-11-28,2024,2024Q4,36,0,Male,White,0,Not Hispanic or Latino,1988-01-07,,2019-08-26,2026-05-26,5.259411362080766,1.4893908281998631,5,3,1,0,0,,,0,,,,1,0.0760138011631615,0.8370596205961982,165
20015535,control,0,2025-07-15,2025,2025Q3,56,0,Female,White,1,Not Hispanic or Latino,1968-09-23,,2020-02-25,2026-04-15,5.385352498288843,0.7501711156741958,4,3,0,0,0,,,0,,,,1,0.029267367865727853,0.7533536585365785,260
20015545,control,0,2025-05-12,2025,2025Q2,43,0,Female,White,0,Unknown,1982-01-07,,2023-06-20,2026-05-05,1.894592744695414,0.9801505817932923,6,2,0,0,0,,,0,,,,1,0.040670046705203515,0.7533536585365785,203
20015566,control,0,2022-12-02,2022,2022Q4,50,0,Female,Other Race,0,Not Hispanic or Latino,1972-03-31,,2021-01-01,2023-01-14,1.9164955509924708,0.11772758384668036,3,1,0,0,0,,,0,,,,1,0.01147606546080942,0.7533536585365785,232
20015574,control,0,2021-12-12,2021,2021Q4,53,0,Male,White,1,Not Hispanic or Latino,1968-11-13,,2016-06-30,2021-12-12,5.451060917180014,0.0,5,0,0,0,0,,,0,,,,1,0.048687324090213625,0.7533536585365785,250
20015575,control,0,2025-02-08,2025,2025Q1,49,0,Female,Black or African American,0,Not Hispanic or Latino,1975-07-21,,2020-05-11,2026-04-23,4.747433264887063,1.2019164955509924,4,1,0,0,0,,,0,,,,1,0.03819476972392647,0.8370596205961982,292
20015583,control,0,2026-03-25,2026,2026Q1,55,0,Male,White,0,Not Hispanic or Latino,1970-09-04,,2018-11-02,2026-05-13,7.392197125256674,0.13415468856947296,4,0,0,0,0,,,0,,,,1,0.04497282550504865,0.7533536585365785,64
20015589,control,0,2024-03-04,2024,2024Q1,62,0,Female,White,0,Not Hispanic or Latino,1961-03-31,,2022-02-08,2025-10-25,2.0670773442847366,1.6427104722792607,3,1,1,0,0,,,0,,,,1,0.00799083977499735,0.7533536585365785,159
20015591,control,0,2024-01-09,2024,2024Q1,18,0,Female,White,0,Not Hispanic or Latino,2005-10-17,,2016-02-16,2025-09-29,7.8959616700889805,1.7221081451060918,2,3,0,0,0,,,0,,,,1,0.06122920746467979,1.0762195121951121,278
20015595,control,0,2022-11-07,2022,2022Q4,34,0,Male,White,0,Not Hispanic or Latino,1988-03-22,,2018-06-03,2026-05-12,4.42984257357974,3.509924709103354,4,3,1,0,0,,,0,,,,1,0.044114060558086005,0.7533536585365785,186
20015611,control,0,2024-11-30,2024,2024Q4,18,0,Female,White,0,Not Hispanic or Latino,2006-06-24,,2023-03-07,2025-05-29,1.7357973990417521,0.4928131416837782,3,0,0,0,0,,,0,,,,1,0.039012908273293984,1.0762195121951121,211
20015614,control,0,2025-07-22,2025,2025Q3,36,0,Female,White,0,Not Hispanic or Latino,1988-12-13,,2018-07-29,2026-04-27,6.981519507186858,0.7638603696098563,3,3,0,0,0,,,0,,,,1,0.05113485286464181,0.7533536585365785,162
20015618,control,0,2026-01-10,2026,2026Q1,19,0,Male,White,0,Not Hispanic or Latino,2006-08-30,,2023-05-06,2026-05-07,2.6830937713894594,0.3203285420944558,2,0,1,0,0,,,0,,,,1,0.026211275523436047,0.7533536585365785,156
20015624,control,0,2023-08-05,2023,2023Q3,45,0,Female,Black or African American,0,Not Hispanic or Latino,1978-07-05,,2015-06-29,2025-03-11,8.101300479123887,1.5989048596851472,4,2,3,0,0,,,0,,,,1,0.07594356359315316,7.533536585365784,154
20015626,control,0,2026-01-17,2026,2026Q1,41,0,Female,Unknown,0,Unknown,1984-07-14,,2023-10-03,2026-05-10,2.291581108829569,0.30937713894592744,5,1,0,0,0,,,0,,,,1,0.04501414935127792,0.7533536585365785,242
20015627,control,0,2023-08-05,2023,2023Q3,20,0,Female,White,0,Not Hispanic or Latino,2002-11-27,,2019-05-22,2026-05-23,4.205338809034908,2.7980835044490076,2,0,0,0,0,,,0,,,,1,0.027876040743258744,0.7533536585365785,284
20015631,control,0,2025-08-19,2025,2025Q3,34,0,Female,White,0,Not Hispanic or Latino,1990-11-23,,2017-10-19,2026-03-04,7.832991101984942,0.5393566050650239,3,1,1,0,0,,,0,,,,1,0.06433651047318076,0.8370596205961982,285
20015638,control,0,2026-05-28,2026,2026Q2,18,0,Female,Other Race,1,Hispanic or Latino,2007-12-11,,2019-09-22,2026-05-28,6.680355920602327,0.0,3,0,1,0,0,,,0,,,,1,0.05914157841073688,2.511178861788595,63
20015639,control,0,2026-05-09,2026,2026Q2,60,0,Female,White,0,Not Hispanic or Latino,1965-09-09,,2020-12-26,2026-05-25,5.366187542778919,0.04380561259411362,2,0,0,0,0,,,0,,,,1,0.010020703013629203,0.7533536585365785,304
20015642,control,0,2026-01-28,2026,2026Q1,43,0,Male,Asian,0,Not Hispanic or Latino,1983-01-13,,2015-04-21,2026-05-20,10.77344284736482,0.3066392881587953,3,0,0,0,0,,,0,,,,1,0.07209603954835136,1.506707317073157,320
20015650,control,0,2025-09-15,2025,2025Q3,49,0,Female,White,0,Not Hispanic or Latino,1975-12-04,,2018-12-17,2026-05-27,6.746064339493498,0.6954140999315537,3,3,0,0,0,,,0,,,,1,0.03136811653822101,0.7533536585365785,91
20015667,control,0,2023-08-01,2023,2023Q3,18,0,Male,White,0,Not Hispanic or Latino,2004-12-26,,2019-05-10,2024-05-29,4.227241615331964,0.8268309377138946,6,3,1,0,0,,,0,,,,1,0.15632789471663888,7.533536585365784,168
20015668,control,0,2026-03-14,2026,2026Q1,32,0,Female,White,0,Unknown,1994-02-23,,2023-01-13,2026-04-18,3.164955509924709,0.09582477754962354,3,1,1,0,0,,,0,,,,1,0.027769194380495597,0.7533536585365785,170
20015670,control,0,2024-07-06,2024,2024Q3,24,0,Female,White,0,Not Hispanic or Latino,1999-07-23,,2023-05-26,2026-01-11,1.1143052703627652,1.516769336071184,3,1,1,0,0,,,0,,,,1,0.026385343497281392,0.7533536585365785,80
20015675,control,0,2026-04-08,2026,2026Q2,57,0,Male,White,0,Not Hispanic or Latino,1968-10-21,,2022-09-17,2026-04-08,3.5564681724845997,0.0,6,0,0,0,0,,,0,,,,1,0.04059618645447066,0.7533536585365785,142
20015681,control,0,2023-03-22,2023,2023Q1,28,0,Female,White,0,Not Hispanic or Latino,1994-04-11,,2015-01-01,2024-03-26,8.219028062970569,1.0130047912388775,3,1,0,0,0,,,0,,,,1,0.08141625666609476,1.883384146341446,216
20015687,control,0,2022-08-13,2022,2022Q3,45,0,Female,Black or African American,0,Not Hispanic or Latino,1976-12-18,,2017-05-08,2024-04-17,5.2648870636550305,1.678302532511978,3,2,0,0,0,,,0,,,,1,0.03061867697820776,0.7533536585365785,310
20015702,control,0,2024-07-14,2024,2024Q3,57,0,Female,White,0,Not Hispanic or Latino,1966-11-20,,2017-12-23,2026-05-03,6.5571526351813825,1.8015058179329226,3,2,0,1,0,,,0,,,,1,0.02116831366632455,0.7533536585365785,328
20015705,control,0,2026-04-30,2026,2026Q2,18,0,Female,Black or African American,0,Hispanic or Latino,2008-01-15,,2024-07-09,2026-04-30,1.8069815195071868,0.0,4,0,2,0,0,,,0,,,,1,0.05222415670408169,0.7533536585365785,110
20015708,control,0,2023-04-23,2023,2023Q2,33,0,Female,Unknown,0,Hispanic or Latino,1990-04-20,,2019-03-25,2024-03-10,4.079397672826831,0.8815879534565366,3,3,1,0,0,,,0,,,,1,0.029796640783635975,0.7533536585365785,38
20015710,control,0,2022-09-14,2022,2022Q3,31,0,Female,White,0,Not Hispanic or Latino,1991-06-13,,2017-05-29,2025-01-01,5.295003422313484,2.299794661190965,2,0,0,1,0,,,0,,,,1,0.023744914413899632,0.7533536585365785,213
20015711,control,0,2023-06-26,2023,2023Q2,43,0,Female,White,0,Unknown,1980-02-22,,2019-04-20,2024-08-03,4.183436002737851,1.106091718001369,2,6,0,0,0,,,0,,,,1,0.012116392341971404,0.7533536585365785,120
20015716,control,0,2023-09-06,2023,2023Q3,55,0,Male,White,0,Not Hispanic or Latino,1968-08-27,,2017-01-23,2026-02-25,6.617385352498289,2.4722792607802875,5,1,0,0,0,,,0,,,,1,0.04698442781394212,0.7533536585365785,46
20015718,control,0,2024-05-16,2024,2024Q2,46,0,Male,White,0,Not Hispanic or Latino,1978-01-04,,2021-06-14,2025-11-04,2.921286789869952,1.4702258726899384,4,1,0,0,0,,,0,,,,1,0.02559601716814636,0.7533536585365785,140
20015723,control,0,2023-10-22,2023,2023Q4,59,0,Male,White,0,Not Hispanic or Latino,1964-08-20,,2019-08-15,2025-09-19,4.186173853524983,1.9110198494182067,3,1,0,0,0,,,0,,,,1,0.01279277746891311,0.7533536585365785,47
20015737,control,0,2024-04-06,2024,2024Q2,80,0,Female,Black or African American,0,Not Hispanic or Latino,1943-09-29,,2015-01-01,2025-12-15,9.262149212867898,1.6919917864476386,5,1,0,0,0,,,0,,,,1,0.038852015814433837,0.7533536585365785,231
20015744,control,0,2024-11-19,2024,2024Q4,22,0,Male,White,0,Unknown,2001-12-12,,2017-06-17,2024-11-19,7.425051334702259,0.0,3,0,0,0,0,,,0,,,,1,0.08238081335736998,0.941692073170723,117
20015751,control,0,2021-11-05,2021,2021Q4,66,0,Male,White,0,Not Hispanic or Latino,1954-12-16,,2015-01-01,2026-01-19,6.844626967830253,4.205338809034908,7,2,0,0,0,,,0,,,,1,0.05059642432239231,0.7533536585365785,250
20015754,control,0,2023-09-22,2023,2023Q3,66,0,Female,Black or African American,0,Not Hispanic or Latino,1956-10-26,,2018-11-08,2026-05-05,4.870636550308008,2.617385352498289,4,3,0,0,0,,,0,,,,1,0.01942611890004047,0.7533536585365785,3
20015767,control,0,2024-12-16,2024,2024Q4,43,0,Male,White,0,Not Hispanic or Latino,1981-08-19,,2023-04-18,2025-05-01,1.6646132785763177,0.3723477070499658,8,0,1,0,0,,,0,,,,1,0.0732732010530044,0.8370596205961982,165
20015771,control,0,2025-03-07,2025,2025Q1,31,0,Female,White,0,Not Hispanic or Latino,1993-05-25,,2024-09-19,2026-05-20,0.46269678302532513,1.2019164955509924,4,4,0,0,0,,,0,,,,1,0.028635543172493998,0.7533536585365785,313
20015778,control,0,2025-11-08,2025,2025Q4,54,0,Female,White,0,Not Hispanic or Latino,1971-09-22,,2018-04-28,2026-04-04,7.531827515400411,0.4024640657084189,6,2,0,1,0,,,0,,,,1,0.08637081977389774,2.511178861788595,223
20015779,control,0,2026-01-27,2026,2026Q1,58,0,Female,White,0,Not Hispanic or Latino,1968-01-10,,2019-03-28,2026-05-06,6.836413415468857,0.27104722792607805,3,2,1,0,0,,,0,,,,1,0.02390415698974397,0.7533536585365785,75
20015785,control,0,2023-03-17,2023,2023Q1,56,0,Female,White,0,Not Hispanic or Latino,1966-06-23,,2019-12-03,2023-06-29,3.2854209445585214,0.28473648186173856,4,1,0,0,0,,,0,,,,1,0.02082363299519468,0.7533536585365785,295
20015788,control,0,2024-01-19,2024,2024Q1,20,0,Female,White,0,Hispanic or Latino,2003-12-03,,2016-03-07,2025-01-04,7.868583162217659,0.9609856262833676,4,1,0,0,0,,,0,,,,1,0.10848102618440839,7.533536585365784,226
20015791,control,0,2026-05-30,2026,2026Q2,47,0,Female,White,0,Hispanic or Latino,1979-03-26,,2021-02-23,2026-05-30,5.262149212867898,0.0,4,0,1,0,0,,,0,,,,1,0.029569391491527843,0.7533536585365785,81
20015813,control,0,2023-01-14,2023,2023Q1,44,0,Female,White,0,Not Hispanic or Latino,1978-10-22,,2015-01-01,2026-01-09,8.035592060232718,2.9869952087611225,2,2,1,0,0,,,0,,,,1,0.0232514159843506,0.7533536585365785,295
20015831,control,0,2023-06-04,2023,2023Q2,54,0,Female,White,0,Hispanic or Latino,1969-02-17,2025-05-16,2017-07-21,2024-08-28,5.8699520876112254,1.2347707049965777,4,3,2,1,0,,,0,,,,1,0.02359959754048033,0.7533536585365785,137
20015835,control,0,2025-06-20,2025,2025Q2,56,0,Female,Unknown,0,Not Hispanic or Latino,1968-10-30,,2018-07-04,2025-06-20,6.962354551676934,0.0,4,0,0,0,0,,,0,,,,1,0.04984795340597429,1.0762195121951121,72
20015852,control,0,2023-07-07,2023,2023Q3,37,0,Male,White,1,Not Hispanic or Latino,1985-10-03,,2019-08-16,2023-11-15,3.890485968514716,0.3586584531143053,4,0,2,0,0,,,0,,,,1,0.04492134438214482,0.7533536585365785,46
20015856,control,0,2025-03-05,2025,2025Q1,18,0,Male,White,0,Not Hispanic or Latino,2006-12-25,,2020-06-28,2026-02-03,4.684462696783025,0.917180013689254,2,2,1,0,0,,,0,,,,1,0.03707342617536147,0.7533536585365785,134
20015860,control,0,2022-04-19,2022,2022Q2,53,0,Female,White,0,Not Hispanic or Latino,1968-10-29,,2015-01-01,2022-06-09,7.29637234770705,0.13963039014373715,3,0,2,0,0,,,0,,,,1,0.031218026943419665,0.7533536585365785,116
20015868,control,0,2023-09-01,2023,2023Q3,62,0,Female,White,0,Not Hispanic or Latino,1961-04-08,,2016-03-19,2026-02-16,7.452429842573579,2.461327857631759,3,3,0,1,0,,,0,,,,1,0.01985185919818844,0.7533536585365785,3
20015883,control,0,2025-07-18,2025,2025Q3,28,0,Female,White,0,Not Hispanic or Latino,1996-12-21,,2022-08-10,2026-04-28,2.937713894592745,0.7775496235455168,3,1,0,0,0,,,0,,,,1,0.03330553225359566,0.7533536585365785,298
20015890,control,0,2025-11-27,2025,2025Q4,36,0,Female,White,0,Not Hispanic or Latino,1989-02-22,,2025-07-01,2026-05-22,0.4079397672826831,0.48186173853524983,4,4,0,0,0,,,0,,,,1,0.02499737806129321,0.7533536585365785,1
20015899,control,0,2022-09-26,2022,2022Q3,33,0,Female,Asian,0,Not Hispanic or Latino,1989-08-10,,2020-05-19,2024-02-11,2.3545516769336072,1.377138945927447,4,2,1,0,0,,,0,,,,1,0.03330169419827259,0.7533536585365785,249
20015909,control,0,2026-02-13,2026,2026Q1,59,0,Female,White,1,Not Hispanic or Latino,1966-07-19,,2020-01-19,2026-05-09,6.069815195071868,0.2327173169062286,3,2,2,0,0,,,0,,,,1,0.02018110001693433,0.7533536585365785,71
20015913,control,0,2025-04-24,2025,2025Q2,40,0,Male,White,0,Not Hispanic or Latino,1984-08-27,,2023-11-29,2025-11-03,1.4017796030116358,0.5284052019164955,3,0,0,0,0,,,0,,,,1,0.01687223383696727,0.7533536585365785,89
20015926,control,0,2026-01-17,2026,2026Q1,79,0,Female,White,0,Not Hispanic or Latino,1946-02-13,,2020-08-27,2026-01-17,5.390828199863107,0.0,5,0,0,0,0,,,0,,,,1,0.019340271647461365,0.7533536585365785,71
20015943,control,0,2022-06-26,2022,2022Q2,29,0,Male,White,0,Not Hispanic or Latino,1992-11-22,,2017-09-16,2025-02-01,4.774811772758385,2.6036960985626285,5,5,0,1,0,,,0,,,,1,0.08225100312017875,3.766768292682892,26
20015949,control,0,2024-05-27,2024,2024Q2,18,0,Female,Unknown,0,Not Hispanic or Latino,2006-04-29,,2018-02-25,2025-12-22,6.250513347022587,1.571526351813826,3,2,0,0,0,,,0,,,,1,0.09566998998029748,0.941692073170723,283
20015957,control,0,2026-02-07,2026,2026Q1,58,0,Male,White,0,Unknown,1968-01-06,,2022-11-12,2026-04-28,3.238877481177276,0.2190280629705681,3,3,1,0,0,,,0,,,,1,0.0110558145982079,0.7533536585365785,274
20015958,control,0,2026-04-11,2026,2026Q2,58,0,Female,White,0,Hispanic or Latino,1967-12-16,,2017-07-24,2026-04-11,8.714579055441478,0.0,4,0,1,0,0,,,0,,,,1,0.0369305784704395,0.7533536585365785,240
20015960,control,0,2025-03-17,2025,2025Q1,18,0,Female,White,0,Not Hispanic or Latino,2007-01-20,,2017-07-28,2026-05-29,7.6358658453114305,1.1991786447638604,2,1,0,0,0,,,0,,,,1,0.060664417187620535,1.2555894308942974,141
20015964,control,0,2023-08-21,2023,2023Q3,52,0,Female,White,0,Not Hispanic or Latino,1971-04-06,,2021-04-15,2024-04-15,2.349075975359343,0.6516084873374401,4,2,0,0,0,,,0,,,,1,0.0197931593663984,0.7533536585365785,3
20015973,control,0,2022-10-22,2022,2022Q4,60,0,Female,White,0,Not Hispanic or Latino,1961-10-27,,2017-06-30,2024-10-09,5.3114305270362765,1.9657768651608487,6,1,0,0,0,,,0,,,,1,0.04340659216181996,0.7533536585365785,49
20015976,control,0,2025-06-23,2025,2025Q2,67,0,Female,Black or African American,0,Not Hispanic or Latino,1958-06-08,,2018-11-03,2026-04-10,6.636550308008213,0.7967145790554415,2,6,0,0,0,,,0,,,,1,0.010995422555998193,0.7533536585365785,54
20015981,control,0,2022-01-22,2022,2022Q1,58,0,Female,Black or African American,0,Not Hispanic or Latino,1963-07-14,,2017-10-17,2023-01-04,4.265571526351814,0.9500342231348392,4,5,0,1,0,,,0,,,,1,0.02603069633222345,0.7533536585365785,227
20015991,control,0,2022-03-20,2022,2022Q1,47,0,Female,White,0,Not Hispanic or Latino,1974-12-19,,2020-03-04,2022-06-28,2.0424366872005475,0.2737850787132101,3,2,0,0,0,,,0,,,,1,0.01500978281152278,0.7533536585365785,308
20015996,control,0,2024-06-11,2024,2024Q2,41,0,Female,Black or African American,0,Not Hispanic or Latino,1983-03-18,,2018-03-30,2024-12-07,6.201232032854209,0.49007529089664614,4,1,0,0,0,,,0,,,,1,0.06784504543938766,1.883384146341446,275
