phecode,description,OR_pre,OR_lower95_pre,OR_upper95_pre,p_pre,q_fdr_pre,bonferroni_pre,OR_post,OR_lower95_post,OR_upper95_post,p_post,q_fdr_post,bonferroni_post
CA_120.1,Myeloid,29.2946,25.0834,34.2128,0.0,0.0,True,23.1908,19.6314,27.3955,2.4589999999999997e-299,6.601e-297,True
CA_120,Hemo onc - by cell of origin,14.664,12.9464,16.6095,0.0,0.0,True,11.8256,10.339,13.5259,1.996e-284,4.593e-282,True
DE_666,Urticaria,47.4663,40.507,55.6212,0.0,0.0,True,55.1321,45.5624,66.7118,0.0,0.0,True
DE_679,Skin symptoms,6.85754,6.25026,7.52381,0.0,0.0,True,5.11282,4.54558,5.75084,7.168e-163,8.883e-161,True
SS_823,Abnormal serum enzyme levels,19.0846,17.3519,20.9904,0.0,0.0,True,11.2405,10.0229,12.6061,0.0,0.0,True
SS_823.2,Abnormal levels of other serum enzymes,27.2273,24.5305,30.2206,0.0,0.0,True,16.2853,14.3247,18.5142,0.0,0.0,True
BI_180,Other disorders involving the immune mechanism,40.9458,35.0357,47.8529,0.0,0.0,True,61.124,50.8614,73.4574,0.0,0.0,True
SS_840,Allergy,7.95474,7.33098,8.63158,0.0,0.0,True,6.43349,5.89983,7.01543,0.0,0.0,True
SS_840.2,Allergy to insects,13.1499,11.3916,15.1795,3.8580000000000003e-271,7.788e-269,True,9.96555,8.27799,11.9971,2.637e-130,1.8470000000000002e-128,True
NS_343,Disorders of autonomic nervous system,22.1817,18.583,26.4773,4.675000000000001e-258,8.494e-256,True,24.2506,20.1371,29.2043,8.374999999999999e-248,1.687e-245,True
SS_840.1,Food allergy,12.9859,11.1949,15.0633,2.4510000000000003e-251,4.0489999999999996e-249,True,11.784,9.74396,14.2511,1.082e-142,9.688e-141,True
MS_712,Joint derangements and related disorders,8.50099,7.4262,9.73134,1.9360000000000002e-211,2.9310000000000005e-209,True,13.3022,11.4049,15.5152,2.99e-238,5.352e-236,True
SS_840.8,Allergies related to other diseases/symptoms,3.97886,3.64052,4.34864,9.639e-204,1.347e-201,True,4.01383,3.60374,4.47058,6.168e-141,5.229e-139,True
RE_463,Rhinitis and nasal congestion,3.59371,3.30928,3.90259,4.5499999999999997e-203,5.905e-201,True,3.85467,3.49295,4.25384,1.1649999999999999e-158,1.3410000000000001e-156,True
MS_712.5,Disorder of ligament,28.9687,23.2645,36.0715,7.193000000000001e-199,8.713e-197,True,38.7246,30.3524,49.4063,3.1149999999999996e-190,5.0189999999999997e-188,True
MS_712.51,Hypermobility syndrome,32.8334,26.0566,41.3728,1.4400000000000001e-192,1.6359999999999998e-190,True,39.9398,31.1514,51.2074,6.1309999999999995e-186,8.231e-184,True
SS_840.9,Anaphylactic reaction,61.2012,46.5392,80.4824,1.544e-190,1.651e-188,True,44.5767,33.5067,59.3042,7.792e-150,7.845e-148,True
NS_343.7,Postural orthostatic tachycardia syndrome [POTS]*,30.3643,24.1745,38.1389,2.7059999999999998e-189,2.7309999999999996e-187,True,36.4095,28.5921,46.3642,8.112e-187,1.188e-184,True
CA_125,"Other malignant neoplasms of lymphoid, hematopoietic and related tissue",234.385,159.085,345.326,1.1289999999999999e-167,1.0799999999999999e-165,True,270.75,166.494,440.289,7.165e-113,3.724e-111,True
DE_679.3,Flushing,13.2251,10.987,15.9192,4.7679999999999996e-164,4.332e-162,True,9.25593,7.30195,11.7328,1.49e-75,5e-74,True
DE_679.1,Rash and other nonspecific skin eruption,5.24536,4.65326,5.9128,5.725000000000001e-162,4.9540000000000006e-160,True,3.52037,2.97787,4.16169,3.601e-49,7.163e-48,True
GI_529,Symptoms involving digestive system,3.01735,2.7831,3.27131,4.872e-158,4.024e-156,True,3.16388,2.89019,3.46348,2.0729999999999998e-137,1.5899999999999998e-135,True
RE_463.2,Allergic rhinitis,3.526,3.21281,3.86972,2.412e-155,1.905e-153,True,3.54144,3.15894,3.97025,2.875e-104,1.2860000000000001e-102,True
SS_807,Malaise and fatigue,3.07134,2.82703,3.33677,3.979e-155,3.012e-153,True,3.26509,2.97216,3.58688,2.074e-134,1.519e-132,True
RE_475,Asthma,3.0632,2.81583,3.33231,1.125e-149,8.175e-148,True,3.58641,3.26455,3.94002,3.9420000000000004e-156,4.233e-154,True
GE_978,Genetic disorders relating to growth and musculoskeletal system,27.1016,21.1263,34.7669,1.242e-148,8.68e-147,True,38.4378,29.0804,50.8062,5.9779999999999995e-145,5.665e-143,True
GE_978.2,Herediatary connective tissue diseases,37.4609,28.1871,49.7858,1.383e-137,9.308e-136,True,56.6089,40.7544,78.6314,4.706e-128,3.159e-126,True
GE_978.22,Ehler's Danlos syndrome,40.7787,30.3678,54.7586,3.207e-134,2.081e-132,True,57.3268,41.1162,79.9285,5.487e-126,3.536e-124,True
NS_331,Headache,2.82732,2.60127,3.07301,5.605e-132,3.512e-130,True,3.05219,2.77695,3.35472,1.755e-118,9.423e-117,True
MS_724.1,Myalgia,3.77407,3.39258,4.19846,8.634e-132,5.229e-130,True,4.20647,3.72676,4.74794,1.2919999999999999e-119,7.179e-118,True
GI_527,Abdominal pain,2.63923,2.43991,2.85483,1.273e-129,7.459000000000001e-128,True,3.10231,2.84093,3.38774,3.0059999999999998e-140,2.421e-138,True
CV_417,Abnormalities of heart beat,2.89251,2.64795,3.15966,8.772000000000001e-123,4.981e-121,True,3.20488,2.8842,3.56121,5.779999999999999e-104,2.517e-102,True
DE_679.4,Pruritus,7.11322,6.02976,8.39137,8.897e-120,4.898e-118,True,6.11154,4.96294,7.52598,3.989e-65,1.0710000000000001e-63,True
GI_529.1,Diarrhea,3.29135,2.97331,3.64342,8.074e-117,4.3150000000000005e-115,True,3.22492,2.84197,3.65948,1.182e-73,3.8100000000000003e-72,True
SS_840.6,Drug and medical agent allergy,3.3742,3.03885,3.74655,8.928e-115,4.6349999999999997e-113,True,3.72898,3.3009,4.21257,2.509e-99,1.064e-97,True
SS_807.1,Chronic fatigue syndrome,5.45682,4.71229,6.31899,8.488e-114,4.284e-112,True,6.53287,5.45229,7.82761,5.164e-92,2.1329999999999998e-90,True
CM_750,Congenital malformations of nervous system,11.1597,9.04694,13.7658,2.252e-112,1.106e-110,True,18.0752,14.1678,23.0601,5.327e-120,3.0649999999999997e-118,True
MS_724,Other symptoms and disorders of the soft tissue,2.91876,2.65341,3.21065,1.592e-107,7.612e-106,True,3.46781,3.11127,3.86521,9.131e-112,4.458e-110,True
NS_331.6,Migraine,3.02502,2.74099,3.33849,2.675e-107,1.246e-105,True,3.34246,3.00086,3.72295,1.126e-106,5.1829999999999995e-105,True
GI_524,Functional intestinal disorder,4.16248,3.66086,4.73284,4.8109999999999995e-105,2.185e-103,True,4.67818,4.01879,5.44575,3.7219999999999995e-88,1.428e-86,True
GE_972,Genetic neuromuscular disease,8.04841,6.66898,9.71318,8.448e-105,3.7439999999999997e-103,True,11.384,9.29013,13.9499,1.236e-121,7.373e-120,True
RE_463.1,Chronic rhinitis,7.0694,5.91241,8.4528,4.76e-102,2.059e-100,True,9.8646,7.86727,12.369,1.657e-87,6.206e-86,True
BI_180.6,Mast cell activation syndrome [MCAS]*,649.91,357.718,1180.77,2.644e-100,1.117e-98,True,518.525,310.126,866.966,1.432e-125,8.872000000000001e-124,True
SS_812.2,Angioneurotic edema,71.4732,48.1889,106.008,5.33e-100,2.2010000000000002e-98,True,60.4982,35.2511,103.828,3.9760000000000002e-50,8.007e-49,True
CV_417.1,Palpitations,3.12827,2.81506,3.47632,1.213e-99,4.896e-98,True,3.57749,3.13625,4.0808,2.522e-80,9.028000000000001e-79,True
SS_841,Adverse effect of food (not allergy)*,27.0709,19.9144,36.7992,1.97e-98,7.781e-97,True,37.6896,24.9544,56.9241,1.0879999999999999e-66,3.021e-65,True
DE_666.2,Idiopathic urticaria,90.5867,59.5324,137.84,2.8380000000000002e-98,1.097e-96,True,123.35,80.7029,188.533,1.272e-109,6.028e-108,True
GE_972.5,Familial dysautonomia [Riley-Day]*,43.6143,30.2931,62.7934,1.217e-91,4.606999999999999e-90,True,46.8742,32.3325,67.9562,1.18e-91,4.752e-90,True
GI_529.2,"Flatulence, eructation, and gas pain",4.35723,3.77914,5.02375,2.536e-91,9.404e-90,True,4.36867,3.63406,5.25177,1.591e-55,3.464e-54,True
GI_525,Intestinal malabsorption,5.82803,4.90435,6.92567,3.5919999999999996e-89,1.305e-87,True,6.92899,5.65491,8.49012,8.384e-78,2.936e-76,True
BI_179,Immunodeficiencies,5.09454,4.3424,5.97696,8.755e-89,3.1190000000000003e-87,True,6.28741,5.35768,7.37847,2.689e-112,1.354e-110,True
GI_522,Gastrointestinal inflammation,2.97873,2.67561,3.31618,2.051e-88,7.1670000000000005e-87,True,3.42915,3.04032,3.86772,1.3899999999999999e-89,5.460000000000001e-88,True
GI_524.1,Irritable bowel syndrome,3.91144,3.42045,4.47292,2.271e-88,7.784e-87,True,4.45445,3.8031,5.21735,1.388e-76,4.758e-75,True
SS_808,Syncope and collapse,3.62402,3.18993,4.11717,4.426e-87,1.489e-85,True,3.28803,2.80511,3.85409,7.846e-49,1.523e-47,True
SS_826.4,Other and unspecified nonspecific immunological findings,4.66411,3.99298,5.44806,4.592000000000001e-84,1.517e-82,True,5.13794,4.20764,6.27392,4.946e-58,1.122e-56,True
SS_826,Other abnormal immunological findings in serum,4.26735,3.68254,4.94503,5.906e-83,1.916e-81,True,5.02992,4.17978,6.05297,1.463e-65,3.996e-64,True
NS_354,Dizziness and giddiness,2.71615,2.4504,3.01072,1.151e-80,3.668e-79,True,2.79996,2.46975,3.17432,3.457e-58,7.956e-57,True
CV_417.2,Tachycardia,3.29741,2.91377,3.73156,1.013e-79,3.1730000000000004e-78,True,3.43452,2.93815,4.01475,3.887e-54,8.238999999999999e-53,True
DE_668,Dermatitis [eczema],2.68689,2.42014,2.98305,1.25e-76,3.848e-75,True,3.42499,3.02185,3.88191,9.968e-83,3.65e-81,True
GI_528,Nausea and vomiting,2.38638,2.17581,2.61733,4.834e-76,1.464e-74,True,2.61272,2.34939,2.90557,3.022e-70,9.185e-69,True
SS_812,Edema,2.97747,2.65145,3.34358,6.233e-76,1.857e-74,True,2.73614,2.3861,3.13752,4.353e-47,8.251e-46,True
GI_528.1,Nausea,2.46531,2.23795,2.71577,1.239e-74,3.63e-73,True,2.71717,2.4312,3.03677,1.802e-69,5.185e-68,True
NS_351,Disturbances of skin sensation,2.88194,2.56777,3.23455,3.177e-72,9.164e-71,True,3.41034,2.95548,3.93521,2.568e-63,6.464e-62,True
MS_700,Diffuse diseases of connective tissue,4.20375,3.59239,4.91916,1.0160000000000001e-71,2.884e-70,True,4.77218,4.019,5.6665,3.976e-71,1.2560000000000001e-69,True
CA_120.15,Mast cell,897.347,425.54,1892.26,2.326e-71,6.502e-70,True,1140.66,425.827,3055.46,1.508e-44,2.729e-43,True
GI_511,Gastro-esophageal reflux disease [GERD],2.06035,1.89861,2.23586,2.7689999999999997e-67,7.621999999999999e-66,True,2.19658,2.0048,2.40671,6.127e-64,1.567e-62,True
RE_463.21,Seasonal allergic rhinitis,2.95841,2.61383,3.34841,4.6819999999999996e-66,1.2700000000000001e-64,True,3.0233,2.58974,3.52945,1.384e-44,2.534e-43,True
BI_181,Autoimmune disease,2.27037,2.0657,2.49532,6.856e-65,1.832e-63,True,2.45047,2.21737,2.70808,3.9099999999999997e-69,1.1049999999999999e-67,True
GI_512,Aphagia and dysphagia,2.84793,2.51974,3.21886,5.293e-63,1.394e-61,True,3.02513,2.6202,3.49264,1.6789999999999998e-51,3.467e-50,True
RE_488.1,Dyspnea [Shortness of breath],2.23189,2.02902,2.45505,3.0009999999999998e-61,7.788e-60,True,2.54267,2.27522,2.84157,7.431e-61,1.814e-59,True
RE_488,Abnormalities of breathing,2.04269,1.87343,2.22724,6.424e-59,1.644e-57,True,2.37274,2.14751,2.6216,1.168e-64,3.0840000000000004e-63,True
NS_351.3,Paresthesia of skin*,3.02507,2.63816,3.46873,1.337e-56,3.375e-55,True,3.34784,2.81677,3.97903,8.69e-43,1.4889999999999998e-41,True
GI_510,Diseases of esophagus,2.79252,2.45896,3.17133,2.163e-56,5.383e-55,True,3.53831,3.07639,4.06958,3.8670000000000004e-70,1.154e-68,True
CV_446,Hypotension,3.34213,2.87171,3.8896,8.599999999999999e-55,2.112e-53,True,2.74507,2.30367,3.27105,1.4689999999999998e-29,1.894e-28,True
BI_171.7,Eosinophilia,17.1151,11.9696,24.4727,1.246e-54,3.018e-53,True,11.2956,7.14427,17.8593,3.3040000000000003e-25,3.645e-24,True
CA_125.1,Cutaneous mastocytosis*,184.878,55.7014,613.626,3.9449999999999996e-53,9.432e-52,True,249.15,54.5012,1138.98,3.5259999999999997e-44,6.242e-43,True
CV_446.2,Orthostatic hypotension,5.11574,4.14917,6.30748,1.082e-52,2.5529999999999997e-51,True,4.695,3.6944,5.96659,1.171e-36,1.779e-35,True
GI_516,Other diseases of stomach and duodenum,3.95443,3.31413,4.71844,1.531e-52,3.5659999999999995e-51,True,5.5648,4.60784,6.7205,4.275e-71,1.324e-69,True
SS_800,Chest pain,2.09534,1.90519,2.30446,1.922e-52,4.421e-51,True,2.05937,1.83279,2.31396,5.9410000000000005e-34,8.47e-33,True
SS_829,Abnormal findings on examination of blood,2.137,1.93405,2.36125,2.604e-50,5.914e-49,True,2.56776,2.29798,2.86921,2.986e-62,7.4e-61,True
NS_331.61,Migraine with aura,3.47596,2.94871,4.0975,7.634e-50,1.7120000000000002e-48,True,3.89043,3.24189,4.66871,2.775e-48,5.321999999999999e-47,True
GI_522.6,Eosinophilic gastroenteritis and colitis,11.0138,8.0148,15.135,1.613e-49,3.575e-48,True,15.0892,10.8956,20.8968,5.461e-60,1.294e-58,True
MS_718.2,Cervicalgia,2.31294,2.06632,2.58899,3.9870000000000003e-48,8.727999999999999e-47,True,2.72076,2.38889,3.09874,2.174e-51,4.433e-50,True
SS_809.2,Chronic pain,1.87753,1.72491,2.04366,4.8460000000000003e-48,1.048e-46,True,2.29297,2.091,2.51445,1.2230000000000002e-69,3.583e-68,True
SS_840.61,Allergy to other anti-infective agents,2.60525,2.28857,2.96575,1.601e-47,3.422e-46,True,2.74303,2.35819,3.19068,4.129e-39,6.787e-38,True
NS_331.64,Chronic migraine without aura,3.45392,2.91321,4.09499,3.4030000000000003e-46,7.188999999999999e-45,True,3.68044,3.07273,4.40833,1.8239999999999998e-45,3.3769999999999997e-44,True
GI_522.61,Eosinophilic esophagitis,10.5207,7.59539,14.5727,1.687e-45,3.523e-44,True,13.9426,9.96081,19.516,3.1749999999999998e-53,6.643e-52,True
SS_809,Pain,1.77438,1.63513,1.92548,4.941e-43,1.02e-41,True,2.24505,2.05966,2.44714,1.56e-75,5.131e-74,True
EM_200,Disorders of thyroid gland,1.82529,1.6749,1.98918,8.15e-43,1.6639999999999997e-41,True,1.82338,1.66198,2.00045,5.672e-37,8.926000000000001e-36,True
SS_840.612,Allergy to antibiotic agent (excluding penicillin),3.38285,2.83818,4.03203,3.6680000000000005e-42,7.405e-41,True,3.40462,2.79205,4.15158,9.871e-34,1.395e-32,True
GI_529.5,Constipation,2.05472,1.85187,2.27979,5.347e-42,1.068e-40,True,2.51181,2.24419,2.81135,8.859e-58,1.9820000000000001e-56,True
GI_516.4,Gastroparesis,5.30235,4.16743,6.74633,5.641e-42,1.114e-40,True,7.25238,5.66653,9.28205,8.338e-56,1.8399999999999998e-54,True
GI_510.2,Esophagitis,2.72514,2.35653,3.1514,1.1869999999999998e-41,2.3e-40,True,3.48349,2.97542,4.07832,2.698e-54,5.796e-53,True
BI_171,Elevated white blood cell count [Leukocytosis],2.7628,2.38434,3.20132,1.19e-41,2.3e-40,True,2.4217,1.99581,2.93847,3.173e-19,3.007e-18,True
RE_462.2,Chronic sinusitis,2.82464,2.42446,3.29087,1.7299999999999999e-40,3.31e-39,True,3.48576,2.93574,4.13883,4.3870000000000006e-46,8.216999999999999e-45,True
RE_472,"Diseases of vocal cords and larynx, not elsewhere classified",5.31607,4.14861,6.81207,8.095e-40,1.532e-38,True,5.64532,4.19986,7.58826,1.881e-30,2.5039999999999998e-29,True
EM_232,Vitamin deficiencies,1.7828,1.63275,1.94664,5.18e-38,9.703e-37,True,1.97579,1.79272,2.17756,7.054e-43,1.222e-41,True
SS_807.3,Post COVID-19 condition*,6.39727,4.81774,8.49467,1.151e-37,2.134e-36,True,12.2423,8.52184,17.5872,7.696e-42,1.305e-40,True
BI_179.9,Immunodeficiency NOS,4.22579,3.38466,5.27596,4.209e-37,7.724e-36,True,5.29228,4.23828,6.6084,6.018e-49,1.1819999999999998e-47,True
BI_179.1,Hypogammaglobulinemia NOS,10.2542,7.14782,14.7107,1.242e-36,2.257e-35,True,10.3245,7.19822,14.8086,7.092e-37,1.099e-35,True
MS_713.3,Pain in joint,1.68481,1.55362,1.82707,1.809e-36,3.255e-35,True,2.15577,1.97226,2.35636,3.085e-64,8.017e-63,True
MS_718,Back pain,1.69779,1.56328,1.84388,3.123e-36,5.563e-35,True,1.89862,1.73409,2.07877,1.068e-43,1.871e-42,True
MS_713,Symptoms related to joints,1.65265,1.5244,1.79169,3.551e-34,6.264e-33,True,2.08268,1.90656,2.27508,1.504e-59,3.5130000000000005e-58,True
NS_333,Sleep disorders,1.67092,1.53827,1.815,4.794e-34,8.375e-33,True,1.78443,1.63191,1.95122,5.7069999999999995e-37,8.926000000000001e-36,True
DE_685,Disorders of sweat glands,4.00537,3.19872,5.01544,1.1389999999999999e-33,1.971e-32,True,4.07789,3.07121,5.41453,2.547e-22,2.614e-21,True
EM_200.4,Thyroiditis,2.81593,2.37681,3.33617,5.168e-33,8.859e-32,True,3.21311,2.6757,3.85847,7.535e-36,1.094e-34,True
RE_471,Other disorders of nose and nasal sinuses,2.64545,2.25505,3.10344,7.175999999999999e-33,1.2190000000000002e-31,True,3.1211,2.5648,3.79806,6.324e-30,8.216e-29,True
EM_200.41,Chronic thyroiditis,2.86377,2.40901,3.40438,8.745e-33,1.4710000000000001e-31,True,3.31326,2.74697,3.99631,5.3530000000000006e-36,7.912000000000001e-35,True
MS_719,Disorders of muscle,2.1356,1.88371,2.42117,2.1780000000000002e-32,3.631e-31,True,3.14916,2.74513,3.61266,2.9069999999999997e-60,6.990000000000001e-59,True
EM_200.411,Hashimoto thyroiditis [Chronic lymphocytic thyroiditis],2.83865,2.38632,3.37672,4.899e-32,8.093000000000001e-31,True,3.33069,2.75961,4.01996,4.66e-36,6.952e-35,True
GI_532.5,Small intestinal bacterial overgrowth*,12.1722,8.02882,18.4538,5.486000000000001e-32,8.98e-31,True,12.9972,8.06818,20.9374,5.493000000000001e-26,6.276000000000001e-25,True
EM_230,Malnutrition and underweight,1.98592,1.77145,2.22635,5.813e-32,9.43e-31,True,1.93482,1.68874,2.21676,1.914e-21,1.9270000000000002e-20,True
MS_700.2,Sicca syndrome [Sjogren syndrome],4.7878,3.68201,6.22567,1.466e-31,2.357e-30,True,6.05522,4.60192,7.96746,7.43e-38,1.2090000000000001e-36,True
DE_685.82,Generalized hyperhidrosis,4.53415,3.51664,5.84607,2.081e-31,3.316e-30,True,4.24411,3.08437,5.83993,6.91e-19,6.398e-18,True
SO_367.12,Allergic conjunctivitis,4.87913,3.73732,6.36977,2.2330000000000002e-31,3.5280000000000004e-30,True,7.97162,5.67782,11.1921,3.98e-33,5.528e-32,True
EM_211,Disorders of adrenal glands,3.66304,2.94168,4.5613,3.998e-31,6.262e-30,True,4.15188,3.25906,5.28929,1.003e-30,1.346e-29,True
DE_681,"Localized swelling, mass and lump of skin and subcutaneous tissue",2.36718,2.04588,2.73894,5.33e-31,8.278e-30,True,2.11795,1.75307,2.55876,7.304e-15,5.398e-14,True
CV_448.1,Raynaud's syndrome,4.33445,3.3742,5.56797,1.705e-30,2.625e-29,True,4.91528,3.70654,6.51821,2.02e-28,2.522e-27,True
RE_462,Sinusitis,1.889,1.69377,2.10672,3.0360000000000002e-30,4.6359999999999997e-29,True,2.30402,2.02302,2.62404,2.8010000000000002e-36,4.217e-35,True
CV_416,Cardiac arrhythmia and conduction disorders,1.83441,1.6531,2.03561,3.0799999999999997e-30,4.664e-29,True,1.63293,1.4526,1.83565,2.155e-16,1.762e-15,True
DE_685.8,Hyperhidrosis,4.26825,3.32726,5.47536,3.3080000000000005e-30,4.967e-29,True,4.09183,2.98703,5.60526,1.71e-18,1.539e-17,True
SS_819,General symptoms and other findings,2.09395,1.84253,2.37967,9.929999999999999e-30,1.4790000000000002e-28,True,2.60207,2.24398,3.0173,9.899e-37,1.519e-35,True
GI_525.1,Celiac disease,5.34776,3.99837,7.15254,1.297e-29,1.916e-28,True,6.2363,4.45571,8.72844,1.3960000000000002e-26,1.618e-25,True
GI_532,Other disorders of the intestines,3.26696,2.65434,4.02097,5.5e-29,8.06e-28,True,3.94777,3.10822,5.01409,2.161e-29,2.764e-28,True
EM_230.2,Abnormal weight loss and underweight,2.19868,1.91298,2.52705,1.349e-28,1.961e-27,True,2.02519,1.6894,2.42772,2.366e-14,1.686e-13,True
DE_668.3,Contact dermatitis,3.48054,2.78229,4.35402,9.571e-28,1.38e-26,True,4.89394,3.74203,6.40043,4.2420000000000005e-31,5.791e-30,True
EM_230.21,Abnormal weight loss,2.37849,2.03456,2.78055,1.545e-27,2.21e-26,True,2.18222,1.75966,2.70625,1.191e-12,7.437e-12,True
EM_211.2,Adrenocortical insufficiency [Addison's disease],5.82264,4.23496,8.00553,2.096e-27,2.975e-26,True,6.22151,4.54399,8.51832,4.048e-30,5.301999999999999e-29,True
GI_528.2,Vomiting,1.91285,1.70042,2.15182,3.4900000000000006e-27,4.9150000000000004e-26,True,2.12914,1.85743,2.4406,2.013e-27,2.4020000000000001e-26,True
DE_668.1,Atopic dermatitis,3.05373,2.49068,3.74407,6.915e-27,9.664000000000001e-26,True,4.5493,3.58831,5.76765,6.317e-36,9.251e-35,True
GI_522.9,Gastritis,2.69632,2.24953,3.23184,7.286e-27,1.011e-25,True,2.51859,2.01051,3.15509,9.353e-16,7.279e-15,True
RE_463.23,"Allergic rhinitis, due to animal hair and dander",6.5938,4.66961,9.31088,8.793e-27,1.21e-25,True,9.38,6.25097,14.0753,3.056e-27,3.594e-26,True
SS_840.64,Allergy to analgesic agent,3.87995,3.02546,4.97578,1.2300000000000001e-26,1.68e-25,True,4.62893,3.51981,6.08753,5.677000000000001e-28,6.877e-27,True
MS_717,Other and unspecified dorsopathies,2.53271,2.12976,3.01191,7.688e-26,1.039e-24,True,3.50791,2.89409,4.25192,1.909e-37,3.044e-36,True
NS_331.3,"Headache syndromes, non migraine",3.32255,2.65601,4.15635,7.721e-26,1.039e-24,True,3.92395,3.024,5.09171,8.218000000000001e-25,8.945e-24,True
SS_835,Cytology and pathology findings,4.15885,3.17422,5.44892,4.6860000000000005e-25,6.26e-24,True,4.9549,3.5469,6.92183,6.428e-21,6.432e-20,True
SS_840.611,Penicillin allergy,2.42777,2.05172,2.87276,5.179e-25,6.868e-24,True,2.34279,1.90325,2.88383,9.694e-16,7.508e-15,True
EM_232.2,Vitamin B group deficiency,2.0197,1.76689,2.30868,6.853e-25,9.022999999999999e-24,True,2.11384,1.82743,2.44515,7.05e-24,7.521e-23,True
NS_351.1,Anesthesia of skin*,2.2805,1.94775,2.67009,1.25e-24,1.634e-23,True,3.00327,2.47124,3.64984,2.091e-28,2.592e-27,True
DE_666.4,Dermatographic urticaria,18.9824,10.7769,33.4356,2.177e-24,2.826e-23,True,56.4251,20.8555,152.66,1.1079999999999998e-22,1.144e-21,True
SS_840.11,Peanut allergy,8.06571,5.39597,12.0563,2.46e-24,3.1699999999999996e-23,True,8.07608,4.93733,13.2102,8.788e-17,7.451e-16,True
SS_840.4,Latex allergy,4.30271,3.24746,5.70085,2.849e-24,3.645e-23,True,5.31728,3.80953,7.42175,9.097e-23,9.454999999999998e-22,True
EM_232.4,Vitamin D deficiency,1.61834,1.47426,1.7765,4.554e-24,5.786e-23,True,1.85472,1.67132,2.05824,2.9570000000000003e-31,4.072e-30,True
SS_809.21,Chronic pain syndrome,2.41439,2.03408,2.8658,6.817e-24,8.601999999999999e-23,True,2.94833,2.48565,3.49714,2.186e-35,3.144e-34,True
EM_247.8,Mineral deficiencies,1.76924,1.58265,1.97783,1.083e-23,1.3569999999999998e-22,True,2.21377,1.97295,2.48399,1.1229999999999999e-41,1.885e-40,True
EM_247.88,Iron deficiency,1.76955,1.58262,1.97855,1.2529999999999999e-23,1.559e-22,True,2.18258,1.94419,2.4502,6.184e-40,1.027e-38,True
RE_494,Voice disturbance,3.33712,2.63012,4.23416,3.374e-23,4.17e-22,True,4.29224,3.2904,5.59912,6.447e-27,7.526000000000001e-26,True
SS_840.5,Allergy to radiographic dye,5.54783,3.95423,7.78368,3.501e-23,4.297999999999999e-22,True,6.78271,4.82769,9.52942,2.581e-28,3.174e-27,True
RE_494.1,Dysphonia,3.59969,2.79078,4.64306,6.017e-23,7.337e-22,True,4.71867,3.57691,6.2249,4.933e-28,6.021e-27,True
EM_247,Disorders of mineral metabolism and mineral deficiencies,1.64351,1.48808,1.81518,1.1079999999999998e-22,1.3420000000000001e-21,True,2.08731,1.88243,2.31448,2.7000000000000004e-44,4.832e-43,True
EM_200.1,Hypothyroidism,1.61227,1.46492,1.77444,1.552e-22,1.868e-21,True,1.64324,1.4796,1.82498,1.6930000000000002e-20,1.663e-19,True
NS_333.1,Sleep apnea,1.64001,1.48425,1.81212,2.5719999999999996e-22,3.074e-21,True,1.84351,1.65685,2.05119,2.892e-29,3.669e-28,True
NS_324.3,Abnormal involuntary movements,2.19953,1.87365,2.58209,5.722999999999999e-22,6.796e-21,True,1.79969,1.47484,2.1961,7.225e-09,3.394e-08,True
NS_333.3,Hypersomnia,2.5364,2.0985,3.06568,6.25e-22,7.375e-21,True,2.56127,2.02489,3.23973,4.347e-15,3.257e-14,True
NS_337,Polyneuropathies,1.90705,1.67179,2.17542,7.270999999999999e-22,8.524000000000001e-21,True,2.21118,1.92424,2.5409,4.59e-29,5.7770000000000005e-28,True
SS_840.12,Seafood allergy,6.30011,4.32771,9.17146,7.520999999999999e-22,8.76e-21,True,7.4,4.71637,11.6106,3.069e-18,2.732e-17,True
BI_179.7,Common variable immunodeficiency [CVID],18.3505,10.0415,33.535,3.126e-21,3.617e-20,True,18.9785,10.6755,33.7392,1.166e-23,1.228e-22,True
NS_324,Extrapyramidal and movement disorders,2.06583,1.77632,2.40254,4.601e-21,5.2910000000000004e-20,True,1.78091,1.48252,2.13935,6.901e-10,3.454e-09,True
EM_200.2,Goiter,1.93428,1.68452,2.22106,8.521e-21,9.737e-20,True,1.95702,1.66577,2.29919,3.166e-16,2.551e-15,True
SS_840.63,Allergy to narcotic agent,2.51251,2.06637,3.05497,2.539e-20,2.884e-19,True,3.06489,2.46587,3.80942,5.85e-24,6.283e-23,True
EM_200.12,Hypothyroidism (not specified as secondary),1.60988,1.45438,1.78201,4.0320000000000006e-20,4.551e-19,True,1.59025,1.42062,1.78014,7.603e-16,6.004e-15,True
SS_840.613,Allergy to sulfonamides,2.6705,2.16309,3.29692,6.476e-20,7.263e-19,True,2.47868,1.93094,3.18179,1.045e-12,6.55e-12,True
SS_807.2,Weakness,1.8606,1.62822,2.12615,7.401000000000001e-20,8.25e-19,True,1.94422,1.67595,2.25544,1.692e-18,1.531e-17,True
SS_840.17,Milk allergy,7.08381,4.63225,10.8328,1.659e-19,1.838e-18,True,8.00277,4.44041,14.4231,4.509e-12,2.7e-11,True
MS_718.1,Radiculopathy,1.67479,1.4969,1.87382,2.238e-19,2.465e-18,True,1.98285,1.74816,2.24904,1.73e-26,1.991e-25,True
SO_386,Visual disturbances,2.15748,1.82015,2.55732,7.699e-19,8.427e-18,True,3.42421,2.83845,4.13085,7.676e-38,1.237e-36,True
MB_288,Anxiety and anxiety disorders,1.41609,1.31062,1.53006,1.259e-18,1.37e-17,True,1.35321,1.24319,1.47296,2.723e-12,1.655e-11,True
BI_168,"Coagulation defects, purpura and other hemorrhagic conditions",2.11403,1.78945,2.49749,1.341e-18,1.45e-17,True,2.0585,1.69755,2.49619,2.138e-13,1.435e-12,True
MS_734,Diseases of the jaws,3.08025,2.39428,3.96274,2.087e-18,2.244e-17,True,3.29275,2.41305,4.49316,5.715e-14,3.935e-13,True
GI_507,Lesions of mouth,3.45201,2.61297,4.56048,2.778e-18,2.969e-17,True,3.00859,2.14827,4.21344,1.458e-10,7.626e-10,True
GU_619.2,Ovarian cyst,2.00041,1.70893,2.3416,6.186e-18,6.573e-17,True,2.14058,1.76593,2.59473,8.978e-15,6.545e-14,True
GU_599,Other symptoms/disorders or the urinary system,2.24543,1.86562,2.70256,1.17e-17,1.236e-16,True,2.03561,1.64539,2.51836,5.901e-11,3.201e-10,True
GU_619,"Noninflammatory disorders of ovary, fallopian tube, and broad ligament",1.94899,1.67055,2.27385,2.176e-17,2.285e-16,True,2.06295,1.70802,2.49164,5.59e-14,3.865e-13,True
GE_982,"Genetic susceptibility of disease, NOS",3.22501,2.45905,4.22955,2.593e-17,2.708e-16,True,4.32642,3.26093,5.74005,3.178e-24,3.436e-23,True
GU_615,Endometriosis,3.12392,2.39918,4.06759,2.721e-17,2.826e-16,True,3.77215,2.75722,5.16067,1.021e-16,8.609e-16,True
SO_363.2,Dry eye syndrome [Tear film insufficiency],2.58044,2.07111,3.21501,2.908e-17,3.002e-16,True,2.9478,2.29489,3.78648,2.614e-17,2.264e-16,True
SS_840.18,Egg allergy,10.9423,6.54562,18.2924,4.576e-17,4.698e-16,True,13.7261,7.59353,24.8114,9.775e-16,7.535e-15,True
GI_542,Chronic liver disease,1.84232,1.59701,2.12532,5.248e-17,5.357e-16,True,2.37905,2.05047,2.76028,3.0010000000000003e-30,3.9629999999999996e-29,True
NS_355.2,Alteration of consciousness,2.93587,2.2808,3.77909,6.235e-17,6.329e-16,True,2.3162,1.64606,3.25916,1.436e-06,5.318e-06,True
MS_719.1,Cramp and spasm,1.959,1.67321,2.29361,6.393e-17,6.454e-16,True,2.60149,2.17442,3.11244,1.468e-25,1.653e-24,True
MS_734.6,Temporomandibular joint disorders,3.61338,2.67332,4.88401,6.487e-17,6.513e-16,True,3.23014,2.24106,4.65573,3.252e-10,1.647e-09,True
EM_230.5,Early satiety,4.18764,2.99162,5.86181,7.064e-17,7.052e-16,True,4.63622,3.07014,7.00115,3.01e-13,1.979e-12,True
RE_499,Other symptoms and disorders of the respiratory system,1.47116,1.34313,1.61139,9.543e-17,9.475e-16,True,1.77528,1.59289,1.97857,3.174e-25,3.526e-24,True
NS_334.1,Trigeminal nerve disorders [CN5],4.29898,3.03707,6.08522,1.937e-16,1.913e-15,True,4.426,2.93999,6.66312,1.029e-12,6.473e-12,True
MS_717.3,Occipital neuralgia*,3.96186,2.85366,5.50043,1.972e-16,1.937e-15,True,5.32566,3.73837,7.58691,1.9850000000000003e-20,1.938e-19,True
NS_324.33,Fasciculation*,9.22438,5.40469,15.7436,3.759e-16,3.672e-15,True,4.47632,2.26584,8.84327,1.599e-05,5.142e-05,True
NS_355,Coma and other alteration of consciousness,2.70946,2.13071,3.44542,4.295e-16,4.174e-15,True,2.10012,1.52514,2.89185,5.468e-06,1.874e-05,True
GI_556,Other digestive system symptoms and diseases,2.07247,1.73835,2.4708,4.492e-16,4.341e-15,True,2.48525,2.02824,3.04524,1.624e-18,1.478e-17,True
GU_612,Other nonmalignant breast conditions,1.84504,1.59048,2.14033,6.156e-16,5.918e-15,True,1.81959,1.50243,2.20369,9.018e-10,4.47e-09,True
GU_592.12,Chronic cystitis,3.72938,2.70794,5.13611,7.601e-16,7.269e-15,True,4.74203,3.22371,6.97545,2.69e-15,2.044e-14,True
MS_730,Other disorders and symptoms of the musculoskeletal system,1.84006,1.58438,2.137,1.361e-15,1.295e-14,True,2.39228,2.03301,2.81504,8.142000000000001e-26,9.237e-25,True
SS_809.3,Pain in limb,1.48227,1.34561,1.63281,1.527e-15,1.445e-14,True,1.98936,1.77796,2.2259,3.576e-33,5.01e-32,True
MB_304,Attention-deficit hyperactivity disorders,1.70444,1.49489,1.94336,1.625e-15,1.53e-14,True,1.5699,1.36458,1.80612,2.853e-10,1.45e-09,True
DE_668.4,Dermatitis due to substances taken internally,5.68871,3.69023,8.76949,3.464e-15,3.244e-14,True,5.71009,3.16093,10.315,4.099e-07,1.615e-06,True
GI_510.5,Dyskinesia of esophagus,5.06552,3.3637,7.62835,8.031e-15,7.484e-14,True,6.62602,4.26865,10.2853,3.486e-17,3.003e-16,True
NS_329,Symptoms and signs involving cognitive functions and awareness,1.70017,1.48611,1.94507,1.076e-14,9.977e-14,True,1.83789,1.59123,2.12277,1.257e-16,1.049e-15,True
GI_507.1,Stomatitis,5.90196,3.76164,9.26008,1.12e-14,1.033e-13,True,2.51488,1.40351,4.50629,0.001941,0.00464,False
RE_471.2,Deviated nasal septum,2.73349,2.11636,3.53058,1.336e-14,1.226e-13,True,2.35464,1.64183,3.37692,3.239e-06,1.155e-05,True
NS_333.11,Obstructive sleep apnea,1.51735,1.3632,1.68893,2.377e-14,2.17e-13,True,1.81688,1.62316,2.03372,3.049e-25,3.411e-24,True
CA_136,Benign neoplasm of the digestive organs,1.74014,1.5091,2.00655,2.5e-14,2.271e-13,True,2.09446,1.77906,2.46577,6.802e-19,6.334e-18,True
GI_542.2,Fatty liver disease (FLD),1.83007,1.56663,2.1378,2.515e-14,2.274e-13,True,2.38934,2.02396,2.82067,8.088e-25,8.864e-24,True
EM_200.22,Uninodular goiter [single thyroid nodule],1.99891,1.67261,2.38887,2.598e-14,2.337e-13,True,1.83175,1.47801,2.27016,3.228e-08,1.433e-07,True
SS_807.11,Postviral fatigue syndrome*,15.037,7.48073,30.2259,2.761e-14,2.472e-13,True,,,,,,
GI_527.3,Functional dyspepsia,3.92305,2.75464,5.58705,3.543e-14,3.156e-13,True,6.46144,4.20747,9.92287,1.532e-17,1.342e-16,True
NS_333.6,Sleep related movement disorders,2.06205,1.70978,2.48691,3.688e-14,3.269e-13,True,2.13722,1.733,2.63573,1.244e-12,7.709e-12,True
GU_612.5,Mastodynia,2.24348,1.81993,2.76559,3.755e-14,3.312e-13,True,1.78364,1.35404,2.34955,3.86e-05,0.0001191,False
DE_668.6,Prurigo,7.64393,4.50923,12.9578,4.252e-14,3.732e-13,True,8.98542,4.98965,16.181,5.974e-11,3.23e-10,True
GI_506,Diseases of salivary glands,2.90464,2.20183,3.83178,4.546e-14,3.971e-13,True,3.26725,2.39572,4.45584,9.312e-12,5.358e-11,True
SO_367,Inflammation of the eye,1.91042,1.61435,2.26078,4.902e-14,4.262e-13,True,2.95138,2.42939,3.58552,1.1700000000000001e-27,1.4060000000000002e-26,True
BI_179.6,Selective deficiency of immunoglobulin G [IgG] subclasses*,12.7172,6.56018,24.653,5.092e-14,4.406e-13,True,12.5974,6.63172,23.9296,3.41e-13,2.233e-12,True
MS_707,Other arthropathies,2.18692,1.78344,2.68169,5.49e-14,4.728e-13,True,2.36171,1.90011,2.93546,9.555e-15,6.934e-14,True
MS_716.2,Degenerative disc disease,1.75843,1.51708,2.03817,6.72e-14,5.757e-13,True,1.80116,1.50288,2.15864,1.888e-10,9.72e-10,True
EM_211.1,Adrenal hyperfunction,5.35049,3.45031,8.29717,6.749e-14,5.757e-13,True,5.95725,3.49327,10.1592,5.641e-11,3.091e-10,True
MS_723,Enthesopathy/Enthesitis/Tendinopathy,1.67454,1.46254,1.91726,8.352e-14,7.092e-13,True,1.86166,1.58048,2.19285,1.013e-13,6.86e-13,True
GI_557,Gastrointestinal hemorrhage,1.82492,1.5566,2.1395,1.232e-13,1.041e-12,True,1.89536,1.57087,2.28689,2.493e-11,1.4e-10,True
MS_715.1,Spondylosis,1.63432,1.43496,1.86138,1.352e-13,1.137e-12,True,1.90599,1.65264,2.19817,7.74e-19,7.125e-18,True
SO_367.1,Conjunctivitis,2.14116,1.74987,2.61995,1.422e-13,1.191e-12,True,3.41191,2.68606,4.33391,8.626e-24,9.143e-23,True
GE_981.1,Alpha-1-antitrypsin deficiency,15.9441,8.04842,31.5857,1.468e-13,1.224e-12,True,22.3124,11.6593,42.6993,9.781999999999998e-22,9.912e-21,True
MB_291,Dissociative and somatoform disorders,3.17491,2.33628,4.31458,1.555e-13,1.29e-12,True,3.8597,2.79419,5.33154,2.524e-16,2.043e-15,True
NS_334,Disorders of facial and cranial nerves,2.55891,1.99117,3.28853,2.121e-13,1.752e-12,True,2.44176,1.81297,3.28862,4.193e-09,1.993e-08,True
MS_715,Other non-inflammatory spondylopathy,1.5429,1.37276,1.73411,3.468e-13,2.851e-12,True,1.75675,1.54486,1.99771,8.549e-18,7.526e-17,True
SO_394,Disorders of vestibular function,2.45829,1.92836,3.13385,3.844e-13,3.146e-12,True,2.55813,1.88021,3.48048,2.243e-09,1.088e-08,True
NS_336,Mononeuropathies,1.78555,1.52674,2.08824,3.989e-13,3.25e-12,True,2.19,1.81409,2.64381,3.388e-16,2.716e-15,True
EM_229,"Other endocrine disorders, NOS",3.64411,2.56935,5.16844,4.091e-13,3.318e-12,True,3.13679,2.05569,4.78645,1.144e-07,4.826e-07,True
ID_020,Borrelia,6.12957,3.74917,10.0213,4.87e-13,3.933e-12,True,6.40916,3.61664,11.3579,2.525e-08,1.143e-07,True
SS_847.3,Liver transplant,7.4477,4.3121,12.8634,5.96e-13,4.792e-12,True,7.75901,4.57203,13.1675,3.137e-14,2.207e-13,True
SO_397,Other hearing abnormality,2.21413,1.78312,2.74933,6.203e-13,4.965e-12,True,2.68891,2.09506,3.45107,7.935e-15,5.837e-14,True
MB_282.1,Current tobacco use and nicotine dependence,0.584418,0.504689,0.676741,7.09e-13,5.65e-12,True,0.574781,0.477871,0.691344,4.153e-09,1.985e-08,True
SO_363,Disorders of lacrimal system,2.14692,1.73858,2.65118,1.264e-12,1.003e-11,True,2.76506,2.16947,3.52417,2.078e-16,1.708e-15,True
GI_506.5,Disturbances of salivary secretion,3.81928,2.73146,5.34032,1.434e-12,1.133e-11,True,4.26882,2.90712,6.26835,2.256e-11,1.275e-10,True
NS_349,Disorder of nervous system,2.567,1.97711,3.3329,1.477e-12,1.162e-11,True,1.49757,1.01478,2.21004,0.04197,0.07421,False
MS_727,Other disorders of bone,1.60352,1.40655,1.82808,1.648e-12,1.291e-11,True,2.1967,1.90479,2.53335,2.843e-27,3.3680000000000005e-26,True
NS_344,Disorders of the circulation of the cerebrospinal fluid,3.18455,2.30852,4.39301,1.702e-12,1.328e-11,True,3.58066,2.58113,4.96724,2.208e-14,1.581e-13,True
GU_619.23,Polycystic ovary syndrome,2.14592,1.73528,2.65373,1.841e-12,1.429e-11,True,2.37932,1.84409,3.06991,2.613e-11,1.461e-10,True
SS_829.2,Abnormal level of blood mineral*,3.25731,2.34161,4.53109,2.343e-12,1.812e-11,True,3.66285,2.56802,5.22443,7.75e-13,4.935e-12,True
DE_684,Diseases of hair and hair follicles,2.02193,1.66071,2.46172,2.357e-12,1.815e-11,True,2.54138,2.02486,3.18967,8.571e-16,6.703e-15,True
ID_059.1,Sars-CoV-2*,1.65799,1.43734,1.91251,3.95e-12,3.029e-11,True,2.29716,1.85057,2.85154,4.694e-14,3.26e-13,True
NS_350,Other symptoms involving nervous  system,1.80592,1.52808,2.13428,4.077e-12,3.112e-11,True,1.60454,1.30897,1.96686,5.318e-06,1.831e-05,True
NS_333.7,Narcolepsy,5.52179,3.57367,8.53189,4.15e-12,3.155e-11,True,6.87942,4.17263,11.3421,6.334e-12,3.711e-11,True
DE_666.1,Allergic urticaria,16.862,7.57796,37.5203,4.427e-12,3.351e-11,True,12.1918,5.53559,26.8517,4.316e-08,1.895e-07,True
MS_716,Intervertebral disc disorder,1.58238,1.38949,1.80204,4.532e-12,3.417e-11,True,1.70002,1.45639,1.98439,1.768e-11,1.006e-10,True
GI_557.8,Hemorrhage of rectum and anus,2.25607,1.79105,2.84181,4.891e-12,3.659e-11,True,2.72641,2.08348,3.56775,2.686e-13,1.781e-12,True
MS_700.6,Autoinflammatory syndromes*,11.2349,5.98618,21.0857,4.893e-12,3.659e-11,True,30.2767,13.0868,70.0462,6.712e-17,5.752e-16,True
BI_179.4,Selective deficiency of immunoglobulin A [IgA],8.75127,5.00113,15.3135,5.464e-12,4.069e-11,True,13.1747,6.09661,28.4705,8.319e-10,4.149e-09,True
GI_522.5,Allergic and dietetic gastroenteritis and colitis,14.8589,7.41893,29.7598,6.387e-12,4.737e-11,True,22.4488,9.39613,53.6335,5.144e-11,2.828e-10,True
ID_059,Coronavirus,1.64267,1.42499,1.8936,7.761e-12,5.732e-11,True,2.27951,1.84114,2.82224,3.983e-14,2.778e-13,True
MS_717.2,Sacrococcygeal disorders,2.10633,1.69838,2.61226,1.182e-11,8.694e-11,True,3.18761,2.51765,4.03584,5.976999999999999e-22,6.095e-21,True
GI_556.8,Nonspecific abnormal findings in stool contents,2.16905,1.73394,2.71334,1.217e-11,8.915e-11,True,2.26915,1.74557,2.94979,9.233e-10,4.563e-09,True
EM_204.3,Hypoglycemia,2.18195,1.74118,2.73429,1.23e-11,8.972e-11,True,2.25432,1.75149,2.90149,2.745e-10,1.399e-09,True
GU_627.2,Symptomatic menopause,1.97448,1.62138,2.40448,1.311e-11,9.53e-11,True,2.34147,1.91724,2.85957,7.301e-17,6.223e-16,True
CV_416.1,Paroxysmal tachycardia,1.82411,1.53232,2.17146,1.391e-11,1.007e-10,True,2.09277,1.74028,2.51665,4.243e-15,3.194e-14,True
EM_237,Abnormal weight gain,1.97853,1.62245,2.41277,1.581e-11,1.14e-10,True,2.54164,1.98111,3.26075,2.167e-13,1.449e-12,True
SO_397.1,Tinnitus,2.18424,1.74001,2.74187,1.645e-11,1.181e-10,True,2.63494,2.02466,3.42916,5.687e-13,3.665e-12,True
RE_499.4,Throat pain,4.05979,2.69751,6.11004,1.847e-11,1.322e-10,True,2.24838,1.2128,4.16821,0.0101,0.02061,False
DE_662,Rosacea,2.52645,1.92738,3.31174,1.926e-11,1.372e-10,True,2.7918,2.02329,3.85222,4.104e-10,2.066e-09,True
BI_160,Deficiency anemias,1.51492,1.34184,1.71033,1.944e-11,1.38e-10,True,1.82388,1.60493,2.0727,3.252e-20,3.137e-19,True
NS_334.11,Trigeminal neuralgia,4.17658,2.74752,6.34893,2.231e-11,1.577e-10,True,3.77186,2.36882,6.00591,2.225e-08,1.01e-07,True
RE_471.3,Hypertrophy of nasal turbinates,2.73375,2.03352,3.67509,2.715e-11,1.912e-10,True,3.93015,2.69744,5.72619,1.023e-12,6.473e-12,True
CA_103,Malignant neoplasm of the skin,1.70124,1.45451,1.98984,3.002e-11,2.106e-10,True,1.59594,1.31579,1.93576,2.07e-06,7.495e-06,True
DE_670,Seborrheic keratosis,1.91796,1.5826,2.32439,3.106e-11,2.166e-10,True,2.17917,1.72451,2.7537,6.832e-11,3.681e-10,True
GU_594,Abnormality of urination,1.37583,1.2522,1.51168,3.111e-11,2.166e-10,True,1.70706,1.53504,1.89837,5.754e-23,6.018999999999999e-22,True
SS_807.21,Muscle weakness (generalized),1.92023,1.58336,2.32877,3.372e-11,2.339e-10,True,2.15158,1.72548,2.68292,1.015e-11,5.819e-11,True
MS_719.11,Spasm of muscle,1.8985,1.56851,2.29792,4.69e-11,3.24e-10,True,2.46669,1.98933,3.05859,1.909e-16,1.585e-15,True
DE_672,Skin changes due to solar radiation,1.92466,1.5816,2.34213,6.278e-11,4.321e-10,True,2.20668,1.73967,2.79907,6.865e-11,3.686e-10,True
ID_089,Infections,1.30364,1.20375,1.41181,7.059e-11,4.84e-10,True,1.44188,1.31424,1.58192,1.009e-14,7.288e-14,True
NS_343.3,Complex regional pain syndrome,5.4199,3.43191,8.55946,8.326e-11,5.688e-10,True,5.09579,3.15708,8.22502,2.622e-11,1.462e-10,True
DE_679.2,Pallor,7.9334,4.2453,14.8255,8.47e-11,5.764e-10,True,,,,,,
BI_180.3,Paraproteinemias,3.28554,2.29139,4.71104,9.834e-11,6.667e-10,True,4.08215,2.82081,5.90748,8.699e-14,5.938e-13,True
GE_981,Other genetic disesaes (arbitrary group 1),9.02963,4.99188,16.3334,1.051e-10,7.1e-10,True,16.6619,9.07455,30.5931,1.151e-19,1.097e-18,True
MS_713.36,Pain in hip,1.52703,1.34226,1.73724,1.25e-10,8.411e-10,True,2.36207,2.04163,2.73281,6.927000000000001e-31,9.377e-30,True
BI_180.31,Monoclonal gammopathy,3.30603,2.29475,4.76298,1.375e-10,9.216e-10,True,4.23362,2.91834,6.14169,2.912e-14,2.057e-13,True
EM_200.23,Multinodular goiter,2.03766,1.63928,2.53285,1.428e-10,9.536e-10,True,2.54214,1.97911,3.26534,2.791e-13,1.843e-12,True
DE_684.1,Alopecia,2.04046,1.63996,2.53876,1.583e-10,1.054e-09,True,2.95606,2.32152,3.76404,1.476e-18,1.351e-17,True
CV_449,Other disorders of the circulatory system,2.84996,2.06735,3.92882,1.617e-10,1.072e-09,True,3.1714,2.25223,4.4657,3.855e-11,2.134e-10,True
GU_625,Pain and other symptoms associated with female genital organs,2.08087,1.66157,2.60599,1.742e-10,1.145e-09,True,3.38272,2.58535,4.42602,6.368e-19,5.965e-18,True
BI_174.2,Splenomegaly,2.9629,2.12253,4.136,1.745e-10,1.145e-09,True,5.77088,3.76587,8.84338,8.379e-16,6.585e-15,True
NS_335.1,Nerve plexus lesions,4.63716,2.895,7.42773,1.745e-10,1.145e-09,True,6.07664,3.65357,10.1067,3.609e-12,2.177e-11,True
CA_136.4,"Benign neoplasm of colon, rectum, anus and anal canal",1.62601,1.40008,1.8884,1.904e-10,1.244e-09,True,1.97046,1.66023,2.33867,8.497e-15,6.222e-14,True
NS_333.2,Insomnia,1.43294,1.28274,1.60073,1.923e-10,1.252e-09,True,1.33703,1.17622,1.51982,8.898e-06,2.956e-05,True
CV_444.1,Varicose veins,2.03973,1.63785,2.54023,1.931e-10,1.253e-09,True,1.53845,1.14614,2.06504,0.004129,0.009087,False
DE_672.1,Acute skin changes due to ultraviolet radiation,6.25773,3.55585,11.0126,2.032e-10,1.314e-09,True,5.90211,2.74291,12.7,5.605e-06,1.913e-05,True
BI_176,Other diseases of blood and blood-forming organs,2.30426,1.77909,2.98446,2.527e-10,1.628e-09,True,2.14653,1.59776,2.88379,3.964e-07,1.565e-06,True
BI_164.1,Microcytic anemia,1.50362,1.32446,1.70702,2.954e-10,1.897e-09,True,1.86625,1.63433,2.13107,3.0940000000000005e-20,3.003e-19,True
BI_160.1,Iron deficiency anemia,1.50306,1.32396,1.70638,3.072e-10,1.966e-09,True,1.8645,1.63282,2.12906,3.498e-20,3.354e-19,True
GI_522.1,Inflammatory bowel disease,2.00493,1.61392,2.49067,3.29e-10,2.098e-09,True,2.43337,1.94211,3.04889,1.082e-14,7.783e-14,True
NS_349.1,Abnormal findings on diagnostic test of central nervous system,2.39315,1.82281,3.14194,3.331e-10,2.116e-09,True,1.60567,1.08507,2.37603,0.01787,0.03469,False
NS_333.64,Restless legs syndrome,1.91818,1.56495,2.35114,3.545e-10,2.244e-09,True,1.9534,1.56017,2.44574,5.271e-09,2.49e-08,True
NS_344.3,Cerebrospinal fluid leak,7.04101,3.8241,12.9641,3.688e-10,2.327e-09,True,15.7803,7.36576,33.8074,1.962e-11,1.113e-10,True
EM_211.13,Cushing's syndrome,7.4428,3.96267,13.9793,4.337e-10,2.727e-09,True,7.7565,3.74465,16.0665,1.062e-06,4.025e-06,True
GI_530,Disease of anus and rectum,2.20375,1.71692,2.82861,5.505e-10,3.44e-09,True,2.63705,1.9729,3.52479,5.759e-11,3.134e-10,True
MS_718.4,Low back pain,1.40257,1.26039,1.56078,5.509e-10,3.44e-09,True,1.69259,1.49858,1.91172,2.407e-17,2.096e-16,True
CA_142,Lump or mass in breast or nonspecific abnormal breast exam,1.439,1.28261,1.61446,5.644e-10,3.512e-09,True,1.65435,1.44657,1.89198,1.962e-13,1.323e-12,True
MS_730.1,Segmental and somatic dysfunction,2.50986,1.87586,3.35812,5.843e-10,3.623e-09,True,3.20284,2.37037,4.32766,3.459e-14,2.422e-13,True
GI_509,Diseases of tongue,3.91253,2.53975,6.0273,6.11e-10,3.776e-09,True,2.12013,1.16575,3.85583,0.02751,0.051,False
RE_471.5,Nasal polyps,4.06389,2.5994,6.35346,7.754e-10,4.776e-09,True,7.04006,4.36243,11.3612,1.323e-15,1.015e-14,True
BI_168.3,Spontaneous ecchymoses,3.37851,2.29084,4.9826,8.168e-10,5.014e-09,True,3.75678,2.277,6.19824,2.207e-07,9.047e-07,True
CA_138,Benign neoplasm of the skin,1.65903,1.40963,1.95256,1.125e-09,6.88e-09,True,2.07239,1.68804,2.54425,3.345e-12,2.026e-11,True
GI_552,Other diseases of biliary tract,2.64056,1.92885,3.61486,1.365e-09,8.32e-09,True,2.67076,1.83094,3.8958,3.398e-07,1.358e-06,True
BI_174,Diseases of spleen,2.65799,1.93738,3.64662,1.371e-09,8.333e-09,True,4.16563,2.83563,6.11942,3.557e-13,2.32e-12,True
EM_230.1,Protein-calorie malnutrition,1.93912,1.56513,2.40247,1.381e-09,8.361e-09,True,1.89699,1.53253,2.34812,4.056e-09,1.945e-08,True
MS_741.4,Sprains and strains of hip and thigh,3.41312,2.28776,5.09207,1.805e-09,1.09e-08,True,4.8659,2.89689,8.17324,2.236e-09,1.088e-08,True
CA_101.61,Malignant neoplasm of the liver,6.74166,3.61496,12.5727,1.956e-09,1.177e-08,True,5.93045,3.16621,11.108,2.706e-08,1.214e-07,True
CA_136.41,Benign neoplasm of the colon,1.59103,1.36626,1.85279,2.288e-09,1.372e-08,True,1.98327,1.67,2.3553,5.889e-15,4.392e-14,True
MS_712.63,Spinal instabilities*,6.68841,3.84556,11.6329,2.382e-09,1.423e-08,True,10.1613,5.63735,18.3156,3.909e-13,2.539e-12,True
RE_499.12,Chronic cough*,1.84844,1.51013,2.26253,2.576e-09,1.534e-08,True,2.48127,1.99384,3.08788,3.828e-16,3.053e-15,True
EM_247.7,Disorders of iron metabolism,3.46037,2.29978,5.20665,2.598e-09,1.543e-08,True,3.26323,2.1447,4.96512,3.334e-08,1.475e-07,True
RE_462.1,Acute sinusitis,1.5222,1.32558,1.748,2.618e-09,1.549e-08,True,1.83197,1.54163,2.17698,6.134e-12,3.612e-11,True
CV_439,Hemorrhoids,1.74932,1.45403,2.10459,3.062e-09,1.806e-08,True,1.67401,1.3233,2.11767,1.744e-05,5.574e-05,True
GI_554,Diseases of the pancreas,1.9899,1.58355,2.50053,3.544e-09,2.084e-08,True,2.45693,1.91879,3.14599,1.028e-12,6.473e-12,True
CV_448,Peripheral vascular disease,1.70439,1.42752,2.03496,3.739e-09,2.192e-08,True,1.95041,1.61297,2.35845,5.483e-12,3.247e-11,True
SS_809.31,Pain in arm*,1.71153,1.43038,2.04796,4.376e-09,2.557e-08,True,2.13359,1.72925,2.63247,1.564e-12,9.579e-12,True
CA_139,Benign sarcoma-related cancers,1.66917,1.4058,1.98189,4.99e-09,2.906e-08,True,2.54754,2.09132,3.10329,1.573e-20,1.555e-19,True
MS_745,Fractures,0.663269,0.577895,0.761257,5.216e-09,3.028e-08,True,1.01242,0.869738,1.1785,0.8735,0.9135,False
GI_506.51,Dry mouth*,3.91813,2.6005,5.90337,5.25e-09,3.033e-08,True,5.40489,3.42591,8.52702,7.028e-11,3.761e-10,True
EM_200.11,Secondary hypothyroidism,1.99412,1.58172,2.51403,5.257e-09,3.033e-08,True,1.78455,1.37487,2.3163,1.346e-05,4.364e-05,True
SS_805,Fever,1.56462,1.34604,1.8187,5.524e-09,3.176e-08,True,1.82133,1.51766,2.18576,1.173e-10,6.178e-10,True
MB_290.1,Posttraumatic stress disorder,1.68419,1.412,2.00886,6.791e-09,3.893e-08,True,1.86206,1.53877,2.25327,1.665e-10,8.681e-10,True
GI_523,Diverticular disease [Bowel diverticulosis],1.72618,1.43337,2.07881,8.609e-09,4.919e-08,True,1.39107,1.08424,1.78472,0.009429,0.0194,False
CV_443.2,Celiac artery compression syndrome,7.44926,4.05077,13.699,1.029e-08,5.861e-08,True,12.5269,6.17056,25.4308,9.802e-11,5.177e-10,True
RE_499.1,Cough,1.32325,1.20211,1.4566,1.081e-08,6.137e-08,True,1.5935,1.42011,1.78806,2.239e-15,1.71e-14,True
CV_444,Venous insufficiency,1.70277,1.4181,2.04458,1.18e-08,6.682e-08,True,1.38308,1.09697,1.74382,0.006095,0.01299,False
GI_507.11,Recurrent oral aphthae [Recurrent aphthous stomatitis],7.2876,3.96917,13.3804,1.326e-08,7.485e-08,True,3.78632,1.83526,7.81153,0.00219,0.005136,False
RE_472.3,Edema of larynx,8.80481,4.15513,18.6576,1.367e-08,7.691e-08,True,,,,,,
NS_355.21,Transient alteration of awareness,3.23063,2.15477,4.84367,1.386e-08,7.771e-08,True,2.09477,1.1642,3.76917,0.01362,0.02701,False
MS_712.6,Instability of joint,2.08164,1.61539,2.68246,1.455e-08,8.136e-08,True,3.23901,2.41787,4.33902,3.318e-15,2.509e-14,True
GU_627,Menopausal and postmenopausal disorders,1.62413,1.37297,1.92123,1.531e-08,8.532e-08,True,2.23207,1.88545,2.64242,1.111e-20,1.105e-19,True
NS_335,Nerve root and plexus disorders,3.18576,2.12908,4.76687,1.748e-08,9.714e-08,True,4.62632,3.04788,7.0222,6.289e-13,4.037e-12,True
BI_168.21,Primary thrombophilia,2.23817,1.68668,2.96999,2.382e-08,1.319e-07,True,2.34542,1.71136,3.21439,1.15e-07,4.839e-07,True
GI_542.4,Portal hypertension,3.48469,2.24309,5.41354,2.788e-08,1.54e-07,True,1.85291,1.04918,3.27234,0.03355,0.06114,False
CA_101.6,Malignant neoplasm of the liver and intrahepatic bile ducts,5.08166,2.85997,9.02922,2.975e-08,1.638e-07,True,4.3535,2.44559,7.74986,5.754e-07,2.255e-06,True
DE_664,Papulosquamous disorders,1.87588,1.50123,2.34403,3.128e-08,1.717e-07,True,1.94004,1.52358,2.47034,7.651e-08,3.287e-07,True
EM_209,Disorders of the pituitary gland and its hypothalamic control,2.2001,1.66381,2.90926,3.176e-08,1.738e-07,True,2.79475,2.08399,3.74793,6.691e-12,3.891e-11,True
NS_344.2,Benign intracranial hypertension,3.70329,2.32823,5.89047,3.223e-08,1.758e-07,True,4.31181,2.77086,6.70973,9.345e-11,4.969e-10,True
ID_005,Mycobacteria,3.66917,2.31226,5.82236,3.429e-08,1.865e-07,True,3.24924,1.99121,5.30209,2.397e-06,8.639e-06,True
MS_726.1,Osteoporosis,1.5231,1.31078,1.76981,3.947e-08,2.141e-07,True,1.72087,1.47389,2.00922,6.532e-12,3.813e-11,True
EM_252.51,Disorders of intestinal carbohydrate absorption,3.41338,2.20234,5.29035,3.987e-08,2.156e-07,True,4.38106,2.53437,7.57336,1.223e-07,5.119e-07,True
SS_825,Elevated C-reactive protein (CRP),2.72316,1.90245,3.89792,4.384e-08,2.364e-07,True,3.24785,2.11626,4.98453,7.041e-08,3.049e-07,True
MS_726,Osteoporosis and low bone density,1.51916,1.30788,1.76456,4.426e-08,2.379e-07,True,1.71261,1.46729,1.99893,9.046e-12,5.223e-11,True
EM_252,Other and unspecified disorders of metabolism,1.92206,1.52058,2.42954,4.612e-08,2.472e-07,True,3.00006,2.31453,3.88863,1.04e-16,8.722e-16,True
MS_734.9,Jaw pain,3.72188,2.32244,5.9646,4.714e-08,2.516e-07,True,3.36223,1.8125,6.23702,0.0007734,0.002,False
GU_594.4,Frequency of urination and polyuria,1.52005,1.30796,1.76653,4.721e-08,2.516e-07,True,1.72182,1.44079,2.05766,2.274e-09,1.1e-08,True
MB_290,"Reaction to severe stress, and adjustment disorders",1.43257,1.25903,1.63003,4.864e-08,2.584e-07,True,1.56067,1.34823,1.80658,2.488e-09,1.2e-08,True
ID_089.2,Viral infections,1.29035,1.17699,1.41463,5.53e-08,2.93e-07,True,1.30686,1.16213,1.46962,7.859e-06,2.638e-05,True
DE_669,Neutrophilic and Eosinophilic dermatoses,2.88342,1.967,4.2268,5.739e-08,3.031e-07,True,2.88042,1.87802,4.41785,1.248e-06,4.643e-06,True
MS_705,Rheumatoid arthritis and other inflammatory polyarthropathies,1.68429,1.39467,2.03405,6.116e-08,3.221e-07,True,2.28016,1.89079,2.74971,6.272e-18,5.552e-17,True
CV_416.11,Supraventricular tachycardia,1.7512,1.42971,2.14499,6.157e-08,3.233e-07,True,2.24765,1.82421,2.76938,2.861e-14,2.031e-13,True
ID_020.1,Lyme disease,4.54686,2.62606,7.8726,6.405e-08,3.354e-07,True,4.88051,2.49722,9.53838,9.338e-05,0.000275,False
NS_349.14,"White matter disease, unspecified*",4.89735,2.75289,8.71231,6.464e-08,3.375e-07,True,2.92314,1.46026,5.85156,0.002452,0.005685,False
RE_463.4,Nasal congestion*,1.60913,1.35408,1.91222,6.565e-08,3.418e-07,True,1.66697,1.33556,2.08061,6.228e-06,2.108e-05,True
MS_728.3,Costochondritis [Tietze's disease],4.19965,2.48987,7.08353,7.446e-08,3.865e-07,True,3.48428,1.66357,7.29768,0.005146,0.0111,False
SS_815,Symptoms and signs concerning food and fluid intake,2.02567,1.56617,2.61998,7.539e-08,3.903e-07,True,2.97494,2.20046,4.022,1.381e-12,8.526e-12,True
CA_116,Secondary malignant neoplasm,0.290431,0.184683,0.45673,8.668e-08,4.474e-07,True,0.409299,0.267786,0.625594,3.677e-05,0.0001141,False
MS_728,Chondropathies,2.19358,1.64311,2.92846,9.907e-08,5.099e-07,True,2.39848,1.61508,3.56186,1.451e-05,4.685e-05,True
MB_286.3,Premenstrual dysphoric disorder,3.16929,2.07162,4.84857,1.053e-07,5.403e-07,True,2.3725,1.41165,3.98736,0.003187,0.007161,False
RE_465,Pharyngitis,1.39529,1.23337,1.57847,1.206e-07,6.171e-07,True,1.45381,1.2352,1.7111,6.772e-06,2.278e-05,True
RE_488.6,Wheezing,1.85669,1.47505,2.33708,1.359e-07,6.935e-07,True,1.5367,1.11269,2.12228,0.009101,0.01877,False
EM_234,Other nutritional deficiencies,3.77708,2.4317,5.8668,1.408e-07,7.165e-07,True,3.19588,1.94667,5.24674,4.358e-06,1.521e-05,True
RE_463.3,Vasomotor rhinitis*,4.89315,2.70905,8.83812,1.412e-07,7.165e-07,True,6.43443,3.76837,10.9867,1.943e-09,9.483e-09,True
GI_526,Intestinal infection,1.88712,1.48918,2.39141,1.475e-07,7.465e-07,True,1.82616,1.36239,2.44782,5.609e-05,0.0001692,False
GI_546,Other disorders of liver,1.73562,1.41265,2.13243,1.534e-07,7.74e-07,True,2.59016,2.06357,3.25112,2.265e-16,1.843e-15,True
MB_291.1,Conversion disorder,3.53159,2.20452,5.65753,1.539e-07,7.746e-07,True,4.62014,2.98083,7.16097,7.654e-12,4.435e-11,True
CA_110,Malignant neoplasm of the endocrine glands,2.37823,1.71917,3.28993,1.672e-07,8.391e-07,True,2.25023,1.57378,3.21745,8.758e-06,2.915e-05,True
GE_962.4,Disturbances of sulphur-bearing amino-acid metabolism,6.65152,3.26704,13.5421,1.754e-07,8.78e-07,True,8.16356,4.25223,15.6727,1.638e-08,7.54e-08,True
SS_809.33,Pain in hand and fingers*,1.62211,1.35242,1.94558,1.848e-07,9.224e-07,True,2.35195,1.91259,2.89225,5.228e-16,4.149e-15,True
CA_110.1,Malignant neoplasm of the thyroid,2.43435,1.74062,3.40457,2.01e-07,1.001e-06,True,2.35194,1.63457,3.38417,4.09e-06,1.439e-05,True
GU_623,Pelvic organ prolapse and fistulas,1.87847,1.48086,2.38283,2.041e-07,1.013e-06,True,2.49178,1.90609,3.25744,2.416e-11,1.361e-10,True
NS_334.12,Atypical face pain,6.42609,3.49107,11.8287,2.078e-07,1.029e-06,True,,,,,,
BI_175.2,Secondary polycythemia,2.63981,1.82981,3.80838,2.089e-07,1.032e-06,True,2.15758,1.3972,3.33176,0.000523,0.001388,False
MS_708,Osteoarthritis,1.32801,1.19285,1.47848,2.218e-07,1.092e-06,True,1.54765,1.37196,1.74584,1.214e-12,7.55e-12,True
NS_331.1,Tension headache,2.054,1.56403,2.69747,2.26e-07,1.11e-06,True,1.24446,0.835987,1.85251,0.2813,0.3784,False
GI_510.8,Barrett's esophagus,2.19624,1.62913,2.96078,2.439e-07,1.195e-06,True,2.22025,1.5737,3.13243,5.572e-06,1.906e-05,True
CA_114,Neuroendocrine tumors,2.61027,1.81237,3.75946,2.542e-07,1.242e-06,True,2.39606,1.58506,3.62201,3.4e-05,0.0001059,False
BI_177.2,Enlargement of lymph nodes [Lymphadenopathy],1.62746,1.3522,1.95875,2.581e-07,1.257e-06,True,1.94216,1.53968,2.44984,2.113e-08,9.643e-08,True
MS_718.3,Mid back pain,1.69769,1.38723,2.07763,2.801e-07,1.361e-06,True,1.61292,1.25833,2.06744,0.0001606,0.0004588,False
DE_678,Other skin and subcutaneous disorders,1.75277,1.4136,2.17332,3.145e-07,1.524e-06,True,1.88629,1.42079,2.5043,1.139e-05,3.72e-05,True
RE_465.1,Acute Pharyngitis,1.38109,1.21984,1.56365,3.449e-07,1.667e-06,True,1.45129,1.23225,1.70925,8.123e-06,2.709e-05,True
BI_175,Polycythemias,2.4587,1.73893,3.47638,3.566e-07,1.719e-06,True,1.98087,1.32548,2.96031,0.0008542,0.002195,False
CA_138.2,Melanocytic nevi*,1.60565,1.33664,1.92881,4.163e-07,2.001e-06,True,1.87401,1.48555,2.36404,1.162e-07,4.874e-07,True
GU_626.16,Excessive menstruation,1.62265,1.34419,1.9588,4.675e-07,2.241e-06,True,2.01962,1.58371,2.57551,1.46e-08,6.757e-08,True
MB_282,Nicotine dependence (current and history of),0.77628,0.70334,0.856786,4.901e-07,2.344e-06,True,0.834952,0.744223,0.936742,0.002117,0.004971,False
GU_612.7,Other signs and symptoms in breast,2.4676,1.73509,3.50938,4.992e-07,2.381e-06,True,1.7605,1.07584,2.88088,0.02439,0.04602,False
GE_969,Genetic diseases of the immune system,6.76273,3.2074,14.259,5.11e-07,2.431e-06,True,12.9829,6.75518,24.9522,6.586e-13,4.211e-12,True
GU_625.3,Vulvodynia,6.00224,3.22441,11.1732,5.352e-07,2.539e-06,True,7.69526,3.69042,16.0462,1.181e-06,4.435e-06,True
GI_552.1,Cholangitis,5.30778,2.75737,10.2172,5.869e-07,2.777e-06,True,4.73704,2.43636,9.21027,4.541e-06,1.573e-05,True
GI_557.2,Blood in stool,1.80039,1.42781,2.27021,6.68e-07,3.153e-06,True,1.63311,1.22366,2.17956,0.0008668,0.002216,False
GU_626.2,Dysmenorrhea,1.83073,1.44208,2.32412,6.806e-07,3.204e-06,True,1.8628,1.37041,2.53211,7.131e-05,0.0002127,False
GI_522.8,Duodenitis,3.82677,2.25257,6.50109,6.929e-07,3.253e-06,True,4.98007,2.73757,9.05954,5.925e-06,2.014e-05,True
MB_299,"Mental disorder, not otherwise specified",2.15392,1.59037,2.91716,7.125e-07,3.337e-06,True,1.79586,1.21911,2.64547,0.003052,0.006878,False
SS_809.34,Pain in foot and toes*,1.41499,1.23338,1.62335,7.314e-07,3.416e-06,True,1.62468,1.37492,1.91981,1.208e-08,5.622e-08,True
NS_350.3,Abnormal reflex,3.63011,2.17779,6.05093,7.595e-07,3.538e-06,True,4.19974,2.17114,8.12375,2.017e-05,6.397e-05,True
EM_252.5,Disorders of carbohydrate metabolism,2.77949,1.85276,4.16975,7.812e-07,3.63e-06,True,3.84754,2.32826,6.3582,1.46e-07,6.078e-07,True
DE_674.2,Hypepigmentation*,1.77092,1.41157,2.22174,7.855e-07,3.641e-06,True,2.25373,1.71132,2.96807,7.267e-09,3.403e-08,True
NS_336.5,Mononeuritis of lower limb,2.02749,1.53112,2.68479,8.083e-07,3.737e-06,True,3.11057,2.26448,4.27279,2.45e-12,1.495e-11,True
GU_626,Disorders of menstruation and other abnormal bleeding from female genital tract,1.35304,1.19977,1.52588,8.254e-07,3.806e-06,True,1.79684,1.55023,2.08269,7.226e-15,5.365e-14,True
GE_971,Genetic coagulation defects,3.18889,2.01054,5.05784,8.328e-07,3.831e-06,True,2.64154,1.57624,4.42682,0.0002266,0.0006306,False
NS_331.2,Post-traumatic headache,3.33258,2.06384,5.38125,8.494e-07,3.897e-06,True,1.97771,1.0934,3.57721,0.04293,0.07567,False
DE_672.2,Skin changes due to chronic exposure to nonionizing radiation,1.69872,1.37489,2.09882,9.091e-07,4.161e-06,True,2.09674,1.63792,2.68407,4.002e-08,1.767e-07,True
CV_401,Hypertension,0.798798,0.730261,0.873768,9.19e-07,4.196e-06,True,0.924338,0.84264,1.01396,0.09563,0.1538,False
GI_529.7,Fecal incontinence and encopresis,2.09355,1.55831,2.81262,9.357e-07,4.261e-06,True,3.3689,2.4506,4.6313,7.429e-14,5.093e-13,True
DE_674,Disorders of pigmentation,1.66852,1.35944,2.04789,9.696e-07,4.405e-06,True,2.00305,1.55811,2.57507,5.958e-08,2.587e-07,True
EM_247.71,Hemochromatosis,3.43919,2.09729,5.63967,9.83e-07,4.454e-06,True,3.98774,2.38208,6.67571,1.428e-07,5.958e-07,True
ID_005.1,Mycobacterium tuberculosis,4.26728,2.38602,7.63179,9.99e-07,4.515e-06,True,3.17258,1.63294,6.16389,0.0006566,0.001706,False
SS_820,Elevated erythrocyte sedimentation rate,2.99439,1.92856,4.64926,1.03e-06,4.646e-06,True,2.25058,1.26091,4.01702,0.006064,0.01294,False
BI_170.2,Lymphocytopenia,4.3451,2.40948,7.83567,1.044e-06,4.696e-06,True,2.82824,1.47342,5.42881,0.007023,0.01485,False
PP_932,Known or suspected fetal abnormality affecting management of mother,0.316024,0.198915,0.502081,1.077e-06,4.833e-06,True,0.686682,0.4525,1.04206,0.07734,0.1274,False
GI_520.2,Diaphragmatic hernia,1.66763,1.35746,2.04868,1.112e-06,4.978e-06,True,1.77996,1.41281,2.24253,9.985e-07,3.83e-06,True
GI_522.14,Microscopic colitis*,3.47388,2.22383,5.42658,1.134e-06,5.063e-06,True,4.51615,2.7704,7.36199,8.647e-08,3.695e-07,True
NS_324.34,Tremor,1.75239,1.39787,2.19682,1.148e-06,5.113e-06,True,1.37923,1.0418,1.82594,0.0247,0.04649,False
EM_230.22,Underweight,1.8746,1.45368,2.41739,1.277e-06,5.672e-06,True,2.04626,1.54892,2.70328,4.659e-07,1.831e-06,True
NS_336.4,Mononeuritis of upper limb,1.58836,1.31697,1.91568,1.298e-06,5.751e-06,True,1.90379,1.5121,2.39695,4.295e-08,1.89e-07,True
MS_705.11,Rheumatoid arthritis without rheumatoid factor*,2.54159,1.7416,3.70906,1.32e-06,5.834e-06,True,4.42568,3.17228,6.17432,2.035e-18,1.821e-17,True
RE_499.5,Foreign body sensation of respiratory system*,2.70385,1.80408,4.05239,1.449e-06,6.392e-06,True,4.37779,2.79905,6.84698,9.774e-11,5.177e-10,True
CA_136.2,Benign neoplasm of stomach,2.99239,1.91418,4.67793,1.522e-06,6.698e-06,True,3.45881,2.07651,5.76128,1.872e-06,6.824e-06,True
EM_202,Diabetes mellitus,0.763966,0.684361,0.85283,1.623e-06,7.121e-06,True,0.820774,0.733421,0.918531,0.0005815,0.001531,False
EM_256.7,Volume depletion,1.61603,1.32762,1.96709,1.707e-06,7.475e-06,True,1.6569,1.31284,2.09114,2.119e-05,6.707e-05,True
GI_550,Disorders of the gallbladder,1.56335,1.30135,1.87811,1.803e-06,7.874e-06,True,1.78336,1.43343,2.21872,2.093e-07,8.6e-07,True
GU_585,Kidney stone disease,1.4607,1.24904,1.70823,2.094e-06,9.126e-06,True,1.56928,1.30889,1.88146,1.128e-06,4.247e-06,True
RE_472.4,Laryngeal spasm,7.05591,3.53132,14.0984,2.225e-06,9.674e-06,True,4.9675,2.32809,10.5993,0.0006038,0.001587,False
MS_741,Sprains and strains,1.38602,1.21037,1.58716,2.343e-06,1.016e-05,True,1.79543,1.52112,2.11921,4.567e-12,2.723e-11,True
CV_440.1,Venous thromboembolism,1.50081,1.26743,1.77716,2.499e-06,1.081e-05,True,2.18477,1.84025,2.59378,4.423e-19,4.167e-18,True
CV_444.13,Esophageal varices,3.13612,1.94702,5.05141,2.607e-06,1.125e-05,True,1.24093,0.611361,2.5188,0.5501,0.6535,False
BI_164.6,Anemia secondary to chronic diseases and conditions,0.521535,0.397377,0.684485,2.696e-06,1.159e-05,True,0.781349,0.613627,0.994914,0.04536,0.0796,False
MS_721,Synoviopathy and bursopathy,1.41619,1.22462,1.63773,2.699e-06,1.159e-05,True,1.81308,1.53024,2.1482,6.143e-12,3.612e-11,True
GU_623.1,Uterine/Uterovaginal prolapse,1.86813,1.43879,2.42557,2.724e-06,1.167e-05,True,2.61558,1.95134,3.50593,1.257e-10,6.594e-10,True
MB_301.1,Autism,2.06994,1.52562,2.80847,2.964e-06,1.267e-05,True,2.1609,1.57838,2.9584,1.527e-06,5.617e-06,True
MS_745.3,Fracture of upper limb,0.467906,0.340247,0.643461,2.978e-06,1.27e-05,True,0.844849,0.602682,1.18432,0.3279,0.4298,False
SO_386.8,Sudden or transient visual loss,7.31861,3.58605,14.9362,3.45e-06,1.468e-05,True,,,,,,
GE_972.1,Hereditary neuropathy,2.26986,1.60238,3.21539,3.956e-06,1.679e-05,True,3.139,2.23079,4.41695,2.57e-09,1.236e-08,True
DE_669.3,Hidradenitis suppurativa,2.72797,1.78071,4.17915,4.002e-06,1.695e-05,True,2.30928,1.37228,3.88608,0.001623,0.00395,False
GU_594.2,Dysuria,1.37153,1.19881,1.56914,4.218e-06,1.782e-05,True,1.60042,1.36081,1.88222,1.324e-08,6.145e-08,True
NS_331.31,"Persistent headache syndromes, non migraine",2.75547,1.78581,4.25162,4.64e-06,1.956e-05,True,2.94029,1.60803,5.37636,0.0004607,0.001233,False
DE_664.1,"Lichen planus, nitidus, or striatus",4.20821,2.27245,7.79293,4.855e-06,2.042e-05,True,3.31431,1.60531,6.84268,0.001197,0.002975,False
MB_301,Pervasive developmental disorders,2.0021,1.48516,2.69897,5.227e-06,2.193e-05,True,2.14568,1.5767,2.92,1.196e-06,4.48e-06,True
CV_444.11,Varicose veins of lower extremities,1.81543,1.40424,2.34702,5.343e-06,2.237e-05,True,1.58781,1.13229,2.22658,0.007358,0.01552,False
NS_331.63,Menstrual migraine,4.10844,2.23162,7.56371,5.684e-06,2.374e-05,True,3.50789,1.83205,6.71668,0.001,0.002542,False
EM_256.71,Dehydration,1.64598,1.32571,2.04363,6.369e-06,2.654e-05,True,1.9035,1.48564,2.4389,3.577e-07,1.426e-06,True
NS_337.6,Idiopathic progressive neuropathy,5.98657,3.10701,11.5349,6.412e-06,2.666e-05,True,,,,,,
SS_826.3,Raised antibody titer*,2.82425,1.79781,4.43674,6.629e-06,2.75e-05,True,4.72098,2.79515,7.9737,6.487e-09,3.056e-08,True
MB_289,Obsessive-compulsive disorder,1.94046,1.45397,2.58974,6.743e-06,2.791e-05,True,2.38006,1.73571,3.26361,7.315e-08,3.159e-07,True
SS_840.62,Allergy to anesthetic agent,5.74077,2.67431,12.3233,7.331e-06,3.027e-05,True,10.6146,4.93712,22.8211,7.489e-08,3.226e-07,True
GI_542.7,Chronic nonalcoholic liver disease,2.04142,1.49417,2.78911,7.396e-06,3.047e-05,True,2.10608,1.54968,2.86224,1.949e-06,7.089e-06,True
GI_542.3,Hepatic failure,2.80259,1.7852,4.39981,7.52e-06,3.091e-05,True,1.36747,0.799962,2.33759,0.2526,0.3463,False
GI_509.1,Glossitis,4.06695,2.2005,7.5165,7.581e-06,3.109e-05,True,1.90051,0.882395,4.09333,0.1513,0.2281,False
GE_962,Disorders of amino-acid transport and metabolism,3.15276,1.90564,5.21604,7.814e-06,3.198e-05,True,4.06755,2.42395,6.82562,1.082e-07,4.587e-07,True
NS_346.1,Postconcussion syndrome,2.6491,1.72674,4.06416,8.14e-06,3.324e-05,True,1.6589,0.931705,2.95368,0.0855,0.1397,False
NS_333.5,Parasomnias,2.45253,1.65147,3.64215,8.734e-06,3.558e-05,True,2.0139,1.18119,3.43366,0.01012,0.02064,False
MS_745.1,Fracture of lower limb,0.512338,0.381155,0.68867,9.354e-06,3.802e-05,True,0.663707,0.471545,0.934179,0.01876,0.0361,False
MS_721.5,Bursitis,1.62287,1.30978,2.01079,9.524e-06,3.863e-05,True,1.88302,1.44305,2.45714,3.145e-06,1.126e-05,True
CA_139.5,Lipoma,2.07285,1.50028,2.86395,9.901e-06,4.007e-05,True,2.46915,1.67997,3.62906,4.219e-06,1.481e-05,True
EM_215.1,Testicular hypofunction,2.33853,1.60428,3.40884,9.947e-06,4.016e-05,True,2.35699,1.59431,3.48451,1.72e-05,5.509e-05,True
GU_594.6,Urinary urgency,1.76978,1.37285,2.28147,1.055e-05,4.251e-05,True,2.24173,1.66872,3.01149,8.328e-08,3.568e-07,True
EM_214,Disorders of ovarian function,2.14421,1.52683,3.01123,1.07e-05,4.3e-05,True,1.75166,1.17535,2.61055,0.005895,0.01263,False
SO_394.2,Vertigo,1.97597,1.45816,2.67767,1.12e-05,4.492e-05,True,2.48715,1.72167,3.59297,1.205e-06,4.505e-06,True
CM_771.1,Congenital malformation of the skin,2.76963,1.7574,4.36488,1.137e-05,4.549e-05,True,3.36104,1.56909,7.19946,0.001814,0.004382,False
BI_170,Decreased white blood cell count,1.67495,1.33001,2.10935,1.165e-05,4.654e-05,True,1.94635,1.49062,2.54142,9.937e-07,3.82e-06,True
EM_215,Testicular dysfunction,2.32068,1.59252,3.38177,1.176e-05,4.685e-05,True,2.35699,1.59431,3.48451,1.72e-05,5.509e-05,True
SS_849,Lack of expected normal physiological development in childhood,1.83699,1.39948,2.41127,1.178e-05,4.685e-05,True,2.62372,1.89116,3.64004,9.453e-08,4.029e-07,True
GI_514,Gastrointestinal obstruction,1.66434,1.32509,2.09043,1.185e-05,4.703e-05,True,1.72376,1.30383,2.27894,0.0001322,0.0003823,False
GI_515,Heartburn,1.9787,1.45783,2.68568,1.196e-05,4.734e-05,True,1.82575,1.20957,2.75583,0.004161,0.009145,False
EM_211.11,Hyperaldosteronism,5.6145,2.91609,10.8099,1.205e-05,4.761e-05,True,4.34865,2.10652,8.97723,0.001039,0.002621,False
GE_968,Mitochondrial disorders,6.29469,3.12054,12.6975,1.279e-05,5.042e-05,True,,,,,,
DE_664.42,Psoriatic arthropathy,2.22101,1.55111,3.18022,1.321e-05,5.196e-05,True,2.09486,1.46514,2.99524,5.04e-05,0.0001529,False
GI_522.92,Atrophic gastritis,6.99631,3.34598,14.629,1.377e-05,5.404e-05,True,,,,,,
BI_177,Abnormality of the lymph nodes,1.43287,1.21815,1.68544,1.41e-05,5.522e-05,True,1.87804,1.5575,2.26456,4.104e-11,2.264e-10,True
NS_324.31,Dystonia,1.95987,1.4449,2.65838,1.517e-05,5.926e-05,True,1.89971,1.34661,2.67999,0.0002572,0.0007132,False
BI_172,Other disorders of white blood cells,4.68697,2.56627,8.56017,1.617e-05,6.305e-05,True,2.50578,1.20082,5.22889,0.03646,0.06578,False
SO_391.2,Eustachian tube disorders,1.68313,1.32837,2.13264,1.624e-05,6.319e-05,True,1.59989,1.18565,2.15886,0.002113,0.00497,False
NS_349.13,Abnormal findings on diagnostic imaging of skull and head,2.85244,1.76746,4.60344,1.769e-05,6.868e-05,True,1.78142,0.809687,3.91938,0.1512,0.2281,False
BI_168.2,Hyper-coagulability,1.76492,1.36066,2.2893,1.866e-05,7.23e-05,True,2.00572,1.51711,2.65171,1.03e-06,3.93e-06,True
RE_463.5,Postnasal drip,1.98043,1.44806,2.70852,1.889e-05,7.299e-05,True,1.30933,0.847636,2.02249,0.2244,0.3152,False
NS_346,Brain damage and brain death,1.95378,1.43744,2.65561,1.892e-05,7.299e-05,True,1.84217,1.27928,2.65276,0.001024,0.002595,False
PP_938,"Other conditions or status of the mother complicating pregnancy, childbirth, or the puerperium",0.483541,0.346558,0.67467,1.906e-05,7.338e-05,True,0.828875,0.595224,1.15424,0.2666,0.3615,False
GI_523.2,Diverticula of colon,1.63366,1.30436,2.04609,1.925e-05,7.393e-05,True,1.20886,0.887717,1.64618,0.2286,0.32,False
NS_337.2,Inflammatory polyneuropathy,3.52596,1.97553,6.29319,2.013e-05,7.718e-05,True,3.90293,2.07158,7.35327,2.514e-05,7.91e-05,True
DE_664.4,Psoriasis,1.68723,1.32552,2.14765,2.147e-05,8.212e-05,True,1.87174,1.44755,2.42025,1.747e-06,6.395e-06,True
CV_401.1,Essential hypertension,0.821447,0.750119,0.899558,2.197e-05,8.378e-05,True,0.942936,0.85805,1.03622,0.2222,0.3129,False
MS_713.35,Pain in joints of hand,2.46783,1.626,3.7455,2.199e-05,8.378e-05,True,1.70016,0.948327,3.04804,0.1041,0.1653,False
GI_509.11,Glossodynia,5.65806,2.8802,11.1151,2.292e-05,8.711e-05,True,1.80302,0.751596,4.32532,0.2563,0.3508,False
SO_389,Other disorders of eye,2.10185,1.48984,2.96526,2.332e-05,8.848e-05,True,2.703,1.77883,4.10731,3.194e-06,1.141e-05,True
DE_668.2,Seborrheic dermatitis,1.92064,1.41892,2.59978,2.389e-05,9.045e-05,True,2.69077,1.91796,3.77496,1.003e-08,4.686e-08,True
CM_771,Congenital malformations of integument,2.54117,1.64568,3.92396,2.586e-05,9.768e-05,True,2.85095,1.44452,5.62671,0.002526,0.005822,False
ID_052.4,Infectious mononucleosis,3.65385,2.14676,6.21897,2.676e-05,0.0001009,True,6.81501,3.16961,14.653,8.944e-07,3.455e-06,True
GU_626.1,Irregular menstrual cycle/bleeding,1.34423,1.17062,1.54359,2.757e-05,0.0001037,False,1.93144,1.61993,2.30285,2.21e-13,1.471e-12,True
MB_293,Eating disorders,1.86416,1.39268,2.49527,2.834e-05,0.0001064,False,1.53881,1.07625,2.20016,0.01814,0.03516,False
SS_840.65,Allergy to serum and vaccine,3.4478,1.9288,6.16308,2.959e-05,0.0001109,False,5.73567,3.06231,10.7428,2.007e-06,7.281e-06,True
GU_594.1,Retention of urine,1.57563,1.27229,1.9513,3.084e-05,0.0001153,False,1.80727,1.43132,2.28198,6.575e-07,2.565e-06,True
SO_376.1,Vitreous degeneration,2.15543,1.49997,3.09732,3.298e-05,0.000123,False,2.36644,1.5608,3.58791,0.0002209,0.0006158,False
RE_475.5,Exercise induced bronchospasm,2.2559,1.5355,3.31429,3.399e-05,0.0001266,False,2.81792,1.81588,4.37291,3.823e-06,1.348e-05,True
NS_331.4,Cluster headaches,3.26545,1.86448,5.71911,3.492e-05,0.0001298,False,5.62361,2.67977,11.8014,4.962e-06,1.712e-05,True
RE_488.9,Snoring*,1.50038,1.2376,1.81895,3.628e-05,0.0001345,False,1.71552,1.34976,2.1804,1.027e-05,3.396e-05,True
CV_440,Embolism and thrombosis,1.37005,1.17898,1.59208,3.983e-05,0.0001474,False,1.89725,1.62861,2.2102,2.019e-16,1.668e-15,True
GI_530.1,Anal fissure,2.7162,1.68593,4.37605,4.017e-05,0.0001483,False,2.43355,1.38713,4.26937,0.001929,0.004625,False
MS_712.3,Articular cartilage disorder,4.32679,2.34897,7.9699,4.187e-05,0.0001543,False,4.22576,2.22476,8.02652,0.0001632,0.0004644,False
CV_416.5,Premature depolarization [Premature beats],1.54046,1.25203,1.89533,4.409e-05,0.0001622,False,1.86672,1.48979,2.33901,5.825e-08,2.536e-07,True
MS_734.62,Arthralgia of temporomandibular joint,2.68208,1.66803,4.3126,4.674e-05,0.0001716,False,2.45705,1.3577,4.44654,0.002974,0.00673,False
SS_809.32,Pain in leg*,1.44796,1.21089,1.73144,4.958e-05,0.0001816,False,1.75975,1.41677,2.18577,3.23e-07,1.301e-06,True
EM_202.2,Type 2 diabetes,0.787854,0.701936,0.884287,5.181e-05,0.0001889,False,0.861624,0.766325,0.968775,0.01276,0.02559,False
CV_413.12,Mitral valve prolapse*,2.28279,1.5839,3.29007,5.183e-05,0.0001889,False,2.89747,1.91807,4.37699,5.453e-06,1.873e-05,True
NS_333.4,Circadian rhythm sleep disorder,2.98324,1.86114,4.78189,5.187e-05,0.0001889,False,4.27614,2.38528,7.66592,1.885e-05,5.991e-05,True
GI_542.1,Fibrosis and cirrhosis of liver,1.88299,1.38571,2.55872,5.232e-05,0.0001899,False,2.08979,1.56224,2.79549,6.859e-07,2.669e-06,True
EM_238,Micronutrient excess,4.38672,2.37412,8.10547,5.236e-05,0.0001899,False,2.95107,1.63086,5.34002,0.001869,0.004501,False
NS_333.61,Periodic limb movement disorder,2.83691,1.70817,4.7115,5.611e-05,0.0002031,False,3.97051,2.17175,7.2591,0.0001033,0.0003024,False
SO_382,Other disorders of binocular movement,4.14355,2.26806,7.56991,5.649e-05,0.0002041,False,1.73808,0.725445,4.16424,0.2838,0.3808,False
CV_424,Heart failure,0.648191,0.523779,0.802154,6.679e-05,0.0002408,False,0.746835,0.611181,0.912598,0.004314,0.009443,False
NS_324.35,Myoclonus,3.72747,1.95074,7.12244,6.818e-05,0.0002453,False,3.13724,1.58732,6.20058,0.005037,0.01089,False
SO_386.2,Diplopia,2.31847,1.53247,3.50761,6.87e-05,0.0002467,False,3.18442,2.03617,4.98022,3.847e-07,1.53e-06,True
ID_070,Candidiasis,1.40284,1.18639,1.65877,7.528e-05,0.0002698,False,1.86558,1.53798,2.26297,2.465e-10,1.261e-09,True
CV_443,Other disorders of arteries and arterioles,1.91028,1.38632,2.63227,7.59e-05,0.0002715,False,2.52731,1.79456,3.55924,1.112e-07,4.704e-07,True
GI_520,Hernia,1.36862,1.17132,1.59915,7.786e-05,0.0002779,False,1.57053,1.30992,1.88298,1.081e-06,4.09e-06,True
MS_700.1,Lupus,1.89184,1.37878,2.59582,7.817e-05,0.0002785,False,1.85512,1.30276,2.64166,0.0006113,0.001604,False
GI_522.11,Crohn's disease,1.90941,1.38439,2.63355,8.059e-05,0.0002865,False,2.9593,2.15857,4.05706,1.585e-11,9.057e-11,True
SS_849.1,Failure to thrive in childhood,2.21379,1.53734,3.18791,8.073e-05,0.0002865,False,3.89077,2.47638,6.113,1.493e-07,6.198e-07,True
MB_303.1,Dyslexia and alexia,6.96451,3.2031,15.143,8.171e-05,0.0002894,False,,,,,,
SS_800.1,Chest pain on breathing,1.82695,1.35054,2.47142,9.256e-05,0.0003272,False,2.05883,1.33465,3.17595,0.001094,0.002745,False
GI_545,Nonspecific abnormal results of function study of liver,2.10311,1.44809,3.0544,9.439e-05,0.000333,False,1.87169,0.982678,3.56496,0.05655,0.09722,False
NS_352,Disturbances of sensation of smell and taste,2.52813,1.58355,4.03614,0.000102,0.0003591,False,3.80505,2.13315,6.78732,8.425e-05,0.000249,False
NS_350.4,Abnormal posture,1.97991,1.40062,2.79878,0.0001098,0.0003861,False,1.86965,1.18684,2.94528,0.01286,0.02574,False
GE_967,Genetic disorders of vitamin and mineral metabolism,3.06521,1.73651,5.41056,0.0001118,0.0003921,False,5.13955,2.97745,8.87166,4.171e-09,1.988e-08,True
CV_424.2,Systolic heart failure,0.441422,0.291346,0.668802,0.0001145,0.0004009,False,0.678122,0.485647,0.946882,0.02258,0.04285,False
GE_967.4,Hereditary hemochromatosis,3.29983,1.79507,6.06599,0.0001214,0.0004241,False,4.00514,2.25968,7.09884,4.599e-05,0.0001406,False
GE_971.1,Hereditary hypo-coagulability,2.87714,1.67398,4.94508,0.0001311,0.0004572,False,2.5465,1.38276,4.68966,0.002698,0.006166,False
MS_723.1,Adhesive capsulitis of shoulder,2.16374,1.45244,3.2234,0.0001475,0.0005134,False,2.33544,1.43606,3.79809,0.0006295,0.001646,False
SO_396,Hearing impairment,1.36276,1.16138,1.59904,0.0001483,0.0005153,False,1.6219,1.35691,1.93864,1.076e-07,4.575e-07,True
PP_910,Obesity or excessive weight gain in pregnancy,0.292849,0.155177,0.552662,0.0001506,0.0005223,False,0.477448,0.264757,0.861005,0.01399,0.02766,False
MS_722.1,Plantar fascial fibromatosis [Plantar fasciitis],1.71894,1.29659,2.27887,0.0001663,0.0005755,False,1.80081,1.22564,2.64589,0.002732,0.006232,False
GI_535,Intestinal or peritoneal adhesions,2.30601,1.49252,3.56291,0.0001672,0.0005774,False,2.26404,1.37686,3.72286,0.001281,0.003174,False
MS_700.11,Systemic lupus erythematosus [SLE],1.88332,1.35433,2.61893,0.000168,0.0005791,False,1.85174,1.28894,2.66028,0.0008589,0.002203,False
MS_713.31,Pain in shoulder,1.27672,1.12411,1.45004,0.0001691,0.000582,False,1.7111,1.4857,1.9707,9.111e-14,6.194e-13,True
SO_361.3,Ptosis of eyelid,2.43226,1.52694,3.87434,0.0001827,0.0006274,False,1.76054,0.92471,3.35185,0.08512,0.1392,False
RE_468.4,Personal history of pneumonia (recurrent),2.22386,1.4625,3.38158,0.0001857,0.0006365,False,1.83264,1.13939,2.94768,0.01249,0.02508,False
GU_618.3,Atrophic vaginitis,1.64894,1.26756,2.14508,0.0001941,0.0006642,False,2.54273,1.90895,3.38694,1.769e-10,9.132e-10,True
SO_387.4,Presbyopia,1.75919,1.30611,2.36944,0.0002011,0.0006869,False,1.80669,1.25907,2.59249,0.001326,0.003271,False
BI_168.1,Hypo-coagulability,2.07451,1.41094,3.05017,0.000207,0.0007056,False,1.66011,1.03612,2.6599,0.03507,0.06342,False
NS_333.71,Narcolepsy with cataplexy,4.78137,2.3686,9.6519,0.0002093,0.0007123,False,,,,,,
CV_416.52,Ventricular premature depolarization*,1.55184,1.22921,1.95915,0.0002195,0.0007456,False,1.95736,1.51647,2.52644,2.501e-07,1.022e-06,True
NS_348,Other diseases of spinal cord,1.71402,1.28739,2.28203,0.0002244,0.0007592,False,1.83278,1.31584,2.55279,0.000339,0.0009272,False
RE_466,Tonsillitis and adenoiditis,1.63617,1.25961,2.1253,0.0002247,0.0007592,False,1.49543,1.06956,2.09088,0.01861,0.03591,False
EM_203,Metabolic syndrome [Dysmetabolic syndrome X],1.71319,1.28706,2.28041,0.0002248,0.0007592,False,1.46571,1.02391,2.09814,0.0367,0.06614,False
NS_333.62,Sleep related leg cramps,6.28026,2.84105,13.8828,0.0002257,0.000761,False,,,,,,
ID_015,Clostridium,2.19927,1.44667,3.34342,0.0002262,0.0007611,False,1.16575,0.629862,2.15756,0.6254,0.7186,False
RE_476,Bronchiectasis,2.11963,1.42143,3.16079,0.0002288,0.0007685,False,3.24956,2.15154,4.90794,2.12e-08,9.65e-08,True
NS_329.1,Memory loss,1.52995,1.2201,1.91849,0.0002306,0.0007732,False,1.81125,1.42185,2.30731,1.511e-06,5.572e-06,True
GE_965,Inborn error of lipid metabolism,2.09871,1.41285,3.11751,0.0002409,0.000805,False,2.23477,1.44966,3.4451,0.0002711,0.0007503,False
RE_460.1,Acute upper respiratory infection,1.20442,1.09058,1.33014,0.000241,0.000805,False,1.24417,1.09733,1.41066,0.000651,0.001694,False
CA_128.1,Estrogen receptor postitive status [ER+],0.520698,0.36749,0.73778,0.0002422,0.0008074,False,0.651566,0.457464,0.928026,0.0176,0.03425,False
CV_433.3,Cerebrovascular insufficiency,3.43914,1.93882,6.10046,0.000249,0.0008278,False,2.55323,1.36901,4.76181,0.009622,0.01972,False
GI_554.12,Chronic pancreatitis,2.67457,1.57997,4.5275,0.0002492,0.0008278,False,3.45524,1.95848,6.09589,1.865e-05,5.947e-05,True
MS_707.8,Polyarthritis,2.53847,1.53965,4.18526,0.0002606,0.0008641,False,3.43946,2.02309,5.84744,5.99e-05,0.00018,False
DE_684.2,Hypertrichosis and hirsutism,2.33025,1.5399,3.52624,0.000264,0.0008739,False,1.8158,1.01212,3.25765,0.04546,0.07969,False
RE_486,Other respiratory disorders,1.50652,1.20874,1.87766,0.0002651,0.0008759,False,1.81176,1.3854,2.36934,1.417e-05,4.583e-05,True
GI_552.2,Obstruction of bile duct,2.75324,1.59738,4.74547,0.0002662,0.0008778,False,4.48016,2.55474,7.85671,1.67e-07,6.899e-07,True
GI_526.12,Intestinal infection due to C. difficile,2.2068,1.44055,3.38063,0.0002754,0.000905,False,1.20941,0.652302,2.24233,0.5461,0.6502,False
ID_015.2,Clostridium difficile,2.2068,1.44055,3.38063,0.0002754,0.000905,False,1.20941,0.652302,2.24233,0.5461,0.6502,False
BI_164,Anemia,1.20269,1.08876,1.32853,0.0002781,0.0009121,False,1.46437,1.31761,1.62747,1.451e-12,8.923e-12,True
CV_418,Abnormal results of cardiovascular function studies,1.30122,1.12878,1.50001,0.0002835,0.0009282,False,1.71768,1.47425,2.00129,3.974e-12,2.389e-11,True
EM_239.11,Pure hypercholesterolemia,1.26222,1.11292,1.43153,0.000288,0.0009412,False,1.49052,1.29753,1.71221,1.686e-08,7.736e-08,True
RE_467,Laryngitis and tracheitis,2.10378,1.40608,3.14768,0.0002972,0.0009695,False,1.79007,0.991216,3.23274,0.05352,0.09251,False
GI_514.1,Esophageal obstruction (Stricture and stenosis of esophagus),2.07129,1.3957,3.0739,0.0003001,0.0009773,False,1.96746,1.19035,3.2519,0.0083,0.01732,False
CA_142.1,Lump or mass in breast,1.37015,1.155,1.62538,0.0003023,0.0009826,False,1.80056,1.4623,2.21707,3.038e-08,1.356e-07,True
PP_904,Bleeding in pregnancy,0.248815,0.116832,0.529894,0.0003103,0.001007,False,0.835191,0.442973,1.57469,0.5778,0.6775,False
CA_114.6,Pheochromocytoma,2.80808,1.70292,4.63047,0.0003137,0.001016,False,2.17494,1.15439,4.09771,0.03457,0.06264,False
NS_321,"Encephalitis, myelitis and encephalomyelitis",3.81884,2.04015,7.14826,0.0003143,0.001016,False,4.78681,2.48997,9.20235,6.047e-05,0.0001814,False
MB_280.5,Stimulant use disorders,0.195418,0.080267,0.475764,0.0003229,0.001042,False,0.161711,0.0513056,0.509702,0.001867,0.004501,False
GI_558,Abnormal findings on diagnostic imaging of the digestive tract,1.62973,1.24525,2.13292,0.0003742,0.001206,False,2.36533,1.75574,3.18656,1.498e-08,6.913e-08,True
GI_554.1,Pancreatitis,1.91607,1.33843,2.743,0.0003818,0.001228,False,2.06492,1.34791,3.16332,0.0008626,0.002209,False
DE_684.21,Hirsutism*,2.24791,1.437,3.51642,0.000388,0.001246,False,1.78452,0.975574,3.26425,0.06015,0.1024,False
GU_625.1,Dyspareunia,1.81269,1.30348,2.52082,0.0004075,0.001306,False,3.17906,2.19486,4.60458,9.419e-10,4.626e-09,True
EM_200.9,Abnormal thyroid function studies,2.06635,1.38084,3.09216,0.0004171,0.001334,False,2.73962,1.71836,4.36783,2.288e-05,7.228e-05,True
MS_722,Fasciopathy,1.60627,1.23409,2.09068,0.0004251,0.001357,False,1.73774,1.22499,2.46511,0.001952,0.004658,False
GI_546.3,Hepatomegaly,1.91481,1.33355,2.7494,0.0004324,0.001378,False,3.20598,2.13618,4.81154,1.864e-08,8.532e-08,True
BI_176.1,Thrombocytosis*,1.914,1.33312,2.748,0.0004347,0.001383,False,1.80873,1.19297,2.74231,0.005255,0.01132,False
MB_280.8,Psychoactive substance abuse,0.583553,0.43214,0.788019,0.0004408,0.0014,False,0.460882,0.30079,0.70618,0.000374,0.001013,False
SO_386.9,Visual distortions and subjective visual disturbances,4.07221,1.85657,8.932,0.0004585,0.001454,False,,,,,,
NS_325.3,Lack of coordination,1.81487,1.2995,2.53464,0.0004703,0.001489,False,2.65678,1.8388,3.83862,1.95e-07,8.032e-07,True
MS_740.1,Dislocation of jaw,4.66025,2.23862,9.70147,0.0004754,0.001502,False,,,,,,
BI_168.211,Activated protein C resistance*,2.27067,1.49323,3.4529,0.0004781,0.001508,False,1.71138,1.00434,2.91618,0.06953,0.1155,False
CM_764,Congenital malformations of circulatory system (other than heart),2.3966,1.45934,3.93582,0.0005536,0.001743,False,4.03482,2.37024,6.8684,2.754e-07,1.12e-06,True
MS_705.1,Rheumatoid arthritis,1.49122,1.18807,1.87172,0.0005687,0.001788,False,2.18371,1.76797,2.69721,4.222e-13,2.732e-12,True
GI_554.3,Exocrine pancreatic insufficiency*,3.31872,1.67481,6.5762,0.0005862,0.00184,False,6.78386,3.55538,12.944,5.811e-07,2.272e-06,True
GI_506.3,Sialoadenitis,2.85983,1.57083,5.20656,0.0005877,0.001841,False,3.21115,1.6937,6.08815,0.002103,0.004952,False
CV_418.1,Abnormal electrocardiogram [ECG] [EKG],1.31903,1.12606,1.54507,0.0006011,0.00188,False,1.80765,1.52852,2.13776,4.581e-12,2.723e-11,True
RE_481.1,Pulmonary eosinophilia,4.44157,2.16834,9.09799,0.0006071,0.001895,False,4.17162,1.93346,9.00067,0.002781,0.006318,False
PP_904.3,Antepartum hemorrhage,0.0604069,0.00410787,0.888295,0.0006255,0.00195,False,0.64711,0.150881,2.77537,0.558,0.659,False
GU_610,Benign mammary dysplasias,1.57335,1.21307,2.04062,0.0006361,0.001978,False,2.01174,1.45381,2.7838,2.467e-05,7.777e-05,True
RE_481,Interstitial pulmonary diseases,1.73943,1.26603,2.38983,0.000637,0.001978,False,1.74981,1.22852,2.49227,0.001932,0.004625,False
DE_667,Erythematous conditions,2.36595,1.44121,3.88404,0.0006615,0.002051,False,3.04988,1.57816,5.89407,0.000909,0.002317,False
SO_371.1,Cortical age-related cataract,3.67891,1.73689,7.79234,0.0006696,0.002073,False,1.21842,0.435487,3.40894,0.7413,0.8129,False
CA_128,"Estrogen, and other hormones and factors receptor status",0.584644,0.428934,0.796879,0.0006816,0.002106,False,0.649239,0.468066,0.900539,0.009667,0.01979,False
PP_908,"Edema, proteinuria and hypertensive disorders in pregnancy, childbirth and the puerperium",0.392109,0.228289,0.673486,0.0006933,0.002139,False,0.715149,0.449127,1.13874,0.1578,0.2371,False
GI_555,Ascites,1.84232,1.29291,2.62519,0.0007202,0.002218,False,1.53636,1.01974,2.31471,0.04003,0.07125,False
MS_704,Systemic vasculitis,2.0616,1.35156,3.14466,0.0007839,0.00241,False,2.65732,1.66509,4.24084,4.17e-05,0.0001282,False
GE_971.14,Von Willebrand's disease,3.27556,1.6387,6.54744,0.000786,0.002413,False,2.78907,1.26519,6.14842,0.01099,0.02223,False
DE_672.21,Actinic keratosis,1.59706,1.231,2.07196,0.0008149,0.002497,False,2.18257,1.6174,2.94524,2.209e-06,7.979e-06,True
MB_280.51,Stimulant abuse or dependance,0.183357,0.0678801,0.495281,0.0008203,0.002509,False,0.210867,0.0666187,0.667451,0.008105,0.01694,False
CA_124,Myeloproliferative disorder,1.9276,1.31208,2.83187,0.0008261,0.002523,False,1.78556,1.16823,2.7291,0.007399,0.01556,False
SO_394.1,Meniere's disease,2.73324,1.51238,4.93962,0.0008684,0.002647,False,2.16167,0.97445,4.79532,0.05792,0.09929,False
MB_288.4,Phobic disorders,1.6435,1.22628,2.20267,0.0008836,0.002689,False,1.71628,1.23948,2.37648,0.001143,0.002854,False
DE_660.2,Bacterial infection of the skin,2.36948,1.42425,3.94202,0.0008949,0.002719,False,1.58915,0.764783,3.30209,0.2145,0.3042,False
CV_440.11,Deep vein thrombosis [DVT],1.53006,1.19011,1.9671,0.0009077,0.002753,False,2.00312,1.53804,2.60883,2.554e-07,1.041e-06,True
RE_496,Abnormal results of pulmonary function studies,2.30566,1.40734,3.7774,0.0009112,0.002756,False,3.84119,2.10227,7.0185,1.209e-05,3.935e-05,True
MB_309,Signs and symptoms involving emotional state,1.52843,1.18949,1.96396,0.0009115,0.002756,False,1.3354,0.997032,1.78861,0.05238,0.09073,False
MS_740,Dislocation,1.70581,1.24383,2.33937,0.0009198,0.002776,False,1.84475,1.22129,2.7865,0.003615,0.008044,False
GU_593.3,Recurrent and persistent hematuria*,4.02636,2.00496,8.08576,0.0009716,0.002928,False,,,,,,
NS_340,Myopathies,2.33935,1.41138,3.87743,0.000979,0.002945,False,3.37302,2.03485,5.5912,2.416e-06,8.688e-06,True
GU_610.1,Cystic mastopathy,1.6747,1.23231,2.27591,0.0009853,0.002959,False,2.00809,1.33339,3.02419,0.0008462,0.002181,False
MS_711,Disorder of patella,1.58203,1.20411,2.07855,0.0009889,0.002964,False,1.69433,1.20416,2.38403,0.002477,0.005716,False
GI_513,Peptic ulcer,1.55745,1.19647,2.02733,0.0009901,0.002964,False,1.50902,1.11729,2.0381,0.007292,0.0154,False
SO_367.31,Keratoconjunctivitis sicca,2.16039,1.36565,3.41764,0.0009961,0.002977,False,4.01807,2.60025,6.20895,3.759e-10,1.898e-09,True
GI_550.1,Gallstones [Cholelithiasis],1.43802,1.15802,1.78573,0.00101,0.003012,False,1.62538,1.25611,2.10319,0.0002207,0.0006158,False
PP_944,Late pregnancy,0.0646139,0.00438092,0.952987,0.001015,0.003017,False,0.280317,0.0678253,1.15853,0.07897,0.1298,False
NS_325,Abnormality of gait and mobility,1.27618,1.10344,1.47596,0.001015,0.003017,False,1.49477,1.2728,1.75545,9.534e-07,3.675e-06,True
SO_361,Disorders of eyelid function,1.95528,1.31053,2.91724,0.001021,0.003031,False,1.82451,1.09179,3.04897,0.02172,0.04132,False
NS_337.22,Chronic inflammatory demyelinating polyneuritis,3.83132,1.71769,8.54577,0.001032,0.003059,False,5.98155,2.49072,14.3649,6.294e-05,0.0001885,False
RE_467.1,Acute laryngitis and tracheitis,2.11644,1.35209,3.31288,0.00104,0.003078,False,1.96715,1.07257,3.60785,0.04863,0.08497,False
SS_849.3,Short stature,2.56308,1.54864,4.24204,0.001048,0.003097,False,4.11462,2.36662,7.1537,9.789e-06,3.245e-05,True
BI_171.1,Lymphocytosis (symptomatic),2.81901,1.63224,4.86864,0.001063,0.003137,False,3.44288,1.85626,6.38563,0.0007626,0.001975,False
CA_149,Benign neoplasm of the endocrine glands,1.94906,1.30689,2.90678,0.001066,0.00314,False,1.89396,1.20482,2.97728,0.005652,0.01216,False
CA_114.2,Benign neuroendocrine tumors,3.06263,1.70637,5.4969,0.001089,0.003201,False,3.37073,1.85792,6.11534,0.0005459,0.001439,False
CV_410.1,Pericarditis,3.03281,1.69264,5.43407,0.0012,0.003522,False,3.05899,1.50693,6.20962,0.008918,0.01849,False
CV_438,Aneurysm or ectasia,1.4092,1.14491,1.7345,0.001208,0.00354,False,1.65293,1.32195,2.06678,1.042e-05,3.441e-05,True
SS_800.11,Pleurodynia*,1.75314,1.24787,2.463,0.00121,0.00354,False,2.16192,1.37426,3.40101,0.0008523,0.002193,False
NS_338,Myasthenia gravis and other myoneural disorders,2.40487,1.49051,3.88014,0.001213,0.003544,False,3.26495,1.98166,5.37929,3.407e-06,1.206e-05,True
PP_932.1,Abnormality in fetal heart rate or rhythm,0.151789,0.0482747,0.47727,0.001258,0.003668,False,0.976586,0.501633,1.90123,0.9444,0.9636,False
CV_424.4,Combined systolic and diastolic heart failure,0.26241,0.116104,0.593084,0.001301,0.00379,False,0.517538,0.279855,0.957086,0.03575,0.06456,False
BI_177.1,Lymphadenitis,2.79751,1.494,5.23833,0.001307,0.003797,False,,,,,,
SO_376,Disorders of vitreous body,1.69263,1.22797,2.33312,0.001308,0.003797,False,2.28078,1.60346,3.24421,4.51e-06,1.566e-05,True
RE_487,Hemorrhage from respiratory passages,1.65746,1.21702,2.25729,0.001345,0.003897,False,2.22967,1.61527,3.07779,1.086e-06,4.097e-06,True
NS_329.4,Specified cognitive deficit,1.6048,1.2013,2.14382,0.001369,0.00396,False,1.83054,1.33323,2.51336,0.0001854,0.000523,False
SO_387,Disorders of refraction and accommodation,1.36428,1.12782,1.65032,0.001381,0.003989,False,1.58669,1.24628,2.02007,0.000179,0.0005069,False
RE_472.1,Paralysis of vocal cords and larynx,2.96302,1.65119,5.31707,0.001447,0.004174,False,3.33536,1.67708,6.63333,0.003487,0.007781,False
MB_288.3,Generalized anxiety disorder,1.194,1.07031,1.33199,0.001484,0.004273,False,1.12942,0.999179,1.27665,0.05156,0.08941,False
GU_626.13,Irregular menstrual cycle,1.34841,1.12134,1.62145,0.001487,0.004274,False,2.05535,1.63195,2.58859,9.268e-10,4.566e-09,True
CA_105.1,"Malignant neoplasm of the breast, female",0.654906,0.503728,0.851455,0.001573,0.004515,False,0.630181,0.472235,0.840956,0.001709,0.004145,False
GI_526.1,Bacterial enteritis,1.63949,1.20638,2.2281,0.001585,0.004541,False,1.76688,1.23104,2.53595,0.002019,0.004791,False
RE_499.3,Bronchospasm,1.72246,1.22912,2.4138,0.001588,0.004543,False,2.4137,1.6645,3.50014,3.366e-06,1.195e-05,True
RE_474,Chronic obstructive pulmonary disease [COPD],0.749866,0.626995,0.896817,0.001618,0.004622,False,0.856678,0.713699,1.0283,0.09683,0.1549,False
GU_603.6,Scrotal pain*,2.38446,1.46531,3.88017,0.001634,0.00466,False,1.07172,0.515423,2.22844,0.8611,0.9032,False
EM_200.3,Thyrotoxicosis [hyperthyroidism],1.57511,1.18718,2.08979,0.001636,0.00466,False,1.3975,1.01209,1.92969,0.04206,0.07429,False
EM_248,"Disorders of plasma-protein metabolism, NEC",2.01252,1.3001,3.11533,0.001706,0.004851,False,2.86,1.88776,4.33296,7.134e-07,2.769e-06,True
MS_715.4,Spinal stenosis,1.28952,1.09953,1.51233,0.001768,0.005019,False,1.58586,1.32843,1.89318,3.353e-07,1.344e-06,True
BI_169.2,Qualitative platelet defects,4.52659,2.06587,9.91838,0.001816,0.005147,False,,,,,,
PP_914,Anemia in pregnancy,0.362465,0.191432,0.686304,0.001835,0.005194,False,0.642099,0.369507,1.11579,0.1161,0.1821,False
SO_362.6,Dermatochalasis of eyelid,2.43351,1.3896,4.26165,0.001866,0.005272,False,1.41934,0.602396,3.34419,0.4722,0.5741,False
MS_714.6,Spondylolisthesis,1.52679,1.16895,1.99417,0.001899,0.005358,False,1.83305,1.33592,2.51518,0.0001739,0.0004932,False
CV_413.1,Mitral valve disorders,1.37996,1.12457,1.69336,0.00204,0.005748,False,1.49399,1.19056,1.87475,0.0005287,0.001398,False
ID_052.5,Cytomegalovirus [CMV],3.33539,1.72687,6.44218,0.002075,0.005837,False,8.58189,4.12399,17.8586,1.045e-06,3.98e-06,True
MS_708.1,Osteoarthritis of more than one site,1.46879,1.14969,1.87645,0.002097,0.005889,False,1.57041,1.1782,2.09317,0.00208,0.004916,False
EM_214.12,Postablative ovarian failure,2.55087,1.40323,4.63709,0.002134,0.005983,False,2.12559,1.1133,4.0583,0.0414,0.07344,False
CV_401.2,Hypertensive heart disease,0.686409,0.539845,0.872764,0.002137,0.005984,False,0.818697,0.652208,1.02768,0.08461,0.1387,False
DE_660.21,Impetigo,2.30805,1.35267,3.93822,0.002155,0.006023,False,1.53134,0.705252,3.32507,0.2814,0.3784,False
SS_800.2,Precordial pain,1.6777,1.20521,2.33542,0.002169,0.006055,False,2.0012,1.35751,2.9501,0.0004591,0.001231,False
DE_660.4,Carbuncle and furuncle,4.26932,1.9768,9.22051,0.002263,0.006306,False,,,,,,
MS_714,Deforming dorsopathies,1.31504,1.10261,1.56839,0.002314,0.00644,False,1.62435,1.32418,1.99257,3.262e-06,1.16e-05,True
DE_680.3,Xerosis cutis*,1.96503,1.27228,3.03498,0.002321,0.006449,False,2.05794,1.23238,3.43653,0.01227,0.02468,False
EM_256,"Disorders of fluid, electrolyte and acid-base balance",1.19696,1.06607,1.34392,0.002344,0.006503,False,1.4315,1.26162,1.62425,2.612e-08,1.179e-07,True
SS_824,Other abnormalities of plasma proteins*,1.88861,1.25303,2.84658,0.002385,0.006604,False,2.62221,1.69308,4.06123,1.567e-05,5.049e-05,True
GU_594.41,Nocturia,1.5887,1.17843,2.14179,0.002388,0.006604,False,1.78322,1.25743,2.52886,0.001174,0.002923,False
NS_329.41,Attention and concentration deficit,1.67296,1.19932,2.33365,0.002444,0.006748,False,1.57677,1.05776,2.35047,0.02538,0.04745,False
EM_214.1,Ovarian failure,1.80351,1.2311,2.64206,0.002468,0.006806,False,1.63582,1.06349,2.51617,0.02508,0.04698,False
MS_741.3,Sprains and strains of wrist and hand,1.97373,1.27047,3.06626,0.002486,0.006844,False,2.48036,1.44086,4.26979,0.001046,0.002632,False
SO_362,Other disorders of the eyelids,1.71943,1.20979,2.44377,0.002513,0.006906,False,2.35905,1.56315,3.56019,4.364e-05,0.0001336,False
SO_394.21,Paroxysmal vertigo,1.69558,1.20382,2.38823,0.002516,0.006906,False,2.11643,1.39695,3.20649,0.0004046,0.00109,False
GU_596,Other disorders of bladder,1.36628,1.11575,1.67306,0.00253,0.006934,False,1.58193,1.27022,1.97013,4.201e-05,0.0001289,False
EM_247.5,Disorders of calcium metabolism,1.41047,1.12824,1.76329,0.002534,0.006935,False,1.76274,1.38396,2.24519,4.378e-06,1.523e-05,True
CA_144.21,Leiomyoma of uterus,1.57747,1.1728,2.12178,0.002579,0.007048,False,1.80517,1.2595,2.58725,0.001299,0.003209,False
MB_288.2,Panic disorder [episodic paroxysmal anxiety],1.40609,1.12641,1.75522,0.002596,0.007083,False,1.28996,0.991853,1.67766,0.05757,0.09888,False
ID_052,Herpesvirus,1.32398,1.10199,1.59068,0.002725,0.007423,False,1.53293,1.24518,1.88717,5.644e-05,0.00017,False
GU_594.3,Urinary incontinence and enuresis,1.26999,1.08618,1.4849,0.002732,0.007431,False,1.52421,1.28244,1.81157,1.727e-06,6.337e-06,True
MB_286,Mood [affective] disorders,1.13593,1.04505,1.23471,0.002739,0.007439,False,1.03425,0.941429,1.13623,0.4827,0.5846,False
GE_971.2,Prothrombin gene mutation*,4.15693,1.9173,9.01271,0.002772,0.007518,False,2.97446,1.30077,6.80167,0.03497,0.06331,False
GE_965.4,Familial hypercholesterolemia*,2.1084,1.29265,3.43892,0.002805,0.007596,False,1.90539,1.1234,3.23172,0.01677,0.03291,False
GI_542.81,Primary biliary cirrhosis*,3.39595,1.72571,6.68273,0.002824,0.007637,False,2.78284,1.29247,5.9918,0.02938,0.05427,False
SO_398,Other disorders of ear,1.94878,1.25694,3.02141,0.002863,0.00773,False,0.918035,0.482594,1.74637,0.7944,0.8567,False
CM_763.32,Atrial septal defect,1.72007,1.20334,2.45868,0.002925,0.007886,False,3.23031,2.18095,4.78458,4.899e-09,2.321e-08,True
EM_204.1,Impaired fasting glucose,1.37542,1.11489,1.69682,0.00293,0.007886,False,1.42489,1.1122,1.82548,0.005091,0.01099,False
ID_084,Parasites,2.14699,1.29698,3.55407,0.002967,0.007973,False,4.54335,2.53241,8.15113,3.86e-07,1.532e-06,True
NS_330.3,Convulsions,1.40461,1.12255,1.75754,0.002971,0.007973,False,1.67986,1.31511,2.14577,3.279e-05,0.0001024,False
MB_280,Psychoactive substance related disorders,0.765305,0.641453,0.913071,0.002982,0.007991,False,0.905724,0.745568,1.10028,0.3186,0.42,False
MS_713.32,Pain in elbow,1.57095,1.16491,2.11853,0.003072,0.008222,False,1.61831,1.11609,2.34651,0.01111,0.02245,False
CV_402,Elevated blood pressure reading without diagnosis of hypertension,1.34323,1.10403,1.63426,0.003187,0.008516,False,1.67503,1.31093,2.14025,3.707e-05,0.0001149,False
PP_916,Maternal infections and carrier state in pregnancy,0.464828,0.279286,0.773635,0.003205,0.00855,False,0.505102,0.264479,0.964644,0.03855,0.069,False
MS_723.7,Iliotibial band syndrome*,2.24237,1.30939,3.84014,0.003261,0.008687,False,2.87053,1.4602,5.64302,0.008992,0.01862,False
SO_360,Inflammation of eyelids,1.68162,1.18874,2.37886,0.003315,0.008819,False,2.06318,1.39432,3.05289,0.0002916,0.0008031,False
GU_594.5,Oliguria and anuria,3.95356,1.84464,8.47355,0.003349,0.008896,False,2.75695,1.1463,6.63072,0.06399,0.1082,False
EM_200.31,Graves' disease [Toxic diffuse goiter],1.94691,1.24712,3.03937,0.003371,0.008941,False,1.53744,0.903023,2.61758,0.1131,0.1778,False
CM_768.11,Pectus excavatum,3.91664,1.83636,8.35356,0.003387,0.008972,False,,,,,,
CV_417.3,Bradycardia,1.39359,1.11588,1.74041,0.003423,0.009053,False,1.84878,1.43691,2.3787,1.762e-06,6.436e-06,True
EM_204,Abnormal glucose,1.14765,1.04647,1.25862,0.00345,0.009111,False,1.28505,1.16195,1.42118,1.052e-06,3.997e-06,True
RE_460,Respiratory infection,1.14875,1.04659,1.26087,0.003519,0.009278,False,1.17744,1.04857,1.32215,0.005747,0.01233,False
CV_416.212,Persistent atrial fibrillation*,0.458004,0.271068,0.773857,0.003523,0.009278,False,0.469258,0.281805,0.781403,0.003637,0.008082,False
SS_847,Transplant status,1.69862,1.18948,2.42568,0.003563,0.009369,False,1.96533,1.39252,2.77375,0.0001213,0.000352,False
PP_904.1,Hemorrhage in early pregnancy,0.264516,0.108113,0.647179,0.003578,0.00939,False,0.614388,0.263691,1.4315,0.259,0.3533,False
CV_413.6,Heart valve replaced,0.387976,0.205176,0.733639,0.003581,0.00939,False,0.742839,0.461956,1.19451,0.22,0.3106,False
MS_721.1,Synovitis and tenosynovitis,1.37471,1.10936,1.70354,0.003633,0.009511,False,1.58766,1.23106,2.04757,0.0003687,0.001002,False
SO_392.1,Otalgia [ear pain],1.45452,1.12987,1.87245,0.003643,0.009525,False,1.66404,1.22842,2.25414,0.001008,0.002556,False
SS_832,Other abnormal findings in urine,1.40571,1.11721,1.76871,0.003665,0.009569,False,1.73988,1.36463,2.21832,7.889e-06,2.642e-05,True
MS_706.2,Ankylosing spondylitis,2.21429,1.36207,3.59971,0.003716,0.009686,False,2.71646,1.6188,4.55842,0.0001545,0.0004428,False
SO_396.9,Unilateral hearing loss,1.57867,1.15876,2.15075,0.003805,0.009905,False,1.42732,0.985562,2.06708,0.0597,0.1019,False
NS_336.41,Carpal tunnel syndrome,1.37613,1.10737,1.71011,0.003978,0.01034,False,1.69688,1.29833,2.21777,0.0001082,0.0003164,False
GI_514.3,Ileus,2.03764,1.25443,3.30985,0.00403,0.01046,False,1.62535,0.885129,2.98462,0.1172,0.1837,False
EM_257,Polydipsia,2.97225,1.41405,6.24747,0.004052,0.0105,False,2.0601,0.864812,4.90746,0.1699,0.2521,False
RE_477,Inhalation lung injury,3.19549,1.62401,6.28761,0.004096,0.0106,False,3.78842,1.77562,8.0829,0.004433,0.009678,False
DE_668.5,Lichen simplex chronicus,3.02458,1.57083,5.82374,0.004141,0.0107,False,3.58586,1.59308,8.07137,0.01072,0.02174,False
GI_523.4,Diverticulitis,1.60076,1.1598,2.20936,0.004214,0.01088,False,1.50123,1.01768,2.21454,0.04053,0.07199,False
CM_763.321,Patent foramen ovale*,1.8649,1.21633,2.85931,0.004262,0.01098,False,3.26422,2.07796,5.12771,2.837e-07,1.151e-06,True
MB_293.1,Anorexia nervosa,2.85972,1.51756,5.38892,0.004385,0.01129,False,0.971653,0.341495,2.76463,0.9606,0.9715,False
RE_466.4,Hypertrophy of tonsils and adenoids,1.72049,1.18384,2.50043,0.004445,0.01142,False,1.89604,1.24376,2.89041,0.00566,0.01216,False
MS_705.3,Polymyalgia rheumatica,2.15793,1.33436,3.4898,0.004483,0.0115,False,1.46731,0.767581,2.8049,0.2839,0.3808,False
CM_768,Congenital deformities of chest and bony thorax,3.1555,1.60504,6.20368,0.004508,0.01155,False,4.29953,1.96599,9.40286,0.002425,0.005638,False
BI_160.11,Iron deficiency anemia secondary to blood loss,1.39666,1.10888,1.75912,0.004542,0.01162,False,1.86366,1.46512,2.37059,3.951e-07,1.564e-06,True
CV_440.12,Portal vein thrombosis,3.63056,1.73593,7.59303,0.004604,0.01176,False,3.43165,1.41448,8.32546,0.006395,0.01359,False
CA_139.61,Hemangioma,1.41045,1.11181,1.78931,0.00461,0.01176,False,2.49249,1.90337,3.26397,3.179e-11,1.766e-10,True
SO_384,Anomalies of pupillary function,2.91825,1.39,6.12672,0.004652,0.01185,False,0.431136,0.0970286,1.9157,0.2572,0.3517,False
NS_330,"Epilepsy, recurrent seizures, convulsions",1.30206,1.08444,1.56335,0.004673,0.01189,False,1.30438,1.06619,1.59579,0.009797,0.02003,False
PP_932.11,Abnormality in fetal heart rate and rhythm complicating labor and delivery*,0.190918,0.0605214,0.602259,0.004728,0.01201,False,1.12017,0.571258,2.19654,0.7412,0.8129,False
DE_676.2,Scar conditions and fibrosis of skin,1.75224,1.18687,2.58694,0.004774,0.01212,False,2.09348,1.31306,3.33774,0.001907,0.004585,False
NS_334.2,Facial nerve disorders and weakness,1.76255,1.18813,2.61468,0.004853,0.0123,False,1.07948,0.62268,1.87139,0.7853,0.8485,False
SO_389.1,Ocular pain,2.24952,1.27904,3.95636,0.004888,0.01237,False,3.33755,1.79417,6.20857,0.0008887,0.002269,False
EM_247.52,Hypercalcemia,1.49252,1.12904,1.97303,0.00492,0.01243,False,1.61393,1.1565,2.25229,0.004877,0.01059,False
GI_522.12,Ulcerative colitis,1.65251,1.1633,2.34746,0.005039,0.01272,False,1.28162,0.845226,1.94333,0.2427,0.336,False
NS_331.7,Drug induced headache,3.68628,1.70753,7.95809,0.005205,0.01312,False,,,,,,
EM_209.2,Hypopituitarism,2.22903,1.26967,3.91327,0.005248,0.0132,False,3.04301,1.73694,5.33117,0.0001003,0.0002943,False
EM_230.7,Failure to thrive,1.55156,1.13975,2.11217,0.005252,0.0132,False,2.51295,1.87511,3.36778,6.904e-10,3.454e-09,True
SO_375,Abnormal intraocular pressure,1.43409,1.11141,1.85046,0.005568,0.01397,False,1.38406,1.02801,1.86341,0.03219,0.05899,False
CA_139.6,Hemangioma and lymphangioma,1.39937,1.10322,1.77503,0.005612,0.01407,False,2.45857,1.87851,3.21776,5.681e-11,3.102e-10,True
SO_395,Other diseases of inner ear,3.06561,1.545,6.08282,0.005766,0.01443,False,3.91721,1.88537,8.13874,0.002231,0.005216,False
DE_686.2,Non-pressure chronic ulcer,0.59944,0.415838,0.864107,0.006093,0.01523,False,0.857916,0.594015,1.23906,0.4139,0.5206,False
ID_084.4,Trichomoniasis,0.0858127,0.00619126,1.18939,0.006117,0.01527,False,,,,,,
CA_136.42,Benign neoplasm of rectum and anus,2.39778,1.28298,4.48125,0.006126,0.01527,False,0.961185,0.348853,2.64833,0.9445,0.9636,False
CV_440.3,Pulmonary embolism,1.40435,1.10036,1.79232,0.006364,0.01584,False,1.64827,1.28779,2.10967,7.232e-05,0.0002149,False
GU_626.111,Amenorrhea,0.544056,0.351221,0.842764,0.006409,0.01592,False,1.63672,1.07002,2.50354,0.02308,0.04375,False
NS_324.314,Torticollis,1.7678,1.1736,2.66283,0.006414,0.01592,False,2.03845,1.30602,3.18164,0.001717,0.004152,False
CA_139.4,Benign neoplasm of peripheral nerves*,2.56774,1.41421,4.66217,0.006478,0.01604,False,1.60945,0.682572,3.79495,0.344,0.4462,False
EM_232.1,Vitamin A deficiency,3.53786,1.42457,8.7861,0.00648,0.01604,False,,,,,,
GI_542.8,Biliary cirrhosis,2.96395,1.51695,5.79124,0.00655,0.01619,False,2.89252,1.39268,6.00762,0.01685,0.03303,False
SS_809.1,Acute pain,1.36914,1.09136,1.71763,0.006615,0.01633,False,2.10145,1.61509,2.73426,3.214e-08,1.43e-07,True
MS_719.6,Muscle wasting and atrophy,2.38253,1.27229,4.4616,0.006681,0.01647,False,3.14046,1.77465,5.55742,0.0006436,0.001678,False
RE_467.11,Acute obstructive laryngitis [croup],2.45349,1.36668,4.40458,0.006702,0.01649,False,2.37461,1.05215,5.35928,0.06405,0.1082,False
SO_374.4,Retinopathy,0.531187,0.336215,0.839225,0.006706,0.01649,False,0.807211,0.516606,1.26129,0.3469,0.4489,False
CA_132,Sequelae of cancer,0.668369,0.499311,0.894668,0.006768,0.01662,False,0.906232,0.681213,1.20558,0.499,0.6008,False
MS_710.4,Acquired deformities of the ankle and foot,1.50817,1.12008,2.03072,0.006788,0.01665,False,1.29121,0.879575,1.89549,0.1919,0.2788,False
ID_025,Enterococcus,2.27418,1.25307,4.12736,0.006896,0.01689,False,2.47316,1.3677,4.47209,0.002735,0.006232,False
CV_413.22,Aortic insufficiency,1.5475,1.12701,2.12487,0.006954,0.017,False,1.66603,1.1523,2.4088,0.006656,0.01411,False
MB_294,Sexual dysfunction and disorders,1.75525,1.16651,2.64114,0.00696,0.017,False,2.31857,1.50013,3.58354,0.0001534,0.0004404,False
SO_374.91,Transient retinal arterial occlusion [Amaurosis fugax],3.40046,1.39688,8.2778,0.007011,0.01709,False,,,,,,
EM_232.27,Vitamin B12 deficiency,1.77412,1.16943,2.69147,0.007018,0.01709,False,2.02926,1.27685,3.22505,0.002754,0.006267,False
PP_927,Drugs and alcohol during pregnancy,0.146556,0.0360399,0.595972,0.007294,0.01774,False,0.676435,0.268014,1.70724,0.4079,0.5162,False
MS_723.5,Tendinitis,1.47238,1.10944,1.95405,0.00738,0.01793,False,1.70188,1.22203,2.37015,0.001652,0.004015,False
DE_663,Bullous disorders,3.13995,1.53735,6.41315,0.00739,0.01793,False,2.34408,1.03699,5.2987,0.08263,0.1356,False
NS_333.52,REM sleep behavior disorder,3.08285,1.53007,6.21145,0.00763,0.01849,False,1.74945,0.690363,4.43329,0.3184,0.42,False
RE_487.3,Hemoptysis,2.26152,1.24148,4.11966,0.007657,0.01852,False,1.35496,0.657858,2.79075,0.4099,0.5176,False
CA_149.4,Benign neoplasm of the pituitary gland and craniopharyngeal duct,1.84288,1.17379,2.89339,0.007903,0.0191,False,2.00276,1.23392,3.25065,0.004946,0.01072,False
DE_676,Hypertrophic conditions of skin,1.47297,1.10674,1.96038,0.007924,0.01912,False,2.14627,1.52819,3.01436,1.048e-05,3.451e-05,True
CV_444.5,Venous insufficiency (chronic) (peripheral),1.42687,1.09735,1.85534,0.00797,0.01921,False,1.44006,1.06069,1.95513,0.01941,0.03722,False
GI_542.11,Cirrhosis of liver,1.60049,1.13007,2.26672,0.008082,0.01945,False,1.51391,1.06872,2.14456,0.0196,0.03754,False
PP_926,"Mental disorders complicating pregnancy, childbirth and the puerperium",0.55324,0.356944,0.857484,0.008105,0.01948,False,0.915514,0.593062,1.41329,0.6903,0.7717,False
ID_002.1,Staphylococcus aureus,0.402702,0.205139,0.790531,0.008218,0.01973,False,1.55783,1.01164,2.39891,0.04417,0.07768,False
NS_326,Demyelinating diseases of the central nervous system,1.62458,1.13251,2.33045,0.008391,0.02009,False,1.29035,0.828332,2.01008,0.2597,0.3539,False
RE_487.1,Epistaxis,1.6137,1.13055,2.30333,0.008393,0.02009,False,2.50872,1.7416,3.61375,7.838e-07,3.035e-06,True
MS_718.5,Sciatica,1.22892,1.05421,1.43257,0.00842,0.02013,False,1.20751,0.997208,1.46217,0.05344,0.09248,False
CM_768.1,Chest wall deforities,3.04059,1.50362,6.14863,0.008526,0.02035,False,,,,,,
SO_361.36,Brow ptosis*,4.03705,1.7473,9.32742,0.008533,0.02035,False,,,,,,
MS_745.5,Fracture of hand or wrist,0.618776,0.432437,0.885407,0.008647,0.02059,False,1.09745,0.727133,1.65637,0.6579,0.7443,False
NS_333.14,Idiopathic sleep related nonobstructive alveolar hypoventilation,1.78563,1.15811,2.75317,0.008679,0.02064,False,1.02097,0.53721,1.94035,0.9495,0.9636,False
MB_280.1,Alcohol use disorders,0.689963,0.522752,0.91066,0.00877,0.02083,False,0.576726,0.40696,0.817313,0.001975,0.004699,False
SO_397.11,Pulsatile tinnitus*,2.23884,1.22524,4.09093,0.008782,0.02083,False,2.30272,1.10826,4.78453,0.02539,0.04745,False
CA_148.5,Benign neoplasm of cranial nerve,3.00658,1.4939,6.05098,0.008886,0.02104,False,2.70935,1.25289,5.85891,0.03398,0.06172,False
DE_675,Atrophic conditions of skin,1.71302,1.14453,2.56388,0.008895,0.02104,False,2.7202,1.75316,4.22066,8.012e-06,2.678e-05,True
ID_008,Helicobacter [H. pylori],2.291,1.22866,4.27188,0.009115,0.02154,False,1.52793,0.56752,4.11365,0.4015,0.5089,False
GI_546.31,Hepatosplenomegaly*,2.80989,1.29168,6.11258,0.009177,0.02165,False,,,,,,
CA_144.2,Benign neoplasms of the uterus,1.42128,1.0905,1.85241,0.009299,0.02191,False,1.5209,1.09337,2.1156,0.01277,0.02559,False
GE_983,Genetic carrier status,1.96811,1.17993,3.28281,0.009492,0.02234,False,3.23681,2.00917,5.21455,1.381e-06,5.128e-06,True
DE_679.6,Changes in skin texture,2.38117,1.23563,4.58871,0.009539,0.02242,False,3.03598,1.47077,6.2669,0.0107,0.02174,False
SS_810.3,Hypovolemic shock*,2.91416,1.29184,6.57383,0.009969,0.0234,False,2.0985,0.779935,5.64621,0.1422,0.2173,False
PP_901,Abnormal products of conception,0.307018,0.125035,0.75387,0.009983,0.02341,False,0.658147,0.281884,1.53665,0.3336,0.4355,False
MB_280.21,Opioid abuse or dependence,0.570581,0.372059,0.87503,0.01012,0.02369,False,0.883311,0.595836,1.30948,0.5368,0.6406,False
EM_204.5,Prediabetes*,1.20397,1.04486,1.38731,0.01026,0.02398,False,1.39052,1.19567,1.61712,1.868e-05,5.947e-05,True
PP_920,Problems associated with amniotic cavity and membranes,0.221193,0.0698921,0.700027,0.01027,0.02398,False,1.03855,0.467675,2.30628,0.926,0.9526,False
PP_928,Poor fetal growth and uterine size date discrepancy,0.34226,0.150492,0.778393,0.01054,0.02459,False,0.589724,0.269535,1.29028,0.1652,0.2464,False
CA_101.8,Malignant neoplasm of the pancreas,0.0962358,0.00683149,1.35568,0.01062,0.02473,False,0.298295,0.0637465,1.39584,0.07727,0.1274,False
MS_710.44,Foot drop (acquired)*,1.90057,1.16011,3.11366,0.01078,0.02509,False,0.962756,0.456484,2.03052,0.9206,0.9495,False
EM_232.21,Thiamine deficiency [Vitamin B1],2.56118,1.23856,5.29621,0.01118,0.02597,False,1.2823,0.465377,3.53327,0.6794,0.7649,False
SO_392,Otalgia and effusion of ear,1.35719,1.07158,1.71893,0.01129,0.02621,False,1.45899,1.09225,1.94887,0.01055,0.02145,False
CA_139.1,Benign neoplams of the bone and/or cartilage,2.92065,1.2742,6.69453,0.01132,0.02624,False,3.85702,1.85366,8.0255,0.002581,0.005932,False
SS_832.9,Hypercalciuria*,3.17749,1.29787,7.77922,0.01138,0.02635,False,2.04186,0.858403,4.8569,0.1744,0.2577,False
GI_517.2,Chronic vascular insufficiency of intestine,2.58336,1.3547,4.92638,0.01157,0.02674,False,4.11111,2.18663,7.72936,1.14e-05,3.72e-05,True
MB_283.4,Patient's noncompliance with medical treatment and regimen,0.55469,0.351015,0.876546,0.01159,0.02676,False,0.725952,0.464822,1.13378,0.1591,0.2385,False
GU_593,Hematuria,1.21913,1.04524,1.42195,0.01162,0.0268,False,1.57256,1.32232,1.87015,3.063e-07,1.237e-06,True
EM_202.32,Drug or chemical induced diabetes mellitus*,3.76629,1.61976,8.75745,0.01174,0.02704,False,,,,,,
GU_594.32,Stress incontinence,1.43421,1.08214,1.90083,0.0121,0.02783,False,1.40711,0.992821,1.99426,0.05492,0.09474,False
DE_686,Chronic ulcer of skin,0.6624,0.480096,0.91393,0.01214,0.02789,False,0.794257,0.573503,1.09999,0.1656,0.2468,False
MS_704.5,Giant cell arteritis,3.02422,1.45224,6.29778,0.01219,0.02798,False,2.48014,0.959435,6.41116,0.1248,0.194,False
ID_002,Staphylococcus,0.485744,0.275971,0.85497,0.01231,0.0282,False,1.74772,1.2174,2.50906,0.002476,0.005716,False
SO_367.3,Keratoconjunctivitis,1.77524,1.13252,2.78271,0.01233,0.02821,False,3.75851,2.5028,5.64423,1.747e-10,9.049e-10,True
MB_280.31,Cannabis abuse or dependance,0.349817,0.153641,0.796482,0.01235,0.02822,False,0.428246,0.172189,1.06507,0.0681,0.1139,False
PP_901.3,Missed abortion,0.167021,0.0410177,0.680102,0.01249,0.0285,False,0.729522,0.257205,2.06917,0.5532,0.6556,False
NS_347,Other disorders of the brain and CNS,1.54177,1.09667,2.16753,0.01274,0.02902,False,1.57112,1.05661,2.33617,0.02562,0.04782,False
CM_763,Congenital anomalies of the heart,1.36919,1.06926,1.75326,0.01275,0.02902,False,1.85001,1.41651,2.41617,6.301e-06,2.128e-05,True
MB_286.12,Bipolar II disorder*,1.61695,1.10626,2.3634,0.01309,0.02976,False,1.15871,0.713982,1.88044,0.551,0.6541,False
EM_200.21,Diffuse goiter,1.59641,1.10284,2.31086,0.01319,0.02995,False,1.36265,0.856364,2.16826,0.1917,0.2787,False
MS_703.2,Chondrocalcinosis,2.61184,1.34893,5.05712,0.01323,0.03001,False,3.68064,1.93497,7.0012,0.0006623,0.001718,False
RE_475.6,Cough variant asthma,2.6345,1.22336,5.67338,0.01332,0.03018,False,4.65205,2.18122,9.92179,6.949e-05,0.0002077,False
SS_823.1,Nonspecific elevation of levels of transaminase or lactic acid dehydrogenase [LDH],1.36151,1.06616,1.73866,0.01338,0.03028,False,1.85852,1.42664,2.42113,4.362e-06,1.521e-05,True
BI_160.2,Megaloblastic anemia,1.65606,1.10994,2.47087,0.01348,0.03046,False,1.87887,1.21836,2.89745,0.004322,0.009447,False
CA_102.1,Malignant neoplasm of the of bronchus and lung,0.477534,0.265482,0.85896,0.01361,0.03071,False,0.569668,0.335745,0.966574,0.03698,0.06656,False
SO_374.13,Horseshoe tear of retina without detachment,2.99454,1.42806,6.27931,0.01371,0.0309,False,,,,,,
GU_591,Urinary tract infection [UTI],1.1855,1.03493,1.35797,0.01408,0.03169,False,1.30879,1.12672,1.52028,0.0004297,0.001156,False
SO_391.6,Cholesteatoma of middle ear,2.76962,1.22627,6.25539,0.01426,0.03207,False,,,,,,
CA_124.7,Chronic myeloproliferative disease*,3.23991,1.47955,7.09474,0.01446,0.03248,False,,,,,,
SS_826.1,Nonspecific reaction to test for tuberculosis,2.57396,1.2061,5.49313,0.01451,0.03254,False,5.26914,2.29606,12.0919,8.812e-05,0.00026,False
MS_716.3,Spinal disc displacement (herniation),1.39711,1.06841,1.82694,0.01455,0.03259,False,1.97067,1.4349,2.70649,2.782e-05,8.72e-05,True
MB_280.2,Opioid use disorders,0.650561,0.46072,0.918628,0.0146,0.03268,False,0.98385,0.709787,1.36373,0.9221,0.9499,False
CM_750.2,Neural tube defects and congenital disorders of the spinal cord,1.99876,1.14621,3.48547,0.01465,0.03274,False,4.00598,2.16987,7.39578,0.0001112,0.0003246,False
SO_371.3,Nuclear cataract,1.41768,1.07082,1.87691,0.01477,0.03298,False,2.56531,1.88692,3.4876,1.834e-09,8.983e-09,True
CM_763.3,Congenital malformations of cardiac chambers and connections,1.51122,1.08404,2.10673,0.01485,0.0331,False,2.56619,1.79024,3.67846,2.9e-07,1.174e-06,True
CA_139.53,Lipoma of skin subcutaneous tissue,1.6856,1.10733,2.56586,0.01487,0.03311,False,2.42047,1.45933,4.01463,0.0006169,0.001616,False
CV_448.9,Peripheral vascular disease NOS [includes PAD],0.687794,0.508813,0.929733,0.01494,0.03324,False,0.921243,0.686497,1.23626,0.5846,0.684,False
CA_105,Malignant neoplasm of the breast,0.77033,0.624267,0.950568,0.01499,0.0333,False,0.713998,0.567386,0.898494,0.00407,0.008969,False
NS_338.1,Myasthenia gravis,2.46506,1.30321,4.66272,0.01504,0.03338,False,4.03788,2.29188,7.11399,2.711e-05,8.512e-05,True
EM_239.13,Elevated Lipoprotein(a)*,2.4502,1.30327,4.60648,0.01524,0.03377,False,2.86392,1.62629,5.04339,0.001468,0.003599,False
MB_308.31,Visual hallucinations,2.53942,1.19587,5.39244,0.01529,0.03383,False,2.4908,1.04066,5.96167,0.09033,0.147,False
CV_436.2,Atherosclerosis of the extremities,0.453019,0.238863,0.859183,0.01532,0.03386,False,0.502983,0.253351,0.99858,0.03317,0.06058,False
GI_517,Gastrointestinal vascular disorders,1.68068,1.10436,2.55775,0.01538,0.03396,False,2.33512,1.50572,3.62136,0.0001518,0.0004367,False
GI_514.2,Intestinal obstruction,1.45623,1.07218,1.97786,0.01612,0.03555,False,1.61197,1.11634,2.32765,0.01086,0.02201,False
CV_416.214,Permanent atrial fibrillation*,0.33406,0.117238,0.951872,0.01641,0.0361,False,0.329822,0.116048,0.937395,0.01526,0.0301,False
SO_374.42,Diabetic retinopathy,0.544334,0.331235,0.89453,0.01641,0.0361,False,0.828547,0.518458,1.3241,0.4317,0.537,False
CM_762.15,Congenital laryngomalacia*,3.44293,1.46693,8.0807,0.01645,0.03614,False,,,,,,
PP_908.3,Gestational [pregnancy-induced] hypertension without significant proteinuria,0.332578,0.135207,0.818063,0.01652,0.03625,False,0.829527,0.428914,1.60432,0.5786,0.678,False
ID_097.3,Resistance to beta lactam antibiotics,2.38903,1.17174,4.87095,0.01657,0.03633,False,2.90119,1.61768,5.20309,0.0003518,0.0009572,False
CV_416.213,Chronic atrial fibrillation*,0.451108,0.217992,0.933514,0.01699,0.03719,False,0.756219,0.414967,1.3781,0.3505,0.4531,False
BI_168.214,Antiphospholipid syndrome*,2.14321,1.14436,4.01392,0.01726,0.03774,False,2.57097,1.33865,4.93773,0.00457,0.009949,False
EM_256.3,Mixed disorder of acid-base balance,1.33825,1.05243,1.70169,0.01746,0.03813,False,1.77104,1.38709,2.26125,4.551e-06,1.573e-05,True
GU_626.11,Oligomenorrhea,0.627827,0.427611,0.921789,0.01752,0.03822,False,1.7027,1.14179,2.53916,0.009046,0.01868,False
CV_416.12,Ventricular tachycardia,1.50903,1.07193,2.12438,0.01837,0.04003,False,1.37517,0.947719,1.99541,0.09349,0.1517,False
CV_403.1,Coronary artery spasm [Coronary vasospasm]*,2.82844,1.35966,5.88387,0.01843,0.0401,False,4.90637,2.41953,9.94924,0.0002084,0.0005849,False
MS_710.2,Deformities of the hip,2.21402,1.22399,4.00484,0.01852,0.04025,False,1.52407,0.714894,3.24915,0.3257,0.4276,False
BI_170.12,Drug induced neutropenia,0.301201,0.110551,0.820635,0.01895,0.04114,False,0.65209,0.281508,1.51051,0.3185,0.42,False
CV_424.3,Diastolic heart failure,0.70692,0.529091,0.944518,0.01897,0.04114,False,0.992794,0.777841,1.26715,0.9537,0.9657,False
GI_522.91,Acute gastritis,2.0358,1.12112,3.69673,0.01951,0.04226,False,2.35412,1.1385,4.86767,0.02089,0.03983,False
GU_592,Cystitis and urethritis,1.20556,1.03014,1.41085,0.0198,0.04283,False,1.40696,1.17439,1.68559,0.0002125,0.0005944,False
BI_168.4,Abnormal coagulation profile,1.67489,1.08279,2.59075,0.02048,0.04422,False,1.44921,0.854382,2.45816,0.1688,0.2506,False
RE_495,Abnormal findings on diagnostic imaging of lung,1.20209,1.02879,1.40458,0.02049,0.04422,False,1.49184,1.25783,1.76939,4.327e-06,1.515e-05,True
SS_822.8,Abnormal tumor markers,2.07386,1.11815,3.84647,0.02065,0.04446,False,2.27193,1.18211,4.36646,0.01382,0.02735,False
SS_822,"Other and nonspecific abnormal cytological, histological and immunological findings",2.07386,1.11815,3.84647,0.02065,0.04446,False,2.27193,1.18211,4.36646,0.01382,0.02735,False
SO_360.5,Noninfectious dermatoses of eyelid,2.81957,1.17008,6.79437,0.02089,0.04492,False,,,,,,
CM_765,Congenital deformities of hip,2.24941,1.21763,4.15551,0.02093,0.04494,False,1.8046,0.840387,3.87508,0.1811,0.2664,False
GU_614.5,"Inflammatory disease of cervix, vagina, and vulva",1.24348,1.03291,1.49699,0.02134,0.04577,False,1.28681,1.01978,1.62376,0.03359,0.06114,False
BI_164.2,Macrocytic anemia,1.42819,1.05414,1.93497,0.02143,0.04593,False,1.43439,1.02735,2.00271,0.03414,0.06194,False
CA_139.52,Lipoma of intrathoracic organs,2.60827,1.15165,5.90723,0.02153,0.04609,False,1.7831,0.730053,4.35509,0.2729,0.3687,False
NS_346.5,Compression of brain,1.91825,1.15265,3.19235,0.02158,0.04613,False,2.53419,1.4595,4.40022,0.003366,0.007542,False
PP_937,Abnormal findings on antenatal screening of mother,0.259374,0.08183,0.822131,0.02186,0.04668,False,1.06806,0.450344,2.53305,0.8812,0.9183,False
GI_510.1,Achalasia of cardia,3.25515,1.42148,7.4542,0.02212,0.04717,False,3.11353,1.42244,6.81512,0.01859,0.03591,False
PP_947.4,Cord entanglement complicating labor and delivery,0.260491,0.082195,0.825541,0.02227,0.04744,False,1.20482,0.594266,2.44265,0.6262,0.719,False
CM_763.232,Congenital insufficiency of aortic valve,1.94514,1.09915,3.44227,0.02234,0.04753,False,2.50518,1.1906,5.27121,0.01554,0.0306,False
MS_710,Acquired deformities of limbs,1.32312,1.04048,1.68254,0.02239,0.04759,False,1.36921,1.02419,1.83045,0.0339,0.06164,False
CA_101.411,Malignant neoplasm of colon,0.475104,0.250416,0.901393,0.02275,0.04828,False,0.792031,0.455111,1.37837,0.4095,0.5174,False
SO_396.5,Sudden idiopathic hearing loss,2.74629,1.14836,6.56769,0.02315,0.04908,False,1.3242,0.528656,3.31691,0.5997,0.6946,False
GU_593.2,Microscopic hematuria,1.3812,1.04436,1.82668,0.02356,0.04989,False,1.83607,1.33758,2.52035,0.0001702,0.0004835,False
RE_474.1,Emphysema,0.693762,0.505209,0.952686,0.02385,0.05045,False,0.972579,0.712558,1.32748,0.8609,0.9032,False
PP_927.2,Tobacco use during pregnancy,0.298316,0.087086,1.02189,0.02409,0.05091,False,0.626269,0.191163,2.05171,0.4396,0.5435,False
CM_762,Congenital malformations of respiratory system,2.27603,1.20514,4.29852,0.02419,0.05105,False,,,,,,
MS_740.2,Dislocation of shoulder,2.09469,1.0962,4.00268,0.02522,0.05317,False,3.10653,1.55462,6.20767,0.006032,0.01289,False
CM_760.22,Congenital malformations of penis,3.16304,1.32789,7.53435,0.02541,0.05345,False,,,,,,
GU_614,Inflammatory diseases of female pelvic organs,1.22512,1.0253,1.46389,0.02542,0.05345,False,1.32232,1.05662,1.65484,0.01464,0.0289,False
NS_347.2,Disorders of meninges,2.69765,1.12946,6.44319,0.02548,0.05353,False,4.45169,2.10607,9.40972,0.001103,0.002763,False
PP_909,"Diabetes mellitus or abnormal glucose in pregnancy, childbirth, and the puerperium",0.606597,0.391158,0.940695,0.02554,0.0536,False,0.751426,0.446258,1.26528,0.2824,0.3794,False
EM_238.4,Hypervitaminosis D,2.85268,1.31285,6.19855,0.02578,0.05403,False,1.82033,0.816661,4.05752,0.2064,0.2954,False
MS_706,Inflammatory spondylopathies,1.35857,1.03663,1.7805,0.02637,0.05521,False,2.16203,1.64773,2.83686,2.649e-08,1.192e-07,True
MB_288.41,Agoraphobia,2.02365,1.08412,3.7774,0.02686,0.05615,False,2.26388,1.19079,4.30402,0.02886,0.05345,False
MS_719.93,Contracture of muscle*,2.35284,1.20776,4.58357,0.02732,0.05707,False,2.15179,0.853392,5.42563,0.1044,0.1657,False
BI_168.18,Other nonthrombocytopenic purpura,2.31859,1.19897,4.48374,0.02764,0.05767,False,0.92622,0.332711,2.57847,0.892,0.9256,False
DE_675.1,Circumscribed scleroderma,1.71515,1.09683,2.68204,0.02795,0.05823,False,2.37753,1.47986,3.81973,0.001233,0.003059,False
MS_700.43,Polymyositis,2.66407,1.1114,6.38591,0.02804,0.05836,False,3.36511,1.41271,8.01578,0.006141,0.01307,False
NS_328.3,Cerebral degeneration,2.32042,1.19898,4.49079,0.02823,0.05869,False,1.32944,0.567646,3.11359,0.5535,0.6556,False
NS_341,Cerebral palsy and other paralytic syndromes,0.619935,0.403924,0.951466,0.0287,0.0596,False,0.741258,0.479994,1.14473,0.1769,0.261,False
NS_348.1,Syringomyelia and syringobulbia,2.82014,1.28499,6.1893,0.02892,0.05998,False,2.30475,1.06325,4.99586,0.07092,0.1174,False
SO_388,Blindness and low vision,1.4879,1.04138,2.12588,0.02906,0.0602,False,1.25556,0.755966,2.08532,0.3793,0.4847,False
ID_064,Norovirus,3.04011,1.3314,6.94178,0.03003,0.06215,False,,,,,,
SO_391.7,Perforation of tympanic membrane,1.80649,1.05804,3.08437,0.03026,0.06255,False,1.92851,1.03077,3.60812,0.0399,0.07114,False
SO_387.2,Myopia,1.38297,1.02978,1.85728,0.03116,0.06434,False,2.1773,1.55292,3.05274,6.405e-06,2.159e-05,True
ID_091,Gangrene,0.372117,0.151404,0.914579,0.03119,0.06434,False,1.09866,0.584472,2.0652,0.78,0.8439,False
NS_329.42,Cognitive communication deficit,1.91731,1.05967,3.46909,0.03143,0.06476,False,2.58267,1.50849,4.42176,0.002083,0.004916,False
SO_396.2,Sensorineural hearing loss,1.29963,1.02347,1.65031,0.03153,0.06489,False,1.83989,1.42382,2.37754,3.141e-06,1.126e-05,True
RE_466.1,Acute tonsillitis and adenoiditis,1.69308,1.04718,2.73735,0.03171,0.06518,False,0.799201,0.36182,1.7653,0.5793,0.6783,False
MS_745.7,Skull and face fracture,0.406482,0.178367,0.926336,0.03219,0.06609,False,0.274714,0.066602,1.13311,0.07392,0.1221,False
SS_848,Nonspecific abnormal findings of other body structures,1.27323,1.02034,1.5888,0.0325,0.06666,False,2.01206,1.56657,2.58423,4.365e-08,1.911e-07,True
MB_280.9,Psychoactive substance dependance,0.75711,0.586488,0.97737,0.03271,0.067,False,0.874314,0.667391,1.14539,0.3297,0.4314,False
NB_885.2,Very preterm (29 to 32 weeks),3.70939,1.39931,9.83311,0.03282,0.06717,False,,,,,,
GU_586.2,Cyst of kidney,1.37637,1.02596,1.84647,0.0331,0.06764,False,2.00874,1.46854,2.74765,1.275e-05,4.141e-05,True
GI_530.3,Rectal prolapse,2.38054,1.18313,4.78983,0.03335,0.06809,False,,,,,,
GU_592.1,Cystitis,1.18868,1.01357,1.39405,0.03353,0.06831,False,1.39698,1.16303,1.67798,0.0003501,0.0009544,False
CA_102,Malignant neoplasm of the thoracic and respiratory organs,0.563901,0.332504,0.956331,0.03353,0.06831,False,0.613534,0.372779,1.00978,0.05464,0.09435,False
CA_144,Gynecological benign neoplasms,1.31448,1.02115,1.69207,0.0338,0.06878,False,1.49812,1.08845,2.062,0.01314,0.0262,False
MS_723.4,Lateral epicondylitis (Tennis elbow),1.60162,1.03575,2.47666,0.03418,0.06944,False,1.20215,0.645631,2.23836,0.5616,0.6623,False
NS_336.411,"Carpal tunnel syndrome, bilateral*",1.3987,1.0253,1.90809,0.0342,0.06944,False,2.10116,1.45628,3.03161,7.201e-05,0.0002144,False
GI_513.2,Gastric ulcer,1.61751,1.03604,2.52533,0.03437,0.06967,False,1.80241,1.10541,2.93888,0.01819,0.03522,False
MB_280.11,Alcohol abuse and dependence,0.721275,0.532882,0.976272,0.03439,0.06967,False,0.472028,0.302378,0.736859,0.0009538,0.002428,False
GI_554.2,Cyst and pseudocyst of pancreas,1.61308,1.03566,2.51244,0.03443,0.06967,False,2.21279,1.41721,3.45498,0.0004762,0.00127,False
MS_723.6,Impingement syndrome of shoulder*,1.43505,1.02593,2.00732,0.0349,0.07054,False,1.44669,0.916859,2.28269,0.1125,0.177,False
MS_713.2,Effusion of joint,1.31829,1.0192,1.70515,0.0353,0.07128,False,1.36499,1.00054,1.86219,0.0496,0.08648,False
GU_586,Other disorders of the kidney and ureters,1.23094,1.01364,1.49482,0.03602,0.07264,False,1.956,1.59191,2.40337,1.723e-10,8.953e-10,True
ID_089.3,Fungal infections,1.15642,1.00903,1.32534,0.03668,0.0739,False,1.39138,1.18635,1.63184,4.887e-05,0.0001491,False
DE_660.122,Dermatophytosis of nail,0.704486,0.507001,0.978894,0.03688,0.07409,False,0.669756,0.453751,0.98859,0.04362,0.0768,False
PP_907,Placental disorders,0.382459,0.155093,0.943147,0.03688,0.07409,False,0.736429,0.334676,1.62045,0.444,0.5471,False
DE_688,Granulomatous disorder of the skin,1.56392,1.02756,2.38026,0.0369,0.07409,False,2.32067,1.49824,3.59456,0.0001627,0.0004638,False
DE_660.1,Fungal infection of the skin,0.800134,0.648678,0.986952,0.03728,0.07477,False,0.941834,0.733498,1.20934,0.6385,0.7285,False
EM_256.31,Acidosis,1.30622,1.01517,1.6807,0.0378,0.07572,False,1.86955,1.45207,2.40706,1.217e-06,4.539e-06,True
PP_904.11,Threatened abortion,0.123132,0.017036,0.889975,0.03794,0.07593,False,0.961617,0.375373,2.46344,0.939,0.9611,False
GU_582.21,"End stage renal disease [CDK, stage 5]",0.534768,0.295784,0.966841,0.03831,0.07657,False,0.655022,0.382999,1.12025,0.1067,0.169,False
SO_390.4,Impacted cerumen,0.749172,0.569632,0.9853,0.03884,0.07755,False,1.22475,0.919919,1.63059,0.165,0.2464,False
NB_875,Newborn affected by maternal conditions,2.60308,1.15358,5.87391,0.039,0.07779,False,,,,,,
GI_554.11,Acute pancreatitis,1.57815,1.02309,2.43437,0.0391,0.07789,False,1.48945,0.847586,2.6174,0.166,0.2472,False
MB_308,Symptoms related to mental disorders,1.46016,1.01814,2.09409,0.03962,0.0788,False,1.60953,1.06446,2.43371,0.02407,0.04545,False
NS_328.1,Dementias,0.593651,0.36124,0.975589,0.03964,0.0788,False,0.763901,0.524217,1.11317,0.161,0.241,False
GU_612.8,Other specified disorders of breast,1.36758,1.01432,1.84385,0.04005,0.07953,False,1.44334,0.986932,2.1108,0.05847,0.1,False
CV_431.2,Transient cerebral ischemic attack [TIA],1.46455,1.01711,2.10883,0.04025,0.07984,False,1.61458,1.06183,2.45509,0.02506,0.04698,False
PP_900.1,Spontaneous abortion,0.421729,0.184582,0.963557,0.04056,0.08036,False,0.703865,0.249839,1.98298,0.5064,0.6088,False
CA_153,Benign neoplasm of other or unspecified sites,1.94425,1.02814,3.67666,0.04082,0.0808,False,1.57375,0.798656,3.10107,0.236,0.3292,False
GE_966,Other inborn errors of metabolism,2.63489,1.03974,6.6773,0.04114,0.08134,False,,,,,,
CM_758,Congenital malformations of digestive system,1.74042,1.02044,2.9684,0.04193,0.08281,False,1.83232,0.901398,3.72466,0.0943,0.1524,False
PP_947,Umbilical cord complications,0.392712,0.15942,0.9674,0.04215,0.08316,False,1.09871,0.540451,2.23364,0.7948,0.8567,False
NB_879,Newborn affected by noxious substances transmitted via placenta or breast milk,0.135345,0.00954439,1.91926,0.0451,0.08888,False,,,,,,
GU_612.2,"Breast conditions, congenital or relating to hormones",1.5366,1.00863,2.34094,0.0455,0.08957,False,2.47756,1.43945,4.26436,0.001058,0.002658,False
GU_614.55,Candidiasis of vulva and vagina,1.36955,1.01815,1.84224,0.04572,0.08991,False,1.4459,0.998164,2.09447,0.06301,0.107,False
MS_710.41,Flat foot [pes planus],1.6498,1.0094,2.69649,0.04579,0.08996,False,1.55844,0.823528,2.94916,0.1728,0.2556,False
MS_728.1,Chondromalacia,1.5747,1.0084,2.45902,0.04585,0.08997,False,1.93205,1.09037,3.42346,0.02405,0.04545,False
GE_965.3,Lipoprotein deficiencies,2.03807,1.01075,4.10954,0.04661,0.09135,False,2.90296,1.24884,6.74799,0.01328,0.02637,False
CA_120.22,Mature T-Cell,2.56782,1.01246,6.51256,0.04703,0.09208,False,1.92395,0.708139,5.22722,0.1994,0.2871,False
PP_930,Maternal care for abnormality of pelvic organs,0.134703,0.0185914,0.975981,0.04725,0.09242,False,1.20163,0.500198,2.88671,0.6812,0.7653,False
GU_596.2,Overactive bladder,1.30555,1.00234,1.70048,0.04801,0.09372,False,1.22586,0.912343,1.64711,0.1766,0.2608,False
CV_410.3,Myocarditis,2.53752,1.00814,6.38704,0.04802,0.09372,False,,,,,,
SO_396.8,Bilateral hearing loss,1.23221,1.00154,1.51602,0.04833,0.09422,False,1.61486,1.2869,2.02639,3.507e-05,0.0001091,False
MS_700.4,Inflammatory myopathy,1.7089,1.00361,2.90984,0.04847,0.09439,False,2.61516,1.52589,4.48202,0.00047,0.001256,False
NS_346.6,Cerebral edema,0.137124,0.018951,0.99219,0.0491,0.09552,False,1.22206,0.511448,2.91999,0.6518,0.739,False
SS_821,Abnormality of red blood cells,1.5729,0.999574,2.47507,0.05022,0.09758,False,2.06315,1.22409,3.47734,0.006546,0.01389,False
GU_608,Other disorders of male genital organs,1.71691,0.997716,2.95454,0.05097,0.09895,False,1.49761,0.705104,3.18084,0.3402,0.4431,False
DE_682.2,Pilonidal cyst,0.139925,0.019334,1.01268,0.05148,0.09982,False,1.2511,0.534278,2.92965,0.6417,0.7306,False
GU_602.5,Inflammatory diseases of prostate,2.17858,0.994352,4.77317,0.05168,0.1001,False,,,,,,
SO_371,Cataract,1.22465,0.998119,1.50259,0.05215,0.1009,False,1.96719,1.58467,2.44206,8.634e-10,4.293e-09,True
SO_384.1,Anisocoria,2.52445,0.989949,6.43755,0.05252,0.1015,False,,,,,,
GI_516.1,Pyloric stenosis,2.438,1.12761,5.27115,0.05259,0.1016,False,,,,,,
CV_452,"Hemorrhage, NOS",2.00778,0.991895,4.06413,0.0527,0.1016,False,3.75568,1.89458,7.445,0.0001505,0.0004345,False
ID_054.3,Hepatitis C,0.52947,0.27827,1.00743,0.0527,0.1016,False,0.695661,0.318883,1.51762,0.3619,0.466,False
GU_603,Disorders of testis,1.521,0.994543,2.32612,0.05302,0.102,False,1.10488,0.598657,2.03916,0.7497,0.8194,False
PP_928.1,Uterine size date discrepancy,0.248208,0.0604722,1.01877,0.05309,0.102,False,0.63601,0.224149,1.80464,0.3891,0.4951,False
GI_537,Abnormality of the peritoneum,1.43392,0.995188,2.06607,0.0531,0.102,False,2.53174,1.69223,3.78771,6.205e-06,2.104e-05,True
CV_413,Heart valve disorders,1.17125,0.997759,1.37491,0.05329,0.1023,False,1.37193,1.15646,1.62755,0.0002862,0.000791,False
MB_308.3,Hallucinations,1.57638,0.991993,2.50503,0.05411,0.1037,False,1.92879,1.03933,3.57945,0.03732,0.0671,False
GU_593.1,Gross hematuria,1.38497,0.993632,1.93043,0.05457,0.1045,False,2.29662,1.64529,3.2058,1.029e-06,3.93e-06,True
PP_927.3,Other drug use during pregnancy,0.143706,0.0198086,1.04255,0.05502,0.1052,False,0.170357,0.0138835,2.09036,0.09345,0.1517,False
EM_256.6,Fluid overload,1.52645,0.98999,2.35361,0.05557,0.1062,False,1.81924,1.16969,2.82949,0.007919,0.01659,False
GE_960,Chromosomal anomalies,1.58999,0.988653,2.5571,0.05576,0.1064,False,1.8948,1.10416,3.25159,0.02036,0.03892,False
GU_594.31,Urge incontinence,1.32959,0.992024,1.78202,0.0566,0.1079,False,1.63023,1.18645,2.23999,0.002574,0.005923,False
GI_513.3,Duodenal ulcer,1.9581,0.980685,3.90965,0.05682,0.1082,False,0.876888,0.315337,2.43845,0.814,0.87,False
BI_164.3,Acute posthemorrhagic anemia,0.757521,0.568701,1.00903,0.05763,0.1097,False,1.12082,0.831593,1.51063,0.4539,0.5565,False
RE_474.13,Centrilobular emphysema*,0.582684,0.321418,1.05632,0.05775,0.1098,False,0.716398,0.393913,1.30289,0.2629,0.3569,False
CA_114.4,Carcinoid tumors,2.22405,1.08425,4.56205,0.05798,0.1101,False,3.47234,1.78637,6.74952,0.001711,0.004145,False
MB_300,Intellectual disabilities,0.476346,0.221063,1.02643,0.05831,0.1106,False,0.484234,0.194221,1.2073,0.1198,0.1869,False
PP_916.4,Streptococcus B carrier,0.449778,0.196553,1.02924,0.05853,0.1109,False,0.334856,0.104676,1.0712,0.06518,0.1097,False
NB_885.32,"Moderate to late preterm, 35-36 weeks",0.146805,0.0102764,2.09719,0.05865,0.111,False,,,,,,
SO_362.8,Meibomian gland dysfunction of eyelid*,1.683,0.976625,2.9003,0.06082,0.115,False,2.93594,1.74157,4.9494,5.298e-05,0.0001604,False
EM_236.2,Localized adiposity,2.03778,0.966939,4.29452,0.06127,0.1157,False,2.31063,1.00343,5.3208,0.09506,0.1533,False
RE_488.7,Apnea,1.55457,0.979322,2.46771,0.0613,0.1157,False,3.16697,1.85373,5.41056,0.0002123,0.0005944,False
CA_101.4,Malignant neoplasm of the lower GI tract,0.638087,0.398514,1.02168,0.06139,0.1157,False,0.725425,0.445666,1.1808,0.1966,0.2843,False
MB_293.3,Binge eating disorder*,1.84826,1.02737,3.32505,0.06183,0.1164,False,0.777825,0.332526,1.81944,0.5693,0.6694,False
CA_109,"Malignant neoplasm of the eye, brain and other parts of central nervous system",0.481839,0.223741,1.03767,0.06211,0.1168,False,0.422764,0.170955,1.04548,0.06236,0.106,False
NB_886.2,"Very low birthweight (1,000 - 1,500 g)",3.62647,1.22451,10.7401,0.06303,0.1184,False,,,,,,
CA_142.2,Abnormal mammogram,1.37863,0.982402,1.93466,0.06327,0.1188,False,1.25005,0.743972,2.10037,0.4229,0.5298,False
CV_436.5,Cerebral atherosclerosis,2.7184,1.13352,6.51925,0.06349,0.119,False,,,,,,
GU_612.21,Galactorrhea,2.12874,0.957139,4.73446,0.06395,0.1198,False,,,,,,
GE_961.8,Genetic susceptibility to malignant neoplasm,1.46939,0.974599,2.21537,0.06619,0.1239,False,2.0773,1.39357,3.09647,0.0003315,0.0009081,False
DE_682.4,Acne,1.24273,0.985506,1.56708,0.06627,0.1239,False,1.53353,1.18787,1.97978,0.001034,0.002615,False
MB_302.2,Specific developmental disorder of motor function,1.91234,1.01348,3.6084,0.06823,0.1274,False,2.69462,1.31546,5.51974,0.017,0.0332,False
MS_705.2,Juvenile rheumatoid arthritis [JRA/JIA],2.08411,0.945957,4.59164,0.06844,0.1277,False,3.62438,1.8072,7.26876,0.002222,0.005202,False
SO_377.4,Retinal hemorrhage,2.44915,1.0835,5.5361,0.06886,0.1283,False,,,,,,
CV_438.12,Thoracic aneurysm,1.33315,0.9776,1.81801,0.06924,0.1289,False,1.79491,1.321,2.43885,0.0001842,0.0005206,False
DE_682,Other follicular disorders,1.17182,0.987527,1.3905,0.06934,0.129,False,1.43914,1.17467,1.76316,0.0004417,0.001186,False
CV_444.15,Scrotal varices [Varicocele],2.5386,0.928058,6.94408,0.06959,0.1293,False,,,,,,
MB_283.1,Symptoms and signs involving appearance and behavior*,1.47346,0.989472,2.19419,0.07,0.1299,False,1.27667,0.800444,2.03624,0.3051,0.4043,False
NS_352.2,Parageusia*,2.27235,1.0548,4.89531,0.07016,0.1301,False,,,,,,
MS_713.38,Pain in ankle and joints of foot,1.20317,0.984441,1.4705,0.0708,0.1311,False,1.64512,1.30114,2.08005,3.19e-05,9.98e-05,False
SO_360.2,Chalazion,2.18139,0.933708,5.0963,0.07162,0.1324,False,2.18925,0.787068,6.08945,0.1333,0.2051,False
MS_700.3,Systemic sclerosis,2.14701,1.03536,4.45225,0.07164,0.1324,False,1.8565,0.82136,4.19621,0.1956,0.2835,False
CA_101.41,Colorectal cancer,0.634109,0.385694,1.04252,0.07253,0.1339,False,0.711213,0.42456,1.19141,0.1954,0.2835,False
MB_309.3,Emotional lability,1.75209,0.949925,3.23163,0.07258,0.1339,False,1.34368,0.651123,2.77285,0.4242,0.5305,False
GU_596.5,Neuromuscular dysfunction of bladder,1.49761,0.962252,2.33082,0.07354,0.1355,False,2.39203,1.59392,3.58977,0.0001253,0.0003632,False
SS_810,Shock,1.4411,0.965591,2.15079,0.07368,0.1356,False,1.50698,1.02135,2.22352,0.03879,0.06936,False
PP_916.1,Infections of genitourinary tract in pregnancy,0.399408,0.145363,1.09743,0.07513,0.1381,False,0.120898,0.00896672,1.63006,0.03003,0.05528,False
SO_383,Irregular eye movements,1.89648,0.937126,3.83793,0.07517,0.1381,False,1.24774,0.530652,2.93384,0.6445,0.7329,False
GU_618,Noninflammatory disorders of vagina,1.16591,0.984131,1.38128,0.0759,0.1393,False,1.55786,1.29182,1.87868,3.484e-06,1.231e-05,True
CA_103.21,Basal cell carcinoma,1.37763,0.967056,1.96251,0.07599,0.1393,False,1.54104,0.99824,2.37898,0.06729,0.1128,False
PP_929,Excessive fetal growth,0.349939,0.109508,1.11825,0.07649,0.1398,False,0.746876,0.294639,1.89324,0.5386,0.6422,False
SO_396.3,Mixed conductive and sensorineural hearing loss,1.56839,0.953198,2.58064,0.07651,0.1398,False,1.5091,0.840564,2.70937,0.1681,0.2499,False
MB_296.4,Borderline personality disorder,1.47482,0.959374,2.26719,0.07657,0.1398,False,1.57082,0.969013,2.54638,0.06691,0.1124,False
CV_401.6,Secondary hypertension,1.28552,0.97353,1.69749,0.07659,0.1398,False,1.29024,0.949575,1.75313,0.1033,0.1642,False
EM_256.72,Hypovolemia,1.51725,0.95634,2.40714,0.07666,0.1398,False,1.10584,0.638258,1.91595,0.7198,0.797,False
MB_307,Behavioral and emotional disorders with onset usually in childhood and adolescence,1.28947,0.973078,1.70872,0.07673,0.1398,False,1.04418,0.730062,1.49345,0.8128,0.87,False
GU_588.1,Disorders resulting from impaired renal function,0.646417,0.398368,1.04892,0.0773,0.1407,False,1.11014,0.730269,1.68761,0.6249,0.7185,False
GE_970,Hemoglobinopathies,1.51394,0.95469,2.4008,0.07792,0.1416,False,2.17156,1.35085,3.49089,0.001367,0.003366,False
CM_750.11,Aplasia/Hypoplasia of the brain,0.161803,0.0125388,2.08793,0.07795,0.1416,False,,,,,,
CM_763.23,Congenital malformation of aortic and mitral valves,1.5642,0.950989,2.57282,0.07806,0.1417,False,1.87129,1.10308,3.17452,0.02014,0.03853,False
GI_550.4,Cholesterolosis of gallbladder,1.76171,0.936412,3.31436,0.07905,0.1434,False,2.22221,1.14999,4.29414,0.01751,0.03412,False
GI_504.3,Periodontitis,0.168858,0.0231742,1.23037,0.0792,0.1435,False,0.519591,0.12205,2.212,0.3757,0.4811,False
DE_660.11,Candidiasis of skin and nails,0.639847,0.388235,1.05453,0.07983,0.1445,False,1.57506,0.971009,2.55487,0.06566,0.1104,False
CA_108.5,Malignant neoplasm of the bladder,0.4703,0.186801,1.18405,0.08094,0.1463,False,0.987124,0.472461,2.06242,0.9725,0.9798,False
MS_745.8,Stress fracture,1.63716,0.979402,2.73666,0.08105,0.1464,False,3.8083,2.13753,6.785,5.68e-06,1.934e-05,True
CV_404.23,Coronary atherosclerosis due to calcified coronary lesion,1.59047,0.943163,2.68203,0.08177,0.1476,False,2.63771,1.55467,4.47525,0.0003232,0.0008871,False
MS_723.52,Posterior tibial tendinitis,1.68033,0.936447,3.01515,0.08189,0.1476,False,1.4869,0.742508,2.97759,0.2629,0.3569,False
ID_004.3,Group B Streptococcus,0.288043,0.06997,1.18578,0.08472,0.1526,False,0.437926,0.0993463,1.93041,0.2717,0.3675,False
CM_763.2,Congenital malformations of heart valves,1.49982,0.945545,2.37902,0.08506,0.153,False,1.71608,1.03172,2.85439,0.0375,0.06736,False
CA_121.21,Chronic lymphoid leukemia,0.43516,0.153445,1.23408,0.08543,0.1535,False,0.858885,0.368411,2.00234,0.7305,0.806,False
GE_961.81,Genetic susceptibility to malignant neoplasm of breast,1.53284,0.940752,2.49756,0.08639,0.1551,False,1.50554,0.866436,2.61605,0.1467,0.2225,False
GE_961,Genetic syndromes associated with neoplasms,1.37551,0.954,1.98325,0.08769,0.1573,False,1.96361,1.35665,2.84212,0.0003479,0.00095,False
DE_660.12,Dermatophytosis,0.803677,0.624793,1.03378,0.08887,0.1593,False,0.726001,0.526086,1.00189,0.05136,0.08915,False
GU_602.4,Elevated prostate specific antigen [PSA],1.36423,0.95355,1.9518,0.08919,0.1597,False,1.41453,0.903008,2.2158,0.1299,0.2005,False
NS_341.1,Cerebral palsy,0.486501,0.211844,1.11725,0.0894,0.1599,False,0.752962,0.359788,1.57579,0.4514,0.5539,False
CV_426,Complications and ill-defined descriptions of heart disease,1.32842,0.957011,1.84398,0.08963,0.1601,False,1.27462,0.852978,1.90468,0.2364,0.3295,False
NS_334.23,Facial weakness,1.68205,0.919456,3.07713,0.09151,0.1633,False,0.774377,0.30551,1.96282,0.59,0.6883,False
ID_092.1,Systemic inflammatory response syndrome,1.72295,0.914994,3.24436,0.09202,0.1641,False,1.7534,0.902445,3.40677,0.09751,0.1558,False
GI_530.2,Anorectal abscess,1.8589,0.97042,3.56082,0.09297,0.1656,False,1.92376,0.832554,4.44519,0.1257,0.1952,False
NB_886,Birthweight,2.24473,0.970173,5.19374,0.09333,0.1661,False,,,,,,
EM_208,Disorders of parathyroid gland,1.24664,0.963288,1.61333,0.09381,0.1668,False,1.58023,1.22153,2.04426,0.0004954,0.001319,False
PP_932.2,Central nervous system malformation in fetus affecting management of mother,0.171245,0.0130787,2.24219,0.09437,0.1676,False,,,,,,
GU_612.1,Inflammatory disease of breast,1.53244,0.928916,2.52808,0.09467,0.168,False,1.75656,0.893276,3.45413,0.1025,0.1635,False
CV_416.3,Ventricular fibrillation and flutter,2.4344,1.01981,5.81117,0.09507,0.1685,False,2.27758,0.95196,5.44916,0.1187,0.1854,False
PP_932.3,Genetic disease in fetus affecting management of mother,0.172156,0.0132002,2.24526,0.09608,0.1702,False,,,,,,
MB_287.4,Delusional disorders,1.86056,0.894906,3.86821,0.09639,0.1705,False,1.48644,0.561207,3.93704,0.4251,0.5309,False
CV_438.1,Aortic aneurysm and ectasia,1.25618,0.959392,1.64479,0.09721,0.1718,False,1.37355,1.03045,1.83091,0.03043,0.05589,False
PP_920.1,Polyhydramnios,0.390798,0.11458,1.3329,0.0975,0.172,False,0.781319,0.23557,2.59142,0.6867,0.7687,False
MS_721.2,Ganglion cyst,1.44372,0.935063,2.22907,0.09752,0.172,False,1.81012,1.11061,2.95022,0.01727,0.03368,False
NB_889.4,Teething syndrome,0.171387,0.0122398,2.39984,0.09763,0.1721,False,,,,,,
RE_470,Acute bronchiolitis,1.55932,0.921082,2.6398,0.09814,0.1728,False,2.42443,1.33591,4.39989,0.009503,0.0195,False
CV_416.43,Right bundle branch block,0.684451,0.436633,1.07292,0.09832,0.1729,False,1.08559,0.719921,1.63701,0.6951,0.7766,False
GI_557.1,Hematemesis,1.55989,0.920512,2.64336,0.0985,0.1731,False,1.52479,0.790091,2.94268,0.2085,0.2976,False
EM_230.4,Cachexia,1.97083,0.962051,4.03737,0.101,0.1774,False,2.26566,1.24297,4.12981,0.007585,0.01593,False
RE_479.3,Respiratory failure,0.816827,0.64124,1.04049,0.1013,0.1777,False,0.819133,0.631197,1.06303,0.1335,0.2053,False
EM_230.3,Anorexia,1.34117,0.943796,1.90584,0.1016,0.178,False,1.90543,1.29617,2.80109,0.00104,0.002621,False
ID_019,Treponema,0.17713,0.0141308,2.22034,0.1029,0.18,False,,,,,,
ID_019.1,Treponema pallidum [syphilis],0.17713,0.0141308,2.22034,0.1029,0.18,False,,,,,,
NS_328.11,Alzheimer's disease,0.521936,0.224362,1.21418,0.1032,0.1803,False,0.877063,0.501591,1.5336,0.6446,0.7329,False
CA_135.1,Benign neoplasm of the oral cavity,0.178678,0.0146065,2.18572,0.1036,0.1808,False,,,,,,
RE_479.6,Pulmonary collapse [Atelectasis],1.32148,0.944039,1.84984,0.1043,0.1819,False,1.79677,1.24062,2.60222,0.001929,0.004625,False
GI_508,Diseases of lips,1.81999,0.947835,3.49464,0.1051,0.1832,False,1.77366,0.764788,4.11341,0.1818,0.2673,False
PP_909.1,Gestational diabetes mellitus*,0.662126,0.40159,1.09169,0.1061,0.1846,False,0.764855,0.40814,1.43334,0.4029,0.5102,False
CM_770,Other congenital malformations of musculoskeletal system,1.77598,0.884611,3.56552,0.1063,0.1848,False,2.11931,1.12174,4.00405,0.03992,0.07114,False
SS_810.1,Septic shock,1.56334,0.908756,2.68941,0.1065,0.1849,False,1.58187,0.973934,2.56928,0.06385,0.1082,False
CV_410,Inflammation of the heart [Carditis],1.42361,0.926439,2.18757,0.1071,0.1859,False,1.67445,1.08686,2.57969,0.0194,0.03722,False
GU_621,Dysplasia of female genital organs,1.47562,0.918359,2.37104,0.1078,0.187,False,0.971424,0.435793,2.1654,0.9435,0.9636,False
MB_296,Personality disorders,1.37797,0.931621,2.03816,0.1084,0.1877,False,1.42872,0.906474,2.25185,0.1243,0.1935,False
NS_329.8,"Altered mental status, unspecified",1.26549,0.949289,1.68701,0.1085,0.1877,False,1.13545,0.826791,1.55934,0.4325,0.5375,False
ID_052.1,Herpes simplex,1.20751,0.95911,1.52023,0.1086,0.1877,False,1.17732,0.898356,1.54291,0.2368,0.3297,False
EM_202.1,Type 1 diabetes,0.74719,0.523303,1.06686,0.1088,0.1879,False,0.80802,0.563588,1.15846,0.2462,0.3398,False
GU_614.1,"Pelvic peritoneal adhesions, female (postoperative) (postinfection)",2.11723,0.84602,5.29851,0.109,0.1881,False,,,,,,
EM_256.4,Hyperkalemia [Hyperpotassemia],0.77555,0.567737,1.05943,0.1102,0.19,False,1.30304,0.976872,1.73811,0.07174,0.1187,False
RE_479.31,Acute respiratory failure,0.789617,0.590593,1.05571,0.1109,0.191,False,0.921029,0.678706,1.24987,0.5974,0.6924,False
CV_414,Cardiomyopathy,0.802484,0.611926,1.05238,0.1116,0.1921,False,0.915891,0.704396,1.19089,0.5119,0.615,False
MS_711.1,Derangement of meniscus,1.63155,0.892192,2.98362,0.1119,0.1924,False,2.29039,1.10194,4.76058,0.05517,0.09505,False
CV_416.2,Atrial fibrillation and flutter,0.862249,0.718168,1.03524,0.1121,0.1925,False,0.8606,0.716749,1.03332,0.1077,0.1704,False
NS_352.1,Anosmia and Parosmia*,1.93131,0.940883,3.9643,0.1125,0.1931,False,,,,,,
SS_832.6,Pyuria*,1.85184,0.935798,3.66458,0.1128,0.1933,False,1.74863,0.818094,3.73758,0.2007,0.2885,False
SO_387.1,Hypermetropia,1.38774,0.923034,2.08641,0.1153,0.1974,False,0.898216,0.488258,1.65239,0.73,0.806,False
RE_466.2,Chronic tonsillitis and adenoiditis,1.7848,0.928571,3.43055,0.116,0.1985,False,0.77096,0.271694,2.18768,0.6353,0.7259,False
SS_812.1,Generalized edema*,1.61874,0.886113,2.95709,0.1172,0.2003,False,2.2554,1.27284,3.99645,0.01311,0.02617,False
MB_280.91,Psychoactive substance withdrawal,0.485299,0.195863,1.20245,0.1184,0.2021,False,0.773809,0.305946,1.95714,0.5881,0.6865,False
EM_244,Disorders of lipoprotein metabolism and other lipidemias,1.72919,0.868928,3.44113,0.1188,0.2023,False,1.58586,0.691124,3.63891,0.2765,0.3731,False
CM_766.13,Congenital pes cavus,2.23468,0.813623,6.13775,0.1188,0.2023,False,4.2291,1.95118,9.16638,0.002631,0.006029,False
MS_710.43,Cavus deformity of foot,2.23468,0.813623,6.13775,0.1188,0.2023,False,4.2291,1.95118,9.16638,0.002631,0.006029,False
CM_754,"Congenital malformations of tongue, mouth and pharynx",1.78258,0.861595,3.68803,0.1191,0.2025,False,3.21293,1.51176,6.82842,0.00241,0.005612,False
CV_416.21,Atrial fibrillation,0.862677,0.716408,1.03881,0.1192,0.2025,False,0.841171,0.697948,1.01378,0.06934,0.1154,False
EM_236,Overweight and obesity,1.06427,0.984012,1.15107,0.1195,0.2029,False,1.26949,1.16527,1.38304,4.781e-08,2.087e-07,True
PP_903,Preterm labor (including history of),0.44735,0.162424,1.2321,0.1197,0.203,False,0.968799,0.377879,2.48379,0.9474,0.9636,False
EM_239.3,Mixed hyperlipidemia,0.916453,0.820985,1.02302,0.1201,0.2034,False,1.09408,0.976642,1.22564,0.1207,0.1882,False
CM_763.1,Congenital malformations of great arteries,0.543095,0.251511,1.17272,0.1201,0.2034,False,0.671351,0.239615,1.88098,0.4484,0.5506,False
GE_964,Disorders of carbohydrate metabolism,2.00459,0.929431,4.3235,0.1204,0.2037,False,,,,,,
PP_907.6,Malformation of placenta*,0.324488,0.0783307,1.34421,0.1206,0.2039,False,0.981219,0.344334,2.79609,0.9737,0.9804,False
MS_713.34,Pain in wrist*,1.1996,0.952922,1.51012,0.1213,0.2048,False,1.72265,1.32309,2.24287,5.361e-05,0.000162,False
CV_418.2,Abnormal findings on diagnostic imaging of heart and coronary circulation*,1.33573,0.925288,1.92823,0.1222,0.2062,False,1.81164,1.25573,2.61364,0.001484,0.003634,False
CV_413.21,Aortic stenosis,0.730164,0.489894,1.08827,0.1225,0.2064,False,0.832917,0.556273,1.24714,0.3747,0.4803,False
MS_732,Nonspecific abnormal findings on radiological and other examination of musculoskeletal system,1.49544,0.896928,2.49332,0.1229,0.2067,False,1.3127,0.63874,2.69779,0.4591,0.5616,False
CV_416.51,Atrial premature depolarization [Supraventricular premature beats],1.39213,0.914266,2.11975,0.123,0.2067,False,1.81088,1.21164,2.70648,0.003776,0.008367,False
CV_440.13,Phlebitis and thrombophlebitis,1.53483,0.890458,2.6455,0.123,0.2067,False,3.26436,1.90356,5.59795,0.0001518,0.0004367,False
GI_556.3,"Abdominal or pelvic swelling, mass, or lump",1.29836,0.931644,1.80941,0.1231,0.2067,False,1.7438,1.20144,2.53102,0.00344,0.007686,False
MS_745.11,Fracture of femur,0.683396,0.420714,1.11009,0.124,0.2081,False,0.671203,0.370272,1.21671,0.189,0.2757,False
SS_830,Proteinuria,0.801474,0.604241,1.06309,0.1247,0.209,False,1.12125,0.840949,1.49497,0.4355,0.5397,False
SO_375.1,Glaucoma,1.32291,0.924989,1.892,0.1253,0.2099,False,0.983928,0.619783,1.56202,0.9452,0.9636,False
GI_517.1,Acute vascular insufficiency of intestine,1.96412,0.920663,4.19021,0.1256,0.2102,False,0.974411,0.302017,3.14379,0.9693,0.9778,False
ID_097.1,Methicillin resistant Staphylococcus aureus,0.677367,0.403159,1.13808,0.1257,0.2102,False,1.43245,0.909055,2.25721,0.1431,0.2181,False
EM_209.1,Pituitary hyperfunction,1.42086,0.906062,2.22816,0.126,0.2104,False,1.79359,1.11199,2.89298,0.01661,0.03264,False
NS_336.52,Meralgia paresthetica,1.96979,0.918232,4.22559,0.1266,0.2112,False,3.55549,1.64903,7.66601,0.006996,0.01481,False
EM_214.11,Premature menopause,1.9718,0.912339,4.26155,0.1269,0.2115,False,,,,,,
SO_380.11,Optic neuritis,1.98018,0.915666,4.28223,0.1272,0.2119,False,,,,,,
CA_122.2,Non-Hodgkin lymphoma,1.4042,0.906538,2.17507,0.1284,0.2136,False,1.60798,1.04768,2.46794,0.02978,0.05495,False
GE_978.3,Osteochondrodysplasias,2.24356,0.929975,5.41257,0.1285,0.2136,False,3.37211,1.5255,7.45404,0.0132,0.02628,False
CA_128.3,Progesterone receptor positive status*,0.34014,0.072631,1.59292,0.1292,0.2146,False,1.22301,0.519863,2.8772,0.6735,0.7598,False
RE_482.2,Pyothorax (empyema),0.195723,0.0159616,2.39998,0.1313,0.2178,False,,,,,,
EM_256.5,Hypokalemia [Hypopotassemia],1.13465,0.962812,1.33715,0.1316,0.2182,False,1.22339,1.01989,1.46748,0.02984,0.055,False
ID_089.1,Bacterial infections,1.09932,0.971781,1.2436,0.1323,0.2192,False,1.47174,1.28415,1.68674,2.778e-08,1.243e-07,True
NS_344.1,Hydrocephalus,1.61932,0.864194,3.03426,0.1325,0.2192,False,1.32783,0.680322,2.59163,0.4405,0.5442,False
DE_688.1,Sarcoidosis,1.61733,0.864147,3.02699,0.1327,0.2193,False,2.31203,1.2524,4.26818,0.007373,0.01553,False
CV_410.2,Endocarditis,0.544665,0.234232,1.26653,0.1328,0.2193,False,1.30187,0.733924,2.30931,0.367,0.4719,False
NS_348.2,Myelopathies,1.3925,0.903767,2.14552,0.1333,0.2197,False,2.08999,1.26494,3.45317,0.004011,0.008863,False
GU_582.3,Renal dialysis,0.632413,0.338129,1.18282,0.1333,0.2197,False,0.661582,0.353307,1.23884,0.1811,0.2664,False
SO_366,Disorders of conjunctiva,1.80881,0.8338,3.92396,0.1336,0.2197,False,3.54454,1.48931,8.43597,0.004232,0.00929,False
CA_124.5,Essential thrombocythemia,1.72988,0.902643,3.31524,0.1336,0.2197,False,1.78724,0.838897,3.80764,0.1852,0.271,False
MS_700.12,Cutaneous lupus erythematosus,1.75467,0.84167,3.65806,0.1336,0.2197,False,2.17872,1.04427,4.54561,0.07078,0.1173,False
SO_380.2,Disorders of optic disc,1.55975,0.870837,2.79367,0.1349,0.2217,False,3.10156,1.7421,5.52188,0.00012,0.000349,False
GI_540.1,Chronic hepatitis,0.659368,0.381002,1.14111,0.1367,0.2244,False,0.967871,0.527333,1.77644,0.9161,0.9466,False
MB_280.13,Alcoholic liver disease,1.4649,0.882902,2.43054,0.1394,0.2287,False,1.30587,0.722221,2.36118,0.3772,0.4826,False
CM_762.1,Congenital malformations of larynx,2.00627,0.889332,4.52599,0.1404,0.2301,False,,,,,,
SO_387.3,Astigmatism,1.2329,0.93197,1.631,0.1425,0.2332,False,1.44841,1.03823,2.02066,0.0292,0.05401,False
SS_847.8,Stem cell transplant,0.430488,0.127289,1.45589,0.1426,0.2332,False,0.726872,0.257214,2.05409,0.5531,0.6556,False
MS_702.1,Pyogenic arthritis [Septic arthritis],0.346591,0.0839052,1.43168,0.1432,0.2339,False,0.897416,0.356818,2.25705,0.8265,0.8783,False
CV_416.411,"Atrioventricular block, first degree",1.42815,0.906385,2.25029,0.1458,0.2378,False,1.079,0.614817,1.89363,0.7975,0.8588,False
MS_745.4,Fracture of foot and toe,1.24273,0.927271,1.6655,0.1458,0.2378,False,1.29868,0.910353,1.85265,0.1494,0.2259,False
MB_303,Symbolic dysfunctions,1.67013,0.835429,3.33882,0.1467,0.2391,False,1.80642,0.806351,4.04682,0.212,0.3017,False
CA_101,Malignant neoplasm of the digestive organs,1.23215,0.929195,1.63387,0.1471,0.2395,False,1.30711,0.978816,1.74552,0.06954,0.1155,False
GI_517.4,Gastrointestinal angiodysplasia,0.207631,0.0165052,2.61193,0.1481,0.2408,False,1.94324,0.765812,4.93097,0.2387,0.3318,False
CM_758.1,Congenital malformations of intestine,1.71474,0.82484,3.56471,0.1487,0.2416,False,1.56642,0.615872,3.98407,0.4167,0.5233,False
EM_236.11,Morbid obesity,0.919881,0.821184,1.03044,0.1493,0.2424,False,0.952223,0.834786,1.08618,0.466,0.5679,False
PP_945,Rupture of uterus,0.352817,0.0850768,1.46314,0.1511,0.245,False,1.1113,0.470895,2.62263,0.8225,0.8746,False
PP_945.3,Postpartum hemorrhage,0.352845,0.0850836,1.46326,0.1512,0.245,False,1.11153,0.470999,2.62317,0.8221,0.8746,False
MB_302,Developemental delay,1.23391,0.925488,1.64512,0.1521,0.2462,False,1.55544,1.10542,2.18866,0.01124,0.02269,False
RE_481.42,Idiopathic pulmonary fibrosis,0.209792,0.0168778,2.60771,0.153,0.2475,False,,,,,,
GU_621.1,Dysplasia of cervix,1.45134,0.870594,2.41947,0.1531,0.2476,False,0.635338,0.226381,1.78307,0.389,0.4951,False
CV_406,Pulmonary heart disease,0.794305,0.578919,1.08982,0.1536,0.248,False,0.96755,0.701928,1.33369,0.8403,0.886,False
GU_588,Disorders and findings from impaired renal function,0.748062,0.502048,1.11463,0.1537,0.248,False,1.2677,0.888499,1.80873,0.1909,0.2778,False
CA_103.1,Melanomas of skin,1.27542,0.912767,1.78216,0.1541,0.2483,False,1.09463,0.72622,1.64995,0.6658,0.7522,False
SO_374.9,Retinal occlusions,1.60496,0.83728,3.07652,0.1541,0.2483,False,1.74656,0.822829,3.70728,0.1957,0.2835,False
CM_750.111,Microcephaly,0.210481,0.017136,2.58535,0.1546,0.2488,False,,,,,,
CV_431.11,Cerebral infarction [Ischemic stroke],0.805298,0.59755,1.08527,0.1549,0.2489,False,0.989108,0.72957,1.34097,0.9438,0.9636,False
MS_703.1,Gout,0.796908,0.58286,1.08956,0.1549,0.2489,False,1.16764,0.848035,1.60771,0.3422,0.445,False
NB_886.3,"Low birthweight (1,500 - 2,500 g)",2.61644,0.846807,8.08422,0.1551,0.2489,False,,,,,,
CM_755,"Congenital deformities of skull, face, and jaw",1.52227,0.852665,2.71774,0.1553,0.2491,False,1.80616,0.804646,4.05423,0.2044,0.2933,False
PP_908.2,"Pre-existing hypertension complicating pregnancy, childbirth and the puerperium",0.547374,0.237836,1.25977,0.1565,0.2507,False,0.876071,0.397271,1.93193,0.743,0.8137,False
CA_109.3,Malignant neoplasm of brain,0.548173,0.238521,1.25982,0.1568,0.251,False,0.625557,0.268491,1.45749,0.263,0.3569,False
GI_550.22,Chronic cholecystitis,1.75094,0.805701,3.80511,0.1572,0.2515,False,1.50001,0.640213,3.51449,0.4118,0.5196,False
MB_305,Stereotyped movement disorders,1.51707,0.848565,2.71223,0.1597,0.2552,False,2.59183,1.4442,4.6514,0.004807,0.01045,False
BI_170.1,Neutropenia,1.27285,0.908971,1.7824,0.1602,0.2558,False,1.85024,1.29979,2.63381,0.0006371,0.001663,False
NS_344.13,(Idiopathic) normal pressure hydrocephalus,2.23478,0.872077,5.72685,0.1629,0.2598,False,1.51569,0.540197,4.25272,0.4988,0.6008,False
CV_433,Other cerebrovascular disease,1.18452,0.933728,1.50266,0.163,0.2598,False,1.47027,1.15202,1.87643,0.001954,0.004658,False
CV_431.1,Stroke,0.818383,0.61714,1.08525,0.164,0.2611,False,0.988974,0.745261,1.31239,0.9388,0.9611,False
BI_162.8,Pancytopenia,1.35723,0.882416,2.08755,0.1644,0.2615,False,1.42414,0.939299,2.15925,0.0959,0.154,False
CV_411,Other diseases of pericardium,1.3558,0.882678,2.08252,0.1645,0.2615,False,1.80912,1.15917,2.82348,0.009045,0.01868,False
MB_298,Impulse disorders,1.7339,0.797798,3.76839,0.1646,0.2615,False,0.812127,0.243254,2.71136,0.7351,0.8089,False
CV_403,Angina pectoris,1.17824,0.933609,1.48697,0.1672,0.265,False,1.44073,1.12325,1.84794,0.004039,0.008913,False
CM_760.21,Congenital malformations of testis and scrotum,0.369286,0.0806747,1.69039,0.1673,0.265,False,,,,,,
NB_885.31,"Moderate to late preterm, 33-34 weeks",2.47813,0.85592,7.17487,0.1673,0.265,False,,,,,,
SO_380,Disorders of optic nerve and visual pathways,1.3389,0.884092,2.02768,0.1681,0.2659,False,1.92775,1.22474,3.0343,0.00457,0.009949,False
NS_356,Speech disturbance,1.24642,0.911207,1.70495,0.1681,0.2659,False,1.06332,0.728675,1.55164,0.7502,0.8194,False
MS_709.22,Hallux rigidus,1.75225,0.857634,3.58005,0.1684,0.266,False,2.49718,1.1636,5.35913,0.048,0.08397,False
CA_122,Lymphoma,1.32083,0.887813,1.96504,0.1698,0.268,False,1.40894,0.942964,2.10517,0.09426,0.1524,False
CA_104.3,Malignant neoplasm of connective and soft tissue,0.442067,0.137619,1.42002,0.1704,0.2687,False,1.23947,0.518675,2.96194,0.6291,0.7206,False
MB_280.4,"Sedative, hypnotic, or anxiolytic related disorders",1.50027,0.838713,2.68366,0.1716,0.2704,False,2.57345,1.50755,4.39298,0.0005314,0.001403,False
CA_135,Benign neoplasm of the head and neck,0.375856,0.0829526,1.703,0.1722,0.2711,False,,,,,,
CA_101.2,Malignant neoplasm of stomach,2.18509,0.840733,5.67913,0.1738,0.2734,False,1.6908,0.567206,5.04016,0.346,0.4484,False
PP_900,Spontaneous abortion or history of recurrent pregnancy loss,0.662017,0.365229,1.19998,0.1741,0.2736,False,0.535113,0.214031,1.33788,0.1811,0.2664,False
SO_386.42,Hemianopia,0.222821,0.0177771,2.79288,0.1773,0.2783,False,,,,,,
GU_602.51,Prostatitis,1.84952,0.75691,4.51933,0.1773,0.2783,False,,,,,,
CA_106.21,Malignant neoplasm of endometrium,0.608311,0.294635,1.25594,0.179,0.2806,False,0.487138,0.192167,1.23488,0.1032,0.1642,False
GI_527.2,Abdominal tenderness,1.57025,0.812453,3.03486,0.1795,0.2812,False,1.74373,0.775272,3.92195,0.2415,0.3348,False
PP_909.3,Abnormal glucose complicating pregnancy,0.56493,0.245208,1.30153,0.1799,0.2816,False,0.877045,0.372793,2.06336,0.7637,0.8302,False
GU_605.1,Male erectile dysfunction*,0.771302,0.527447,1.1279,0.1805,0.2822,False,1.28334,0.888578,1.85347,0.1835,0.2692,False
EM_247.3,Disorders of phosphorus metabolism,1.27254,0.893996,1.81138,0.1809,0.2827,False,2.17805,1.53846,3.08353,1.141e-05,3.72e-05,True
ID_054.31,Chronic hepatitis C,0.628031,0.317494,1.2423,0.1814,0.2831,False,0.724769,0.312314,1.68193,0.4559,0.5581,False
EM_239.2,Hyperglyceridemia,0.930842,0.837416,1.03469,0.1842,0.2873,False,1.10916,0.993549,1.23821,0.06508,0.1097,False
CA_142.21,Mammographic microcalcification,1.71137,0.837116,3.49868,0.1848,0.288,False,,,,,,
BI_169.11,Immune thrombocytopenic purpura [ITP],0.50378,0.182389,1.3915,0.186,0.2895,False,1.90083,0.986757,3.66164,0.08626,0.1406,False
CA_124.6,Myelodysplastic syndrome,1.66974,0.778974,3.57912,0.1875,0.2918,False,1.95239,0.958096,3.97856,0.103,0.1641,False
RE_482,Suppurative and necrotic conditions of the lower respiratory tract,0.38654,0.0834122,1.79126,0.1878,0.292,False,1.42149,0.506108,3.99248,0.5638,0.6644,False
MS_709.21,Hallux valgus (Bunion),0.73824,0.469311,1.16127,0.1892,0.2938,False,1.19839,0.710572,2.0211,0.4974,0.5997,False
SS_810.2,Cardiogenic shock,1.8359,0.82642,4.07849,0.1918,0.2976,False,1.19228,0.464115,3.06291,0.7149,0.7931,False
GI_540.4,Alcoholic hepatitis,1.72623,0.759893,3.92142,0.1922,0.298,False,,,,,,
MS_709.2,Acquired deformities of toe,1.2029,0.910639,1.58895,0.1933,0.2995,False,1.33881,0.950962,1.88485,0.09455,0.1526,False
CM_770.5,Congenital osteodystrophies,1.96717,0.817813,4.73186,0.1938,0.2998,False,2.50652,1.15541,5.4376,0.0487,0.08501,False
CA_121.22,Chronic myloid leukemia,1.94618,0.821466,4.61081,0.1939,0.2998,False,1.55087,0.612699,3.92558,0.4244,0.5305,False
GU_614.54,Abscess or ulceration of vulva,0.265916,0.035994,1.96454,0.1942,0.3001,False,,,,,,
CA_139.3,Benign neoplasm of other connective and soft tissue,1.41155,0.835846,2.38378,0.1973,0.3046,False,2.93921,1.69727,5.08992,0.000119,0.0003466,False
NB_858.2,ABO isoimmunization of newborn,2.37933,0.732895,7.72443,0.2008,0.3097,False,,,,,,
CA_122.1,Hodgkin lymphoma,0.473188,0.140775,1.59053,0.201,0.3097,False,0.53844,0.162399,1.78522,0.3041,0.4032,False
RE_464,Nasopharyngitis,0.552507,0.222049,1.37476,0.2021,0.3112,False,0.886434,0.314605,2.49762,0.8304,0.8801,False
GU_605,Male sexual dysfuction,0.783616,0.538684,1.13991,0.2023,0.3112,False,1.35722,0.947092,1.94496,0.09614,0.1543,False
ID_011,Klebsiella,1.52566,0.795872,2.92464,0.2033,0.3125,False,2.62013,1.46536,4.68492,0.001159,0.002891,False
MS_701.11,Acute/subacute osteomyelitis,0.582951,0.253359,1.34131,0.2043,0.3133,False,0.590836,0.234949,1.4858,0.2491,0.343,False
PP_911,Excessive vomiting in pregnancy,0.668157,0.35831,1.24594,0.2047,0.3133,False,1.16121,0.608307,2.21666,0.6505,0.7385,False
SO_386.4,Visual field defects,1.43389,0.821458,2.50291,0.2048,0.3133,False,1.53179,0.776392,3.02215,0.2623,0.3568,False
RE_484,Pneumothorax and air leak,1.43283,0.821694,2.49849,0.2049,0.3133,False,1.70934,0.894246,3.26737,0.1426,0.2177,False
NB_885.322,"Moderate to late preterm, 36 weeks*",0.239915,0.0181777,3.16648,0.2049,0.3133,False,,,,,,
CA_124.3,Polycythemia vera,1.79818,0.810949,3.98725,0.205,0.3133,False,1.79117,0.810405,3.95885,0.2103,0.2996,False
CA_120.13,Erythroid,1.79817,0.810953,3.98719,0.205,0.3133,False,1.79117,0.810405,3.95885,0.2103,0.2996,False
PP_949,Complications of labor and delivery NEC,0.606234,0.279297,1.31588,0.2056,0.3139,False,1.25668,0.585955,2.69516,0.5573,0.6589,False
CA_100,Malignant neoplasm of the head and neck,0.628084,0.305111,1.29294,0.2068,0.3154,False,0.854764,0.442499,1.65113,0.6417,0.7306,False
EM_252.3,Disorders of bilirubin excretion,1.35986,0.842997,2.19362,0.2077,0.3164,False,3.28283,2.02308,5.327,1.488e-06,5.498e-06,True
ID_054,Hepatovirus,0.725151,0.439752,1.19577,0.2079,0.3164,False,0.799085,0.427076,1.49514,0.4829,0.5846,False
GI_540.3,Viral hepatitits,0.725151,0.439752,1.19577,0.2079,0.3164,False,0.799131,0.427098,1.49523,0.483,0.5846,False
MS_719.9,Contractures,1.34338,0.866968,2.08158,0.2081,0.3164,False,1.39165,0.791343,2.44735,0.2512,0.345,False
NS_340.2,Toxic myopathy,1.88932,0.805483,4.43155,0.2087,0.3171,False,1.00726,0.359165,2.82479,0.99,0.9919,False
GI_500,Disorders of tooth develoment,1.77946,0.724234,4.37218,0.2089,0.3171,False,,,,,,
GU_603.1,Hydrocele,0.473948,0.147298,1.52498,0.2105,0.3192,False,1.9738,0.662124,5.88391,0.2224,0.3129,False
CA_148,"Benign neoplasm of the eye, brain and other parts of central nervous system",1.29406,0.862697,1.9411,0.2127,0.3224,False,1.75888,1.1357,2.72403,0.0114,0.02299,False
MB_305.1,Tics and tic disorders,1.46068,0.800931,2.66388,0.2165,0.3278,False,2.25148,1.21439,4.17423,0.02225,0.04226,False
MS_723.2,Rotator cuff tear or rupture,1.21162,0.891876,1.64599,0.2195,0.332,False,1.64573,1.17507,2.30491,0.003748,0.008317,False
PP_924,"Cardiovascular disorders complicating pregnancy, childbirth, or the puerperium",0.406791,0.0865228,1.91255,0.2198,0.3323,False,1.80827,0.69981,4.67245,0.2978,0.3974,False
DE_685.1,Dyshidrosis,1.62292,0.748551,3.51864,0.22,0.3323,False,3.3545,1.54383,7.2888,0.002238,0.005224,False
SO_363.5,Epiphora,1.84756,0.692154,4.93168,0.2204,0.3323,False,,,,,,
ID_003,Escherichia coli,0.753752,0.479601,1.18462,0.2204,0.3323,False,1.18693,0.751559,1.87449,0.4623,0.5647,False
CV_440.2,Arterial embolism and thrombosis,1.30549,0.851776,2.00088,0.2211,0.3329,False,1.89649,1.22717,2.93088,0.003955,0.008753,False
NS_328.12,Vascular dementia,0.489842,0.144523,1.66026,0.2211,0.3329,False,0.934243,0.398343,2.1911,0.8791,0.9172,False
MB_280.41,"Sedative, hypnotic or anxiolytic-related abuse or dependance",1.477,0.789205,2.76422,0.2226,0.3347,False,2.40792,1.37602,4.21366,0.002084,0.004916,False
CA_140,Benign neoplasm of the breast,1.38196,0.845218,2.25957,0.2227,0.3347,False,0.619277,0.265953,1.442,0.2574,0.3518,False
MS_714.3,Scoliosis,1.17905,0.904446,1.53703,0.2234,0.3355,False,1.69411,1.25752,2.28226,0.0005263,0.001394,False
GU_602.511,Acute prostatitis,0.253634,0.0224849,2.86104,0.2253,0.3379,False,,,,,,
NB_871.4,Ankyloglossia,1.68683,0.776067,3.66642,0.2254,0.3379,False,,,,,,
RE_464.1,Acute nasopharyngitis,0.568859,0.228414,1.41673,0.2256,0.338,False,0.886434,0.314605,2.49762,0.8304,0.8801,False
CV_416.31,Ventricular fibrillation,1.98283,0.777335,5.0578,0.2284,0.3418,False,2.27758,0.95196,5.44916,0.1187,0.1854,False
ID_012,Proteus,0.414063,0.0900515,1.90389,0.2287,0.342,False,2.46038,1.08505,5.57898,0.07006,0.1162,False
MS_745.6,Fracture of bones in thorax,0.837884,0.628099,1.11774,0.229,0.3422,False,1.31217,0.969527,1.7759,0.07849,0.1292,False
MB_308.1,Delirium,1.43926,0.794545,2.60711,0.2297,0.3429,False,1.3298,0.69982,2.52688,0.3842,0.49,False
GI_500.4,Disturbances in tooth eruption,1.84222,0.772308,4.39434,0.2304,0.3438,False,,,,,,
EM_208.22,Secondary hyperparathyroidism,0.742783,0.456503,1.20859,0.2312,0.3445,False,1.02016,0.648931,1.60377,0.9311,0.9566,False
SO_391,Disorders of the middle ear,1.09088,0.946041,1.25789,0.2314,0.3445,False,1.27207,1.06538,1.51886,0.007813,0.01639,False
MB_280.3,Cannabis use disorders,0.798214,0.551791,1.15469,0.2315,0.3445,False,0.92384,0.593101,1.43901,0.7261,0.8028,False
CV_416.22,Atrial flutter,0.759166,0.483292,1.19251,0.2318,0.3446,False,0.853779,0.556819,1.30911,0.4685,0.5701,False
DE_674.11,Vitiligo,1.81755,0.679326,4.86289,0.2341,0.3478,False,1.52911,0.605552,3.86125,0.4442,0.5471,False
CA_107.3,Malignant neoplasm of the testis,1.81092,0.67998,4.82285,0.2347,0.3485,False,,,,,,
CM_750.1,Congenital malformations of brain,1.45884,0.781833,2.7221,0.2354,0.349,False,2.17028,1.21109,3.88916,0.01934,0.03718,False
GI_550.2,Cholecystitis,1.29618,0.844368,1.98976,0.2355,0.349,False,1.30881,0.76447,2.24075,0.3266,0.4285,False
CV_438.4,Arterial dissection,1.50798,0.763679,2.97768,0.2367,0.3505,False,1.16804,0.500728,2.72466,0.7417,0.8129,False
MS_704.1,Polyarteritis nodosa and related conditions,1.8044,0.677718,4.80414,0.2375,0.3514,False,2.11547,0.839807,5.32887,0.1119,0.1763,False
CV_438.6,Cerebral aneurysm,1.34545,0.82135,2.20397,0.2386,0.3528,False,2.34364,1.46223,3.75635,0.0004022,0.001085,False
PP_908.1,Preeclampsia and eclampsia,0.64731,0.31314,1.33809,0.2404,0.3548,False,0.823102,0.393074,1.72358,0.6057,0.701,False
MS_721.4,Calcium deposits in tendon and bursa,1.50663,0.760075,2.98645,0.2404,0.3548,False,2.48022,1.14693,5.36348,0.05094,0.08853,False
CM_767,Congenital anomalies of limbs,0.543479,0.196306,1.50464,0.2405,0.3548,False,1.57609,0.640357,3.87918,0.3222,0.424,False
MB_309.7,Restlessness and agitation*,1.40996,0.792867,2.50735,0.2421,0.3568,False,0.875186,0.418416,1.83059,0.7233,0.8003,False
GI_537.3,Peritoneal abscess,1.57604,0.733407,3.38681,0.2438,0.359,False,1.73044,0.750331,3.99082,0.1984,0.2863,False
CV_416.42,Left bundle branch block,0.760268,0.478727,1.20739,0.2455,0.3607,False,0.907874,0.553946,1.48793,0.7014,0.7825,False
PP_932.4,"Decreased fetal movements, affecting management of mother",0.498559,0.154035,1.61367,0.2455,0.3607,False,0.87824,0.307091,2.51165,0.8086,0.8679,False
NS_325.2,Difficulty walking,1.20414,0.88003,1.64762,0.2456,0.3607,False,1.34473,0.934956,1.93409,0.1102,0.1739,False
CA_120.21,Mature B-cell,0.744178,0.451212,1.22736,0.2471,0.3626,False,0.983857,0.599747,1.61397,0.9486,0.9636,False
DE_660.124,Dermatophytosis of the body,1.44575,0.774307,2.69944,0.2472,0.3626,False,0.420855,0.0999204,1.7726,0.2381,0.3313,False
SS_806,Chills (without fever),1.44498,0.773607,2.69901,0.2482,0.3637,False,2.84767,1.54677,5.24267,0.003263,0.007321,False
GE_970.2,Thalassemia,1.49372,0.755696,2.95252,0.2484,0.3637,False,2.28368,1.11163,4.69149,0.02457,0.0463,False
MS_714.5,Spondylolysis,1.46861,0.76332,2.82558,0.2497,0.3653,False,2.0401,0.918171,4.53294,0.08005,0.1315,False
NB_880,Birth trauma,2.09492,0.713577,6.1503,0.2504,0.366,False,,,,,,
CV_436.1,Atherosclerosis of renal artery,1.57432,0.776366,3.1924,0.2515,0.3672,False,1.51871,0.718978,3.20799,0.3221,0.424,False
NB_868,Conditions of integument specific to newborn,1.90732,0.710598,5.11944,0.2516,0.3672,False,,,,,,
GU_624,Symptoms involving female genital tract,1.32617,0.817437,2.15153,0.2528,0.3687,False,1.4586,0.789222,2.69572,0.2284,0.3199,False
DE_684.14,Androgenic alopecia*,1.69348,0.760264,3.7722,0.2537,0.3693,False,3.07321,1.48706,6.35124,0.002435,0.005653,False
BI_162,Aplastic anemia,1.27741,0.838873,1.94521,0.2538,0.3693,False,1.56593,1.05816,2.31736,0.02492,0.04684,False
EM_209.13,Hyperprolactinemia*,1.48997,0.751133,2.95557,0.2538,0.3693,False,1.93987,0.949608,3.96277,0.06905,0.1153,False
CV_416.211,Paroxysmal atrial fibrillation*,0.884434,0.716069,1.09239,0.2544,0.3695,False,0.973858,0.791874,1.19766,0.8018,0.8617,False
NS_350.5,Repeated falls*,0.785036,0.517764,1.19027,0.2544,0.3695,False,0.967575,0.648155,1.44441,0.8719,0.9127,False
CV_440.21,Embolism of cerebral or precerebral arteries,0.589979,0.237519,1.46546,0.2557,0.371,False,1.14445,0.522957,2.50453,0.7535,0.8225,False
NB_858,Hemolytic Disease of the Newborn,2.13121,0.66119,6.86949,0.2562,0.3711,False,,,,,,
CV_413.42,Pulmonary valve insufficiency*,0.313417,0.0422772,2.32348,0.2563,0.3711,False,0.224354,0.0304025,1.65562,0.1428,0.2178,False
NS_345.2,Metabolic encephalopathy,0.698652,0.376131,1.29773,0.2564,0.3711,False,0.791982,0.485289,1.2925,0.3507,0.4531,False
RE_468.1,Viral pneumonia,0.686917,0.358734,1.31533,0.2572,0.3721,False,1.26899,0.686213,2.34668,0.4747,0.5767,False
SS_847.2,Kidney transplant,0.617759,0.26784,1.42483,0.2586,0.3739,False,0.669843,0.290052,1.54693,0.3433,0.4459,False
GI_526.2,Viral enteritis,1.37398,0.788552,2.39405,0.2621,0.3785,False,1.31651,0.662119,2.61767,0.4329,0.5375,False
MB_286.11,Bipolar I disorder,0.816143,0.572132,1.16422,0.2623,0.3785,False,0.876933,0.590148,1.30308,0.5158,0.6187,False
RE_460.2,Acute lower respiratory infection,0.874505,0.691296,1.10627,0.2636,0.3801,False,1.04332,0.79369,1.37146,0.7612,0.8286,False
GI_514.21,Impaction of intestine,1.59929,0.701585,3.64564,0.264,0.3804,False,2.89186,1.32713,6.30144,0.02624,0.04887,False
CV_413.4,Pulmonary valve disorders,0.5598,0.202083,1.55073,0.2644,0.3807,False,0.36197,0.08691,1.50757,0.1627,0.2434,False
DE_664.41,Psoriasis vulgaris*,1.5071,0.733047,3.0985,0.2647,0.3807,False,1.98559,0.971248,4.05926,0.06011,0.1024,False
NS_356.2,Aphasia and dysphasia,0.704308,0.379024,1.30875,0.2675,0.3845,False,0.76526,0.396224,1.47801,0.4257,0.5312,False
GU_586.5,"Renal sclerosis, unspecified",0.5164,0.160199,1.66461,0.2684,0.3856,False,1.73946,0.729527,4.14752,0.2792,0.3761,False
RE_481.4,Pulmonary fibrosis,1.337,0.797745,2.24078,0.2703,0.388,False,1.54303,0.846757,2.81185,0.1566,0.2355,False
CA_100.2,Malignant neoplasm of the oropharynx,0.444932,0.0993693,1.99221,0.2724,0.3906,False,0.994358,0.301305,3.28155,0.9933,0.9945,False
DE_676.1,Hypertrophic scar [Keloid scar],1.43866,0.750972,2.75608,0.2728,0.391,False,2.39702,1.10322,5.20815,0.02724,0.05056,False
CA_103.2,Keratinocyte carcinoma,1.19291,0.870078,1.63552,0.2733,0.3913,False,1.41574,0.980888,2.04337,0.07693,0.127,False
NS_328,Dementias and cerebral degeneration,0.800668,0.536501,1.19491,0.2765,0.3956,False,0.792552,0.55526,1.13125,0.2003,0.2881,False
CA_130,"Cancer (solid tumor, excluding BCC)",0.932796,0.822776,1.05753,0.2773,0.3964,False,0.964773,0.845606,1.10073,0.5939,0.6896,False
GU_602.1,Benign prostatic hyperplasia,1.15678,0.888792,1.50557,0.2787,0.3978,False,1.44394,1.09389,1.90601,0.009501,0.0195,False
NS_330.31,Febrile convulsions,1.99074,0.689857,5.74475,0.2787,0.3978,False,,,,,,
NS_322,Other CNS infection,0.447207,0.0987553,2.02515,0.2791,0.398,False,0.596201,0.13974,2.54369,0.5123,0.615,False
MS_706.1,Sacroiliitis,1.20378,0.859574,1.68581,0.2804,0.3993,False,1.91834,1.35478,2.71634,0.0002417,0.0006712,False
SO_374,Disorders of the retina,0.877029,0.691055,1.11305,0.2805,0.3993,False,1.15002,0.882742,1.49823,0.3003,0.4002,False
RE_471.1,Cyst and mucocele of nose and nasal sinus*,1.84082,0.715291,4.73741,0.2808,0.3993,False,,,,,,
BI_162.81,Drug-induced pancytopenia,0.570757,0.205974,1.58157,0.2808,0.3993,False,0.463476,0.143777,1.49405,0.1979,0.2859,False
CM_750.23,Congenital sacral dimple*,1.97266,0.679052,5.73061,0.2821,0.4007,False,,,,,,
MS_702,Infective and reactive arthropathies,0.606584,0.243437,1.51145,0.2832,0.402,False,1.22964,0.577774,2.61698,0.5917,0.6892,False
CA_104,Malignant sarcoma-related cancers,1.23732,0.837772,1.82742,0.2845,0.4035,False,1.31534,0.829588,2.08552,0.2438,0.3371,False
PP_903.1,Preterm labor with preterm delivery,0.334089,0.0448326,2.4896,0.2847,0.4035,False,,,,,,
CV_419.2,Presence of cardiac defibrillator,0.740898,0.427501,1.28404,0.2851,0.4037,False,0.661533,0.365604,1.197,0.172,0.2547,False
CV_420,Cardiac arrest,1.4217,0.745615,2.71081,0.2853,0.4037,False,1.60149,0.897119,2.85889,0.1112,0.1753,False
SS_834,Abnormal cytological findings in specimens from genital organs,1.16569,0.879363,1.54525,0.2864,0.405,False,0.793127,0.489466,1.28518,0.3466,0.4489,False
NS_342.1,Paraplegia/Diplegia,0.528568,0.158496,1.76272,0.2874,0.406,False,0.817547,0.249116,2.68301,0.76,0.8283,False
PP_922,"Endocrine, nutritional and metabolic diseases complicating pregnancy",0.747823,0.437569,1.27806,0.2879,0.4065,False,0.991489,0.5815,1.69054,0.975,0.981,False
GU_582.2,Chronic kidney disease,0.920321,0.789425,1.07292,0.2888,0.4074,False,1.14638,0.990411,1.32691,0.06713,0.1126,False
RE_489.1,Hiccough,1.7969,0.607011,5.31929,0.2899,0.4086,False,,,,,,
GU_604,Disorders of penis,1.3149,0.791573,2.1842,0.2904,0.409,False,2.19056,1.21848,3.93816,0.008787,0.01824,False
CV_416.412,"Atrioventricular block, second degree",0.583056,0.206858,1.64342,0.291,0.4096,False,0.699336,0.213473,2.29102,0.571,0.6709,False
NS_325.1,Abnormality of gait,1.80564,0.700527,4.65414,0.2913,0.4096,False,,,,,,
SO_375.11,Open angle glaucoma,1.29958,0.797968,2.11652,0.2923,0.4108,False,0.749415,0.37531,1.49642,0.4136,0.5206,False
CA_128.6,Human epidermal growth factor receptor 2 [HER2] negative status*,0.453743,0.0995327,2.06849,0.2928,0.4112,False,0.831735,0.296775,2.331,0.7401,0.8129,False
CV_414.5,Ischemic cardiomyopathy*,0.752444,0.441583,1.28214,0.2956,0.4147,False,0.452948,0.221157,0.927679,0.03037,0.05586,False
RE_479,Pulmonary insufficiency and acute respiratory distress syndrome,0.893706,0.723119,1.10453,0.2984,0.4183,False,0.908557,0.721813,1.14361,0.414,0.5206,False
MS_701,"Osteomyelitis, periostitis, and other infections involving bone",0.760201,0.453004,1.27572,0.2993,0.4192,False,1.03432,0.618089,1.73085,0.8978,0.9295,False
GI_513.1,Esophageal ulcer,1.46738,0.752511,2.86137,0.3014,0.4219,False,2.22834,1.09424,4.53786,0.02723,0.05056,False
GU_581,Renal tubulo-interstitial diseases,1.12092,0.902259,1.39258,0.3025,0.4229,False,0.926041,0.698783,1.22721,0.5928,0.6893,False
GU_588.11,Renal osteodystrophy,0.472098,0.113247,1.96806,0.3028,0.4229,False,1.09525,0.391299,3.06562,0.8765,0.9157,False
PP_907.1,Placenta previa,0.347945,0.046718,2.59141,0.3028,0.4229,False,,,,,,
RE_489,Disorders of diaphragm,1.48859,0.696945,3.17947,0.3042,0.4245,False,2.88931,1.474,5.6636,0.002003,0.004759,False
NB_865,Neonatal disorders of digestive system,1.92234,0.639894,5.775,0.3053,0.4257,False,,,,,,
ID_050,Enterovirus,0.587385,0.211999,1.62747,0.3062,0.4266,False,1.28852,0.583318,2.84627,0.5668,0.6675,False
DE_680.5,Acanthosis nigricans,0.540517,0.160677,1.8183,0.3078,0.4286,False,0.146051,0.0118909,1.79388,0.05886,0.1006,False
PP_908.12,Severe pre-eclampsia,0.543307,0.167521,1.76206,0.3095,0.4306,False,1.12046,0.396865,3.16339,0.8455,0.8902,False
SO_360.1,Hordeolum,1.39909,0.731482,2.67599,0.3101,0.4311,False,1.63999,0.836699,3.21451,0.1497,0.2262,False
MS_741.72,Neck sprain,1.48849,0.689901,3.21146,0.3107,0.4312,False,1.65581,0.696949,3.93387,0.3234,0.4249,False
MS_701.1,Osteomyelitis,0.765024,0.455825,1.28396,0.3107,0.4312,False,1.03432,0.618089,1.73085,0.8978,0.9295,False
SO_374.54,Drusen (degenerative) of macula,1.57922,0.712207,3.50171,0.3111,0.4313,False,,,,,,
CA_107.2,Malignant neoplasm of the prostate,0.797105,0.513949,1.23626,0.3112,0.4313,False,0.986066,0.640171,1.51885,0.9492,0.9636,False
GU_581.31,Hydronephrosis,0.833812,0.586126,1.18617,0.3122,0.4324,False,0.891699,0.590428,1.3467,0.5858,0.6849,False
MS_709,Acquired deformities of fingers and toes,1.14972,0.877017,1.50722,0.3125,0.4325,False,1.32269,0.950848,1.83996,0.09678,0.1549,False
ID_092.8,Bacteremia,1.24047,0.816257,1.88516,0.3129,0.4327,False,2.56649,1.78754,3.68487,3.266e-07,1.312e-06,True
MS_741.1,Sprains and strains of shoulder and upper arm,1.25148,0.808439,1.93731,0.3143,0.4343,False,1.43125,0.806134,2.54113,0.2555,0.35,False
GI_520.1,Hernia of the abdominal wall,0.878577,0.682044,1.13174,0.3163,0.4368,False,1.26493,0.949086,1.68588,0.1088,0.1719,False
DE_674.1,Hypopigmentation,1.57004,0.648182,3.803,0.3176,0.4381,False,2.0455,0.910079,4.59747,0.1404,0.2153,False
CA_106.11,Malignant neoplasm of the vulva,1.74923,0.675247,4.5314,0.3178,0.4381,False,,,,,,
GI_504,Periodontal diseases,0.746434,0.420259,1.32576,0.3184,0.4386,False,0.898786,0.459612,1.75761,0.7552,0.8237,False
SO_377,Hemorrhage of the eye,1.35189,0.745896,2.45023,0.3204,0.441,False,0.601602,0.215672,1.67812,0.3316,0.4336,False
RE_498.1,Hypoxemia,0.849175,0.614221,1.17401,0.3225,0.4435,False,1.11989,0.767156,1.63482,0.5574,0.6589,False
PP_954.2,Disorders of lactation,0.361825,0.0482501,2.71331,0.3227,0.4435,False,,,,,,
EM_204.2,Impaired glucose tolerance (oral),1.28751,0.780071,2.12505,0.3229,0.4435,False,1.84914,1.0899,3.13727,0.03838,0.06878,False
GU_629,Female infertility,0.748661,0.421087,1.33106,0.3242,0.4447,False,1.15987,0.607466,2.2146,0.6531,0.7394,False
NS_334.4,Disorders of oculomotor nerves,0.476219,0.106654,2.12635,0.3244,0.4447,False,,,,,,
MB_283.8,Problems related to lifestyle,0.719531,0.373807,1.38501,0.3246,0.4447,False,1.39303,0.774631,2.50512,0.2683,0.3635,False
CV_414.2,Dilated cardiomyopathy*,0.721601,0.376884,1.38161,0.3248,0.4448,False,0.674017,0.325832,1.39427,0.2874,0.385,False
RE_488.11,Orthopnea,1.7223,0.678576,4.37138,0.3253,0.4451,False,,,,,,
MS_708.11,Generalized osteoarthritis,1.18869,0.840547,1.68103,0.3283,0.4487,False,1.19542,0.800248,1.78574,0.3834,0.4894,False
GI_504.1,Gingivitis,0.633532,0.253592,1.58271,0.3285,0.4487,False,0.640476,0.192635,2.12946,0.4673,0.569,False
SO_365,Disorders of the orbit,1.56085,0.698161,3.48953,0.3287,0.4487,False,,,,,,
NS_349.12,Abnormal electroencephalogram [EEG],1.56349,0.698867,3.49782,0.3291,0.4489,False,1.15597,0.336553,3.97045,0.8179,0.8721,False
MS_724.5,Exostosis,1.25309,0.794862,1.97549,0.3313,0.4516,False,1.90623,1.12981,3.21621,0.01564,0.03076,False
GI_502.16,Loss of teeth and edentulism,1.54469,0.640497,3.72532,0.333,0.4536,False,1.45783,0.493674,4.30498,0.4951,0.5979,False
GI_522.4,Toxic gastroenteritis and colitis,0.638686,0.251321,1.6231,0.3349,0.4559,False,1.24051,0.516993,2.97658,0.6294,0.7206,False
DE_684.11,Alopecia Areata,1.61228,0.609833,4.26256,0.3356,0.4564,False,1.03936,0.305005,3.54183,0.9508,0.9636,False
NB_860,Hematological disorders of newborn,0.316882,0.0240296,4.17877,0.3366,0.4575,False,,,,,,
GU_585.1,Renal colic,1.49992,0.707755,3.17872,0.3377,0.4584,False,2.0012,0.932499,4.29471,0.1253,0.1947,False
CA_108,Malignant neoplasm of the urinary tract,0.777068,0.463856,1.30177,0.338,0.4584,False,1.1916,0.764459,1.85741,0.4389,0.5431,False
SO_381.3,Esotropia,1.39513,0.705764,2.75784,0.3382,0.4584,False,1.84388,0.860977,3.94889,0.1644,0.2457,False
MS_714.31,Idiopathic scoliosis,1.24385,0.795528,1.94483,0.3386,0.4584,False,1.22226,0.635973,2.34901,0.5471,0.6509,False
RE_468.9,Lobar pneumonia*,0.563311,0.173812,1.82565,0.3388,0.4584,False,,,,,,
CA_120.2,Lymphoid,0.816483,0.53891,1.23703,0.3388,0.4584,False,0.932806,0.612783,1.41996,0.7456,0.816,False
MS_714.7,Fusion of spine*,1.45569,0.71663,2.95693,0.3403,0.46,False,1.89029,0.89665,3.98505,0.09427,0.1524,False
GE_974.1,Hereditary retinal dystrophy,0.375862,0.0501645,2.81617,0.3409,0.4606,False,,,,,,
EM_247.41,Hypermagnesemia*,0.485527,0.107345,2.19605,0.3416,0.4611,False,2.02833,0.79821,5.15419,0.2184,0.3089,False
MS_719.3,Separation of muscle (nontraumatic),1.45174,0.715695,2.94475,0.3446,0.4649,False,4.62485,2.48219,8.61706,3.968e-05,0.0001222,False
CV_433.2,Occlusion and stenosis of precerebral arteries,1.14268,0.864028,1.5112,0.3497,0.4713,False,1.31515,0.978778,1.76713,0.06912,0.1153,False
MS_713.4,Stiffness of joint,1.12674,0.87628,1.44877,0.3522,0.4744,False,1.23714,0.939557,1.62898,0.1296,0.2003,False
EM_239.21,Pure hyperglyceridemia,1.13757,0.865888,1.49451,0.3546,0.4772,False,1.05245,0.756854,1.46349,0.7612,0.8286,False
CA_122.22,Diffuse large B-cell lymphoma*,0.509363,0.121465,2.13601,0.3564,0.4792,False,0.84783,0.301611,2.38325,0.7665,0.8321,False
CV_406.1,Pulmonary hypertension,0.8598,0.623621,1.18542,0.3566,0.4792,False,1.02263,0.735574,1.42171,0.8941,0.9269,False
RE_474.12,Panlobular emphysema*,0.652184,0.261525,1.6264,0.3593,0.4825,False,0.913399,0.392938,2.12323,0.84,0.886,False
CA_103.3,Carcinoma in situ of skin,1.42524,0.703517,2.88736,0.3613,0.4849,False,1.80294,0.758713,4.28433,0.2466,0.3402,False
MS_741.5,Sprains and strains of knee and leg,0.848581,0.595644,1.20893,0.3632,0.4871,False,1.33597,0.903193,1.97612,0.147,0.2228,False
NS_337.3,Toxic polyneuropathy,0.766321,0.430926,1.36275,0.3648,0.4889,False,0.937612,0.510196,1.7231,0.8356,0.8842,False
GU_602,Disorders of prostate,1.11896,0.876373,1.42871,0.3673,0.4918,False,1.5,1.15381,1.95006,0.002457,0.005687,False
GU_616.2,Hypertrophy of uterus,0.503278,0.111045,2.28096,0.3698,0.4948,False,,,,,,
NB_859,Perinatal jaundice,1.33148,0.721133,2.45839,0.3701,0.4949,False,,,,,,
CM_763.14,Congenital anomalies of aorta,0.626453,0.22503,1.74396,0.3706,0.4952,False,0.823353,0.25237,2.68618,0.7656,0.8317,False
EM_252.4,Hyperuricemia without signs of gout*,1.2653,0.755356,2.11951,0.3713,0.4957,False,1.00499,0.514344,1.96369,0.9884,0.9908,False
SO_360.4,Blepharitis,1.3234,0.715471,2.4479,0.3719,0.4961,False,2.47084,1.42475,4.28501,0.00425,0.009316,False
CV_431,Stroke and transient cerebral ischemic attacks,1.08673,0.905127,1.30477,0.3727,0.4968,False,1.22031,1.01132,1.47249,0.03777,0.06775,False
CM_760,Congenital anomalies of genital organs,1.29642,0.731016,2.29913,0.3745,0.4989,False,2.27147,1.10429,4.67228,0.02578,0.04806,False
MS_710.31,Genu valgum (acquired),1.54867,0.588678,4.07416,0.3755,0.4996,False,0.94122,0.280034,3.16352,0.922,0.9499,False
ID_055.1,Molluscum contagiosum,1.53765,0.653947,3.61552,0.3759,0.4996,False,0.85664,0.256031,2.86619,0.8135,0.87,False
ID_055,Poxvirus,1.53765,0.653947,3.61552,0.3759,0.4996,False,0.85664,0.256031,2.86619,0.8135,0.87,False
SS_814,Jaundice,1.15021,0.843471,1.5685,0.3765,0.5001,False,1.50785,0.890423,2.55339,0.1265,0.1959,False
CA_121.2,Chronic leukemia,0.737276,0.370208,1.4683,0.3768,0.5002,False,1.07036,0.569116,2.01308,0.8389,0.886,False
RE_488.5,Stridor,1.62421,0.551196,4.78608,0.379,0.5026,False,,,,,,
MS_721.11,Trigger finger,1.1683,0.825993,1.65246,0.3792,0.5026,False,1.21702,0.812648,1.8226,0.3405,0.4431,False
GU_598,Abnormal findings on radiological and other examination of genitourinary organs,1.48278,0.613648,3.58289,0.3815,0.5053,False,4.08876,1.90708,8.76622,0.002939,0.006658,False
RE_488.8,Obesity hypoventilation syndrome [OHS],0.665394,0.266355,1.66225,0.3832,0.5071,False,0.883425,0.34678,2.25053,0.795,0.8567,False
CV_416.4,Heart block,0.900348,0.710675,1.14064,0.3845,0.5084,False,1.03987,0.80626,1.34116,0.7633,0.8302,False
MS_729,Other acquired musculoskeletal deformity,1.25872,0.749117,2.11501,0.3848,0.5085,False,1.26407,0.560556,2.85052,0.5722,0.6719,False
EM_256.32,Alkalosis,1.47915,0.665467,3.28774,0.3851,0.5085,False,1.29391,0.533346,3.13905,0.5688,0.6693,False
MB_287.1,Schizophrenia,0.709214,0.325974,1.54302,0.3863,0.5097,False,0.536168,0.213392,1.34717,0.1848,0.2707,False
EM_256.2,Hyposmolality and/or hyponatremia,1.09842,0.887705,1.35914,0.3877,0.5112,False,1.50732,1.22591,1.85334,9.951e-05,0.0002925,False
CM_752,Congenital malformations of ear,1.59959,0.622781,4.10846,0.388,0.5112,False,,,,,,
MS_745.9,Pathological fracture,1.17484,0.813941,1.69575,0.3895,0.5128,False,1.79826,1.29251,2.50193,0.0004962,0.001319,False
NB_889,Nonspecific symptoms peculiar to infancy,0.657786,0.243765,1.775,0.3907,0.5141,False,,,,,,
CV_404.22,Coronary atherosclerosis due to lipid rich plaque,1.39217,0.69206,2.80055,0.3916,0.5149,False,1.54819,0.733428,3.26806,0.3016,0.4012,False
NS_341.2,Hemiplegia and hemiparesis,0.80845,0.496054,1.31758,0.3935,0.517,False,0.706211,0.397698,1.25405,0.2351,0.3282,False
NB_851,Exceptionally large newborn baby,0.522926,0.112799,2.42423,0.3957,0.5192,False,,,,,,
CM_761.13,Cystic kidney disease,1.36531,0.665442,2.80125,0.3958,0.5192,False,2.55925,1.26729,5.16832,0.008779,0.01824,False
GU_622.1,Polyp of corpus uteri,1.26117,0.737165,2.15765,0.397,0.5203,False,0.926807,0.41651,2.06231,0.8522,0.895,False
NB_854.9,Apnea of newborn,1.86826,0.545069,6.40357,0.3972,0.5203,False,,,,,,
CV_441.1,Arteriovenous fistula,0.537586,0.127636,2.26424,0.3975,0.5204,False,,,,,,
SO_374.3,Retinal vasculopathy,1.58113,0.625518,3.99663,0.4006,0.524,False,,,,,,
NS_356.4,Slurred speech*,1.51068,0.638588,3.57374,0.4022,0.5257,False,1.53131,0.603801,3.88356,0.4351,0.5397,False
NB_854.11,Respiratory distress syndrome of newborn,1.86864,0.538288,6.48689,0.4028,0.5261,False,,,,,,
MS_701.12,Chronic osteomyelitis,1.41829,0.667627,3.013,0.4038,0.5271,False,1.12807,0.445214,2.85827,0.8173,0.8719,False
ID_086.1,Pediculosis,0.52528,0.114777,2.40396,0.4053,0.5285,False,,,,,,
CV_411.2,Pericardial effusion (noninflammatory)*,1.23048,0.754861,2.00579,0.4054,0.5285,False,1.85826,1.15652,2.98579,0.01044,0.02126,False
CV_413.3,Tricuspid valve disorders,0.862507,0.608146,1.22326,0.4067,0.5298,False,0.895684,0.609295,1.31669,0.5752,0.6749,False
MB_284.3,Nonsuicidal self-harm*,1.50497,0.633819,3.57347,0.407,0.5298,False,1.31744,0.442993,3.91798,0.6201,0.715,False
ID_052.32,Herpes zoster,1.17853,0.798446,1.73953,0.4083,0.5308,False,2.0159,1.37745,2.95026,0.0003085,0.0008481,False
EM_232.29,Folate deficiency [Vitamin B9],0.427086,0.0567502,3.21412,0.4087,0.5308,False,1.79591,0.700888,4.60174,0.3026,0.4015,False
BI_160.22,Folate-deficiency anemia,0.427086,0.0567502,3.21412,0.4087,0.5308,False,1.79591,0.700888,4.60174,0.3026,0.4015,False
EM_200.6,Atrophy of thyroid*,0.803768,0.478447,1.35029,0.4092,0.5309,False,0.775058,0.413656,1.45221,0.4236,0.5302,False
CA_100.12,Malignant neoplasm of the tongue,0.604002,0.179315,2.03451,0.4094,0.5309,False,1.13569,0.399815,3.22594,0.828,0.8793,False
SO_374.6,Peripheral retinal degeneration,1.44814,0.600114,3.49452,0.41,0.5314,False,,,,,,
CV_430.1,Nontraumatic subarachnoid hemorrhage,0.648912,0.229609,1.83393,0.411,0.5322,False,0.874194,0.307086,2.48861,0.8011,0.8617,False
NS_342.2,Quadriplegia,0.601146,0.180024,2.00738,0.4115,0.5326,False,1.02368,0.368846,2.84107,0.9677,0.9772,False
CA_106.2,Malignant neoplasm of the uterus,0.804549,0.478356,1.35317,0.4123,0.533,False,0.700912,0.364141,1.34914,0.2875,0.385,False
EM_256.1,Hyperosmolality and/or hypernatremia,0.772119,0.412254,1.44612,0.4125,0.533,False,0.690043,0.333472,1.42789,0.3173,0.4194,False
MS_741.6,Sprains and strains of ankle and foot,1.12931,0.842785,1.51325,0.4154,0.5364,False,2.03553,1.44362,2.87012,5.028e-05,0.0001528,False
EM_208.2,Hyperparathyroidism,1.12469,0.84741,1.49271,0.4159,0.5367,False,1.56751,1.19218,2.06101,0.001288,0.003187,False
SO_376.2,Vitreous opacities,1.29142,0.696342,2.39505,0.4171,0.5375,False,3.22287,1.8004,5.76922,8.173e-05,0.0002425,False
SO_386.3,Visual discomfort,0.606167,0.180903,2.03113,0.4171,0.5375,False,5.6608,2.61233,12.2667,0.000196,0.0005512,False
SO_367.2,Keratitis,0.725293,0.332551,1.58186,0.4195,0.5402,False,1.7902,0.878107,3.6497,0.1565,0.2355,False
GE_960.2,Monosomies and chromosomal deletions,1.55359,0.609735,3.95853,0.421,0.5417,False,,,,,,
MS_745.2,Fracture of pelvis,0.728061,0.333411,1.58985,0.4213,0.5417,False,0.958712,0.412459,2.22841,0.9259,0.9526,False
ID_052.3,Varicella zoster virus,1.17266,0.794584,1.73064,0.4225,0.5429,False,1.99518,1.36378,2.91889,0.0003733,0.001012,False
MS_709.24,Hammer toe,1.20415,0.764268,1.89721,0.4232,0.5434,False,1.44621,0.879839,2.37717,0.1715,0.2541,False
GI_532.1,Intestinal fistula,1.339,0.686489,2.61172,0.4257,0.5462,False,1.5167,0.786077,2.92641,0.2142,0.3042,False
PP_906,Cervical shortening and incompetence,0.539162,0.116715,2.49064,0.4269,0.5474,False,,,,,,
SO_391.1,Otitis media,0.931005,0.780327,1.11078,0.4274,0.5477,False,1.05504,0.842768,1.32078,0.6402,0.7299,False
RE_468.2,Bacterial pneumonia,1.19649,0.767229,1.86593,0.4288,0.5491,False,1.90894,1.25178,2.91109,0.002673,0.006117,False
GU_625.2,Postcoital bleeding,0.558852,0.131702,2.37139,0.4301,0.55,False,,,,,,
MS_712.1,Loose body in joint,0.542169,0.12023,2.44487,0.4302,0.55,False,1.683,0.71085,3.98467,0.3075,0.4071,False
MB_302.4,Delayed milestones,1.53423,0.595958,3.94968,0.4312,0.551,False,,,,,,
NB_885.321,"Moderate to late preterm, 35 weeks*",0.380007,0.0304342,4.74483,0.4339,0.5541,False,,,,,,
EM_209.12,Syndrome of inappropriate secretion of antidiuretic hormone,1.3494,0.636086,2.86263,0.4348,0.5549,False,1.53779,0.693167,3.4116,0.3435,0.4459,False
DE_680.1,Corns and callosities,0.822952,0.50412,1.34343,0.4358,0.5555,False,0.663538,0.354746,1.24112,0.1992,0.287,False
SS_821.1,Precipitous drop in hematocrit,1.61871,0.583671,4.48919,0.4359,0.5555,False,,,,,,
CM_771.14,Congenital non-neoplastic nevus,1.41192,0.591144,3.37229,0.4374,0.557,False,,,,,,
CA_128.5,Human epidermal growth factor receptor 2 [HER2] positive status*,0.617682,0.183147,2.0832,0.4383,0.5577,False,0.457832,0.101428,2.06659,0.3019,0.4012,False
NB_887.1,Abnormal findings on neonatal hearing screening*,1.76697,0.499883,6.2458,0.4399,0.5592,False,,,,,,
GI_520.13,Umbilical hernia,0.851514,0.566216,1.28056,0.4401,0.5592,False,1.33404,0.832628,2.1374,0.2308,0.3227,False
SO_381.1,Paralytic strabismus [Neurogenic strabismus],0.568862,0.134926,2.39837,0.4423,0.5615,False,0.412629,0.0914826,1.86114,0.2413,0.3348,False
RE_498,Asphyxia and hypoxemia,0.885595,0.649334,1.20782,0.4429,0.5618,False,1.2301,0.858802,1.76193,0.2586,0.3531,False
GE_970.25,Thalassemia minor,1.40759,0.587585,3.37196,0.4431,0.5618,False,1.27796,0.438918,3.72095,0.6528,0.7394,False
GU_622,Polyp of female genital organs,1.20553,0.747013,1.94548,0.444,0.5626,False,0.86863,0.412186,1.83053,0.7112,0.7907,False
CA_148.1,Benign neoplasm of eye,1.40635,0.633602,3.12154,0.4449,0.5633,False,2.46222,1.0897,5.56348,0.0692,0.1153,False
MS_714.1,Kyphosis,1.31622,0.675144,2.56602,0.4509,0.5705,False,2.05345,1.0661,3.9552,0.05797,0.09929,False
NS_330.11,Generalized epilepsy,1.22718,0.719501,2.09306,0.4524,0.572,False,1.50902,0.799298,2.84893,0.2044,0.2933,False
CV_425,Cardiomegaly,1.11747,0.831376,1.50201,0.4617,0.5834,False,1.43698,1.01649,2.03142,0.04011,0.07133,False
MB_283.3,High risk sexual behavior,0.680243,0.24347,1.90056,0.4623,0.5838,False,0.95439,0.378855,2.40425,0.9268,0.9529,False
CV_400,Rheumatic fever and chronic rheumatic heart diseases,0.880285,0.626047,1.23777,0.4634,0.5846,False,1.29268,0.924724,1.80704,0.1331,0.205,False
NB_887,Abnormal findings on neonatal screening,1.48072,0.565757,3.87538,0.4636,0.5846,False,,,,,,
CM_766,Congenital deformities of feet,1.28797,0.653761,2.53743,0.4645,0.5853,False,2.32763,1.1568,4.68352,0.01787,0.03469,False
CA_106.1,Malignant neoplasm of external female genital organs and cervix,1.19505,0.74107,1.92714,0.4649,0.5853,False,1.45874,0.810883,2.6242,0.2076,0.2965,False
GU_624.1,Dystrophy of female genital tract,0.677312,0.23632,1.94123,0.4656,0.5857,False,1.24382,0.483925,3.19694,0.6826,0.7658,False
CV_404.11,Acute myocardial infarction,0.879888,0.623879,1.24095,0.4658,0.5857,False,0.746072,0.492005,1.13134,0.1679,0.2497,False
RE_495.1,Solitary pulmonary nodule,1.08223,0.874246,1.3397,0.468,0.5881,False,1.66659,1.32771,2.09197,1.063e-05,3.496e-05,True
MS_723.51,Achilles tendinitis,1.19822,0.734231,1.95541,0.4693,0.5893,False,1.49449,0.855211,2.61162,0.1903,0.2772,False
BI_160.21,Vitamin B12 deficiency anemia due to intrinsic factor deficiency [Pernicious anemia],1.34761,0.638727,2.84326,0.4707,0.5906,False,1.86836,0.877027,3.98023,0.1582,0.2373,False
PP_952,Other complications of the puerperium NEC,1.48042,0.572667,3.82708,0.471,0.5906,False,,,,,,
CV_400.2,Rheumatic heart disease,0.882394,0.627524,1.24078,0.4719,0.5913,False,1.25887,0.897576,1.7656,0.1822,0.2676,False
ID_058,Pneumoviridae,1.25048,0.676422,2.31174,0.4759,0.5958,False,2.12744,1.15408,3.92177,0.03052,0.05601,False
GI_522.7,Ulceration of the lower GI tract,1.46631,0.580449,3.70412,0.4761,0.5958,False,,,,,,
SO_390.1,Otitis externa,1.13356,0.802001,1.60218,0.4776,0.5973,False,1.57465,1.06221,2.33433,0.0238,0.04505,False
CA_112,Malignant neoplasm of other and ill-defined sites,0.886713,0.636004,1.23625,0.4782,0.5976,False,1.75602,1.2616,2.44421,0.0008459,0.002181,False
SO_390,Disorders of external ear,0.928288,0.755546,1.14052,0.4787,0.5978,False,1.32011,1.05092,1.65824,0.01699,0.0332,False
CM_755.2,Abnormal skull shape*,1.4103,0.577684,3.44298,0.4812,0.6005,False,,,,,,
EM_217,Disorders of puberty,1.39965,0.592351,3.30718,0.4833,0.6025,False,4.24328,1.84184,9.77582,0.004972,0.01077,False
GU_612.22,Hypertrophy of breast (Gynecomastia),1.18554,0.736494,1.90837,0.4835,0.6025,False,1.82797,1.02349,3.2648,0.04151,0.07352,False
ID_058.1,Respiratory syncytial virus,1.2714,0.648845,2.49129,0.4842,0.603,False,1.92724,0.935422,3.97065,0.1137,0.1785,False
NS_345.1,Toxic encephalopathy,0.741707,0.319783,1.72032,0.4864,0.6053,False,1.67764,0.97051,2.9,0.06391,0.1082,False
GU_614.52,Vaginitis and vulvovaginitis,1.09428,0.848066,1.41198,0.4884,0.6071,False,1.20901,0.89165,1.63933,0.2218,0.3126,False
SO_374.5,Macular degeneration,0.832569,0.495727,1.39829,0.4885,0.6071,False,1.66697,1.05724,2.62834,0.03985,0.07114,False
CA_122.21,Follicular lymphoma,0.652322,0.196502,2.16549,0.4889,0.6072,False,1.22667,0.4391,3.42683,0.7282,0.8046,False
SS_847.7,Bone marrow transplant,0.693562,0.24469,1.96587,0.4922,0.6109,False,0.427964,0.12759,1.43548,0.1397,0.2144,False
GU_629.1,Female infertility associated with anovulation,1.36142,0.564068,3.2859,0.4925,0.6109,False,,,,,,
CM_760.1,Congenital malformations of female genitalia,1.36105,0.607367,3.05,0.493,0.611,False,1.34606,0.455269,3.97982,0.5911,0.689,False
EM_247.51,Hypocalcemia,1.14732,0.773174,1.70252,0.4949,0.613,False,1.81188,1.2549,2.61608,0.001516,0.003707,False
CV_413.11,Mitral valve insufficiency,1.10418,0.830056,1.46883,0.4961,0.6139,False,1.2161,0.889459,1.66269,0.2202,0.3107,False
SO_363.7,Stenosis and insufficiency of lacrimal passages,1.38766,0.584775,3.2929,0.4964,0.6139,False,,,,,,
MS_741.7,Back sprain,1.24983,0.655693,2.38235,0.498,0.6152,False,1.74843,0.81645,3.74426,0.2054,0.2944,False
BI_169.1,Thrombocytopenia,0.918865,0.719265,1.17386,0.4983,0.6152,False,1.06458,0.822257,1.37832,0.6349,0.7259,False
NB_861.2,Neonatal hypoglycemia,1.64383,0.455067,5.93795,0.4989,0.6152,False,,,,,,
NB_861,Transitory disorders of carbohydrate metabolism specific to newborn,1.64383,0.455067,5.93795,0.4989,0.6152,False,,,,,,
SO_367.5,Uveitis,0.763957,0.349989,1.66757,0.499,0.6152,False,1.48348,0.715349,3.07643,0.2892,0.387,False
CA_107,Malignant neoplasm of male genitalia,0.870896,0.583027,1.3009,0.4996,0.6153,False,0.991206,0.653782,1.50278,0.9668,0.9771,False
CM_778,"Other congenital malformations, NEC",1.16567,0.746753,1.81961,0.4999,0.6153,False,2.02447,1.30589,3.13846,0.001616,0.003938,False
GI_502.1,Diseases of hard tissues of teeth,0.897633,0.655319,1.22955,0.5011,0.6165,False,1.03779,0.723727,1.48814,0.8401,0.886,False
GI_532.2,Intestinal perforation,1.21424,0.687933,2.14322,0.5031,0.6185,False,1.63631,0.878802,3.04678,0.1582,0.2373,False
CV_440.22,Thrombosis of cerebral or precerebral arteries,1.42646,0.563393,3.61169,0.5072,0.6231,False,1.36118,0.493559,3.754,0.6104,0.7054,False
GU_592.11,Acute cystitis,0.936351,0.770306,1.13819,0.509,0.625,False,1.04018,0.829955,1.30367,0.7323,0.807,False
GU_620,Noninflammatory disorders of vulva and perineum,1.16958,0.733528,1.86485,0.5105,0.6263,False,1.89643,1.12131,3.20734,0.01698,0.0332,False
MB_287.2,Schizoaffective disorder,0.803382,0.416972,1.54788,0.5129,0.6286,False,0.746609,0.357023,1.56132,0.4376,0.5418,False
DE_682.12,Pilar and trichodermal cyst,1.43459,0.486501,4.2303,0.5131,0.6286,False,,,,,,
DE_683.2,Nail dystrophy*,1.21726,0.674817,2.19575,0.5136,0.6286,False,0.930355,0.478092,1.81044,0.8317,0.8809,False
NS_324.341,Essential tremor*,1.15486,0.749649,1.77909,0.5137,0.6286,False,1.61423,1.04118,2.50268,0.03233,0.05918,False
CV_401.61,Renovascular hypertension,1.42035,0.560761,3.59761,0.5157,0.6306,False,2.23058,0.946746,5.25534,0.13,0.2005,False
CM_772.2,Congenital hypothyroidism,0.675647,0.206405,2.21167,0.517,0.6317,False,,,,,,
CM_763.31,Ventricular septal defect,0.738006,0.294125,1.85178,0.5175,0.6319,False,0.79193,0.239589,2.61762,0.7021,0.7828,False
GU_594.33,Nocturnal enuresis,1.26345,0.619614,2.57628,0.5201,0.6346,False,1.80541,0.912694,3.57129,0.1301,0.2005,False
MS_706.3,Spinal enthesopathy,1.4822,0.523156,4.19938,0.5207,0.635,False,,,,,,
SO_374.71,Puckering of macula,0.798682,0.401622,1.58829,0.5216,0.6356,False,1.51001,0.758779,3.00501,0.2405,0.334,False
GU_582,Renal failure,0.956024,0.832571,1.09778,0.5238,0.6379,False,1.14223,0.995505,1.31059,0.05799,0.09929,False
CV_416.8,Pre-excitation syndrome [Anomalous atrioventricular excitation],1.4064,0.551235,3.58824,0.5257,0.6397,False,2.51,1.09968,5.72901,0.06804,0.1139,False
CA_108.41,"Malignant neoplasm of kidney, except pelvis",1.2405,0.635628,2.42098,0.5276,0.6416,False,1.31177,0.712343,2.41561,0.4143,0.5206,False
MS_713.37,Pain in knee,1.0385,0.923041,1.1684,0.5299,0.644,False,1.53521,1.34506,1.75224,2.099e-10,1.077e-09,True
RE_480.1,Acute pulmonary edema,0.720037,0.25788,2.01045,0.5307,0.6446,False,1.43991,0.610285,3.39733,0.4553,0.5578,False
GE_983.2,Hemoglobin C trait [Sickle-cell trait],0.608263,0.136193,2.71662,0.531,0.6446,False,,,,,,
GI_537.1,Peritonitis,1.17304,0.711177,1.93485,0.5319,0.6452,False,2.79591,1.67597,4.66423,8.229e-05,0.0002437,False
PP_941,Abnormal forces of labor,0.837086,0.478997,1.46287,0.5324,0.6453,False,0.875772,0.465169,1.64881,0.6811,0.7653,False
CA_101.42,Malignant neoplasm of anus,0.61,0.136961,2.71683,0.5333,0.646,False,,,,,,
GU_603.5,Orchitis and epididymitis,0.614929,0.139332,2.71392,0.5352,0.6478,False,,,,,,
ID_016,Chlamydia,0.723493,0.258428,2.02549,0.5378,0.6505,False,1.18187,0.420117,3.32483,0.7769,0.8412,False
EM_239,Hyperlipidemia,0.971734,0.886848,1.06474,0.5387,0.6512,False,1.19699,1.09045,1.31394,0.0001564,0.0004477,False
GE_961.86,Genetic susceptibility to malignant neoplasm of of urinary tract*,1.25045,0.612884,2.55125,0.539,0.6512,False,1.16994,0.578602,2.36564,0.6818,0.7655,False
RE_479.1,Acute respiratory distress syndrome [ARDS]*,0.636332,0.14896,2.71831,0.5418,0.6541,False,,,,,,
GI_540.11,Autoimmune hepatitis,0.691196,0.210825,2.26611,0.5421,0.6541,False,2.09256,0.764753,5.72579,0.1505,0.2272,False
CA_121.1,Acute leukemia,0.725654,0.258382,2.03797,0.5427,0.6544,False,1.08649,0.458061,2.57708,0.8507,0.894,False
CA_114.1,Malignant neuroendocrine tumors,1.26259,0.595347,2.67766,0.5433,0.6546,False,1.89953,0.989002,3.64835,0.08493,0.1391,False
GI_540,Hepatitis,0.885504,0.596932,1.31358,0.5456,0.6566,False,0.94558,0.568308,1.57331,0.8294,0.8801,False
CM_763.15,Congenital anomalies of pulmonary artery,0.640736,0.151073,2.7175,0.546,0.6566,False,,,,,,
SO_374.511,Nonexuadative (dry) age-related macular degeneration,0.752481,0.295594,1.91556,0.546,0.6566,False,1.3781,0.580169,3.27346,0.504,0.6064,False
BI_168.15,Acquired coagulation factor deficiency,1.33219,0.569628,3.11561,0.5479,0.6585,False,1.34493,0.461471,3.9197,0.5871,0.6859,False
CM_763.13,Patent ductus arteriosus,0.622477,0.135531,2.85896,0.5486,0.6589,False,,,,,,
MS_719.92,Contracture of joint,0.809249,0.404694,1.61822,0.5493,0.6592,False,0.973291,0.410128,2.30976,0.951,0.9636,False
NB_871.2,Failure to thrive in newborn,0.621082,0.12844,3.00328,0.5501,0.6598,False,,,,,,
ID_061,Influenza virus,1.11096,0.785652,1.57096,0.5517,0.6608,False,0.973042,0.678385,1.39569,0.882,0.9184,False
SO_399,Abnormal auditory function study,1.32977,0.564707,3.13131,0.5517,0.6608,False,,,,,,
CM_766.1,Congenital talipes varus,1.33569,0.510735,3.49312,0.5551,0.6645,False,4.29673,2.04122,9.04453,0.001394,0.003428,False
MS_719.91,Contracture of tendon,1.37095,0.536484,3.50337,0.5563,0.6653,False,,,,,,
CV_443.1,Stricture of artery [Arterial stenosis],1.23604,0.63444,2.4081,0.5566,0.6653,False,2.58419,1.36971,4.87552,0.003376,0.007553,False
CA_100.1,Malignant neoplasm of the oral cavity,0.757043,0.298179,1.92205,0.559,0.6678,False,0.985203,0.386853,2.50903,0.9764,0.9815,False
MB_308.32,Auditory hallucinations*,1.32796,0.508464,3.46826,0.5625,0.6716,False,,,,,,
SO_374.61,Lattice degeneration of retina,1.32479,0.508252,3.45316,0.565,0.6741,False,,,,,,
EM_249,Amyloidosis,1.31148,0.559791,3.07254,0.5663,0.6748,False,2.08377,0.982878,4.41773,0.0954,0.1535,False
GU_580.2,Chronic nephritic syndrome,0.736264,0.262738,2.06321,0.5664,0.6748,False,1.46726,0.562637,3.82636,0.4331,0.5375,False
EM_204.4,Hyperglycemia*,0.962215,0.84319,1.09804,0.5675,0.6757,False,1.06162,0.918727,1.22673,0.4176,0.5239,False
RE_465.11,Streptococcal tonsillitis/pharyngitis,1.08876,0.812607,1.45875,0.5689,0.6769,False,1.33819,0.932791,1.91977,0.1277,0.1976,False
RE_480,Pulmonary edema,0.826778,0.42934,1.59212,0.5694,0.6771,False,1.70692,0.927088,3.1427,0.086,0.1404,False
CM_754.1,Oral cleft,1.34992,0.528854,3.44573,0.5712,0.6788,False,2.74454,1.13221,6.65291,0.06473,0.1092,False
GI_502.11,Dental caries,0.907503,0.64777,1.27138,0.5726,0.6799,False,1.14393,0.782773,1.67171,0.4873,0.5893,False
SO_374.1,Retinal detachments and breaks,1.19179,0.647558,2.19342,0.5729,0.6799,False,0.52195,0.187017,1.45672,0.1988,0.2867,False
SO_377.5,Vitreous hemorrhage,1.31347,0.507882,3.39688,0.5738,0.6802,False,0.955158,0.301512,3.02584,0.9453,0.9636,False
CM_761,Congenital malformations of the urinary system,1.14579,0.713027,1.84121,0.5739,0.6802,False,1.37069,0.783295,2.39859,0.2694,0.3647,False
GU_592.2,Urethritis,1.40385,0.497059,3.96492,0.5784,0.6851,False,,,,,,
NB_885.3,Moderate to late preterm (33 to 37 weeks),0.741439,0.255179,2.1543,0.5791,0.6852,False,,,,,,
DE_680.2,Keratoderma,0.64213,0.146064,2.82294,0.5792,0.6852,False,,,,,,
SO_374.7,Non-degenerative maculopathy,0.838482,0.449116,1.56541,0.5802,0.6859,False,1.48937,0.793139,2.79677,0.2153,0.3051,False
CM_754.11,Cleft palate,1.39453,0.493558,3.94019,0.5826,0.6883,False,,,,,,
SO_367.21,Corneal ulcer,1.30632,0.502676,3.39477,0.5834,0.6886,False,,,,,,
SO_374.11,Serous retinal detachment,0.717747,0.219274,2.34939,0.5836,0.6886,False,,,,,,
ID_092.2,Sepsis,0.924516,0.697021,1.22626,0.586,0.691,False,1.3574,1.04772,1.75861,0.02074,0.03958,False
GE_962.5,Disorders of urea cycle metabolism,1.38715,0.497725,3.86598,0.5875,0.692,False,,,,,,
GU_622.2,Mucous polyp of cervix,1.29716,0.548582,3.06722,0.588,0.692,False,,,,,,
PP_905,Premature or prolonged rupture of membranes,0.745127,0.26118,2.1258,0.588,0.692,False,0.801986,0.281575,2.28423,0.6795,0.7649,False
MS_740.6,Dislocation of hip,0.67379,0.157688,2.87905,0.5941,0.6987,False,,,,,,
CV_416.41,Atrioventricular block,1.09924,0.775201,1.55873,0.5954,0.6998,False,1.04111,0.691432,1.56763,0.847,0.8907,False
CA_104.1,Malignant neoplam of the bone and/or cartilage,1.28797,0.545599,3.04045,0.5964,0.7005,False,1.16616,0.463347,2.935,0.768,0.8332,False
SS_834.1,Abnormal Papanicolaou smear,1.09727,0.776929,1.54969,0.5982,0.7021,False,0.751674,0.411109,1.37436,0.3539,0.4564,False
ID_057.1,Human immunodeficiency virus,0.798207,0.343411,1.85531,0.6005,0.704,False,1.08012,0.510766,2.28414,0.8401,0.886,False
CM_750.21,Spina bifida,1.37424,0.490807,3.84779,0.6006,0.704,False,,,,,,
CV_413.2,Aortic valve disorders,1.06456,0.841087,1.34741,0.6028,0.7062,False,1.17367,0.915231,1.50508,0.207,0.2959,False
MB_288.42,Social phobia,1.14647,0.683614,1.9227,0.6044,0.7076,False,1.19693,0.658025,2.17718,0.5559,0.658,False
GU_614.3,Pelvic inflammatory disease (PID),0.799468,0.341928,1.86925,0.6055,0.708,False,,,,,,
MS_725,Osteochondrosis,0.779071,0.306892,1.97774,0.6056,0.708,False,1.43895,0.610785,3.39002,0.4644,0.5663,False
NS_333.12,Central sleep apnea,1.20453,0.617225,2.35069,0.6059,0.708,False,2.39966,1.1573,4.97569,0.01864,0.03592,False
GE_961.11,Neurofibromatosis,0.722662,0.217824,2.39754,0.6115,0.7141,False,,,,,,
MB_302.3,Specific developmental disorders of scholastic skills,0.826804,0.395944,1.72652,0.6127,0.715,False,0.966942,0.430877,2.16994,0.9384,0.9611,False
SO_367.52,Iridocyclitis,0.817977,0.373739,1.79025,0.6151,0.7174,False,1.2477,0.552148,2.81947,0.5947,0.6897,False
EM_202.3,Secondary diabetes,1.12539,0.709597,1.78482,0.6156,0.7175,False,1.38703,0.853264,2.25471,0.1869,0.2732,False
EM_202.31,Diabetes mellitus due to underlying condition*,0.871651,0.509541,1.4911,0.616,0.7175,False,1.19358,0.686211,2.0761,0.5309,0.634,False
NS_355.1,Coma,1.24637,0.524086,2.96408,0.6183,0.7197,False,0.722191,0.218918,2.38244,0.593,0.6893,False
MB_286.4,Dysthymic disorder,1.11392,0.727952,1.70452,0.6192,0.7198,False,1.20924,0.753372,1.94096,0.4313,0.537,False
CV_414.1,Hypertrophic cardiomyopathy,0.770603,0.275759,2.15344,0.6192,0.7198,False,1.58826,0.781736,3.22688,0.2471,0.3406,False
CM_755.22,Plagiocephaly*,1.30122,0.491172,3.44722,0.6207,0.7211,False,,,,,,
CA_148.3,Benign neoplasm of brain,0.740765,0.225362,2.4349,0.6211,0.7212,False,,,,,,
ID_056.1,Plantar wart,1.1594,0.642236,2.09303,0.6236,0.7225,False,1.02613,0.489072,2.15295,0.9483,0.9636,False
GE_976.5,Polycystic kidney disease,1.26489,0.535567,2.98738,0.6237,0.7225,False,2.30509,1.07163,4.95825,0.06871,0.1148,False
MB_282.2,Personal history of nicotine dependence,1.0291,0.917646,1.15409,0.6238,0.7225,False,1.14047,0.999464,1.30136,0.05094,0.08853,False
NB_878,Newborn affected by other complications of labor and delivery,0.676238,0.141531,3.23109,0.6242,0.7225,False,,,,,,
CA_144.3,Benign neoplasms of the ovary,0.742103,0.224886,2.44887,0.6244,0.7225,False,,,,,,
PP_907.2,Low lying placenta*,0.732396,0.216455,2.47813,0.625,0.7225,False,0.946044,0.284645,3.14426,0.934,0.959,False
MS_719.8,Rhabdomyolysis,0.773236,0.275548,2.16983,0.6252,0.7225,False,1.12916,0.451393,2.82458,0.8144,0.87,False
NB_872,Other and ill-defined conditions originating in the perinatal period,0.73431,0.211866,2.54506,0.6255,0.7225,False,,,,,,
NB_856,Infections in newborn,1.41293,0.421328,4.73825,0.6273,0.7236,False,,,,,,
SO_380.21,Papilledema,1.26718,0.487001,3.29723,0.6274,0.7236,False,4.46548,2.20865,9.02838,0.0004007,0.001083,False
CA_108.4,Malignant neoplasm of the kidney,1.15532,0.644726,2.07027,0.6276,0.7236,False,1.34388,0.771714,2.34027,0.2963,0.3959,False
MS_741.13,Superior glenoid labrum lesion,1.14009,0.670414,1.93881,0.6284,0.7241,False,1.34566,0.665972,2.71902,0.4479,0.5504,False
CV_419.1,Presence of cardiac pacemaker,1.08483,0.778571,1.51157,0.6304,0.7259,False,0.912276,0.64136,1.29763,0.6096,0.7049,False
SO_375.6,Ocular hypertension,0.814513,0.350402,1.89334,0.6336,0.7291,False,0.913252,0.386904,2.15565,0.8359,0.8842,False
RE_469,Bronchitis,0.955043,0.789967,1.15461,0.6347,0.7299,False,0.926445,0.730286,1.17529,0.5291,0.6328,False
GU_581.1,Acute pyelonephritis,0.815596,0.349178,1.90504,0.6431,0.7392,False,1.22589,0.543606,2.76452,0.6235,0.718,False
CM_761.2,Congenital malformations of ureter and renal pelvis,0.745108,0.223917,2.47943,0.6445,0.7397,False,,,,,,
CM_772,Congenital disorder of endocrine glands,1.20812,0.540915,2.69831,0.6447,0.7397,False,1.17021,0.417328,3.28134,0.7917,0.8549,False
GU_581.3,Obstructive and reflux uropathy,0.939759,0.721588,1.22389,0.6448,0.7397,False,0.85816,0.622037,1.18392,0.3515,0.4537,False
MS_724.52,Osteophyte*,1.16997,0.599345,2.28389,0.6455,0.74,False,2.07995,1.06908,4.04664,0.0561,0.09655,False
NB_889.1,Fussy infant,1.37892,0.390179,4.87317,0.6486,0.7431,False,,,,,,
DE_680,Epidermal thickening,1.06788,0.803156,1.41986,0.6514,0.7458,False,1.08405,0.776641,1.51315,0.6353,0.7259,False
CA_144.13,Benign neoplasms of the cervix,1.23994,0.52573,2.9244,0.6522,0.7462,False,,,,,,
GU_597,Other disorders of urethra and urinary tract,1.14934,0.624365,2.11573,0.6548,0.7488,False,2.05402,1.12925,3.73608,0.01836,0.03551,False
EM_208.1,Hypoparathyroidism,1.18582,0.561069,2.50623,0.6553,0.7489,False,1.54654,0.744076,3.21445,0.2428,0.336,False
GE_976,Genetic diseases primary affecting the kidneys,1.21352,0.546258,2.69583,0.6583,0.7518,False,2.40828,1.11665,5.1939,0.025,0.04695,False
CV_441,Arteriovenous malformation,0.826539,0.35483,1.92534,0.6588,0.7519,False,3.0345,1.4841,6.20458,0.002351,0.005482,False
ID_004,Streptococcus,0.943338,0.727405,1.22337,0.6601,0.7529,False,1.22281,0.89502,1.67064,0.2065,0.2954,False
CV_430.2,Nontraumatic intracerebral hemorrhage,1.1937,0.567885,2.50915,0.6608,0.7532,False,1.42152,0.702265,2.87745,0.3709,0.4761,False
MS_740.8,Dislocation of foot and ankle,1.25989,0.495228,3.20523,0.6612,0.7532,False,0.724085,0.221734,2.36454,0.6145,0.7091,False
ID_056,Human papillomavirus,1.05929,0.816369,1.3745,0.6647,0.7568,False,1.08737,0.758955,1.5579,0.648,0.7362,False
PP_917,Liver and biliary tract disorders in pregnancy,0.724773,0.168044,3.12594,0.666,0.7577,False,,,,,,
CV_430,Nontraumatic Intracranial hemorrhage,0.88051,0.493614,1.57066,0.667,0.7584,False,0.950608,0.51853,1.74273,0.8699,0.9112,False
CV_414.9,Takotsubo syndrome [Stress cardiomyopathy],1.20465,0.543183,2.67162,0.6684,0.7595,False,1.51334,0.742632,3.0839,0.3003,0.4002,False
MS_703,Chrystal arthropathies,0.940651,0.70984,1.24651,0.6702,0.761,False,1.3689,1.0255,1.82729,0.0331,0.06053,False
EM_200.7,Iodine-related thyroid disorders,0.860732,0.429354,1.72552,0.6726,0.7633,False,1.29967,0.615223,2.74558,0.5304,0.6339,False
ID_092,"Bacteremia, Sepsis, and SIRS",0.948143,0.739168,1.2162,0.6751,0.7657,False,1.41795,1.12445,1.78807,0.003166,0.007123,False
MS_724.51,Calcaneal spur,1.162,0.572551,2.3583,0.6776,0.768,False,1.51271,0.674379,3.39318,0.3706,0.4761,False
NS_329.5,Mild cognitive impairment,1.09923,0.701549,1.72235,0.6797,0.7699,False,1.89186,1.27435,2.80858,0.001564,0.003817,False
MB_293.4,Polyphagia,0.803663,0.284226,2.2724,0.6802,0.7701,False,1.18565,0.492703,2.85319,0.7039,0.7842,False
CM_761.111,Renal agenesis*,0.769968,0.232505,2.54984,0.6845,0.7744,False,,,,,,
SO_374.51,Age-related macular degeneration,0.858712,0.410459,1.79649,0.6851,0.7746,False,1.53982,0.784417,3.02267,0.246,0.3398,False
DE_660,Infection of the skin,0.97418,0.858176,1.10587,0.6859,0.7747,False,1.08867,0.933988,1.26897,0.2772,0.3738,False
MB_297,Gender identity disorder,1.11207,0.664432,1.8613,0.686,0.7747,False,0.968257,0.524771,1.78653,0.9178,0.9472,False
GE_961.1,Phakomatoses,0.821197,0.323699,2.08331,0.6871,0.775,False,0.854332,0.260966,2.79685,0.8122,0.87,False
PP_954,Disorders of the breast associated with childbirth and disorders of lactation,0.781904,0.236083,2.58966,0.6872,0.775,False,,,,,,
CV_423,Abnormal cardiac sounds,0.944376,0.714525,1.24817,0.6876,0.775,False,1.15125,0.816188,1.62386,0.4222,0.5293,False
NS_341.11,Spastic cerebral palsy*,0.822431,0.323321,2.09202,0.6901,0.7773,False,0.748617,0.296161,1.89231,0.5496,0.6534,False
CV_414.11,Hypertrophic obstructive cardiomyopathy,0.77532,0.23489,2.55916,0.6904,0.7773,False,1.3107,0.471029,3.64719,0.6518,0.739,False
PP_909.2,Pre-existing diabetes mellitus in pregnancy*,0.810153,0.286947,2.28735,0.691,0.7774,False,0.279891,0.0376133,2.08274,0.2137,0.3038,False
CA_121,Leukemia,0.903526,0.545101,1.49763,0.694,0.7803,False,1.0003,0.600374,1.66664,0.9991,0.9991,False
GI_502.14,Deposits [accretions] on teeth,1.20884,0.467214,3.12767,0.6958,0.7818,False,0.961574,0.283976,3.256,0.9498,0.9636,False
CV_416.6,Long QT syndrome,1.20243,0.510756,2.83076,0.6965,0.7822,False,0.813323,0.243859,2.71261,0.7367,0.8101,False
CM_764.5,Congenital arteriovenous malformation*,1.23372,0.428024,3.55606,0.6974,0.7827,False,3.36094,1.53835,7.34289,0.01292,0.02583,False
CA_106.13,Malignant neoplasm of the cervix,1.11423,0.643767,1.9285,0.6992,0.7838,False,1.21585,0.592455,2.4952,0.5942,0.6896,False
NS_348.4,Spinal cord compression*,0.791098,0.240576,2.6014,0.6996,0.7838,False,1.70743,0.67198,4.3384,0.3357,0.4379,False
MS_745.61,Fracture of vertebrae,1.06581,0.770998,1.47334,0.6997,0.7838,False,1.53004,1.09718,2.13367,0.01219,0.02455,False
PP_940,Malposition and malpresentation of fetus,0.888671,0.486089,1.62467,0.7014,0.7848,False,0.875106,0.397366,1.92722,0.7405,0.8129,False
CA_148.2,Benign neoplasm of meninges (Meningioma),1.12688,0.611847,2.07544,0.7015,0.7848,False,1.25233,0.633434,2.47591,0.5176,0.6205,False
NB_850.1,Newborn light or small for gestational age,0.78329,0.228374,2.68657,0.7019,0.7848,False,,,,,,
CM_760.2,Congenital congenital malformations of male genital organs,1.16112,0.539221,2.50026,0.7027,0.7852,False,,,,,,
RE_488.4,Tachypnea,0.795212,0.24207,2.61231,0.7057,0.7881,False,,,,,,
CV_416.222,Atypical atrial flutter*,1.17457,0.537039,2.56892,0.7068,0.7888,False,1.25665,0.542923,2.90862,0.6287,0.7206,False
RE_499.11,Acute cough*,0.960678,0.775704,1.18976,0.7131,0.7951,False,1.66109,1.37397,2.00822,1.596e-07,6.608e-07,True
CV_416.7,Sinoatrial node dysfunction,1.09182,0.690038,1.72754,0.7137,0.7951,False,1.2229,0.784163,1.9071,0.3918,0.4974,False
CV_416.71,Sick sinus syndrome*,1.09182,0.690038,1.72754,0.7137,0.7951,False,1.2229,0.784163,1.9071,0.3918,0.4974,False
PP_941.5,False labor,0.878478,0.437404,1.76433,0.7157,0.7965,False,0.531528,0.190971,1.47939,0.2262,0.3175,False
GU_597.1,Urethral stricture,1.18461,0.509724,2.75306,0.7161,0.7965,False,2.75049,1.22927,6.15422,0.04153,0.07352,False
GI_524.2,Neurogenic bowel,0.790365,0.2407,2.59526,0.7167,0.7965,False,,,,,,
EM_247.86,Dietary zinc deficiency*,0.762965,0.176574,3.29673,0.7171,0.7965,False,,,,,,
SO_381,Strabismus,1.08145,0.707791,1.65237,0.7173,0.7965,False,1.25349,0.752425,2.08822,0.3856,0.4915,False
GE_961.85,Genetic susceptibility to malignant neoplasm of digestive system*,1.12521,0.593688,2.13259,0.7176,0.7965,False,1.36607,0.753885,2.47536,0.3375,0.4398,False
SO_377.2,Conjunctival hemorrhage,0.76621,0.178055,3.29717,0.7206,0.7994,False,,,,,,
CM_761.1,Congenital malformation of kidney,1.10439,0.639485,1.90729,0.7217,0.8001,False,1.65013,0.914413,2.9778,0.09633,0.1544,False
MS_741.71,Lumbosacral sprain,0.794317,0.240359,2.62498,0.7223,0.8003,False,,,,,,
MS_705.12,Rheumatoid arthritis with rheumatoid factor*,0.928313,0.615211,1.40076,0.7231,0.8006,False,1.16852,0.795126,1.71726,0.4279,0.5335,False
EM_217.2,Precocious puberty,0.750822,0.162943,3.4597,0.7248,0.802,False,,,,,,
SO_396.1,Conductive hearing loss,0.905463,0.518111,1.58241,0.7273,0.8037,False,1.38429,0.773901,2.47609,0.2731,0.3687,False
SO_380.1,Optic neuropathy,1.14334,0.538591,2.4271,0.7273,0.8037,False,1.09727,0.396939,3.0332,0.8738,0.9135,False
GU_616,"Disorders of uterus, except cervix",1.09017,0.669823,1.77431,0.7283,0.8037,False,2.23293,1.22961,4.05493,0.008315,0.01733,False
CV_436,Atherosclerosis [ASCVD],1.02527,0.890609,1.18029,0.7283,0.8037,False,1.15878,1.00381,1.33766,0.04423,0.0777,False
CV_423.1,Cardiac murmurs,0.951787,0.72006,1.25809,0.7285,0.8037,False,1.12083,0.79162,1.58695,0.5203,0.6232,False
DE_686.1,Pressure ulcer,0.909199,0.530403,1.55852,0.7292,0.8039,False,0.69123,0.398306,1.19958,0.1892,0.2758,False
NS_320,Meningitis,1.20674,0.415756,3.50259,0.7296,0.8039,False,,,,,,
DE_683.1,Ingrowing nail,0.930238,0.616306,1.40408,0.7306,0.8046,False,1.03546,0.633621,1.69215,0.8894,0.9245,False
MS_742,Cartilage tear of knee,0.946177,0.68611,1.30482,0.7358,0.8098,False,1.6259,1.13517,2.32879,0.008012,0.01676,False
SS_844,Wheelchair dependence,1.12735,0.558568,2.27531,0.738,0.8117,False,1.37262,0.758577,2.48369,0.3294,0.4314,False
NB_876,Newborn affected by maternal complications of pregnancy,1.18843,0.452234,3.12307,0.7386,0.8119,False,,,,,,
SO_386.1,Amblyopia,0.882559,0.422249,1.84467,0.7398,0.8127,False,1.15525,0.540141,2.47084,0.7098,0.7898,False
MS_721.6,Baker's cyst [popliteal cyst],0.889262,0.443957,1.78122,0.7405,0.813,False,1.89516,1.07312,3.34689,0.04585,0.08029,False
NS_347.1,Cerebral cysts,0.818597,0.247647,2.70587,0.7428,0.815,False,,,,,,
RE_479.32,Chronic respiratory failure,0.929496,0.600314,1.43918,0.7434,0.8152,False,0.848595,0.548535,1.31279,0.4608,0.5633,False
CV_416.413,"Atrioventricular block, complete",1.10087,0.615738,1.96823,0.7458,0.8173,False,0.95184,0.475833,1.90403,0.8917,0.9256,False
CA_144.1,Benign neoplasms of external female genital organs and cervix,1.16275,0.493602,2.73902,0.7491,0.82,False,,,,,,
CV_404.2,Coronary atherosclerosis [Atherosclerotic heart disease],0.975605,0.838593,1.135,0.7491,0.82,False,1.13847,0.980268,1.3222,0.08934,0.1455,False
ID_057,Retrovirus,0.880042,0.401396,1.92945,0.7497,0.8201,False,1.06026,0.50189,2.23985,0.8781,0.9168,False
RE_480.2,Chronic pulmonary edema,0.860727,0.340313,2.17697,0.7514,0.8215,False,1.75284,0.82295,3.73347,0.1966,0.2843,False
SO_381.4,Exotropia,0.861057,0.340267,2.17894,0.7522,0.8218,False,2.07927,0.829995,5.20892,0.1182,0.1851,False
PP_940.1,Maternal care for breech presentation,0.88185,0.401488,1.93694,0.7541,0.8235,False,0.835289,0.295014,2.365,0.7347,0.8089,False
PP_916.2,"Viral diseases complicating pregnancy, childbirth, or the puerperium",0.888788,0.424005,1.86306,0.7549,0.8238,False,0.851514,0.300443,2.41336,0.7746,0.8392,False
CV_413.41,Pulmonary valve stenosis,1.20053,0.426091,3.38254,0.7559,0.8243,False,,,,,,
CV_413.32,Tricuspid value insufficiency*,0.934548,0.609281,1.43346,0.7565,0.8243,False,0.636822,0.367152,1.10456,0.1083,0.1712,False
MB_286.2,Major depressive disorder,1.01589,0.919456,1.12245,0.7567,0.8243,False,0.998248,0.887893,1.12232,0.9766,0.9815,False
CV_438.2,Aneurysm of iliac or artery of lower extremity,1.19768,0.426397,3.36408,0.7578,0.8245,False,,,,,,
NS_324.11,Parkinson's disease (Primary),1.08323,0.651505,1.80105,0.7579,0.8245,False,0.934436,0.544877,1.60251,0.8054,0.865,False
NB_853,Cardiovascular disorders originating in the perinatal period,0.775461,0.162755,3.69475,0.7583,0.8245,False,,,,,,
CA_106,Gynecological malignant neoplasms,0.951873,0.693974,1.30561,0.7597,0.8255,False,1.08152,0.759781,1.5395,0.6636,0.7502,False
MS_700.41,Myositis,1.12325,0.532388,2.36985,0.7603,0.8257,False,2.39944,1.19642,4.81213,0.03329,0.06074,False
DE_682.11,Sebaceous cyst [Epidermal cyst],0.940301,0.632518,1.39785,0.7609,0.8259,False,1.00064,0.588138,1.70245,0.9981,0.9987,False
GE_960.11,Down syndrome,0.846735,0.299812,2.39137,0.7629,0.8276,False,1.52288,0.520141,4.4587,0.4429,0.5463,False
MS_733,"Dentofacial anomalies, including malocclusion",0.853377,0.302163,2.41013,0.7647,0.8286,False,,,,,,
MB_306,Conduct disorders,0.897293,0.446036,1.80509,0.7651,0.8286,False,1.21215,0.595833,2.46596,0.6209,0.7155,False
CV_433.1,Occlusion and stenosis of cerebral arteries,0.892521,0.428871,1.85742,0.7652,0.8286,False,1.06117,0.50673,2.22225,0.8813,0.9183,False
GU_581.33,Stricture or kinking of ureter,0.848997,0.301479,2.39086,0.7679,0.831,False,0.941207,0.338192,2.61943,0.9153,0.9464,False
GU_616.1,Endometrial hyperplasia,0.869929,0.342035,2.21257,0.7699,0.8326,False,,,,,,
MS_710.6,Unequal limb length (acquired),1.12424,0.532692,2.37269,0.7713,0.8337,False,2.98116,1.44875,6.13448,0.003009,0.006799,False
NB_854,Respiratory conditions of fetus and newborn,1.14539,0.470099,2.79072,0.773,0.8351,False,,,,,,
MB_302.1,Speech and language developmental delay,1.05966,0.713492,1.57379,0.7768,0.8385,False,1.48569,0.95256,2.31719,0.09536,0.1535,False
CM_751,Congenital anomalies of eye,1.13229,0.478077,2.68173,0.7776,0.8385,False,0.696531,0.161901,2.99662,0.6271,0.7196,False
PP_904.2,Spotting complicating pregnancy,0.830825,0.245855,2.80763,0.7776,0.8385,False,,,,,,
GU_588.2,Abnormal results of function study of kidney,1.10486,0.54831,2.22631,0.7803,0.8409,False,1.8204,0.902845,3.67046,0.09407,0.1524,False
RE_478,Aspiration pneumonia,1.08236,0.616915,1.89897,0.7826,0.8429,False,1.35186,0.763793,2.39271,0.3007,0.4003,False
CV_436.3,Atherosclerosis of aorta,1.05149,0.730873,1.51274,0.7868,0.8469,False,1.59911,1.07148,2.38657,0.02157,0.04107,False
SO_361.1,Entropion and trichiasis of eyelid,0.800447,0.180275,3.55411,0.7884,0.8481,False,,,,,,
MB_284,Suicide ideation and attempt or self harm,1.04445,0.757366,1.44035,0.7908,0.8499,False,1.2443,0.857421,1.80574,0.25,0.3437,False
MB_302.13,Phonological disorder*,1.14795,0.442591,2.97744,0.791,0.8499,False,1.08405,0.37143,3.16387,0.8923,0.9256,False
CV_406.2,Acute pulmonary heart disease,1.14589,0.450067,2.91749,0.7921,0.8506,False,0.911359,0.278153,2.98604,0.8895,0.9245,False
GI_520.11,Inguinal hernia,0.942378,0.603541,1.47144,0.7941,0.8522,False,1.44793,0.881719,2.37774,0.1436,0.2184,False
MB_305.11,Tourette's disorder,0.866119,0.307042,2.44319,0.7966,0.8544,False,1.64514,0.637696,4.24418,0.3794,0.4847,False
NS_329.45,Frontal lobe and executive function deficit,0.845243,0.256476,2.78559,0.7979,0.8553,False,,,,,,
EM_239.1,Hypercholesterolemia,1.01249,0.919644,1.11471,0.8003,0.8573,False,1.20393,1.08894,1.33107,0.0002905,0.0008014,False
EM_202.4,Other specified diabetes*,1.06604,0.648824,1.75153,0.8007,0.8573,False,1.54354,0.933262,2.55287,0.09085,0.1477,False
NS_323,Systemic atrophies primarily affecting the central nervous system,1.15767,0.411095,3.2601,0.803,0.8592,False,1.45991,0.574684,3.7087,0.4885,0.5904,False
SO_369,Disorders of the cornea,0.927784,0.508482,1.69285,0.807,0.8627,False,0.611069,0.263996,1.41444,0.25,0.3437,False
CV_416.221,Typical atrial flutter*,0.911251,0.438472,1.8938,0.8071,0.8627,False,1.51751,0.82234,2.80035,0.2196,0.3103,False
MS_709.11,Mallet finger,0.852569,0.25809,2.81636,0.8078,0.8629,False,,,,,,
MB_284.2,Suicide and self-inflicted harm,0.926608,0.491682,1.74626,0.8136,0.8686,False,1.00861,0.387105,2.62798,0.986,0.9891,False
SO_370,Disorders of iris and ciliary body,0.879372,0.311073,2.4859,0.8177,0.8725,False,,,,,,
CM_769,Congenital malformations of spine,1.11629,0.433339,2.87556,0.8198,0.8741,False,1.94152,0.897873,4.19827,0.1433,0.2182,False
CV_404,Ischemic heart disease,1.01635,0.880961,1.17255,0.824,0.8777,False,1.21768,1.05805,1.40139,0.006013,0.01287,False
CA_103.22,Squamous cell carcinoma of the skin,0.936047,0.525105,1.66859,0.8241,0.8777,False,1.31459,0.730353,2.36618,0.3904,0.4963,False
CV_424.5,Right heart failure*,1.12021,0.439765,2.85349,0.825,0.8782,False,0.40383,0.089894,1.81413,0.2145,0.3042,False
MB_284.1,Suicidal ideations,0.958667,0.651766,1.41008,0.8302,0.8832,False,1.09922,0.692072,1.74589,0.6886,0.7704,False
GU_617,Noninflammatory disorders of cervix,1.07501,0.550215,2.10034,0.8324,0.8849,False,1.1828,0.491857,2.84434,0.7077,0.7879,False
SS_827,Toxicology findings,1.09721,0.463844,2.59541,0.8327,0.8849,False,1.11204,0.385846,3.20497,0.8441,0.8894,False
MS_709.1,Acquired deformities of fingers,0.894999,0.316586,2.5302,0.8343,0.886,False,,,,,,
SO_383.1,Nystagmus,1.10443,0.427976,2.85009,0.8373,0.8886,False,1.12428,0.444129,2.84601,0.8213,0.8745,False
BI_177.4,Lymphedema,0.963688,0.674091,1.3777,0.8393,0.8902,False,1.64028,1.18428,2.27186,0.002904,0.00659,False
ID_009,Pseudomonas,0.917035,0.392385,2.14318,0.8415,0.8921,False,1.67052,0.83786,3.33067,0.145,0.2203,False
NS_324.311,Drug induced dystonia,0.894966,0.316305,2.53225,0.8431,0.8932,False,1.59194,0.625456,4.0519,0.3991,0.5062,False
CA_121.12,Acute myeloid leukemia,0.882088,0.263899,2.9484,0.8493,0.8993,False,0.88035,0.265966,2.91397,0.846,0.8902,False
ID_097,Drug resistant microorganisms,0.96417,0.656,1.41711,0.8527,0.9023,False,2.01892,1.44552,2.81978,3.763e-05,0.0001163,False
PP_911.1,Hyperemesis gravidarum,1.11446,0.386383,3.21447,0.8533,0.9025,False,,,,,,
PP_941.1,Uterine inertia,0.907055,0.318709,2.5815,0.855,0.9037,False,1.25067,0.488058,3.20491,0.6725,0.7592,False
PP_926.1,Postpartum mood disturbance*,0.937359,0.464957,1.88973,0.8565,0.9045,False,0.628753,0.190326,2.07712,0.4466,0.5496,False
MB_302.11,Expressive language disorder,1.08013,0.484823,2.40642,0.8567,0.9045,False,1.62481,0.716648,3.68382,0.291,0.389,False
SO_369.7,Endothelial corneal dystrophy [Fuchs' dystrophy],1.13049,0.341764,3.73945,0.8583,0.9056,False,1.04292,0.325476,3.34185,0.9507,0.9636,False
DE_683,Nail disorders,0.973509,0.72127,1.31396,0.8607,0.9077,False,0.905087,0.628375,1.30365,0.5922,0.6893,False
GI_502.32,Periapical abscess,1.04967,0.609179,1.80866,0.8614,0.9079,False,1.36264,0.7288,2.54774,0.3325,0.4344,False
SO_392.2,Otorrhea,1.05975,0.544217,2.06363,0.8645,0.9105,False,0.953482,0.433626,2.09657,0.9094,0.9409,False
GE_960.1,Trisomies,1.07731,0.456923,2.54003,0.8649,0.9105,False,1.86675,0.81302,4.28619,0.1411,0.216,False
GE_974,Genetic diseases of the eye,0.915131,0.321684,2.60337,0.868,0.9132,False,1.18912,0.427861,3.30482,0.7725,0.8375,False
MB_309.1,Irritability,0.942707,0.468978,1.89496,0.8685,0.9132,False,1.0317,0.493475,2.15696,0.9374,0.9611,False
NS_356.1,Dysarthria,0.938651,0.449506,1.96008,0.8694,0.9133,False,0.586799,0.210249,1.63774,0.3087,0.4083,False
MB_287,Psychotic disorder,0.969735,0.671988,1.39941,0.8696,0.9133,False,0.689842,0.422646,1.12596,0.1374,0.2111,False
CA_106.3,Malignant neoplasm of the ovary,1.05359,0.572064,1.94044,0.8705,0.9137,False,2.0766,1.22806,3.51143,0.01321,0.02628,False
SO_379,Infection of the eye,0.926302,0.365237,2.34925,0.8777,0.9199,False,3.11126,1.3341,7.25579,0.00861,0.01792,False
GI_518,Appendicitis,0.955484,0.534633,1.70762,0.8778,0.9199,False,1.65049,0.845726,3.22105,0.1419,0.2171,False
SO_379.2,"Eye infection, viral",0.92636,0.365261,2.34939,0.8778,0.9199,False,2.71944,1.12109,6.59658,0.02691,0.05007,False
SO_369.1,Corneal scars and opacities,1.08499,0.379115,3.10512,0.8792,0.9202,False,0.412103,0.0941867,1.80311,0.2283,0.3199,False
RE_469.1,Acute bronchitis,1.02406,0.753664,1.39146,0.8792,0.9202,False,1.07116,0.736154,1.55863,0.7194,0.797,False
PP_935,Rhesus isoimmunization affecting management of mother,0.91151,0.273053,3.04282,0.8803,0.9208,False,,,,,,
MS_727.2,Hypertrophic osteoarthropathy [Hypertrophic pulmonary osteoarthropathy],0.941535,0.428227,2.07014,0.8809,0.9209,False,,,,,,
NB_854.1,Respiratory distress of newborn,1.10673,0.31637,3.8716,0.8817,0.9212,False,,,,,,
CV_419,Presence of cardiac device,1.02155,0.7706,1.35421,0.8822,0.9212,False,0.996355,0.750463,1.32282,0.9799,0.9835,False
GI_520.14,Ventral hernia,1.03211,0.677594,1.57211,0.883,0.9215,False,0.909332,0.528544,1.56446,0.7313,0.8064,False
MB_302.12,Mixed receptive-expressive language disorder,1.06295,0.478209,2.3627,0.8861,0.9242,False,0.654402,0.228124,1.87724,0.4286,0.534,False
SO_380.3,Optic atrophy,1.0755,0.423193,2.73327,0.8869,0.9245,False,1.22599,0.485094,3.09849,0.7007,0.7822,False
EM_247.42,Hypomagnesemia*,1.01808,0.792384,1.30806,0.8886,0.9258,False,1.45775,1.14682,1.85299,0.002076,0.004916,False
SS_834.3,High risk human papillomavirus (HPV) DNA test positive,1.03448,0.645582,1.65765,0.8901,0.9266,False,0.899572,0.431772,1.8742,0.7847,0.8484,False
CA_138.1,"Nevus, non-neoplastic",0.958299,0.522946,1.75608,0.8904,0.9266,False,4.04321,1.94098,8.4223,0.0001905,0.0005367,False
CV_401.7,Hypertensive crisis*,0.966245,0.590218,1.58184,0.8914,0.9271,False,1.30581,0.73483,2.32046,0.363,0.4671,False
SO_374.74,"Macular cyst, hole, or pseudohole",0.914902,0.274108,3.05371,0.8929,0.9281,False,,,,,,
SO_374.53,Cystoid macular degeneration,1.09297,0.331409,3.60457,0.8962,0.931,False,1.52433,0.542084,4.28636,0.4963,0.5989,False
GU_604.1,Redundant prepuce and phimosis,0.940575,0.367135,2.40969,0.8984,0.9322,False,,,,,,
NS_330.12,Partial epilepsy,0.969856,0.605232,1.55415,0.8988,0.9322,False,0.890129,0.548412,1.44477,0.6377,0.728,False
GI_502,Diseases of teeth and supporting structures,0.984467,0.773054,1.2537,0.899,0.9322,False,1.06099,0.796166,1.4139,0.6862,0.7687,False
CA_101.1,Malignant neoplasm of the esophagus,1.09002,0.329445,3.60649,0.8994,0.9322,False,1.29562,0.391972,4.2825,0.7117,0.7908,False
NS_330.1,Epilepsy,1.02061,0.729712,1.42746,0.9052,0.9377,False,1.07917,0.754706,1.54314,0.6762,0.7624,False
PP_901.1,Ectopic pregnancy,0.924973,0.273634,3.12671,0.9073,0.9392,False,,,,,,
BI_169,Platelet defects,0.986163,0.779262,1.248,0.9077,0.9392,False,1.0789,0.836086,1.39224,0.5594,0.6602,False
CV_444.6,Chronic venous hypertension,1.05002,0.446869,2.46726,0.9108,0.9409,False,1.03717,0.439929,2.44523,0.937,0.9611,False
NB_885,Weeks gestation,0.95723,0.44921,2.03978,0.9108,0.9409,False,1.66532,0.573176,4.83847,0.4134,0.5206,False
CV_413.13,Mitral valve stenosis,0.946086,0.372555,2.40254,0.9111,0.9409,False,0.434178,0.128511,1.46688,0.1478,0.2238,False
PP_900.2,Recurrent pregnancy loss,0.952588,0.404666,2.24241,0.9115,0.9409,False,0.210727,0.0286809,1.54827,0.1259,0.1953,False
MS_710.3,Deformities of the knee,0.961383,0.478361,1.93213,0.9119,0.9409,False,1.10128,0.492103,2.46456,0.8144,0.87,False
EM_236.1,Obesity,0.995452,0.916724,1.08094,0.9136,0.9422,False,1.14751,1.04778,1.25673,0.003016,0.006806,False
DE_660.13,Pityriasis versicolor,1.05294,0.411258,2.69583,0.9144,0.9424,False,,,,,,
CV_438.11,Abdominal aortic aneurysm,0.968327,0.531629,1.76374,0.9176,0.9452,False,0.832877,0.400762,1.73091,0.6242,0.7182,False
SS_817,Motion sickness,0.943443,0.334032,2.66467,0.9182,0.9452,False,1.12806,0.447408,2.84419,0.8188,0.8725,False
MS_712.4,Ankylosis of joint,0.934975,0.28135,3.10709,0.9198,0.9464,False,,,,,,
ID_054.2,Hepatitis B,1.05472,0.370584,3.00186,0.9205,0.9464,False,1.06614,0.316264,3.59401,0.9177,0.9472,False
DE_682.1,Cutaneous cyst,0.981304,0.676333,1.42379,0.9208,0.9464,False,1.04339,0.63087,1.72565,0.8686,0.9104,False
ID_013,Mycoplasma,1.06311,0.31461,3.59237,0.9215,0.9465,False,2.25645,0.992133,5.13195,0.09915,0.1583,False
GI_502.3,Diseases of pulp and periapical tissues,0.974912,0.585956,1.62206,0.9221,0.9466,False,1.23964,0.682656,2.25107,0.4803,0.5827,False
PP_926.11,Postpartum depression*,0.965925,0.47851,1.94983,0.9229,0.9469,False,0.628963,0.19039,2.07781,0.447,0.5496,False
GE_961.82,Genetic susceptibility to malignant neoplasm of ovary,0.953854,0.372414,2.44308,0.925,0.9485,False,1.57869,0.70217,3.5494,0.3231,0.4249,False
CM_761.11,Renal hypoplasia/aplasia,0.948702,0.336495,2.67474,0.9259,0.9488,False,,,,,,
NS_324.1,Parkinsonism,1.02419,0.616838,1.70056,0.9264,0.9488,False,1.10522,0.680381,1.79534,0.6861,0.7687,False
CA_148.16,Benign neoplasm of choroid,1.04504,0.411246,2.65562,0.9309,0.9529,False,2.52468,1.11483,5.71748,0.06334,0.1074,False
EM_247.4,Disorders of magnesium metabolism,0.98921,0.771484,1.26838,0.9318,0.9533,False,1.46766,1.15908,1.8584,0.001444,0.003546,False
CA_100.6,Malignant neoplasm of the larynx,0.94581,0.28916,3.09364,0.9328,0.9533,False,0.910023,0.277801,2.98107,0.8862,0.9222,False
GU_582.1,Acute kidney failure,0.991279,0.807326,1.21715,0.9333,0.9533,False,1.08409,0.868047,1.35391,0.4764,0.5784,False
RE_469.2,Chronic bronchitis,1.01711,0.683415,1.51374,0.9334,0.9533,False,0.591556,0.341082,1.02597,0.06166,0.1049,False
CV_431.12,Hemorrhagic stroke,0.972263,0.502014,1.88301,0.9351,0.9545,False,1.01287,0.519494,1.97482,0.9701,0.9779,False
NB_850,Disorders of newborn related to slow fetal growth and fetal malnutrition,0.957235,0.331645,2.76289,0.9379,0.9568,False,,,,,,
GE_970.6,Hereditary hemolytic anemias,0.952969,0.289532,3.13661,0.9428,0.9609,False,,,,,,
CM_761.21,"Obstructive defects of renal pelvis and ureter, congenital",1.04986,0.318924,3.45599,0.9429,0.9609,False,,,,,,
BI_161,Hemolytic anemia,1.04078,0.368982,2.9357,0.9447,0.962,False,0.425434,0.0955712,1.89381,0.2519,0.3456,False
MS_722.4,Palmar fascial fibromatosis [Dupuytren],1.0301,0.439903,2.41215,0.9455,0.962,False,1.7691,0.793628,3.94356,0.2235,0.3142,False
CA_123.1,Multiple myeloma,1.0258,0.490629,2.14471,0.946,0.962,False,1.50176,0.787023,2.86558,0.2174,0.3078,False
RE_468,Pneumonia,1.0064,0.836455,1.21088,0.9461,0.962,False,1.22544,0.999313,1.50273,0.05078,0.08843,False
NS_334.21,Bell's palsy,1.02519,0.488864,2.14992,0.9475,0.9629,False,0.710236,0.255,1.97818,0.5263,0.6299,False
SO_374.512,Exuadative (wet) age-related macular degeneration,1.03231,0.40259,2.64704,0.9492,0.9637,False,1.20514,0.420292,3.45558,0.748,0.8181,False
DE_660.6,Cellulitis and abscess,0.994484,0.836258,1.18265,0.9501,0.9637,False,1.09447,0.883611,1.35565,0.4084,0.5164,False
NS_345,Encephalopathy,1.01017,0.73471,1.3889,0.9503,0.9637,False,0.765202,0.545176,1.07403,0.1218,0.1898,False
ID_056.2,Anogenital (venereal) warts,0.970839,0.380521,2.47694,0.9506,0.9637,False,,,,,,
MB_283,Other mental and behavioral problems,1.00655,0.817464,1.23937,0.951,0.9637,False,1.05023,0.831266,1.32687,0.6812,0.7653,False
BI_169.14,Secondary thrombocytopenia,0.982034,0.52134,1.84983,0.9553,0.9675,False,1.13446,0.579691,2.22013,0.7127,0.7913,False
RE_491,Pleurisy,0.974681,0.382622,2.48287,0.9571,0.9689,False,1.75786,0.657621,4.69889,0.2608,0.3552,False
GU_596.1,Bladder neck obstruction,1.03096,0.318788,3.3341,0.9636,0.9748,False,,,,,,
DE_660.123,Dermatophytosis of foot [Athelet's foot],1.01376,0.553604,1.8564,0.9647,0.9754,False,1.02417,0.505645,2.07444,0.9471,0.9636,False
RE_483,Pleural effusion,0.992713,0.713317,1.38154,0.9654,0.9754,False,1.60994,1.16884,2.21752,0.003558,0.007927,False
CV_433.21,Carotid artery stenosis,0.9931,0.724207,1.36183,0.9657,0.9754,False,1.31509,0.954309,1.81226,0.1067,0.169,False
MS_740.7,Dislocation of knee,0.983274,0.443642,2.1793,0.9669,0.9756,False,1.90574,0.837027,4.33897,0.1845,0.2705,False
NS_342,Plegia and unspecified paralysis,0.986054,0.507018,1.91769,0.967,0.9756,False,0.988576,0.44563,2.19304,0.9775,0.9817,False
NB_871,Feeding problems of newborn,1.01193,0.565833,1.80973,0.9682,0.9763,False,,,,,,
GU_580.5,Morphologic lesions in glomerular diseases,1.0115,0.566116,1.8073,0.9692,0.9767,False,1.49845,0.821691,2.73261,0.1871,0.2732,False
NS_326.1,Multiple sclerosis,1.00778,0.621353,1.63454,0.9749,0.982,False,1.06351,0.633698,1.78485,0.8157,0.8708,False
CA_123,Multiple myeloma and malignant plasma cell neoplasms,1.0114,0.484033,2.11335,0.9759,0.9824,False,1.48189,0.777203,2.82551,0.2323,0.3246,False
MS_721.12,Radial styloid tenosynovitis [de Quervain],1.00841,0.549521,1.8505,0.9784,0.9844,False,1.3141,0.687047,2.51344,0.4421,0.5457,False
GU_627.1,Postmenopausal bleeding,1.00476,0.702604,1.43686,0.9792,0.9847,False,1.67237,1.13448,2.46529,0.009399,0.01936,False
SO_360.42,Squamous blepharitis,1.01523,0.303716,3.39361,0.9804,0.9853,False,,,,,,
CV_404.1,Myocardial infarction [Heart attack],0.997399,0.787073,1.26393,0.9828,0.9872,False,1.04777,0.814897,1.3472,0.7159,0.7938,False
ID_086,"Pediculosis, acariasis and other infestations",0.991857,0.447973,2.19607,0.9839,0.9872,False,0.973847,0.388106,2.44361,0.9583,0.9697,False
GI_550.21,Acute cholecystitis,0.993032,0.512049,1.92582,0.984,0.9872,False,1.11724,0.47063,2.65226,0.8016,0.8617,False
MS_723.3,Medial epicondylitis (Golfer's elbow),1.00527,0.393248,2.5698,0.9912,0.994,False,1.02341,0.36951,2.83449,0.9681,0.9772,False
MB_286.1,Bipolar disorder,0.999095,0.809033,1.23381,0.9933,0.9955,False,0.763981,0.589066,0.990834,0.04242,0.07485,False
NS_336.51,Lesion of sciatic nerve,1.00256,0.477608,2.10451,0.9946,0.9962,False,4.00896,2.04941,7.84215,4.993e-05,0.000152,False
MS_727.1,Osteonecrosis,0.997791,0.49482,2.01202,0.9951,0.9962,False,1.37812,0.693876,2.73709,0.3596,0.4635,False
GU_580,Glomerular diseases,1.00144,0.593178,1.6907,0.9957,0.9962,False,1.49558,0.869986,2.57103,0.1454,0.2207,False
CA_128.2,Estrogen receptor negative status [ER-],1.00079,0.546093,1.83408,0.998,0.998,False,0.825796,0.396163,1.72136,0.6136,0.7087,False
CA_128.4,Progesterone receptor negative status*,,,,,,,0.502977,0.112956,2.23969,0.3719,0.477,False
EM_232.3,Vitamin C deficiency [Ascorbic acid],,,,,,,7.57932,3.51899,16.3246,1.126e-05,3.694e-05,True
MB_307.3,Emotional disturbance of childhood or adolescence,,,,,,,0.556702,0.126307,2.45368,0.4627,0.5647,False
MS_700.42,Dermatomyositis,,,,,,,4.54624,2.12826,9.71138,0.001139,0.002849,False
NS_343.1,Peripheral autonomic neuropathy,,,,,,,19.4295,8.24562,45.7825,9.088e-11,4.848e-10,True
